0.000000e+00 (V)  __Gnd
1.004923e-10 (V)  FILLETpad~polygon0103::mipi_dsi1_data2_n
2.500000e+00 (V)  FILLETpad~polygon0110::mipi_dsi1_data1_p
1.004200e-10 (V)  FILLETpad~polygon0115::mipi_dsi1_data0_n
1.000000e-10 (V)  FILLETpad~polygon0118::mipi_dsi1_data3_n
2.500000e+00 (V)  FILLETpad~polygon0121::mipi_dsi1_clk_n
2.500000e+00 (V)  FILLETpad~polygon0122::mipi_dsi1_data2_p
2.500000e+00 (V)  FILLETpad~polygon0123::mipi_dsi1_data1_p
1.000000e-10 (V)  FILLETpad~polygon0124::mipi_dsi1_data0_n
2.500000e+00 (V)  FILLETpad~polygon0125::mipi_dsi1_data3_p
1.000000e-10 (V)  FILLETpad~polygon0128::mipi_dsi1_data2_n
1.000000e-10 (V)  FILLETpad~polygon0129::mipi_dsi1_data1_n
2.500000e+00 (V)  FILLETpad~polygon0130::mipi_dsi1_data0_p
1.001569e-10 (V)  FILLETpad~polygon0324::mipi_dsi1_data1_n
1.004941e-10 (V)  FILLETpad~polygon0326::mipi_dsi1_data2_n
2.500000e+00 (V)  FILLETpad~polygon0330::mipi_dsi1_data1_p
1.001587e-10 (V)  FILLETpad~polygon0332::mipi_dsi1_data3_n
1.004218e-10 (V)  FILLETpad~polygon0333::mipi_dsi1_data0_n
1.001419e-10 (V)  FILLETpad~polygon0337::mipi_dsi1_clk_p
2.500000e+00 (V)  FILLETpad~polygon0340::mipi_dsi1_data3_p
2.500000e+00 (V)  FILLETpad~polygon0341::mipi_dsi1_data0_p
2.500000e+00 (V)  FILLETpad~polygon0342::mipi_dsi1_clk_n
2.500000e+00 (V)  FILLETpad~polygon0405::mipi_dsi1_data2_p
1.006316e-10 (V)  FILLETpad~polygon0419::mipi_dsi1_data3_n
1.006272e-10 (V)  FILLETpad~polygon0422::mipi_dsi1_data2_n
1.006189e-10 (V)  FILLETpad~polygon0423::mipi_dsi1_data0_n
2.500000e+00 (V)  FILLETpad~polygon0429::mipi_dsi1_data0_p
2.500000e+00 (V)  FILLETpad~polygon0431::mipi_dsi1_data1_p
2.500000e+00 (V)  FILLETpad~polygon0432::mipi_dsi1_data3_p
1.006169e-10 (V)  FILLETpad~polygon0435::mipi_dsi1_clk_p
2.500000e+00 (V)  FILLETpad~polygon0438::mipi_dsi1_data2_p
1.006374e-10 (V)  FILLETpad~polygon0443::mipi_dsi1_data1_n
2.500000e+00 (V)  FILLETpad~polygon0447::mipi_dsi1_clk_n
2.500000e+00 (V)  FILLETpad~polygon088::mipi_dsi1_data2_p
1.001569e-10 (V)  FILLETpad~polygon094::mipi_dsi1_data3_n
2.500000e+00 (V)  FILLETpad~polygon095::mipi_dsi1_data0_p
2.500000e+00 (V)  FILLETpad~polygon097::mipi_dsi1_data3_p
1.001552e-10 (V)  FILLETpad~polygon098::mipi_dsi1_data1_n
2.500000e+00 (V)  FILLETpad~polygon099::mipi_dsi1_clk_n
1.100000e+00 (V)  IPGPWR_VCC_1V1
1.200000e+00 (V)  IPGPWR_VCC_1V2
1.800000e+00 (V)  IPGPWR_VCC_1V8
3.300000e+00 (V)  IPGPWR_VCC_3V3
5.000000e+00 (V)  IPGPWR_VCC_5V
5.000000e+00 (V)  IPGPWR_VCC_5V5
1.002021e-10 (V)  Node1002::MIPI_DSI1_CLK_P
1.002039e-10 (V)  Node1003::MIPI_DSI1_CLK_P
1.002101e-10 (V)  Node1005::MIPI_DSI1_CLK_P
2.500000e+00 (V)  Node101!!A8_Auto_797::MIPI_DSI1_DATA1_P
1.002176e-10 (V)  Node1015::MIPI_DSI1_CLK_P
1.002323e-10 (V)  Node1015_Auto_575::MIPI_DSI1_CLK_P
1.002329e-10 (V)  Node1017::MIPI_DSI1_CLK_P
1.002334e-10 (V)  Node1017_Auto_525::MIPI_DSI1_CLK_P
1.002357e-10 (V)  Node1018::MIPI_DSI1_CLK_P
1.002431e-10 (V)  Node1018_Auto_567::MIPI_DSI1_CLK_P
1.002441e-10 (V)  Node1018_Auto_572::MIPI_DSI1_CLK_P
1.002475e-10 (V)  Node1018_Auto_573::MIPI_DSI1_CLK_P
1.002485e-10 (V)  Node1020::MIPI_DSI1_CLK_P
1.002722e-10 (V)  Node1028::MIPI_DSI1_CLK_P
1.003047e-10 (V)  Node1031::MIPI_DSI1_CLK_P
1.002870e-10 (V)  Node1031_Auto_519::MIPI_DSI1_CLK_P
1.002847e-10 (V)  Node1031_Auto_520::MIPI_DSI1_CLK_P
1.002763e-10 (V)  Node1031_Auto_560::MIPI_DSI1_CLK_P
1.002742e-10 (V)  Node1031_Auto_561::MIPI_DSI1_CLK_P
1.002773e-10 (V)  Node1031_Auto_563::MIPI_DSI1_CLK_P
1.003017e-10 (V)  Node1031_Auto_577::MIPI_DSI1_CLK_P
1.003045e-10 (V)  Node1031_Auto_580::MIPI_DSI1_CLK_P
0.000000e+00 (V)  Node104!!F9::MIPI_DSI0_CLK_N
1.003121e-10 (V)  Node1040::MIPI_DSI1_CLK_P
1.003311e-10 (V)  Node1040_Auto_521::MIPI_DSI1_CLK_P
1.003334e-10 (V)  Node1040_Auto_522::MIPI_DSI1_CLK_P
1.003443e-10 (V)  Node1040_Auto_558::MIPI_DSI1_CLK_P
1.003421e-10 (V)  Node1040_Auto_559::MIPI_DSI1_CLK_P
1.003408e-10 (V)  Node1040_Auto_562::MIPI_DSI1_CLK_P
1.003163e-10 (V)  Node1040_Auto_578::MIPI_DSI1_CLK_P
1.003135e-10 (V)  Node1040_Auto_581::MIPI_DSI1_CLK_P
1.003458e-10 (V)  Node1043::MIPI_DSI1_CLK_P
1.003547e-10 (V)  Node1046::MIPI_DSI1_CLK_P
1.003577e-10 (V)  Node1047::MIPI_DSI1_CLK_P
1.003606e-10 (V)  Node1048::MIPI_DSI1_CLK_P
0.000000e+00 (V)  Node105!!D9::MIPI_DSI0_DATA3_N
1.003695e-10 (V)  Node1051::MIPI_DSI1_CLK_P
1.003746e-10 (V)  Node1054::MIPI_DSI1_CLK_P
1.003742e-10 (V)  Node1054_Auto_540::MIPI_DSI1_CLK_P
1.003721e-10 (V)  Node1054_Auto_548::MIPI_DSI1_CLK_P
1.003799e-10 (V)  Node1058::MIPI_DSI1_CLK_P
0.000000e+00 (V)  Node106!!E9::MIPI_DSI0_DATA2_N
1.003821e-10 (V)  Node1063::MIPI_DSI1_CLK_P
1.003842e-10 (V)  Node1063_Auto_539::MIPI_DSI1_CLK_P
1.003863e-10 (V)  Node1063_Auto_552::MIPI_DSI1_CLK_P
1.003877e-10 (V)  Node1066::MIPI_DSI1_CLK_P
1.003992e-10 (V)  Node1069::MIPI_DSI1_CLK_P
0.000000e+00 (V)  Node107!!G9::MIPI_DSI0_DATA1_N
1.004118e-10 (V)  Node1071::MIPI_DSI1_CLK_P
1.004107e-10 (V)  Node1071_Auto_591::MIPI_DSI1_CLK_P
1.004069e-10 (V)  Node1071_Auto_592::MIPI_DSI1_CLK_P
1.004055e-10 (V)  Node1071_Auto_602::MIPI_DSI1_CLK_P
1.004004e-10 (V)  Node1071_Auto_603::MIPI_DSI1_CLK_P
1.004871e-10 (V)  Node1073::MIPI_DSI1_CLK_P
1.004495e-10 (V)  Node1073_Auto_1735::MIPI_DSI1_CLK_P
1.004474e-10 (V)  Node1073_Auto_1736::MIPI_DSI1_CLK_P
1.004733e-10 (V)  Node1073_Auto_1743::MIPI_DSI1_CLK_P
1.004706e-10 (V)  Node1073_Auto_1744::MIPI_DSI1_CLK_P
1.004446e-10 (V)  Node1073_Auto_1751::MIPI_DSI1_CLK_P
1.004527e-10 (V)  Node1073_Auto_1765::MIPI_DSI1_CLK_P
1.004192e-10 (V)  Node1073_Auto_1773::MIPI_DSI1_CLK_P
1.004154e-10 (V)  Node1073_Auto_1774::MIPI_DSI1_CLK_P
1.004859e-10 (V)  Node1073_Auto_1787::MIPI_DSI1_CLK_P
1.004827e-10 (V)  Node1073_Auto_1788::MIPI_DSI1_CLK_P
1.004238e-10 (V)  Node1073_Auto_1800::MIPI_DSI1_CLK_P
1.004258e-10 (V)  Node1073_Auto_1804::MIPI_DSI1_CLK_P
1.004812e-10 (V)  Node1073_Auto_1809::MIPI_DSI1_CLK_P
1.004889e-10 (V)  Node1074::MIPI_DSI1_CLK_P
1.005768e-10 (V)  Node1076::MIPI_DSI1_CLK_P
1.005659e-10 (V)  Node1076_Auto_1761::MIPI_DSI1_CLK_P
1.005628e-10 (V)  Node1076_Auto_1762::MIPI_DSI1_CLK_P
1.005696e-10 (V)  Node1076_Auto_1771::MIPI_DSI1_CLK_P
1.005738e-10 (V)  Node1076_Auto_1797::MIPI_DSI1_CLK_P
1.004948e-10 (V)  Node1076_Auto_1829::MIPI_DSI1_CLK_P
1.005804e-10 (V)  Node1078::MIPI_DSI1_CLK_P
0.000000e+00 (V)  Node108!!H9::MIPI_DSI0_DATA0_N
1.006010e-10 (V)  Node1080::MIPI_DSI1_CLK_P
1.005907e-10 (V)  Node1080_Auto_900::MIPI_DSI1_CLK_P
1.005872e-10 (V)  Node1080_Auto_901::MIPI_DSI1_CLK_P
1.005856e-10 (V)  Node1080_Auto_916::MIPI_DSI1_CLK_P
1.005829e-10 (V)  Node1080_Auto_917::MIPI_DSI1_CLK_P
1.000000e-10 (V)  Node1081!!15::MIPI_DSI1_CLK_P
1.000071e-10 (V)  Node1083::MIPI_DSI1_CLK_P
1.000102e-10 (V)  Node1083_Auto_2183::MIPI_DSI1_CLK_P
1.000109e-10 (V)  Node1084::MIPI_DSI1_CLK_P
1.000147e-10 (V)  Node1085::MIPI_DSI1_CLK_P
1.000174e-10 (V)  Node1085_Auto_2489::MIPI_DSI1_CLK_P
1.000197e-10 (V)  Node1087::MIPI_DSI1_CLK_P
1.000197e-10 (V)  Node1088::MIPI_DSI1_CLK_P
1.000252e-10 (V)  Node1088_Auto_2494::MIPI_DSI1_CLK_P
1.000218e-10 (V)  Node1088_Auto_2499::MIPI_DSI1_CLK_P
0.000000e+00 (V)  Node109!!F10::MIPI_DSI0_CLK_P
1.000265e-10 (V)  Node1090::MIPI_DSI1_CLK_P
1.000596e-10 (V)  Node1092::MIPI_DSI1_CLK_P
1.000554e-10 (V)  Node1092_Auto_2581::MIPI_DSI1_CLK_P
1.000576e-10 (V)  Node1092_Auto_2584::MIPI_DSI1_CLK_P
1.000314e-10 (V)  Node1092_Auto_2623::MIPI_DSI1_CLK_P
1.000504e-10 (V)  Node1092_Auto_2628::MIPI_DSI1_CLK_P
1.000635e-10 (V)  Node1093::MIPI_DSI1_CLK_P
1.000767e-10 (V)  Node1096::MIPI_DSI1_CLK_P
1.000751e-10 (V)  Node1096_Auto_2509::MIPI_DSI1_CLK_P
1.000710e-10 (V)  Node1096_Auto_2510::MIPI_DSI1_CLK_P
1.000640e-10 (V)  Node1096_Auto_2614::MIPI_DSI1_CLK_P
1.000778e-10 (V)  Node1097::MIPI_DSI1_CLK_P
1.000828e-10 (V)  Node1099::MIPI_DSI1_CLK_P
0.000000e+00 (V)  Node11!!B4::VCC_HDMIRX_IN
0.000000e+00 (V)  Node110!!D10::MIPI_DSI0_DATA3_P
1.000868e-10 (V)  Node1103::MIPI_DSI1_CLK_P
1.000924e-10 (V)  Node1106::MIPI_DSI1_CLK_P
1.000874e-10 (V)  Node1106_Auto_2852::MIPI_DSI1_CLK_P
0.000000e+00 (V)  Node111!!E10::MIPI_DSI0_DATA2_P
1.001006e-10 (V)  Node1114::MIPI_DSI1_CLK_P
1.001056e-10 (V)  Node1117::MIPI_DSI1_CLK_P
0.000000e+00 (V)  Node112!!G10::MIPI_DSI0_DATA1_P
1.001401e-10 (V)  Node1128::MIPI_DSI1_CLK_P
1.006184e-10 (V)  Node1133::MIPI_DSI1_DATA3_N
1.006124e-10 (V)  Node1133_Auto_801::MIPI_DSI1_DATA3_N
1.005971e-10 (V)  Node1135::MIPI_DSI1_DATA3_N
1.005445e-10 (V)  Node1135_Auto_892::MIPI_DSI1_DATA3_N
1.005422e-10 (V)  Node1135_Auto_893::MIPI_DSI1_DATA3_N
1.005868e-10 (V)  Node1135_Auto_910::MIPI_DSI1_DATA3_N
1.005833e-10 (V)  Node1135_Auto_911::MIPI_DSI1_DATA3_N
1.005817e-10 (V)  Node1135_Auto_926::MIPI_DSI1_DATA3_N
1.005790e-10 (V)  Node1135_Auto_927::MIPI_DSI1_DATA3_N
1.005785e-10 (V)  Node1135_Auto_936::MIPI_DSI1_DATA3_N
1.005760e-10 (V)  Node1135_Auto_937::MIPI_DSI1_DATA3_N
1.005752e-10 (V)  Node1135_Auto_944::MIPI_DSI1_DATA3_N
1.005715e-10 (V)  Node1135_Auto_945::MIPI_DSI1_DATA3_N
1.005468e-10 (V)  Node1135_Auto_951::MIPI_DSI1_DATA3_N
1.005558e-10 (V)  Node1135_Auto_957::MIPI_DSI1_DATA3_N
1.005582e-10 (V)  Node1135_Auto_959::MIPI_DSI1_DATA3_N
1.005396e-10 (V)  Node1136::MIPI_DSI1_DATA3_N
1.005359e-10 (V)  Node1138::MIPI_DSI1_DATA3_N
1.005279e-10 (V)  Node1138_Auto_1819::MIPI_DSI1_DATA3_N
1.005134e-10 (V)  Node1138_Auto_1820::MIPI_DSI1_DATA3_N
1.005306e-10 (V)  Node1138_Auto_1822::MIPI_DSI1_DATA3_N
1.005332e-10 (V)  Node1138_Auto_1823::MIPI_DSI1_DATA3_N
1.005107e-10 (V)  Node1138_Auto_1825::MIPI_DSI1_DATA3_N
1.004747e-10 (V)  Node1138_Auto_1827::MIPI_DSI1_DATA3_N
1.004737e-10 (V)  Node1140::MIPI_DSI1_DATA3_N
1.004698e-10 (V)  Node1141::MIPI_DSI1_DATA3_N
1.003833e-10 (V)  Node1141_Auto_1741::MIPI_DSI1_DATA3_N
1.003812e-10 (V)  Node1141_Auto_1742::MIPI_DSI1_DATA3_N
1.004071e-10 (V)  Node1141_Auto_1749::MIPI_DSI1_DATA3_N
1.004044e-10 (V)  Node1141_Auto_1750::MIPI_DSI1_DATA3_N
1.003784e-10 (V)  Node1141_Auto_1754::MIPI_DSI1_DATA3_N
1.003865e-10 (V)  Node1141_Auto_1768::MIPI_DSI1_DATA3_N
1.003531e-10 (V)  Node1141_Auto_1779::MIPI_DSI1_DATA3_N
1.003492e-10 (V)  Node1141_Auto_1780::MIPI_DSI1_DATA3_N
1.003456e-10 (V)  Node1141_Auto_1783::MIPI_DSI1_DATA3_N
1.003430e-10 (V)  Node1141_Auto_1785::MIPI_DSI1_DATA3_N
1.004197e-10 (V)  Node1141_Auto_1793::MIPI_DSI1_DATA3_N
1.004165e-10 (V)  Node1141_Auto_1794::MIPI_DSI1_DATA3_N
1.004229e-10 (V)  Node1141_Auto_1796::MIPI_DSI1_DATA3_N
1.003576e-10 (V)  Node1141_Auto_1803::MIPI_DSI1_DATA3_N
1.003597e-10 (V)  Node1141_Auto_1807::MIPI_DSI1_DATA3_N
1.004150e-10 (V)  Node1141_Auto_1812::MIPI_DSI1_DATA3_N
1.004688e-10 (V)  Node1141_Auto_1828::MIPI_DSI1_DATA3_N
1.002560e-10 (V)  Node1143::MIPI_DSI1_DATA3_N
1.002484e-10 (V)  Node1145::MIPI_DSI1_DATA3_N
1.002473e-10 (V)  Node1145_Auto_753::MIPI_DSI1_DATA3_N
1.001990e-10 (V)  Node1147::MIPI_DSI1_DATA3_N
1.001883e-10 (V)  Node1151::MIPI_DSI1_DATA3_N
1.001863e-10 (V)  Node1151_Auto_754::MIPI_DSI1_DATA3_N
1.001842e-10 (V)  Node1153::MIPI_DSI1_DATA3_N
1.001765e-10 (V)  Node1155::MIPI_DSI1_DATA3_N
1.001662e-10 (V)  Node1155_Auto_755::MIPI_DSI1_DATA3_N
1.001754e-10 (V)  Node1155_Auto_756::MIPI_DSI1_DATA3_N
1.001625e-10 (V)  Node1158::MIPI_DSI1_DATA3_N
1.001424e-10 (V)  Node1169::MIPI_DSI1_DATA3_N
1.001259e-10 (V)  Node1169_Auto_2854::MIPI_DSI1_DATA3_N
1.001223e-10 (V)  Node1171::MIPI_DSI1_DATA3_N
1.001020e-10 (V)  Node1191::MIPI_DSI1_DATA3_N
1.000941e-10 (V)  Node1191_Auto_2858::MIPI_DSI1_DATA3_N
1.000895e-10 (V)  Node1191_Auto_2859::MIPI_DSI1_DATA3_N
1.000869e-10 (V)  Node1194::MIPI_DSI1_DATA3_N
1.000839e-10 (V)  Node1195::MIPI_DSI1_DATA3_N
1.000834e-10 (V)  Node1195_Auto_2860::MIPI_DSI1_DATA3_N
1.000448e-10 (V)  Node1198::MIPI_DSI1_DATA3_N
1.000425e-10 (V)  Node1201::MIPI_DSI1_DATA3_N
1.000205e-10 (V)  Node1203::MIPI_DSI1_DATA3_N
1.000170e-10 (V)  Node1204::MIPI_DSI1_DATA3_N
1.000120e-10 (V)  Node1205::MIPI_DSI1_DATA3_N
1.000109e-10 (V)  Node1206::MIPI_DSI1_DATA3_N
2.500000e+00 (V)  Node1215::MIPI_DSI1_DATA3_P
2.500000e+00 (V)  Node1215_Auto_2853::MIPI_DSI1_DATA3_P
2.500000e+00 (V)  Node1218::MIPI_DSI1_DATA3_P
2.500000e+00 (V)  Node1221::MIPI_DSI1_DATA3_P
2.500000e+00 (V)  Node1224::MIPI_DSI1_DATA3_P
2.500000e+00 (V)  Node1224_Auto_2857::MIPI_DSI1_DATA3_P
2.500000e+00 (V)  Node1232::MIPI_DSI1_DATA3_P
2.500000e+00 (V)  Node1232_Auto_2856::MIPI_DSI1_DATA3_P
2.500000e+00 (V)  Node1235::MIPI_DSI1_DATA3_P
2.500000e+00 (V)  Node1243::MIPI_DSI1_DATA3_P
2.500000e+00 (V)  Node1246::MIPI_DSI1_DATA3_P
2.500000e+00 (V)  Node1246_Auto_2855::MIPI_DSI1_DATA3_P
2.500000e+00 (V)  Node1254::MIPI_DSI1_DATA3_P
2.500000e+00 (V)  Node1257::MIPI_DSI1_DATA3_P
2.500000e+00 (V)  Node1260::MIPI_DSI1_DATA3_P
2.500000e+00 (V)  Node1262::MIPI_DSI1_DATA3_P
2.500000e+00 (V)  Node1264::MIPI_DSI1_DATA3_P
2.500000e+00 (V)  Node1264_Auto_2861::MIPI_DSI1_DATA3_P
2.500000e+00 (V)  Node1264_Auto_2862::MIPI_DSI1_DATA3_P
2.500000e+00 (V)  Node1267::MIPI_DSI1_DATA3_P
2.500000e+00 (V)  Node1270::MIPI_DSI1_DATA3_P
2.500000e+00 (V)  Node1270_Auto_2863::MIPI_DSI1_DATA3_P
2.500000e+00 (V)  Node1270_Auto_2864::MIPI_DSI1_DATA3_P
2.500000e+00 (V)  Node1272::MIPI_DSI1_DATA3_P
2.500000e+00 (V)  Node1272_Auto_2865::MIPI_DSI1_DATA3_P
2.500000e+00 (V)  Node1272_Auto_2866::MIPI_DSI1_DATA3_P
2.500000e+00 (V)  Node1273::MIPI_DSI1_DATA3_P
2.500000e+00 (V)  Node1273_Auto_2867::MIPI_DSI1_DATA3_P
2.500000e+00 (V)  Node1274::MIPI_DSI1_DATA3_P
2.500000e+00 (V)  Node1275::MIPI_DSI1_DATA3_P
2.500000e+00 (V)  Node1280::MIPI_DSI1_DATA3_P
2.500000e+00 (V)  Node1280_Auto_890::MIPI_DSI1_DATA3_P
2.500000e+00 (V)  Node1280_Auto_908::MIPI_DSI1_DATA3_P
2.500000e+00 (V)  Node1280_Auto_909::MIPI_DSI1_DATA3_P
2.500000e+00 (V)  Node1280_Auto_924::MIPI_DSI1_DATA3_P
2.500000e+00 (V)  Node1280_Auto_925::MIPI_DSI1_DATA3_P
2.500000e+00 (V)  Node1280_Auto_934::MIPI_DSI1_DATA3_P
2.500000e+00 (V)  Node1280_Auto_935::MIPI_DSI1_DATA3_P
2.500000e+00 (V)  Node1280_Auto_942::MIPI_DSI1_DATA3_P
2.500000e+00 (V)  Node1280_Auto_943::MIPI_DSI1_DATA3_P
2.500000e+00 (V)  Node1280_Auto_949::MIPI_DSI1_DATA3_P
2.500000e+00 (V)  Node1280_Auto_955::MIPI_DSI1_DATA3_P
2.500000e+00 (V)  Node1280_Auto_958::MIPI_DSI1_DATA3_P
2.500000e+00 (V)  Node1281::MIPI_DSI1_DATA3_P
2.500000e+00 (V)  Node1282::MIPI_DSI1_DATA3_P
2.500000e+00 (V)  Node1282_Auto_894::MIPI_DSI1_DATA3_P
2.500000e+00 (V)  Node1283::MIPI_DSI1_DATA3_P
2.500000e+00 (V)  Node1283_Auto_1817::MIPI_DSI1_DATA3_P
2.500000e+00 (V)  Node1283_Auto_1818::MIPI_DSI1_DATA3_P
2.500000e+00 (V)  Node1283_Auto_1821::MIPI_DSI1_DATA3_P
2.500000e+00 (V)  Node1283_Auto_1824::MIPI_DSI1_DATA3_P
2.500000e+00 (V)  Node1285::MIPI_DSI1_DATA3_P
2.500000e+00 (V)  Node1286::MIPI_DSI1_DATA3_P
2.500000e+00 (V)  Node1286_Auto_1739::MIPI_DSI1_DATA3_P
2.500000e+00 (V)  Node1286_Auto_1740::MIPI_DSI1_DATA3_P
2.500000e+00 (V)  Node1286_Auto_1747::MIPI_DSI1_DATA3_P
2.500000e+00 (V)  Node1286_Auto_1748::MIPI_DSI1_DATA3_P
2.500000e+00 (V)  Node1286_Auto_1753::MIPI_DSI1_DATA3_P
2.500000e+00 (V)  Node1286_Auto_1767::MIPI_DSI1_DATA3_P
2.500000e+00 (V)  Node1286_Auto_1777::MIPI_DSI1_DATA3_P
2.500000e+00 (V)  Node1286_Auto_1778::MIPI_DSI1_DATA3_P
2.500000e+00 (V)  Node1286_Auto_1782::MIPI_DSI1_DATA3_P
2.500000e+00 (V)  Node1286_Auto_1784::MIPI_DSI1_DATA3_P
2.500000e+00 (V)  Node1286_Auto_1791::MIPI_DSI1_DATA3_P
2.500000e+00 (V)  Node1286_Auto_1792::MIPI_DSI1_DATA3_P
2.500000e+00 (V)  Node1286_Auto_1795::MIPI_DSI1_DATA3_P
2.500000e+00 (V)  Node1286_Auto_1802::MIPI_DSI1_DATA3_P
2.500000e+00 (V)  Node1286_Auto_1806::MIPI_DSI1_DATA3_P
2.500000e+00 (V)  Node1286_Auto_1811::MIPI_DSI1_DATA3_P
2.500000e+00 (V)  Node1288::MIPI_DSI1_DATA3_P
2.500000e+00 (V)  Node1290::MIPI_DSI1_DATA3_P
2.500000e+00 (V)  Node1292::MIPI_DSI1_DATA3_P
2.500000e+00 (V)  Node1296::MIPI_DSI1_DATA3_P
2.500000e+00 (V)  Node1298::MIPI_DSI1_DATA3_P
2.500000e+00 (V)  Node1300::MIPI_DSI1_DATA3_P
2.500000e+00 (V)  Node1302::MIPI_DSI1_DATA3_P
2.500000e+00 (V)  Node1303::MIPI_DSI1_DATA3_P
1.006127e-10 (V)  Node1309::MIPI_DSI1_DATA2_N
1.006074e-10 (V)  Node1309_Auto_789::MIPI_DSI1_DATA2_N
1.005922e-10 (V)  Node1311::MIPI_DSI1_DATA2_N
1.005818e-10 (V)  Node1311_Auto_906::MIPI_DSI1_DATA2_N
1.005784e-10 (V)  Node1311_Auto_907::MIPI_DSI1_DATA2_N
1.005767e-10 (V)  Node1311_Auto_922::MIPI_DSI1_DATA2_N
1.005740e-10 (V)  Node1311_Auto_923::MIPI_DSI1_DATA2_N
1.005735e-10 (V)  Node1311_Auto_932::MIPI_DSI1_DATA2_N
1.005711e-10 (V)  Node1311_Auto_933::MIPI_DSI1_DATA2_N
1.005703e-10 (V)  Node1311_Auto_940::MIPI_DSI1_DATA2_N
1.005666e-10 (V)  Node1311_Auto_941::MIPI_DSI1_DATA2_N
1.005532e-10 (V)  Node1312::MIPI_DSI1_DATA2_N
1.005525e-10 (V)  Node1313::MIPI_DSI1_DATA2_N
1.005411e-10 (V)  Node1313_Auto_947::MIPI_DSI1_DATA2_N
1.005501e-10 (V)  Node1313_Auto_954::MIPI_DSI1_DATA2_N
1.005388e-10 (V)  Node1314::MIPI_DSI1_DATA2_N
1.005353e-10 (V)  Node1316::MIPI_DSI1_DATA2_N
1.005326e-10 (V)  Node1316_Auto_1815::MIPI_DSI1_DATA2_N
1.005181e-10 (V)  Node1316_Auto_1816::MIPI_DSI1_DATA2_N
1.005154e-10 (V)  Node1317::MIPI_DSI1_DATA2_N
1.005127e-10 (V)  Node1317_Auto_2123::MIPI_DSI1_DATA2_N
1.005102e-10 (V)  Node1318::MIPI_DSI1_DATA2_N
1.004885e-10 (V)  Node1325::MIPI_DSI1_DATA2_N
1.004726e-10 (V)  Node1325_Auto_2869::MIPI_DSI1_DATA2_N
1.004700e-10 (V)  Node1325_Auto_2871::MIPI_DSI1_DATA2_N
1.004867e-10 (V)  Node1325_Auto_2873::MIPI_DSI1_DATA2_N
1.004756e-10 (V)  Node1325_Auto_2874::MIPI_DSI1_DATA2_N
1.004693e-10 (V)  Node1327::MIPI_DSI1_DATA2_N
1.004683e-10 (V)  Node1327_Auto_2875::MIPI_DSI1_DATA2_N
1.004514e-10 (V)  Node1327_Auto_2877::MIPI_DSI1_DATA2_N
1.004504e-10 (V)  Node1329::MIPI_DSI1_DATA2_N
1.004260e-10 (V)  Node1338::MIPI_DSI1_DATA2_N
1.004060e-10 (V)  Node1341::MIPI_DSI1_DATA2_N
1.004250e-10 (V)  Node1341_Auto_2880::MIPI_DSI1_DATA2_N
1.004081e-10 (V)  Node1341_Auto_2892::MIPI_DSI1_DATA2_N
1.003957e-10 (V)  Node1349::MIPI_DSI1_DATA2_N
1.003767e-10 (V)  Node1349_Auto_2882::MIPI_DSI1_DATA2_N
1.003936e-10 (V)  Node1349_Auto_2893::MIPI_DSI1_DATA2_N
1.003718e-10 (V)  Node1349_Auto_2895::MIPI_DSI1_DATA2_N
1.003707e-10 (V)  Node1352::MIPI_DSI1_DATA2_N
1.003464e-10 (V)  Node1361::MIPI_DSI1_DATA2_N
1.003213e-10 (V)  Node1364::MIPI_DSI1_DATA2_N
1.003235e-10 (V)  Node1364_Auto_2887::MIPI_DSI1_DATA2_N
1.003404e-10 (V)  Node1364_Auto_2888::MIPI_DSI1_DATA2_N
1.003454e-10 (V)  Node1364_Auto_2897::MIPI_DSI1_DATA2_N
1.003185e-10 (V)  Node1367::MIPI_DSI1_DATA2_N
1.003164e-10 (V)  Node1369::MIPI_DSI1_DATA2_N
1.003128e-10 (V)  Node1371::MIPI_DSI1_DATA2_N
1.003123e-10 (V)  Node1371_Auto_2129::MIPI_DSI1_DATA2_N
1.002927e-10 (V)  Node1371_Auto_2130::MIPI_DSI1_DATA2_N
1.002917e-10 (V)  Node1374::MIPI_DSI1_DATA2_N
1.002879e-10 (V)  Node1375::MIPI_DSI1_DATA2_N
1.002870e-10 (V)  Node1375_Auto_2126::MIPI_DSI1_DATA2_N
1.002832e-10 (V)  Node1378::MIPI_DSI1_DATA2_N
1.002793e-10 (V)  Node1381::MIPI_DSI1_DATA2_N
1.002752e-10 (V)  Node1384::MIPI_DSI1_DATA2_N
1.002646e-10 (V)  Node1393::MIPI_DSI1_DATA2_N
1.002605e-10 (V)  Node1396::MIPI_DSI1_DATA2_N
0.000000e+00 (V)  Node14!!F2::HDMI_DATA2_N
1.002395e-10 (V)  Node1403::MIPI_DSI1_DATA2_N
1.002385e-10 (V)  Node1403_Auto_2131::MIPI_DSI1_DATA2_N
1.002250e-10 (V)  Node1405::MIPI_DSI1_DATA2_N
1.002196e-10 (V)  Node1405_Auto_2134::MIPI_DSI1_DATA2_N
1.001627e-10 (V)  Node1407::MIPI_DSI1_DATA2_N
1.001613e-10 (V)  Node1408::MIPI_DSI1_DATA2_N
1.001597e-10 (V)  Node1408_Auto_2476::MIPI_DSI1_DATA2_N
1.001575e-10 (V)  Node1408_Auto_2477::MIPI_DSI1_DATA2_N
1.001556e-10 (V)  Node1408_Auto_2535::MIPI_DSI1_DATA2_N
1.001533e-10 (V)  Node1410::MIPI_DSI1_DATA2_N
1.001490e-10 (V)  Node1419::MIPI_DSI1_DATA2_N
1.001431e-10 (V)  Node1421::MIPI_DSI1_DATA2_N
1.001387e-10 (V)  Node1430::MIPI_DSI1_DATA2_N
1.001329e-10 (V)  Node1432::MIPI_DSI1_DATA2_N
1.001286e-10 (V)  Node1441::MIPI_DSI1_DATA2_N
1.001227e-10 (V)  Node1443::MIPI_DSI1_DATA2_N
1.001183e-10 (V)  Node1452::MIPI_DSI1_DATA2_N
1.001125e-10 (V)  Node1454::MIPI_DSI1_DATA2_N
1.001081e-10 (V)  Node1463::MIPI_DSI1_DATA2_N
1.001022e-10 (V)  Node1465::MIPI_DSI1_DATA2_N
1.000979e-10 (V)  Node1474::MIPI_DSI1_DATA2_N
1.000920e-10 (V)  Node1476::MIPI_DSI1_DATA2_N
1.000877e-10 (V)  Node1485::MIPI_DSI1_DATA2_N
1.000818e-10 (V)  Node1487::MIPI_DSI1_DATA2_N
1.000774e-10 (V)  Node1496::MIPI_DSI1_DATA2_N
1.000715e-10 (V)  Node1498::MIPI_DSI1_DATA2_N
0.000000e+00 (V)  Node15!!2::HDMI_DATA2_N
1.000672e-10 (V)  Node1507::MIPI_DSI1_DATA2_N
1.000657e-10 (V)  Node1507_Auto_2593::MIPI_DSI1_DATA2_N
1.000637e-10 (V)  Node1507_Auto_2594::MIPI_DSI1_DATA2_N
1.000615e-10 (V)  Node1509::MIPI_DSI1_DATA2_N
1.000571e-10 (V)  Node1518::MIPI_DSI1_DATA2_N
1.000561e-10 (V)  Node1518_Auto_2615::MIPI_DSI1_DATA2_N
1.000371e-10 (V)  Node1518_Auto_2617::MIPI_DSI1_DATA2_N
1.000361e-10 (V)  Node1521::MIPI_DSI1_DATA2_N
1.000322e-10 (V)  Node1522::MIPI_DSI1_DATA2_N
1.000186e-10 (V)  Node1522_Auto_2466::MIPI_DSI1_DATA2_N
1.000165e-10 (V)  Node1522_Auto_2467::MIPI_DSI1_DATA2_N
1.000335e-10 (V)  Node1522_Auto_2484::MIPI_DSI1_DATA2_N
1.000265e-10 (V)  Node1522_Auto_2511::MIPI_DSI1_DATA2_N
1.000288e-10 (V)  Node1522_Auto_2516::MIPI_DSI1_DATA2_N
1.000293e-10 (V)  Node1522_Auto_2519::MIPI_DSI1_DATA2_N
1.000317e-10 (V)  Node1522_Auto_2520::MIPI_DSI1_DATA2_N
1.000239e-10 (V)  Node1522_Auto_2523::MIPI_DSI1_DATA2_N
1.000261e-10 (V)  Node1522_Auto_2524::MIPI_DSI1_DATA2_N
1.000212e-10 (V)  Node1522_Auto_2527::MIPI_DSI1_DATA2_N
1.000144e-10 (V)  Node1524::MIPI_DSI1_DATA2_N
1.000109e-10 (V)  Node1524_Auto_2180::MIPI_DSI1_DATA2_N
1.000014e-10 (V)  Node1525!!12_Auto_2193::MIPI_DSI1_DATA2_N
1.000085e-10 (V)  Node1525!!12_Auto_2194::MIPI_DSI1_DATA2_N
2.500000e+00 (V)  Node1526::MIPI_DSI1_DATA2_P
2.500000e+00 (V)  Node1526_Auto_904::MIPI_DSI1_DATA2_P
2.500000e+00 (V)  Node1526_Auto_905::MIPI_DSI1_DATA2_P
2.500000e+00 (V)  Node1526_Auto_920::MIPI_DSI1_DATA2_P
2.500000e+00 (V)  Node1526_Auto_921::MIPI_DSI1_DATA2_P
2.500000e+00 (V)  Node1526_Auto_930::MIPI_DSI1_DATA2_P
2.500000e+00 (V)  Node1526_Auto_931::MIPI_DSI1_DATA2_P
2.500000e+00 (V)  Node1526_Auto_938::MIPI_DSI1_DATA2_P
2.500000e+00 (V)  Node1526_Auto_939::MIPI_DSI1_DATA2_P
2.500000e+00 (V)  Node1526_Auto_960::MIPI_DSI1_DATA2_P
2.500000e+00 (V)  Node1527::MIPI_DSI1_DATA2_P
2.500000e+00 (V)  Node1528::MIPI_DSI1_DATA2_P
2.500000e+00 (V)  Node1529::MIPI_DSI1_DATA2_P
2.500000e+00 (V)  Node1530::MIPI_DSI1_DATA2_P
2.500000e+00 (V)  Node1530_Auto_888::MIPI_DSI1_DATA2_P
2.500000e+00 (V)  Node1531::MIPI_DSI1_DATA2_P
2.500000e+00 (V)  Node1532::MIPI_DSI1_DATA2_P
2.500000e+00 (V)  Node1532_Auto_2124::MIPI_DSI1_DATA2_P
2.500000e+00 (V)  Node1534::MIPI_DSI1_DATA2_P
2.500000e+00 (V)  Node1548::MIPI_DSI1_DATA2_P
2.500000e+00 (V)  Node1549::MIPI_DSI1_DATA2_P
2.500000e+00 (V)  Node1549_Auto_2870::MIPI_DSI1_DATA2_P
2.500000e+00 (V)  Node1550::MIPI_DSI1_DATA2_P
2.500000e+00 (V)  Node1551::MIPI_DSI1_DATA2_P
2.500000e+00 (V)  Node1551_Auto_2876::MIPI_DSI1_DATA2_P
2.500000e+00 (V)  Node1554::MIPI_DSI1_DATA2_P
2.500000e+00 (V)  Node1558::MIPI_DSI1_DATA2_P
2.500000e+00 (V)  Node1563::MIPI_DSI1_DATA2_P
2.500000e+00 (V)  Node1566::MIPI_DSI1_DATA2_P
2.500000e+00 (V)  Node1566_Auto_2878::MIPI_DSI1_DATA2_P
2.500000e+00 (V)  Node1566_Auto_2891::MIPI_DSI1_DATA2_P
2.500000e+00 (V)  Node1574::MIPI_DSI1_DATA2_P
2.500000e+00 (V)  Node1574_Auto_2883::MIPI_DSI1_DATA2_P
2.500000e+00 (V)  Node1574_Auto_2884::MIPI_DSI1_DATA2_P
2.500000e+00 (V)  Node1574_Auto_2890::MIPI_DSI1_DATA2_P
2.500000e+00 (V)  Node1577::MIPI_DSI1_DATA2_P
2.500000e+00 (V)  Node1586::MIPI_DSI1_DATA2_P
2.500000e+00 (V)  Node1589::MIPI_DSI1_DATA2_P
2.500000e+00 (V)  Node1589_Auto_2885::MIPI_DSI1_DATA2_P
2.500000e+00 (V)  Node1589_Auto_2886::MIPI_DSI1_DATA2_P
2.500000e+00 (V)  Node1589_Auto_2889::MIPI_DSI1_DATA2_P
2.500000e+00 (V)  Node1592::MIPI_DSI1_DATA2_P
2.500000e+00 (V)  Node1592_Auto_2125::MIPI_DSI1_DATA2_P
2.500000e+00 (V)  Node1594::MIPI_DSI1_DATA2_P
2.500000e+00 (V)  Node1596::MIPI_DSI1_DATA2_P
2.500000e+00 (V)  Node1596_Auto_2128::MIPI_DSI1_DATA2_P
2.500000e+00 (V)  Node1599::MIPI_DSI1_DATA2_P
0.000000e+00 (V)  Node16!!3::HDMI_DATA2_N
2.500000e+00 (V)  Node1600::MIPI_DSI1_DATA2_P
2.500000e+00 (V)  Node1600_Auto_2127::MIPI_DSI1_DATA2_P
2.500000e+00 (V)  Node1604::MIPI_DSI1_DATA2_P
2.500000e+00 (V)  Node1604_Auto_2132::MIPI_DSI1_DATA2_P
2.500000e+00 (V)  Node1606::MIPI_DSI1_DATA2_P
2.500000e+00 (V)  Node1606_Auto_2133::MIPI_DSI1_DATA2_P
2.500000e+00 (V)  Node1608::MIPI_DSI1_DATA2_P
2.500000e+00 (V)  Node1611::MIPI_DSI1_DATA2_P
2.500000e+00 (V)  Node1614::MIPI_DSI1_DATA2_P
2.500000e+00 (V)  Node1622::MIPI_DSI1_DATA2_P
2.500000e+00 (V)  Node1625::MIPI_DSI1_DATA2_P
2.500000e+00 (V)  Node1636::MIPI_DSI1_DATA2_P
2.500000e+00 (V)  Node1639::MIPI_DSI1_DATA2_P
2.500000e+00 (V)  Node1644::MIPI_DSI1_DATA2_P
2.500000e+00 (V)  Node1644_Auto_2135::MIPI_DSI1_DATA2_P
2.500000e+00 (V)  Node1647::MIPI_DSI1_DATA2_P
2.500000e+00 (V)  Node1655::MIPI_DSI1_DATA2_P
2.500000e+00 (V)  Node1658::MIPI_DSI1_DATA2_P
2.500000e+00 (V)  Node1666::MIPI_DSI1_DATA2_P
2.500000e+00 (V)  Node1669::MIPI_DSI1_DATA2_P
2.500000e+00 (V)  Node1672::MIPI_DSI1_DATA2_P
2.500000e+00 (V)  Node1672_Auto_2542::MIPI_DSI1_DATA2_P
2.500000e+00 (V)  Node1672_Auto_2543::MIPI_DSI1_DATA2_P
2.500000e+00 (V)  Node1672_Auto_2552::MIPI_DSI1_DATA2_P
2.500000e+00 (V)  Node1672_Auto_2553::MIPI_DSI1_DATA2_P
2.500000e+00 (V)  Node1675::MIPI_DSI1_DATA2_P
2.500000e+00 (V)  Node1676::MIPI_DSI1_DATA2_P
2.500000e+00 (V)  Node1676_Auto_2478::MIPI_DSI1_DATA2_P
2.500000e+00 (V)  Node1676_Auto_2479::MIPI_DSI1_DATA2_P
2.500000e+00 (V)  Node1676_Auto_2529::MIPI_DSI1_DATA2_P
2.500000e+00 (V)  Node1676_Auto_2536::MIPI_DSI1_DATA2_P
2.500000e+00 (V)  Node1676_Auto_2554::MIPI_DSI1_DATA2_P
2.500000e+00 (V)  Node1676_Auto_2555::MIPI_DSI1_DATA2_P
2.500000e+00 (V)  Node1676_Auto_2595::MIPI_DSI1_DATA2_P
2.500000e+00 (V)  Node1676_Auto_2596::MIPI_DSI1_DATA2_P
2.500000e+00 (V)  Node1676_Auto_2601::MIPI_DSI1_DATA2_P
2.500000e+00 (V)  Node1676_Auto_2602::MIPI_DSI1_DATA2_P
2.500000e+00 (V)  Node1676_Auto_2607::MIPI_DSI1_DATA2_P
2.500000e+00 (V)  Node1676_Auto_2608::MIPI_DSI1_DATA2_P
2.500000e+00 (V)  Node1676_Auto_2616::MIPI_DSI1_DATA2_P
2.500000e+00 (V)  Node1679::MIPI_DSI1_DATA2_P
2.500000e+00 (V)  Node1680::MIPI_DSI1_DATA2_P
2.500000e+00 (V)  Node1680_Auto_2468::MIPI_DSI1_DATA2_P
2.500000e+00 (V)  Node1680_Auto_2469::MIPI_DSI1_DATA2_P
2.500000e+00 (V)  Node1680_Auto_2470::MIPI_DSI1_DATA2_P
2.500000e+00 (V)  Node1680_Auto_2517::MIPI_DSI1_DATA2_P
2.500000e+00 (V)  Node1680_Auto_2518::MIPI_DSI1_DATA2_P
2.500000e+00 (V)  Node1680_Auto_2525::MIPI_DSI1_DATA2_P
2.500000e+00 (V)  Node1680_Auto_2526::MIPI_DSI1_DATA2_P
2.500000e+00 (V)  Node1680_Auto_2528::MIPI_DSI1_DATA2_P
2.500000e+00 (V)  Node1682::MIPI_DSI1_DATA2_P
2.500000e+00 (V)  Node1682_Auto_2181::MIPI_DSI1_DATA2_P
2.500000e+00 (V)  Node1683::MIPI_DSI1_DATA2_P
2.500000e+00 (V)  Node1684::MIPI_DSI1_DATA2_P
2.500000e+00 (V)  Node1685!!11_Auto_2195::MIPI_DSI1_DATA2_P
2.500000e+00 (V)  Node1685!!11_Auto_2196::MIPI_DSI1_DATA2_P
1.006241e-10 (V)  Node1688::MIPI_DSI1_DATA1_N
1.006177e-10 (V)  Node1688_Auto_796::MIPI_DSI1_DATA1_N
1.006024e-10 (V)  Node1690::MIPI_DSI1_DATA1_N
1.005921e-10 (V)  Node1690_Auto_898::MIPI_DSI1_DATA1_N
1.005886e-10 (V)  Node1690_Auto_899::MIPI_DSI1_DATA1_N
1.005872e-10 (V)  Node1690_Auto_914::MIPI_DSI1_DATA1_N
1.005845e-10 (V)  Node1690_Auto_915::MIPI_DSI1_DATA1_N
1.005842e-10 (V)  Node1692::MIPI_DSI1_DATA1_N
1.005802e-10 (V)  Node1693::MIPI_DSI1_DATA1_N
1.005724e-10 (V)  Node1693_Auto_1759::MIPI_DSI1_DATA1_N
1.005693e-10 (V)  Node1693_Auto_1760::MIPI_DSI1_DATA1_N
1.005761e-10 (V)  Node1693_Auto_1770::MIPI_DSI1_DATA1_N
1.005013e-10 (V)  Node1695::MIPI_DSI1_DATA1_N
1.004975e-10 (V)  Node1696::MIPI_DSI1_DATA1_N
1.004968e-10 (V)  Node1696_Auto_1786::MIPI_DSI1_DATA1_N
1.004936e-10 (V)  Node1697::MIPI_DSI1_DATA1_N
1.004926e-10 (V)  Node1697_Auto_1808::MIPI_DSI1_DATA1_N
1.004847e-10 (V)  Node1699::MIPI_DSI1_DATA1_N
0.000000e+00 (V)  Node17!!9::HDMI_DATA2_N
1.004820e-10 (V)  Node1700::MIPI_DSI1_DATA1_N
1.004737e-10 (V)  Node1703::MIPI_DSI1_DATA1_N
1.004439e-10 (V)  Node1706::MIPI_DSI1_DATA1_N
1.004715e-10 (V)  Node1706_Auto_110::MIPI_DSI1_DATA1_N
1.004357e-10 (V)  Node1714::MIPI_DSI1_DATA1_N
1.004081e-10 (V)  Node1714_Auto_105::MIPI_DSI1_DATA1_N
1.004059e-10 (V)  Node1714_Auto_116::MIPI_DSI1_DATA1_N
1.004052e-10 (V)  Node1717::MIPI_DSI1_DATA1_N
1.003980e-10 (V)  Node1720::MIPI_DSI1_DATA1_N
1.003947e-10 (V)  Node1720_Auto_1734::MIPI_DSI1_DATA1_N
1.003926e-10 (V)  Node1722::MIPI_DSI1_DATA1_N
1.003899e-10 (V)  Node1723::MIPI_DSI1_DATA1_N
1.003816e-10 (V)  Node1726::MIPI_DSI1_DATA1_N
1.003486e-10 (V)  Node1729::MIPI_DSI1_DATA1_N
1.003511e-10 (V)  Node1729_Auto_107::MIPI_DSI1_DATA1_N
1.003788e-10 (V)  Node1729_Auto_98::MIPI_DSI1_DATA1_N
1.003405e-10 (V)  Node1737::MIPI_DSI1_DATA1_N
1.003103e-10 (V)  Node1737_Auto_101::MIPI_DSI1_DATA1_N
1.003379e-10 (V)  Node1737_Auto_108::MIPI_DSI1_DATA1_N
1.003075e-10 (V)  Node1740::MIPI_DSI1_DATA1_N
1.002991e-10 (V)  Node1743::MIPI_DSI1_DATA1_N
1.002971e-10 (V)  Node1743_Auto_1799::MIPI_DSI1_DATA1_N
1.002925e-10 (V)  Node1745::MIPI_DSI1_DATA1_N
1.002887e-10 (V)  Node1746::MIPI_DSI1_DATA1_N
1.002849e-10 (V)  Node1747::MIPI_DSI1_DATA1_N
1.002788e-10 (V)  Node1747_Auto_598::MIPI_DSI1_DATA1_N
1.002839e-10 (V)  Node1747_Auto_600::MIPI_DSI1_DATA1_N
1.002497e-10 (V)  Node1749::MIPI_DSI1_DATA1_N
1.002511e-10 (V)  Node1749_Auto_585::MIPI_DSI1_DATA1_N
1.002540e-10 (V)  Node1749_Auto_586::MIPI_DSI1_DATA1_N
1.002570e-10 (V)  Node1749_Auto_589::MIPI_DSI1_DATA1_N
1.002420e-10 (V)  Node1751::MIPI_DSI1_DATA1_N
1.002410e-10 (V)  Node1751_Auto_183::MIPI_DSI1_DATA1_N
1.002268e-10 (V)  Node1751_Auto_184::MIPI_DSI1_DATA1_N
1.002017e-10 (V)  Node1751_Auto_185::MIPI_DSI1_DATA1_N
1.001961e-10 (V)  Node1754::MIPI_DSI1_DATA1_N
1.001816e-10 (V)  Node1774::MIPI_DSI1_DATA1_N
1.001787e-10 (V)  Node1776::MIPI_DSI1_DATA1_N
1.001760e-10 (V)  Node1777::MIPI_DSI1_DATA1_N
1.001428e-10 (V)  Node1783::MIPI_DSI1_DATA1_N
1.001414e-10 (V)  Node1783_Auto_2546::MIPI_DSI1_DATA1_N
1.001386e-10 (V)  Node1783_Auto_2547::MIPI_DSI1_DATA1_N
1.001383e-10 (V)  Node1785::MIPI_DSI1_DATA1_N
1.001366e-10 (V)  Node1786::MIPI_DSI1_DATA1_N
1.001344e-10 (V)  Node1786_Auto_2534::MIPI_DSI1_DATA1_N
1.000722e-10 (V)  Node1786_Auto_2558::MIPI_DSI1_DATA1_N
1.000663e-10 (V)  Node1786_Auto_2559::MIPI_DSI1_DATA1_N
1.001318e-10 (V)  Node1786_Auto_2562::MIPI_DSI1_DATA1_N
1.001259e-10 (V)  Node1786_Auto_2563::MIPI_DSI1_DATA1_N
1.000808e-10 (V)  Node1786_Auto_2566::MIPI_DSI1_DATA1_N
1.000749e-10 (V)  Node1786_Auto_2567::MIPI_DSI1_DATA1_N
1.001148e-10 (V)  Node1786_Auto_2570::MIPI_DSI1_DATA1_N
1.001089e-10 (V)  Node1786_Auto_2571::MIPI_DSI1_DATA1_N
1.000978e-10 (V)  Node1786_Auto_2574::MIPI_DSI1_DATA1_N
1.000919e-10 (V)  Node1786_Auto_2575::MIPI_DSI1_DATA1_N
1.000580e-10 (V)  Node1786_Auto_2579::MIPI_DSI1_DATA1_N
1.000623e-10 (V)  Node1786_Auto_2589::MIPI_DSI1_DATA1_N
1.000602e-10 (V)  Node1786_Auto_2590::MIPI_DSI1_DATA1_N
1.001062e-10 (V)  Node1786_Auto_2599::MIPI_DSI1_DATA1_N
1.001004e-10 (V)  Node1786_Auto_2600::MIPI_DSI1_DATA1_N
1.000892e-10 (V)  Node1786_Auto_2605::MIPI_DSI1_DATA1_N
1.000834e-10 (V)  Node1786_Auto_2606::MIPI_DSI1_DATA1_N
1.001232e-10 (V)  Node1786_Auto_2611::MIPI_DSI1_DATA1_N
1.001174e-10 (V)  Node1786_Auto_2612::MIPI_DSI1_DATA1_N
1.000340e-10 (V)  Node1786_Auto_2621::MIPI_DSI1_DATA1_N
1.000531e-10 (V)  Node1786_Auto_2627::MIPI_DSI1_DATA1_N
1.000326e-10 (V)  Node1789::MIPI_DSI1_DATA1_N
1.000288e-10 (V)  Node1790::MIPI_DSI1_DATA1_N
1.000323e-10 (V)  Node1790_Auto_2500::MIPI_DSI1_DATA1_N
1.000170e-10 (V)  Node1792::MIPI_DSI1_DATA1_N
1.000185e-10 (V)  Node1792_Auto_2480::MIPI_DSI1_DATA1_N
1.000222e-10 (V)  Node1792_Auto_2481::MIPI_DSI1_DATA1_N
1.000248e-10 (V)  Node1792_Auto_2486::MIPI_DSI1_DATA1_N
1.000253e-10 (V)  Node1792_Auto_2487::MIPI_DSI1_DATA1_N
1.000276e-10 (V)  Node1792_Auto_2490::MIPI_DSI1_DATA1_N
1.000165e-10 (V)  Node1793::MIPI_DSI1_DATA1_N
1.000116e-10 (V)  Node1794::MIPI_DSI1_DATA1_N
1.000142e-10 (V)  Node1794_Auto_2514::MIPI_DSI1_DATA1_N
1.000138e-10 (V)  Node1794_Auto_2522::MIPI_DSI1_DATA1_N
1.000014e-10 (V)  Node1795!!14_Auto_2189::MIPI_DSI1_DATA1_N
1.000085e-10 (V)  Node1795!!14_Auto_2190::MIPI_DSI1_DATA1_N
0.000000e+00 (V)  Node18!!F1::HDMI_DATA2_P
0.000000e+00 (V)  Node180!!H10::MIPI_DSI0_DATA0_P
0.000000e+00 (V)  Node181!!J3::INT
0.000000e+00 (V)  Node182!!K4::I2C_SCL
0.000000e+00 (V)  Node183!!K3::I2C_SDA
0.000000e+00 (V)  Node184!!2::RESETN
0.000000e+00 (V)  Node185!!2::RESETN
0.000000e+00 (V)  Node186!!2::RESETN
0.000000e+00 (V)  Node187!!1::RESETN
0.000000e+00 (V)  Node188!!K8::RESETN
0.000000e+00 (V)  Node19!!1::HDMI_DATA2_P
2.500000e+00 (V)  Node1906::MIPI_DSI1_DATA1_P
2.500000e+00 (V)  Node1906_Auto_896::MIPI_DSI1_DATA1_P
2.500000e+00 (V)  Node1906_Auto_897::MIPI_DSI1_DATA1_P
2.500000e+00 (V)  Node1906_Auto_912::MIPI_DSI1_DATA1_P
2.500000e+00 (V)  Node1906_Auto_913::MIPI_DSI1_DATA1_P
2.500000e+00 (V)  Node1908::MIPI_DSI1_DATA1_P
2.500000e+00 (V)  Node1909::MIPI_DSI1_DATA1_P
2.500000e+00 (V)  Node1909_Auto_1757::MIPI_DSI1_DATA1_P
2.500000e+00 (V)  Node1909_Auto_1758::MIPI_DSI1_DATA1_P
2.500000e+00 (V)  Node1909_Auto_1769::MIPI_DSI1_DATA1_P
2.500000e+00 (V)  Node1911::MIPI_DSI1_DATA1_P
2.500000e+00 (V)  Node1913::MIPI_DSI1_DATA1_P
2.500000e+00 (V)  Node1915::MIPI_DSI1_DATA1_P
2.500000e+00 (V)  Node1919::MIPI_DSI1_DATA1_P
2.500000e+00 (V)  Node1922::MIPI_DSI1_DATA1_P
2.500000e+00 (V)  Node1922_Auto_111::MIPI_DSI1_DATA1_P
2.500000e+00 (V)  Node1922_Auto_112::MIPI_DSI1_DATA1_P
2.500000e+00 (V)  Node1923::MIPI_DSI1_DATA1_P
2.500000e+00 (V)  Node1924::MIPI_DSI1_DATA1_P
2.500000e+00 (V)  Node1925::MIPI_DSI1_DATA1_P
2.500000e+00 (V)  Node1930::MIPI_DSI1_DATA1_P
2.500000e+00 (V)  Node1930_Auto_104::MIPI_DSI1_DATA1_P
2.500000e+00 (V)  Node1930_Auto_94::MIPI_DSI1_DATA1_P
2.500000e+00 (V)  Node1933::MIPI_DSI1_DATA1_P
2.500000e+00 (V)  Node1936::MIPI_DSI1_DATA1_P
2.500000e+00 (V)  Node1938::MIPI_DSI1_DATA1_P
2.500000e+00 (V)  Node1942::MIPI_DSI1_DATA1_P
2.500000e+00 (V)  Node1945::MIPI_DSI1_DATA1_P
2.500000e+00 (V)  Node1945_Auto_106::MIPI_DSI1_DATA1_P
2.500000e+00 (V)  Node1945_Auto_113::MIPI_DSI1_DATA1_P
2.500000e+00 (V)  Node1945_Auto_95::MIPI_DSI1_DATA1_P
2.500000e+00 (V)  Node1953::MIPI_DSI1_DATA1_P
2.500000e+00 (V)  Node1953_Auto_103::MIPI_DSI1_DATA1_P
2.500000e+00 (V)  Node1953_Auto_109::MIPI_DSI1_DATA1_P
2.500000e+00 (V)  Node1956::MIPI_DSI1_DATA1_P
2.500000e+00 (V)  Node1959::MIPI_DSI1_DATA1_P
2.500000e+00 (V)  Node1961::MIPI_DSI1_DATA1_P
2.500000e+00 (V)  Node1963::MIPI_DSI1_DATA1_P
2.500000e+00 (V)  Node1963_Auto_601::MIPI_DSI1_DATA1_P
2.500000e+00 (V)  Node1965::MIPI_DSI1_DATA1_P
2.500000e+00 (V)  Node1965_Auto_587::MIPI_DSI1_DATA1_P
2.500000e+00 (V)  Node1965_Auto_588::MIPI_DSI1_DATA1_P
2.500000e+00 (V)  Node1965_Auto_590::MIPI_DSI1_DATA1_P
2.500000e+00 (V)  Node1967::MIPI_DSI1_DATA1_P
2.500000e+00 (V)  Node1969::MIPI_DSI1_DATA1_P
2.500000e+00 (V)  Node1973::MIPI_DSI1_DATA1_P
2.500000e+00 (V)  Node1976::MIPI_DSI1_DATA1_P
2.500000e+00 (V)  Node1984::MIPI_DSI1_DATA1_P
2.500000e+00 (V)  Node1987::MIPI_DSI1_DATA1_P
2.500000e+00 (V)  Node1995::MIPI_DSI1_DATA1_P
2.500000e+00 (V)  Node1998::MIPI_DSI1_DATA1_P
2.500000e+00 (V)  Node1998_Auto_55::MIPI_DSI1_DATA1_P
0.000000e+00 (V)  Node20!!1::HDMI_DATA2_P
2.500000e+00 (V)  Node2006::MIPI_DSI1_DATA1_P
2.500000e+00 (V)  Node2006_Auto_56::MIPI_DSI1_DATA1_P
2.500000e+00 (V)  Node2009::MIPI_DSI1_DATA1_P
2.500000e+00 (V)  Node2012::MIPI_DSI1_DATA1_P
2.500000e+00 (V)  Node2012_Auto_181::MIPI_DSI1_DATA1_P
2.500000e+00 (V)  Node2012_Auto_182::MIPI_DSI1_DATA1_P
2.500000e+00 (V)  Node2012_Auto_186::MIPI_DSI1_DATA1_P
2.500000e+00 (V)  Node2017::MIPI_DSI1_DATA1_P
2.500000e+00 (V)  Node2018::MIPI_DSI1_DATA1_P
2.500000e+00 (V)  Node2020::MIPI_DSI1_DATA1_P
2.500000e+00 (V)  Node2021::MIPI_DSI1_DATA1_P
2.500000e+00 (V)  Node2021_Auto_2544::MIPI_DSI1_DATA1_P
2.500000e+00 (V)  Node2021_Auto_2545::MIPI_DSI1_DATA1_P
2.500000e+00 (V)  Node2023::MIPI_DSI1_DATA1_P
2.500000e+00 (V)  Node2023_Auto_2475::MIPI_DSI1_DATA1_P
2.500000e+00 (V)  Node2024::MIPI_DSI1_DATA1_P
2.500000e+00 (V)  Node2024_Auto_2531::MIPI_DSI1_DATA1_P
2.500000e+00 (V)  Node2024_Auto_2533::MIPI_DSI1_DATA1_P
2.500000e+00 (V)  Node2024_Auto_2556::MIPI_DSI1_DATA1_P
2.500000e+00 (V)  Node2024_Auto_2557::MIPI_DSI1_DATA1_P
2.500000e+00 (V)  Node2024_Auto_2560::MIPI_DSI1_DATA1_P
2.500000e+00 (V)  Node2024_Auto_2561::MIPI_DSI1_DATA1_P
2.500000e+00 (V)  Node2024_Auto_2564::MIPI_DSI1_DATA1_P
2.500000e+00 (V)  Node2024_Auto_2565::MIPI_DSI1_DATA1_P
2.500000e+00 (V)  Node2024_Auto_2568::MIPI_DSI1_DATA1_P
2.500000e+00 (V)  Node2024_Auto_2569::MIPI_DSI1_DATA1_P
2.500000e+00 (V)  Node2024_Auto_2572::MIPI_DSI1_DATA1_P
2.500000e+00 (V)  Node2024_Auto_2573::MIPI_DSI1_DATA1_P
2.500000e+00 (V)  Node2024_Auto_2577::MIPI_DSI1_DATA1_P
2.500000e+00 (V)  Node2024_Auto_2591::MIPI_DSI1_DATA1_P
2.500000e+00 (V)  Node2024_Auto_2592::MIPI_DSI1_DATA1_P
2.500000e+00 (V)  Node2024_Auto_2597::MIPI_DSI1_DATA1_P
2.500000e+00 (V)  Node2024_Auto_2598::MIPI_DSI1_DATA1_P
2.500000e+00 (V)  Node2024_Auto_2603::MIPI_DSI1_DATA1_P
2.500000e+00 (V)  Node2024_Auto_2604::MIPI_DSI1_DATA1_P
2.500000e+00 (V)  Node2024_Auto_2609::MIPI_DSI1_DATA1_P
2.500000e+00 (V)  Node2024_Auto_2610::MIPI_DSI1_DATA1_P
2.500000e+00 (V)  Node2024_Auto_2618::MIPI_DSI1_DATA1_P
2.500000e+00 (V)  Node2024_Auto_2619::MIPI_DSI1_DATA1_P
2.500000e+00 (V)  Node2027::MIPI_DSI1_DATA1_P
2.500000e+00 (V)  Node2028::MIPI_DSI1_DATA1_P
2.500000e+00 (V)  Node2030::MIPI_DSI1_DATA1_P
2.500000e+00 (V)  Node2030_Auto_2482::MIPI_DSI1_DATA1_P
2.500000e+00 (V)  Node2030_Auto_2483::MIPI_DSI1_DATA1_P
2.500000e+00 (V)  Node2030_Auto_2485::MIPI_DSI1_DATA1_P
2.500000e+00 (V)  Node2030_Auto_2515::MIPI_DSI1_DATA1_P
2.500000e+00 (V)  Node2031::MIPI_DSI1_DATA1_P
2.500000e+00 (V)  Node2032::MIPI_DSI1_DATA1_P
2.500000e+00 (V)  Node2032_Auto_2179::MIPI_DSI1_DATA1_P
2.500000e+00 (V)  Node2032_Auto_2521::MIPI_DSI1_DATA1_P
2.500000e+00 (V)  Node2033::MIPI_DSI1_DATA1_P
2.500000e+00 (V)  Node2034::MIPI_DSI1_DATA1_P
2.500000e+00 (V)  Node2035!!13_Auto_2191::MIPI_DSI1_DATA1_P
2.500000e+00 (V)  Node2035!!13_Auto_2192::MIPI_DSI1_DATA1_P
1.006052e-10 (V)  Node2038::MIPI_DSI1_DATA0_N
1.005995e-10 (V)  Node2038_Auto_798::MIPI_DSI1_DATA0_N
1.005842e-10 (V)  Node2040::MIPI_DSI1_DATA0_N
1.005739e-10 (V)  Node2041::MIPI_DSI1_DATA0_N
1.005736e-10 (V)  Node2042::MIPI_DSI1_DATA0_N
1.005701e-10 (V)  Node2042_Auto_895::MIPI_DSI1_DATA0_N
1.005675e-10 (V)  Node2043::MIPI_DSI1_DATA0_N
1.005638e-10 (V)  Node2043_Auto_1755::MIPI_DSI1_DATA0_N
1.005606e-10 (V)  Node2043_Auto_1756::MIPI_DSI1_DATA0_N
1.005596e-10 (V)  Node2045::MIPI_DSI1_DATA0_N
1.005565e-10 (V)  Node2046::MIPI_DSI1_DATA0_N
1.005555e-10 (V)  Node2046_Auto_1813::MIPI_DSI1_DATA0_N
1.005438e-10 (V)  Node2048::MIPI_DSI1_DATA0_N
1.005387e-10 (V)  Node2050::MIPI_DSI1_DATA0_N
1.005413e-10 (V)  Node2050_Auto_69::MIPI_DSI1_DATA0_N
1.005143e-10 (V)  Node2058::MIPI_DSI1_DATA0_N
1.005141e-10 (V)  Node2058_Auto_64::MIPI_DSI1_DATA0_N
1.005115e-10 (V)  Node2058_Auto_65::MIPI_DSI1_DATA0_N
1.005105e-10 (V)  Node2060::MIPI_DSI1_DATA0_N
1.005083e-10 (V)  Node2063::MIPI_DSI1_DATA0_N
1.005035e-10 (V)  Node2065::MIPI_DSI1_DATA0_N
1.004984e-10 (V)  Node2067::MIPI_DSI1_DATA0_N
1.005010e-10 (V)  Node2067_Auto_60::MIPI_DSI1_DATA0_N
1.004832e-10 (V)  Node2072::MIPI_DSI1_DATA0_N
1.004801e-10 (V)  Node2073::MIPI_DSI1_DATA0_N
1.004771e-10 (V)  Node2074::MIPI_DSI1_DATA0_N
1.004740e-10 (V)  Node2075::MIPI_DSI1_DATA0_N
1.004727e-10 (V)  Node2075_Auto_63::MIPI_DSI1_DATA0_N
1.004702e-10 (V)  Node2077::MIPI_DSI1_DATA0_N
1.004681e-10 (V)  Node2080::MIPI_DSI1_DATA0_N
1.004345e-10 (V)  Node2080_Auto_377::MIPI_DSI1_DATA0_N
1.004483e-10 (V)  Node2080_Auto_379::MIPI_DSI1_DATA0_N
1.004293e-10 (V)  Node2082::MIPI_DSI1_DATA0_N
1.004255e-10 (V)  Node2083::MIPI_DSI1_DATA0_N
1.004180e-10 (V)  Node2092::MIPI_DSI1_DATA0_N
1.004170e-10 (V)  Node2092_Auto_2136::MIPI_DSI1_DATA0_N
1.004083e-10 (V)  Node2092_Auto_2138::MIPI_DSI1_DATA0_N
1.004073e-10 (V)  Node2094::MIPI_DSI1_DATA0_N
1.004034e-10 (V)  Node2095::MIPI_DSI1_DATA0_N
1.004029e-10 (V)  Node2095_Auto_2139::MIPI_DSI1_DATA0_N
1.003876e-10 (V)  Node2098::MIPI_DSI1_DATA0_N
0.000000e+00 (V)  Node21!!10::HDMI_DATA2_P
1.003853e-10 (V)  Node2101::MIPI_DSI1_DATA0_N
1.003845e-10 (V)  Node2101_Auto_2157::MIPI_DSI1_DATA0_N
1.003450e-10 (V)  Node2101_Auto_2158::MIPI_DSI1_DATA0_N
1.003330e-10 (V)  Node2101_Auto_2166::MIPI_DSI1_DATA0_N
1.003320e-10 (V)  Node2104::MIPI_DSI1_DATA0_N
1.003076e-10 (V)  Node2112::MIPI_DSI1_DATA0_N
1.002537e-10 (V)  Node2115::MIPI_DSI1_DATA0_N
1.002945e-10 (V)  Node2115_Auto_2146::MIPI_DSI1_DATA0_N
1.002550e-10 (V)  Node2115_Auto_2152::MIPI_DSI1_DATA0_N
1.003066e-10 (V)  Node2115_Auto_2164::MIPI_DSI1_DATA0_N
1.002430e-10 (V)  Node2123::MIPI_DSI1_DATA0_N
1.002022e-10 (V)  Node2123_Auto_2145::MIPI_DSI1_DATA0_N
1.002417e-10 (V)  Node2123_Auto_2153::MIPI_DSI1_DATA0_N
1.002012e-10 (V)  Node2126::MIPI_DSI1_DATA0_N
1.001768e-10 (V)  Node2134::MIPI_DSI1_DATA0_N
1.001337e-10 (V)  Node2137::MIPI_DSI1_DATA0_N
1.001758e-10 (V)  Node2137_Auto_2143::MIPI_DSI1_DATA0_N
1.001363e-10 (V)  Node2137_Auto_2156::MIPI_DSI1_DATA0_N
1.001271e-10 (V)  Node2142::MIPI_DSI1_DATA0_N
1.001234e-10 (V)  Node2142_Auto_2167::MIPI_DSI1_DATA0_N
1.000886e-10 (V)  Node2142_Auto_2168::MIPI_DSI1_DATA0_N
1.000876e-10 (V)  Node2144::MIPI_DSI1_DATA0_N
1.000792e-10 (V)  Node2147::MIPI_DSI1_DATA0_N
1.000782e-10 (V)  Node2147_Auto_2173::MIPI_DSI1_DATA0_N
1.000755e-10 (V)  Node2150::MIPI_DSI1_DATA0_N
1.000747e-10 (V)  Node2151::MIPI_DSI1_DATA0_N
1.000727e-10 (V)  Node2153::MIPI_DSI1_DATA0_N
1.000702e-10 (V)  Node2154::MIPI_DSI1_DATA0_N
1.000671e-10 (V)  Node2155::MIPI_DSI1_DATA0_N
1.000525e-10 (V)  Node2157::MIPI_DSI1_DATA0_N
1.000644e-10 (V)  Node2157_Auto_2175::MIPI_DSI1_DATA0_N
1.000545e-10 (V)  Node2157_Auto_2178::MIPI_DSI1_DATA0_N
1.000433e-10 (V)  Node2160::MIPI_DSI1_DATA0_N
1.000201e-10 (V)  Node2162::MIPI_DSI1_DATA0_N
1.000211e-10 (V)  Node2162_Auto_2631::MIPI_DSI1_DATA0_N
1.000423e-10 (V)  Node2162_Auto_2632::MIPI_DSI1_DATA0_N
1.000196e-10 (V)  Node2163::MIPI_DSI1_DATA0_N
1.000098e-10 (V)  Node2164::MIPI_DSI1_DATA0_N
1.000104e-10 (V)  Node2164_Auto_2502::MIPI_DSI1_DATA0_N
1.000144e-10 (V)  Node2164_Auto_2503::MIPI_DSI1_DATA0_N
1.000169e-10 (V)  Node2164_Auto_2504::MIPI_DSI1_DATA0_N
1.000173e-10 (V)  Node2164_Auto_2505::MIPI_DSI1_DATA0_N
1.000014e-10 (V)  Node2165!!18_Auto_2187::MIPI_DSI1_DATA0_N
1.000085e-10 (V)  Node2165!!18_Auto_2188::MIPI_DSI1_DATA0_N
2.500000e+00 (V)  Node2168::MIPI_DSI1_DATA0_P
2.500000e+00 (V)  Node2168_Auto_2137::MIPI_DSI1_DATA0_P
2.500000e+00 (V)  Node2170::MIPI_DSI1_DATA0_P
2.500000e+00 (V)  Node2171::MIPI_DSI1_DATA0_P
2.500000e+00 (V)  Node2171_Auto_2140::MIPI_DSI1_DATA0_P
2.500000e+00 (V)  Node2171_Auto_2141::MIPI_DSI1_DATA0_P
2.500000e+00 (V)  Node2174::MIPI_DSI1_DATA0_P
2.500000e+00 (V)  Node2177::MIPI_DSI1_DATA0_P
2.500000e+00 (V)  Node2177_Auto_2150::MIPI_DSI1_DATA0_P
2.500000e+00 (V)  Node2177_Auto_2151::MIPI_DSI1_DATA0_P
2.500000e+00 (V)  Node2180::MIPI_DSI1_DATA0_P
2.500000e+00 (V)  Node2188::MIPI_DSI1_DATA0_P
2.500000e+00 (V)  Node2191::MIPI_DSI1_DATA0_P
2.500000e+00 (V)  Node2191_Auto_2148::MIPI_DSI1_DATA0_P
2.500000e+00 (V)  Node2191_Auto_2149::MIPI_DSI1_DATA0_P
2.500000e+00 (V)  Node2199::MIPI_DSI1_DATA0_P
2.500000e+00 (V)  Node2199_Auto_2159::MIPI_DSI1_DATA0_P
2.500000e+00 (V)  Node2199_Auto_2161::MIPI_DSI1_DATA0_P
0.000000e+00 (V)  Node22!!D1::HDMI_DATA0_P
2.500000e+00 (V)  Node2202::MIPI_DSI1_DATA0_P
2.500000e+00 (V)  Node2210::MIPI_DSI1_DATA0_P
2.500000e+00 (V)  Node2213::MIPI_DSI1_DATA0_P
2.500000e+00 (V)  Node2213_Auto_2160::MIPI_DSI1_DATA0_P
2.500000e+00 (V)  Node2213_Auto_2162::MIPI_DSI1_DATA0_P
2.500000e+00 (V)  Node2218::MIPI_DSI1_DATA0_P
2.500000e+00 (V)  Node2220::MIPI_DSI1_DATA0_P
2.500000e+00 (V)  Node2223::MIPI_DSI1_DATA0_P
2.500000e+00 (V)  Node2223_Auto_2174::MIPI_DSI1_DATA0_P
2.500000e+00 (V)  Node2226::MIPI_DSI1_DATA0_P
2.500000e+00 (V)  Node2227::MIPI_DSI1_DATA0_P
2.500000e+00 (V)  Node2227_Auto_2171::MIPI_DSI1_DATA0_P
2.500000e+00 (V)  Node2227_Auto_2172::MIPI_DSI1_DATA0_P
2.500000e+00 (V)  Node2229::MIPI_DSI1_DATA0_P
2.500000e+00 (V)  Node2229_Auto_2471::MIPI_DSI1_DATA0_P
2.500000e+00 (V)  Node2229_Auto_2472::MIPI_DSI1_DATA0_P
2.500000e+00 (V)  Node2230::MIPI_DSI1_DATA0_P
2.500000e+00 (V)  Node2230_Auto_2169::MIPI_DSI1_DATA0_P
2.500000e+00 (V)  Node2230_Auto_2170::MIPI_DSI1_DATA0_P
2.500000e+00 (V)  Node2231::MIPI_DSI1_DATA0_P
2.500000e+00 (V)  Node2233::MIPI_DSI1_DATA0_P
2.500000e+00 (V)  Node2233_Auto_2176::MIPI_DSI1_DATA0_P
2.500000e+00 (V)  Node2233_Auto_2177::MIPI_DSI1_DATA0_P
2.500000e+00 (V)  Node2236::MIPI_DSI1_DATA0_P
2.500000e+00 (V)  Node2238::MIPI_DSI1_DATA0_P
2.500000e+00 (V)  Node2238_Auto_2506::MIPI_DSI1_DATA0_P
2.500000e+00 (V)  Node2239::MIPI_DSI1_DATA0_P
2.500000e+00 (V)  Node2240::MIPI_DSI1_DATA0_P
2.500000e+00 (V)  Node2240_Auto_2498::MIPI_DSI1_DATA0_P
2.500000e+00 (V)  Node2240_Auto_2501::MIPI_DSI1_DATA0_P
2.500000e+00 (V)  Node2242::MIPI_DSI1_DATA0_P
2.500000e+00 (V)  Node2243!!17_Auto_2185::MIPI_DSI1_DATA0_P
2.500000e+00 (V)  Node2243!!17_Auto_2186::MIPI_DSI1_DATA0_P
2.500000e+00 (V)  Node2247::MIPI_DSI1_DATA0_P
2.500000e+00 (V)  Node2248::MIPI_DSI1_DATA0_P
2.500000e+00 (V)  Node2249::MIPI_DSI1_DATA0_P
2.500000e+00 (V)  Node2250::MIPI_DSI1_DATA0_P
2.500000e+00 (V)  Node2252::MIPI_DSI1_DATA0_P
2.500000e+00 (V)  Node2253::MIPI_DSI1_DATA0_P
2.500000e+00 (V)  Node2253_Auto_1814::MIPI_DSI1_DATA0_P
2.500000e+00 (V)  Node2256::MIPI_DSI1_DATA0_P
2.500000e+00 (V)  Node2259::MIPI_DSI1_DATA0_P
2.500000e+00 (V)  Node2262::MIPI_DSI1_DATA0_P
2.500000e+00 (V)  Node2262_Auto_67::MIPI_DSI1_DATA0_P
2.500000e+00 (V)  Node2262_Auto_70::MIPI_DSI1_DATA0_P
2.500000e+00 (V)  Node2270::MIPI_DSI1_DATA0_P
2.500000e+00 (V)  Node2270_Auto_66::MIPI_DSI1_DATA0_P
2.500000e+00 (V)  Node2270_Auto_71::MIPI_DSI1_DATA0_P
2.500000e+00 (V)  Node2272::MIPI_DSI1_DATA0_P
2.500000e+00 (V)  Node2275::MIPI_DSI1_DATA0_P
2.500000e+00 (V)  Node2275_Auto_55::MIPI_DSI1_DATA0_P
2.500000e+00 (V)  Node2275_Auto_56::MIPI_DSI1_DATA0_P
2.500000e+00 (V)  Node2277::MIPI_DSI1_DATA0_P
2.500000e+00 (V)  Node2281::MIPI_DSI1_DATA0_P
2.500000e+00 (V)  Node2284::MIPI_DSI1_DATA0_P
2.500000e+00 (V)  Node2284_Auto_58::MIPI_DSI1_DATA0_P
2.500000e+00 (V)  Node2284_Auto_61::MIPI_DSI1_DATA0_P
2.500000e+00 (V)  Node2292::MIPI_DSI1_DATA0_P
2.500000e+00 (V)  Node2292_Auto_57::MIPI_DSI1_DATA0_P
2.500000e+00 (V)  Node2292_Auto_62::MIPI_DSI1_DATA0_P
2.500000e+00 (V)  Node2294::MIPI_DSI1_DATA0_P
2.500000e+00 (V)  Node2297::MIPI_DSI1_DATA0_P
2.500000e+00 (V)  Node2297_Auto_378::MIPI_DSI1_DATA0_P
0.000000e+00 (V)  Node23!!1::HDMI_DATA0_P
2.500000e+00 (V)  Node2300::MIPI_DSI1_DATA0_P
2.500000e+00 (V)  Node2303::MIPI_DSI1_DATA0_P
2.500000e+00 (V)  Node2306::MIPI_DSI1_DATA0_P
2.500000e+00 (V)  Node2306_Auto_369::MIPI_DSI1_DATA0_P
2.500000e+00 (V)  Node2306_Auto_370::MIPI_DSI1_DATA0_P
2.500000e+00 (V)  Node2314::MIPI_DSI1_DATA0_P
2.500000e+00 (V)  Node2317::MIPI_DSI1_DATA0_P
2.500000e+00 (V)  Node2320::MIPI_DSI1_DATA0_P
2.500000e+00 (V)  Node2322::MIPI_DSI1_DATA0_P
2.500000e+00 (V)  Node2323::MIPI_DSI1_DATA0_P
0.000000e+00 (V)  Node2327!!5::MIPI_DSI0_CLK_N
0.000000e+00 (V)  Node24!!7::HDMI_DATA0_P
0.000000e+00 (V)  Node2417!!1::MIPI_DSI0_DATA3_N
0.000000e+00 (V)  Node2474!!9::MIPI_DSI0_DATA2_N
0.000000e+00 (V)  Node2495!!7::MIPI_DSI0_DATA1_N
0.000000e+00 (V)  Node25!!10::HDMI_DATA0_P
0.000000e+00 (V)  Node26!!E1::HDMI_DATA1_P
0.000000e+00 (V)  Node2642!!3::MIPI_DSI0_DATA0_N
0.000000e+00 (V)  Node27!!4::HDMI_DATA1_P
0.000000e+00 (V)  Node270!!K9::N284871
0.000000e+00 (V)  Node273!!K2::N284174
0.000000e+00 (V)  Node275!!K1::N284159
0.000000e+00 (V)  Node277!!J1::N284077
0.000000e+00 (V)  Node2788!!6::MIPI_DSI0_CLK_P
0.000000e+00 (V)  Node279!!19::HDP
0.000000e+00 (V)  Node28!!4::HDMI_DATA1_P
0.000000e+00 (V)  Node282!!B3::SDA
0.000000e+00 (V)  Node283!!16::SDA
0.000000e+00 (V)  Node288!!15::SCL
0.000000e+00 (V)  Node29!!7::HDMI_DATA1_P
0.000000e+00 (V)  Node290!!A3::SCL
0.000000e+00 (V)  Node2947!!2::MIPI_DSI0_DATA3_P
0.000000e+00 (V)  Node30!!D2::HDMI_DATA0_N
0.000000e+00 (V)  Node3002!!10::MIPI_DSI0_DATA2_P
0.000000e+00 (V)  Node3030!!8::MIPI_DSI0_DATA1_P
0.000000e+00 (V)  Node307!!A1::N27399713
0.000000e+00 (V)  Node31!!2::HDMI_DATA0_N
0.000000e+00 (V)  Node319!!A2::N279408
0.000000e+00 (V)  Node32!!9::HDMI_DATA0_N
0.000000e+00 (V)  Node320!!A4::N2739972
0.000000e+00 (V)  Node33!!9::HDMI_DATA0_N
0.000000e+00 (V)  Node337!!14
0.000000e+00 (V)  Node338!!13
0.000000e+00 (V)  Node34!!C1::HDMI_CLK_P
0.000000e+00 (V)  Node341!!G6
0.000000e+00 (V)  Node3411!!4::MIPI_DSI0_DATA0_P
0.000000e+00 (V)  Node342!!J2
0.000000e+00 (V)  Node343!!K5
0.000000e+00 (V)  Node344!!J5
0.000000e+00 (V)  Node345!!J6
0.000000e+00 (V)  Node346!!J8
0.000000e+00 (V)  Node347!!J9
0.000000e+00 (V)  Node348!!K7
0.000000e+00 (V)  Node349!!J4
0.000000e+00 (V)  Node35!!4::HDMI_CLK_P
0.000000e+00 (V)  Node36!!7::HDMI_CLK_P
0.000000e+00 (V)  Node37!!10::HDMI_CLK_P
0.000000e+00 (V)  Node38!!E2::HDMI_DATA1_N
0.000000e+00 (V)  Node39!!5::HDMI_DATA1_N
0.000000e+00 (V)  Node40!!6::HDMI_DATA1_N
0.000000e+00 (V)  Node4007!!32::PWM
0.000000e+00 (V)  Node4066!!29::RESX
0.000000e+00 (V)  Node41!!6::HDMI_DATA1_N
0.000000e+00 (V)  Node42!!C2::HDMI_CLK_N
0.000000e+00 (V)  Node4274!!20::N271809
0.000000e+00 (V)  Node4275!!21::N271809
0.000000e+00 (V)  Node4276!!22::N271809
0.000000e+00 (V)  Node4281!!23::N271809
0.000000e+00 (V)  Node43!!5::HDMI_CLK_N
0.000000e+00 (V)  Node44!!12::HDMI_CLK_N
0.000000e+00 (V)  Node45!!6::HDMI_CLK_N
0.000000e+00 (V)  Node4737!!2::HDP
0.000000e+00 (V)  Node4774!!39::VCC_LED_AB
0.000000e+00 (V)  Node4775!!40::VCC_LED_AB
0.000000e+00 (V)  Node4783!!1::N2739972
0.000000e+00 (V)  Node4785!!P4
0.000000e+00 (V)  Node4786!!P3
0.000000e+00 (V)  Node4787!!P2
0.000000e+00 (V)  Node4788!!P1
0.000000e+00 (V)  Node4789!!31
0.000000e+00 (V)  Node4790!!30
1.006163e-10 (V)  Node64!!A7_Auto_794::MIPI_DSI1_CLK_P
2.500000e+00 (V)  Node68!!A6_Auto_792::MIPI_DSI1_DATA2_P
2.500000e+00 (V)  Node886::MIPI_DSI1_CLK_N
2.500000e+00 (V)  Node888::MIPI_DSI1_CLK_N
2.500000e+00 (V)  Node890::MIPI_DSI1_CLK_N
2.500000e+00 (V)  Node890_Auto_515::MIPI_DSI1_CLK_N
2.500000e+00 (V)  Node890_Auto_516::MIPI_DSI1_CLK_N
2.500000e+00 (V)  Node893::MIPI_DSI1_CLK_N
2.500000e+00 (V)  Node894::MIPI_DSI1_CLK_N
2.500000e+00 (V)  Node894_Auto_513::MIPI_DSI1_CLK_N
2.500000e+00 (V)  Node896::MIPI_DSI1_CLK_N
0.000000e+00 (V)  Node9!!18::VCC_HDMIRX_IN
2.500000e+00 (V)  Node906::MIPI_DSI1_CLK_N
2.500000e+00 (V)  Node906_Auto_574::MIPI_DSI1_CLK_N
2.500000e+00 (V)  Node908::MIPI_DSI1_CLK_N
2.500000e+00 (V)  Node908_Auto_526::MIPI_DSI1_CLK_N
2.500000e+00 (V)  Node909::MIPI_DSI1_CLK_N
2.500000e+00 (V)  Node909_Auto_565::MIPI_DSI1_CLK_N
2.500000e+00 (V)  Node909_Auto_566::MIPI_DSI1_CLK_N
2.500000e+00 (V)  Node911::MIPI_DSI1_CLK_N
2.500000e+00 (V)  Node919::MIPI_DSI1_CLK_N
2.500000e+00 (V)  Node922::MIPI_DSI1_CLK_N
2.500000e+00 (V)  Node922_Auto_517::MIPI_DSI1_CLK_N
2.500000e+00 (V)  Node922_Auto_518::MIPI_DSI1_CLK_N
2.500000e+00 (V)  Node922_Auto_564::MIPI_DSI1_CLK_N
2.500000e+00 (V)  Node922_Auto_576::MIPI_DSI1_CLK_N
2.500000e+00 (V)  Node922_Auto_583::MIPI_DSI1_CLK_N
2.500000e+00 (V)  Node931::MIPI_DSI1_CLK_N
2.500000e+00 (V)  Node931_Auto_523::MIPI_DSI1_CLK_N
2.500000e+00 (V)  Node931_Auto_524::MIPI_DSI1_CLK_N
2.500000e+00 (V)  Node931_Auto_554::MIPI_DSI1_CLK_N
2.500000e+00 (V)  Node931_Auto_556::MIPI_DSI1_CLK_N
2.500000e+00 (V)  Node931_Auto_579::MIPI_DSI1_CLK_N
2.500000e+00 (V)  Node931_Auto_582::MIPI_DSI1_CLK_N
2.500000e+00 (V)  Node934::MIPI_DSI1_CLK_N
2.500000e+00 (V)  Node942::MIPI_DSI1_CLK_N
2.500000e+00 (V)  Node945::MIPI_DSI1_CLK_N
2.500000e+00 (V)  Node945_Auto_545::MIPI_DSI1_CLK_N
2.500000e+00 (V)  Node945_Auto_549::MIPI_DSI1_CLK_N
2.500000e+00 (V)  Node960::MIPI_DSI1_CLK_N
2.500000e+00 (V)  Node962::MIPI_DSI1_CLK_N
2.500000e+00 (V)  Node962_Auto_593::MIPI_DSI1_CLK_N
2.500000e+00 (V)  Node962_Auto_594::MIPI_DSI1_CLK_N
2.500000e+00 (V)  Node962_Auto_604::MIPI_DSI1_CLK_N
2.500000e+00 (V)  Node962_Auto_605::MIPI_DSI1_CLK_N
2.500000e+00 (V)  Node964::MIPI_DSI1_CLK_N
2.500000e+00 (V)  Node964_Auto_1737::MIPI_DSI1_CLK_N
2.500000e+00 (V)  Node964_Auto_1738::MIPI_DSI1_CLK_N
2.500000e+00 (V)  Node964_Auto_1745::MIPI_DSI1_CLK_N
2.500000e+00 (V)  Node964_Auto_1746::MIPI_DSI1_CLK_N
2.500000e+00 (V)  Node964_Auto_1752::MIPI_DSI1_CLK_N
2.500000e+00 (V)  Node964_Auto_1766::MIPI_DSI1_CLK_N
2.500000e+00 (V)  Node964_Auto_1775::MIPI_DSI1_CLK_N
2.500000e+00 (V)  Node964_Auto_1776::MIPI_DSI1_CLK_N
2.500000e+00 (V)  Node964_Auto_1781::MIPI_DSI1_CLK_N
2.500000e+00 (V)  Node964_Auto_1789::MIPI_DSI1_CLK_N
2.500000e+00 (V)  Node964_Auto_1790::MIPI_DSI1_CLK_N
2.500000e+00 (V)  Node964_Auto_1801::MIPI_DSI1_CLK_N
2.500000e+00 (V)  Node964_Auto_1805::MIPI_DSI1_CLK_N
2.500000e+00 (V)  Node964_Auto_1810::MIPI_DSI1_CLK_N
2.500000e+00 (V)  Node965::MIPI_DSI1_CLK_N
2.500000e+00 (V)  Node967::MIPI_DSI1_CLK_N
2.500000e+00 (V)  Node967_Auto_1763::MIPI_DSI1_CLK_N
2.500000e+00 (V)  Node967_Auto_1764::MIPI_DSI1_CLK_N
2.500000e+00 (V)  Node967_Auto_1772::MIPI_DSI1_CLK_N
2.500000e+00 (V)  Node967_Auto_1798::MIPI_DSI1_CLK_N
2.500000e+00 (V)  Node967_Auto_1830::MIPI_DSI1_CLK_N
2.500000e+00 (V)  Node967_Auto_1832::MIPI_DSI1_CLK_N
2.500000e+00 (V)  Node968::MIPI_DSI1_CLK_N
2.500000e+00 (V)  Node969::MIPI_DSI1_CLK_N
2.500000e+00 (V)  Node971::MIPI_DSI1_CLK_N
2.500000e+00 (V)  Node971_Auto_902::MIPI_DSI1_CLK_N
2.500000e+00 (V)  Node971_Auto_903::MIPI_DSI1_CLK_N
2.500000e+00 (V)  Node971_Auto_918::MIPI_DSI1_CLK_N
2.500000e+00 (V)  Node971_Auto_919::MIPI_DSI1_CLK_N
2.500000e+00 (V)  Node971_Auto_928::MIPI_DSI1_CLK_N
2.500000e+00 (V)  Node971_Auto_929::MIPI_DSI1_CLK_N
2.500000e+00 (V)  Node972::MIPI_DSI1_CLK_N
2.500000e+00 (V)  Node972_Auto_793::MIPI_DSI1_CLK_N
2.500000e+00 (V)  Node973!!16_Auto_2184::MIPI_DSI1_CLK_N
2.500000e+00 (V)  Node974::MIPI_DSI1_CLK_N
2.500000e+00 (V)  Node976::MIPI_DSI1_CLK_N
2.500000e+00 (V)  Node976_Auto_2491::MIPI_DSI1_CLK_N
2.500000e+00 (V)  Node976_Auto_2492::MIPI_DSI1_CLK_N
2.500000e+00 (V)  Node976_Auto_2496::MIPI_DSI1_CLK_N
2.500000e+00 (V)  Node976_Auto_2497::MIPI_DSI1_CLK_N
2.500000e+00 (V)  Node978::MIPI_DSI1_CLK_N
2.500000e+00 (V)  Node980::MIPI_DSI1_CLK_N
2.500000e+00 (V)  Node980_Auto_2585::MIPI_DSI1_CLK_N
2.500000e+00 (V)  Node980_Auto_2625::MIPI_DSI1_CLK_N
2.500000e+00 (V)  Node980_Auto_2626::MIPI_DSI1_CLK_N
2.500000e+00 (V)  Node980_Auto_2629::MIPI_DSI1_CLK_N
2.500000e+00 (V)  Node981::MIPI_DSI1_CLK_N
2.500000e+00 (V)  Node984::MIPI_DSI1_CLK_N
2.500000e+00 (V)  Node984_Auto_2507::MIPI_DSI1_CLK_N
2.500000e+00 (V)  Node984_Auto_2508::MIPI_DSI1_CLK_N
2.500000e+00 (V)  Node985::MIPI_DSI1_CLK_N
2.500000e+00 (V)  Node985_Auto_2549::MIPI_DSI1_CLK_N
2.500000e+00 (V)  Node985_Auto_2550::MIPI_DSI1_CLK_N
2.500000e+00 (V)  Node988::MIPI_DSI1_CLK_N
1.001452e-10 (V)  Node995::MIPI_DSI1_CLK_P
1.001484e-10 (V)  Node995_Auto_511::MIPI_DSI1_CLK_P
1.001648e-10 (V)  Node995_Auto_512::MIPI_DSI1_CLK_P
1.001684e-10 (V)  Node998::MIPI_DSI1_CLK_P
1.001723e-10 (V)  Node999::MIPI_DSI1_CLK_P
1.001728e-10 (V)  Node999_Auto_514::MIPI_DSI1_CLK_P
1.002595e-10 (V)  Trace1058#BP0::MIPI_DSI1_DATA2_N
1.002448e-10 (V)  Trace1063#BP0::MIPI_DSI1_DATA2_N
1.002170e-10 (V)  Trace1067#BP0::MIPI_DSI1_DATA2_N
1.002099e-10 (V)  Trace1067#BP1::MIPI_DSI1_DATA2_N
1.001827e-10 (V)  Trace1067#BP1_Auto_2473::MIPI_DSI1_DATA2_N
1.001802e-10 (V)  Trace1067#BP1_Auto_2474::MIPI_DSI1_DATA2_N
1.001684e-10 (V)  Trace1067#BP1_Auto_2540::MIPI_DSI1_DATA2_N
1.001711e-10 (V)  Trace1067#BP1_Auto_2541::MIPI_DSI1_DATA2_N
1.001752e-10 (V)  Trace1067#BP1_Auto_2548::MIPI_DSI1_DATA2_N
2.500000e+00 (V)  Trace1208#BP0::MIPI_DSI1_DATA2_P
2.500000e+00 (V)  Trace1208#BP1::MIPI_DSI1_DATA2_P
2.500000e+00 (V)  Trace1208#BP1_Auto_2872::MIPI_DSI1_DATA2_P
2.500000e+00 (V)  Trace1262#BP0::MIPI_DSI1_DATA2_P
2.500000e+00 (V)  Trace1262#BP1::MIPI_DSI1_DATA2_P
2.500000e+00 (V)  Trace1286#BP0::MIPI_DSI1_DATA2_P
2.500000e+00 (V)  Trace1290#BP0::MIPI_DSI1_DATA2_P
2.500000e+00 (V)  Trace1294#BP0::MIPI_DSI1_DATA2_P
2.500000e+00 (V)  Trace1304#BP0::MIPI_DSI1_DATA2_P
2.500000e+00 (V)  Trace1666#BP0::MIPI_DSI1_DATA1_P
2.500000e+00 (V)  Trace1666#BP0_Auto_160::MIPI_DSI1_DATA1_P
1.003300e-10 (V)  Trace1755#BP0::MIPI_DSI1_DATA0_N
1.003261e-10 (V)  Trace1756#BP0::MIPI_DSI1_DATA0_N
1.003135e-10 (V)  Trace1761#BP0::MIPI_DSI1_DATA0_N
1.003095e-10 (V)  Trace1762#BP0::MIPI_DSI1_DATA0_N
2.500000e+00 (V)  Trace1816#BP0::MIPI_DSI1_DATA0_P
0.000000e+00 (V)  X_C80.Xpartial.X_SpeedXP_auto_CAP_NP_C0603_100N_100N_C80_C80.nd_en_2
2.500000e+00 (V)  X_CH1.Xpartial.X_SpeedXP_auto_WP7B-P040VA1-R8000_WP7B-P040VA1-R8000_WP7B-P040VA1-R8000_WP7B-P040VA1-R8000_CH1.B_SpeedXP_auto_11.Output0
2.500000e+00 (V)  X_CH1.Xpartial.X_SpeedXP_auto_WP7B-P040VA1-R8000_WP7B-P040VA1-R8000_WP7B-P040VA1-R8000_WP7B-P040VA1-R8000_CH1.B_SpeedXP_auto_11.Output1
1.000000e-10 (V)  X_CH1.Xpartial.X_SpeedXP_auto_WP7B-P040VA1-R8000_WP7B-P040VA1-R8000_WP7B-P040VA1-R8000_WP7B-P040VA1-R8000_CH1.B_SpeedXP_auto_12.Output0
1.000000e-10 (V)  X_CH1.Xpartial.X_SpeedXP_auto_WP7B-P040VA1-R8000_WP7B-P040VA1-R8000_WP7B-P040VA1-R8000_WP7B-P040VA1-R8000_CH1.B_SpeedXP_auto_12.Output1
2.500000e+00 (V)  X_CH1.Xpartial.X_SpeedXP_auto_WP7B-P040VA1-R8000_WP7B-P040VA1-R8000_WP7B-P040VA1-R8000_WP7B-P040VA1-R8000_CH1.B_SpeedXP_auto_13.Output0
2.500000e+00 (V)  X_CH1.Xpartial.X_SpeedXP_auto_WP7B-P040VA1-R8000_WP7B-P040VA1-R8000_WP7B-P040VA1-R8000_WP7B-P040VA1-R8000_CH1.B_SpeedXP_auto_13.Output1
1.000000e-10 (V)  X_CH1.Xpartial.X_SpeedXP_auto_WP7B-P040VA1-R8000_WP7B-P040VA1-R8000_WP7B-P040VA1-R8000_WP7B-P040VA1-R8000_CH1.B_SpeedXP_auto_14.Output0
1.000000e-10 (V)  X_CH1.Xpartial.X_SpeedXP_auto_WP7B-P040VA1-R8000_WP7B-P040VA1-R8000_WP7B-P040VA1-R8000_WP7B-P040VA1-R8000_CH1.B_SpeedXP_auto_14.Output1
1.000000e-10 (V)  X_CH1.Xpartial.X_SpeedXP_auto_WP7B-P040VA1-R8000_WP7B-P040VA1-R8000_WP7B-P040VA1-R8000_WP7B-P040VA1-R8000_CH1.B_SpeedXP_auto_15.Output0
1.000000e-10 (V)  X_CH1.Xpartial.X_SpeedXP_auto_WP7B-P040VA1-R8000_WP7B-P040VA1-R8000_WP7B-P040VA1-R8000_WP7B-P040VA1-R8000_CH1.B_SpeedXP_auto_15.Output1
2.500000e+00 (V)  X_CH1.Xpartial.X_SpeedXP_auto_WP7B-P040VA1-R8000_WP7B-P040VA1-R8000_WP7B-P040VA1-R8000_WP7B-P040VA1-R8000_CH1.B_SpeedXP_auto_16.Output0
2.500000e+00 (V)  X_CH1.Xpartial.X_SpeedXP_auto_WP7B-P040VA1-R8000_WP7B-P040VA1-R8000_WP7B-P040VA1-R8000_WP7B-P040VA1-R8000_CH1.B_SpeedXP_auto_16.Output1
2.500000e+00 (V)  X_CH1.Xpartial.X_SpeedXP_auto_WP7B-P040VA1-R8000_WP7B-P040VA1-R8000_WP7B-P040VA1-R8000_WP7B-P040VA1-R8000_CH1.B_SpeedXP_auto_17.Output0
2.500000e+00 (V)  X_CH1.Xpartial.X_SpeedXP_auto_WP7B-P040VA1-R8000_WP7B-P040VA1-R8000_WP7B-P040VA1-R8000_WP7B-P040VA1-R8000_CH1.B_SpeedXP_auto_17.Output1
1.000000e-10 (V)  X_CH1.Xpartial.X_SpeedXP_auto_WP7B-P040VA1-R8000_WP7B-P040VA1-R8000_WP7B-P040VA1-R8000_WP7B-P040VA1-R8000_CH1.B_SpeedXP_auto_18.Output0
1.000000e-10 (V)  X_CH1.Xpartial.X_SpeedXP_auto_WP7B-P040VA1-R8000_WP7B-P040VA1-R8000_WP7B-P040VA1-R8000_WP7B-P040VA1-R8000_CH1.B_SpeedXP_auto_18.Output1
2.500000e+00 (V)  X_CH1.Xpartial.X_SpeedXP_auto_WP7B-P040VA1-R8000_WP7B-P040VA1-R8000_WP7B-P040VA1-R8000_WP7B-P040VA1-R8000_CH1.B_SpeedXP_auto_19.Output0
2.500000e+00 (V)  X_CH1.Xpartial.X_SpeedXP_auto_WP7B-P040VA1-R8000_WP7B-P040VA1-R8000_WP7B-P040VA1-R8000_WP7B-P040VA1-R8000_CH1.B_SpeedXP_auto_19.Output1
1.000000e-10 (V)  X_CH1.Xpartial.X_SpeedXP_auto_WP7B-P040VA1-R8000_WP7B-P040VA1-R8000_WP7B-P040VA1-R8000_WP7B-P040VA1-R8000_CH1.B_SpeedXP_auto_20.Output0
1.000000e-10 (V)  X_CH1.Xpartial.X_SpeedXP_auto_WP7B-P040VA1-R8000_WP7B-P040VA1-R8000_WP7B-P040VA1-R8000_WP7B-P040VA1-R8000_CH1.B_SpeedXP_auto_20.Output1
1.000000e+00 (V)  X_CH1.Xpartial.X_SpeedXP_auto_WP7B-P040VA1-R8000_WP7B-P040VA1-R8000_WP7B-P040VA1-R8000_WP7B-P040VA1-R8000_CH1.nd_en_1
1.000000e+00 (V)  X_CH1.Xpartial.X_SpeedXP_auto_WP7B-P040VA1-R8000_WP7B-P040VA1-R8000_WP7B-P040VA1-R8000_WP7B-P040VA1-R8000_CH1.nd_en_10
1.000000e+00 (V)  X_CH1.Xpartial.X_SpeedXP_auto_WP7B-P040VA1-R8000_WP7B-P040VA1-R8000_WP7B-P040VA1-R8000_WP7B-P040VA1-R8000_CH1.nd_en_11
1.000000e+00 (V)  X_CH1.Xpartial.X_SpeedXP_auto_WP7B-P040VA1-R8000_WP7B-P040VA1-R8000_WP7B-P040VA1-R8000_WP7B-P040VA1-R8000_CH1.nd_en_12
1.000000e+00 (V)  X_CH1.Xpartial.X_SpeedXP_auto_WP7B-P040VA1-R8000_WP7B-P040VA1-R8000_WP7B-P040VA1-R8000_WP7B-P040VA1-R8000_CH1.nd_en_13
1.000000e+00 (V)  X_CH1.Xpartial.X_SpeedXP_auto_WP7B-P040VA1-R8000_WP7B-P040VA1-R8000_WP7B-P040VA1-R8000_WP7B-P040VA1-R8000_CH1.nd_en_14
1.000000e+00 (V)  X_CH1.Xpartial.X_SpeedXP_auto_WP7B-P040VA1-R8000_WP7B-P040VA1-R8000_WP7B-P040VA1-R8000_WP7B-P040VA1-R8000_CH1.nd_en_15
1.000000e+00 (V)  X_CH1.Xpartial.X_SpeedXP_auto_WP7B-P040VA1-R8000_WP7B-P040VA1-R8000_WP7B-P040VA1-R8000_WP7B-P040VA1-R8000_CH1.nd_en_16
1.000000e+00 (V)  X_CH1.Xpartial.X_SpeedXP_auto_WP7B-P040VA1-R8000_WP7B-P040VA1-R8000_WP7B-P040VA1-R8000_WP7B-P040VA1-R8000_CH1.nd_en_17
1.000000e+00 (V)  X_CH1.Xpartial.X_SpeedXP_auto_WP7B-P040VA1-R8000_WP7B-P040VA1-R8000_WP7B-P040VA1-R8000_WP7B-P040VA1-R8000_CH1.nd_en_18
1.000000e+00 (V)  X_CH1.Xpartial.X_SpeedXP_auto_WP7B-P040VA1-R8000_WP7B-P040VA1-R8000_WP7B-P040VA1-R8000_WP7B-P040VA1-R8000_CH1.nd_en_19
1.000000e+00 (V)  X_CH1.Xpartial.X_SpeedXP_auto_WP7B-P040VA1-R8000_WP7B-P040VA1-R8000_WP7B-P040VA1-R8000_WP7B-P040VA1-R8000_CH1.nd_en_2
1.000000e+00 (V)  X_CH1.Xpartial.X_SpeedXP_auto_WP7B-P040VA1-R8000_WP7B-P040VA1-R8000_WP7B-P040VA1-R8000_WP7B-P040VA1-R8000_CH1.nd_en_20
1.000000e+00 (V)  X_CH1.Xpartial.X_SpeedXP_auto_WP7B-P040VA1-R8000_WP7B-P040VA1-R8000_WP7B-P040VA1-R8000_WP7B-P040VA1-R8000_CH1.nd_en_3
1.000000e+00 (V)  X_CH1.Xpartial.X_SpeedXP_auto_WP7B-P040VA1-R8000_WP7B-P040VA1-R8000_WP7B-P040VA1-R8000_WP7B-P040VA1-R8000_CH1.nd_en_4
1.000000e+00 (V)  X_CH1.Xpartial.X_SpeedXP_auto_WP7B-P040VA1-R8000_WP7B-P040VA1-R8000_WP7B-P040VA1-R8000_WP7B-P040VA1-R8000_CH1.nd_en_5
1.000000e+00 (V)  X_CH1.Xpartial.X_SpeedXP_auto_WP7B-P040VA1-R8000_WP7B-P040VA1-R8000_WP7B-P040VA1-R8000_WP7B-P040VA1-R8000_CH1.nd_en_6
1.000000e+00 (V)  X_CH1.Xpartial.X_SpeedXP_auto_WP7B-P040VA1-R8000_WP7B-P040VA1-R8000_WP7B-P040VA1-R8000_WP7B-P040VA1-R8000_CH1.nd_en_7
1.000000e+00 (V)  X_CH1.Xpartial.X_SpeedXP_auto_WP7B-P040VA1-R8000_WP7B-P040VA1-R8000_WP7B-P040VA1-R8000_WP7B-P040VA1-R8000_CH1.nd_en_8
1.000000e+00 (V)  X_CH1.Xpartial.X_SpeedXP_auto_WP7B-P040VA1-R8000_WP7B-P040VA1-R8000_WP7B-P040VA1-R8000_WP7B-P040VA1-R8000_CH1.nd_en_9
0.000000e+00 (V)  X_CH1.Xpartial.X_SpeedXP_auto_WP7B-P040VA1-R8000_WP7B-P040VA1-R8000_WP7B-P040VA1-R8000_WP7B-P040VA1-R8000_CH1.nd_in_1
0.000000e+00 (V)  X_CH1.Xpartial.X_SpeedXP_auto_WP7B-P040VA1-R8000_WP7B-P040VA1-R8000_WP7B-P040VA1-R8000_WP7B-P040VA1-R8000_CH1.nd_in_10
1.000000e+00 (V)  X_CH1.Xpartial.X_SpeedXP_auto_WP7B-P040VA1-R8000_WP7B-P040VA1-R8000_WP7B-P040VA1-R8000_WP7B-P040VA1-R8000_CH1.nd_in_11
0.000000e+00 (V)  X_CH1.Xpartial.X_SpeedXP_auto_WP7B-P040VA1-R8000_WP7B-P040VA1-R8000_WP7B-P040VA1-R8000_WP7B-P040VA1-R8000_CH1.nd_in_12
1.000000e+00 (V)  X_CH1.Xpartial.X_SpeedXP_auto_WP7B-P040VA1-R8000_WP7B-P040VA1-R8000_WP7B-P040VA1-R8000_WP7B-P040VA1-R8000_CH1.nd_in_13
0.000000e+00 (V)  X_CH1.Xpartial.X_SpeedXP_auto_WP7B-P040VA1-R8000_WP7B-P040VA1-R8000_WP7B-P040VA1-R8000_WP7B-P040VA1-R8000_CH1.nd_in_14
0.000000e+00 (V)  X_CH1.Xpartial.X_SpeedXP_auto_WP7B-P040VA1-R8000_WP7B-P040VA1-R8000_WP7B-P040VA1-R8000_WP7B-P040VA1-R8000_CH1.nd_in_15
1.000000e+00 (V)  X_CH1.Xpartial.X_SpeedXP_auto_WP7B-P040VA1-R8000_WP7B-P040VA1-R8000_WP7B-P040VA1-R8000_WP7B-P040VA1-R8000_CH1.nd_in_16
1.000000e+00 (V)  X_CH1.Xpartial.X_SpeedXP_auto_WP7B-P040VA1-R8000_WP7B-P040VA1-R8000_WP7B-P040VA1-R8000_WP7B-P040VA1-R8000_CH1.nd_in_17
0.000000e+00 (V)  X_CH1.Xpartial.X_SpeedXP_auto_WP7B-P040VA1-R8000_WP7B-P040VA1-R8000_WP7B-P040VA1-R8000_WP7B-P040VA1-R8000_CH1.nd_in_18
1.000000e+00 (V)  X_CH1.Xpartial.X_SpeedXP_auto_WP7B-P040VA1-R8000_WP7B-P040VA1-R8000_WP7B-P040VA1-R8000_WP7B-P040VA1-R8000_CH1.nd_in_19
0.000000e+00 (V)  X_CH1.Xpartial.X_SpeedXP_auto_WP7B-P040VA1-R8000_WP7B-P040VA1-R8000_WP7B-P040VA1-R8000_WP7B-P040VA1-R8000_CH1.nd_in_2
0.000000e+00 (V)  X_CH1.Xpartial.X_SpeedXP_auto_WP7B-P040VA1-R8000_WP7B-P040VA1-R8000_WP7B-P040VA1-R8000_WP7B-P040VA1-R8000_CH1.nd_in_20
0.000000e+00 (V)  X_CH1.Xpartial.X_SpeedXP_auto_WP7B-P040VA1-R8000_WP7B-P040VA1-R8000_WP7B-P040VA1-R8000_WP7B-P040VA1-R8000_CH1.nd_in_3
0.000000e+00 (V)  X_CH1.Xpartial.X_SpeedXP_auto_WP7B-P040VA1-R8000_WP7B-P040VA1-R8000_WP7B-P040VA1-R8000_WP7B-P040VA1-R8000_CH1.nd_in_4
0.000000e+00 (V)  X_CH1.Xpartial.X_SpeedXP_auto_WP7B-P040VA1-R8000_WP7B-P040VA1-R8000_WP7B-P040VA1-R8000_WP7B-P040VA1-R8000_CH1.nd_in_5
0.000000e+00 (V)  X_CH1.Xpartial.X_SpeedXP_auto_WP7B-P040VA1-R8000_WP7B-P040VA1-R8000_WP7B-P040VA1-R8000_WP7B-P040VA1-R8000_CH1.nd_in_6
0.000000e+00 (V)  X_CH1.Xpartial.X_SpeedXP_auto_WP7B-P040VA1-R8000_WP7B-P040VA1-R8000_WP7B-P040VA1-R8000_WP7B-P040VA1-R8000_CH1.nd_in_7
0.000000e+00 (V)  X_CH1.Xpartial.X_SpeedXP_auto_WP7B-P040VA1-R8000_WP7B-P040VA1-R8000_WP7B-P040VA1-R8000_WP7B-P040VA1-R8000_CH1.nd_in_8
0.000000e+00 (V)  X_CH1.Xpartial.X_SpeedXP_auto_WP7B-P040VA1-R8000_WP7B-P040VA1-R8000_WP7B-P040VA1-R8000_WP7B-P040VA1-R8000_CH1.nd_in_9
5.000000e-01 (V)  X_CH1.Xpartial.X_SpeedXP_auto_WP7B-P040VA1-R8000_WP7B-P040VA1-R8000_WP7B-P040VA1-R8000_WP7B-P040VA1-R8000_CH1.nd_out_of_in_11
5.000000e-01 (V)  X_CH1.Xpartial.X_SpeedXP_auto_WP7B-P040VA1-R8000_WP7B-P040VA1-R8000_WP7B-P040VA1-R8000_WP7B-P040VA1-R8000_CH1.nd_out_of_in_12
5.000000e-01 (V)  X_CH1.Xpartial.X_SpeedXP_auto_WP7B-P040VA1-R8000_WP7B-P040VA1-R8000_WP7B-P040VA1-R8000_WP7B-P040VA1-R8000_CH1.nd_out_of_in_13
5.000000e-01 (V)  X_CH1.Xpartial.X_SpeedXP_auto_WP7B-P040VA1-R8000_WP7B-P040VA1-R8000_WP7B-P040VA1-R8000_WP7B-P040VA1-R8000_CH1.nd_out_of_in_14
5.000000e-01 (V)  X_CH1.Xpartial.X_SpeedXP_auto_WP7B-P040VA1-R8000_WP7B-P040VA1-R8000_WP7B-P040VA1-R8000_WP7B-P040VA1-R8000_CH1.nd_out_of_in_15
5.000000e-01 (V)  X_CH1.Xpartial.X_SpeedXP_auto_WP7B-P040VA1-R8000_WP7B-P040VA1-R8000_WP7B-P040VA1-R8000_WP7B-P040VA1-R8000_CH1.nd_out_of_in_16
5.000000e-01 (V)  X_CH1.Xpartial.X_SpeedXP_auto_WP7B-P040VA1-R8000_WP7B-P040VA1-R8000_WP7B-P040VA1-R8000_WP7B-P040VA1-R8000_CH1.nd_out_of_in_17
5.000000e-01 (V)  X_CH1.Xpartial.X_SpeedXP_auto_WP7B-P040VA1-R8000_WP7B-P040VA1-R8000_WP7B-P040VA1-R8000_WP7B-P040VA1-R8000_CH1.nd_out_of_in_18
5.000000e-01 (V)  X_CH1.Xpartial.X_SpeedXP_auto_WP7B-P040VA1-R8000_WP7B-P040VA1-R8000_WP7B-P040VA1-R8000_WP7B-P040VA1-R8000_CH1.nd_out_of_in_19
5.000000e-01 (V)  X_CH1.Xpartial.X_SpeedXP_auto_WP7B-P040VA1-R8000_WP7B-P040VA1-R8000_WP7B-P040VA1-R8000_WP7B-P040VA1-R8000_CH1.nd_out_of_in_20
2.500000e+00 (V)  X_CH1.Xpartial.X_SpeedXP_auto_WP7B-P040VA1-R8000_WP7B-P040VA1-R8000_WP7B-P040VA1-R8000_WP7B-P040VA1-R8000_CH1.Power_11
2.500000e+00 (V)  X_CH1.Xpartial.X_SpeedXP_auto_WP7B-P040VA1-R8000_WP7B-P040VA1-R8000_WP7B-P040VA1-R8000_WP7B-P040VA1-R8000_CH1.Power_12
2.500000e+00 (V)  X_CH1.Xpartial.X_SpeedXP_auto_WP7B-P040VA1-R8000_WP7B-P040VA1-R8000_WP7B-P040VA1-R8000_WP7B-P040VA1-R8000_CH1.Power_13
2.500000e+00 (V)  X_CH1.Xpartial.X_SpeedXP_auto_WP7B-P040VA1-R8000_WP7B-P040VA1-R8000_WP7B-P040VA1-R8000_WP7B-P040VA1-R8000_CH1.Power_14
2.500000e+00 (V)  X_CH1.Xpartial.X_SpeedXP_auto_WP7B-P040VA1-R8000_WP7B-P040VA1-R8000_WP7B-P040VA1-R8000_WP7B-P040VA1-R8000_CH1.Power_15
2.500000e+00 (V)  X_CH1.Xpartial.X_SpeedXP_auto_WP7B-P040VA1-R8000_WP7B-P040VA1-R8000_WP7B-P040VA1-R8000_WP7B-P040VA1-R8000_CH1.Power_16
2.500000e+00 (V)  X_CH1.Xpartial.X_SpeedXP_auto_WP7B-P040VA1-R8000_WP7B-P040VA1-R8000_WP7B-P040VA1-R8000_WP7B-P040VA1-R8000_CH1.Power_17
2.500000e+00 (V)  X_CH1.Xpartial.X_SpeedXP_auto_WP7B-P040VA1-R8000_WP7B-P040VA1-R8000_WP7B-P040VA1-R8000_WP7B-P040VA1-R8000_CH1.Power_18
2.500000e+00 (V)  X_CH1.Xpartial.X_SpeedXP_auto_WP7B-P040VA1-R8000_WP7B-P040VA1-R8000_WP7B-P040VA1-R8000_WP7B-P040VA1-R8000_CH1.Power_19
2.500000e+00 (V)  X_CH1.Xpartial.X_SpeedXP_auto_WP7B-P040VA1-R8000_WP7B-P040VA1-R8000_WP7B-P040VA1-R8000_WP7B-P040VA1-R8000_CH1.Power_20
0.000000e+00 (V)  X_D5.Xpartial.X_SpeedXP_auto_TVS/ESD_SOD-323_H3V3HD3U_H3V3HD3U_D5.nd_en_1
1.000000e+00 (V)  X_ESD1.Xpartial.X_SpeedXP_auto_IP4292CZ10_DFN2510A-10_IP4292CZ10-TBR_115_IP4292CZ10-TBR_115_ESD1_ESD1.nd_en_1
0.000000e+00 (V)  X_ESD1.Xpartial.X_SpeedXP_auto_IP4292CZ10_DFN2510A-10_IP4292CZ10-TBR_115_IP4292CZ10-TBR_115_ESD1_ESD1.nd_en_10
1.000000e+00 (V)  X_ESD1.Xpartial.X_SpeedXP_auto_IP4292CZ10_DFN2510A-10_IP4292CZ10-TBR_115_IP4292CZ10-TBR_115_ESD1_ESD1.nd_en_2
1.000000e+00 (V)  X_ESD1.Xpartial.X_SpeedXP_auto_IP4292CZ10_DFN2510A-10_IP4292CZ10-TBR_115_IP4292CZ10-TBR_115_ESD1_ESD1.nd_en_4
1.000000e+00 (V)  X_ESD1.Xpartial.X_SpeedXP_auto_IP4292CZ10_DFN2510A-10_IP4292CZ10-TBR_115_IP4292CZ10-TBR_115_ESD1_ESD1.nd_en_5
0.000000e+00 (V)  X_ESD1.Xpartial.X_SpeedXP_auto_IP4292CZ10_DFN2510A-10_IP4292CZ10-TBR_115_IP4292CZ10-TBR_115_ESD1_ESD1.nd_en_6
0.000000e+00 (V)  X_ESD1.Xpartial.X_SpeedXP_auto_IP4292CZ10_DFN2510A-10_IP4292CZ10-TBR_115_IP4292CZ10-TBR_115_ESD1_ESD1.nd_en_7
0.000000e+00 (V)  X_ESD1.Xpartial.X_SpeedXP_auto_IP4292CZ10_DFN2510A-10_IP4292CZ10-TBR_115_IP4292CZ10-TBR_115_ESD1_ESD1.nd_en_9
0.000000e+00 (V)  X_ESD1.Xpartial.X_SpeedXP_auto_IP4292CZ10_DFN2510A-10_IP4292CZ10-TBR_115_IP4292CZ10-TBR_115_ESD1_ESD1.nd_in_1
0.000000e+00 (V)  X_ESD1.Xpartial.X_SpeedXP_auto_IP4292CZ10_DFN2510A-10_IP4292CZ10-TBR_115_IP4292CZ10-TBR_115_ESD1_ESD1.nd_in_2
0.000000e+00 (V)  X_ESD1.Xpartial.X_SpeedXP_auto_IP4292CZ10_DFN2510A-10_IP4292CZ10-TBR_115_IP4292CZ10-TBR_115_ESD1_ESD1.nd_in_4
0.000000e+00 (V)  X_ESD1.Xpartial.X_SpeedXP_auto_IP4292CZ10_DFN2510A-10_IP4292CZ10-TBR_115_IP4292CZ10-TBR_115_ESD1_ESD1.nd_in_5
1.000000e+00 (V)  X_ESD2.Xpartial.X_SpeedXP_auto_IP4292CZ10_DFN2510A-10_IP4292CZ10-TBR_115_IP4292CZ10-TBR_115_ESD2_ESD2.nd_en_1
0.000000e+00 (V)  X_ESD2.Xpartial.X_SpeedXP_auto_IP4292CZ10_DFN2510A-10_IP4292CZ10-TBR_115_IP4292CZ10-TBR_115_ESD2_ESD2.nd_en_10
1.000000e+00 (V)  X_ESD2.Xpartial.X_SpeedXP_auto_IP4292CZ10_DFN2510A-10_IP4292CZ10-TBR_115_IP4292CZ10-TBR_115_ESD2_ESD2.nd_en_2
1.000000e+00 (V)  X_ESD2.Xpartial.X_SpeedXP_auto_IP4292CZ10_DFN2510A-10_IP4292CZ10-TBR_115_IP4292CZ10-TBR_115_ESD2_ESD2.nd_en_4
1.000000e+00 (V)  X_ESD2.Xpartial.X_SpeedXP_auto_IP4292CZ10_DFN2510A-10_IP4292CZ10-TBR_115_IP4292CZ10-TBR_115_ESD2_ESD2.nd_en_5
0.000000e+00 (V)  X_ESD2.Xpartial.X_SpeedXP_auto_IP4292CZ10_DFN2510A-10_IP4292CZ10-TBR_115_IP4292CZ10-TBR_115_ESD2_ESD2.nd_en_6
0.000000e+00 (V)  X_ESD2.Xpartial.X_SpeedXP_auto_IP4292CZ10_DFN2510A-10_IP4292CZ10-TBR_115_IP4292CZ10-TBR_115_ESD2_ESD2.nd_en_7
0.000000e+00 (V)  X_ESD2.Xpartial.X_SpeedXP_auto_IP4292CZ10_DFN2510A-10_IP4292CZ10-TBR_115_IP4292CZ10-TBR_115_ESD2_ESD2.nd_en_9
0.000000e+00 (V)  X_ESD2.Xpartial.X_SpeedXP_auto_IP4292CZ10_DFN2510A-10_IP4292CZ10-TBR_115_IP4292CZ10-TBR_115_ESD2_ESD2.nd_in_1
0.000000e+00 (V)  X_ESD2.Xpartial.X_SpeedXP_auto_IP4292CZ10_DFN2510A-10_IP4292CZ10-TBR_115_IP4292CZ10-TBR_115_ESD2_ESD2.nd_in_2
0.000000e+00 (V)  X_ESD2.Xpartial.X_SpeedXP_auto_IP4292CZ10_DFN2510A-10_IP4292CZ10-TBR_115_IP4292CZ10-TBR_115_ESD2_ESD2.nd_in_4
0.000000e+00 (V)  X_ESD2.Xpartial.X_SpeedXP_auto_IP4292CZ10_DFN2510A-10_IP4292CZ10-TBR_115_IP4292CZ10-TBR_115_ESD2_ESD2.nd_in_5
0.000000e+00 (V)  X_HDMI1.Xpartial.X_SpeedXP_auto_HDMI-A_HDMI-001S_HDMI-001S_HDMI-001S_HDMI1.nd_en_1
0.000000e+00 (V)  X_HDMI1.Xpartial.X_SpeedXP_auto_HDMI-A_HDMI-001S_HDMI-001S_HDMI-001S_HDMI1.nd_en_10
0.000000e+00 (V)  X_HDMI1.Xpartial.X_SpeedXP_auto_HDMI-A_HDMI-001S_HDMI-001S_HDMI-001S_HDMI1.nd_en_12
0.000000e+00 (V)  X_HDMI1.Xpartial.X_SpeedXP_auto_HDMI-A_HDMI-001S_HDMI-001S_HDMI-001S_HDMI1.nd_en_3
0.000000e+00 (V)  X_HDMI1.Xpartial.X_SpeedXP_auto_HDMI-A_HDMI-001S_HDMI-001S_HDMI-001S_HDMI1.nd_en_4
0.000000e+00 (V)  X_HDMI1.Xpartial.X_SpeedXP_auto_HDMI-A_HDMI-001S_HDMI-001S_HDMI-001S_HDMI1.nd_en_6
0.000000e+00 (V)  X_HDMI1.Xpartial.X_SpeedXP_auto_HDMI-A_HDMI-001S_HDMI-001S_HDMI-001S_HDMI1.nd_en_7
0.000000e+00 (V)  X_HDMI1.Xpartial.X_SpeedXP_auto_HDMI-A_HDMI-001S_HDMI-001S_HDMI-001S_HDMI1.nd_en_9
0.000000e+00 (V)  X_R24.Xpartial.X_SpeedXP_auto_RES_R0603_10K_10K_R24_R24.nd_en_2
1.000000e+00 (V)  X_R25.Xpartial.X_SpeedXP_auto_RES_R0603_1K_1K_R25_R25.nd_en_1
0.000000e+00 (V)  X_R25.Xpartial.X_SpeedXP_auto_RES_R0603_1K_1K_R25_R25.nd_in_1
0.000000e+00 (V)  X_SW1.Xpartial.X_SpeedXP_auto_SWITCH-2P_SMD4030_1_6N_1_6N_SW1.nd_en_2
2.500000e+00 (V)  X_U8.Xpartial.X_SpeedXP_auto_TC358870XBG_1_VFBGA80_(S1+S2+S3+S4)_TC358870XBG(NOK)_TC358870XBG(NOK)_U8.B_SpeedXP_auto_A5.Output0
2.500000e+00 (V)  X_U8.Xpartial.X_SpeedXP_auto_TC358870XBG_1_VFBGA80_(S1+S2+S3+S4)_TC358870XBG(NOK)_TC358870XBG(NOK)_U8.B_SpeedXP_auto_A5.Output1
2.500000e+00 (V)  X_U8.Xpartial.X_SpeedXP_auto_TC358870XBG_1_VFBGA80_(S1+S2+S3+S4)_TC358870XBG(NOK)_TC358870XBG(NOK)_U8.B_SpeedXP_auto_A6.Output0
2.500000e+00 (V)  X_U8.Xpartial.X_SpeedXP_auto_TC358870XBG_1_VFBGA80_(S1+S2+S3+S4)_TC358870XBG(NOK)_TC358870XBG(NOK)_U8.B_SpeedXP_auto_A6.Output1
1.006169e-10 (V)  X_U8.Xpartial.X_SpeedXP_auto_TC358870XBG_1_VFBGA80_(S1+S2+S3+S4)_TC358870XBG(NOK)_TC358870XBG(NOK)_U8.B_SpeedXP_auto_A7.Output0
1.006169e-10 (V)  X_U8.Xpartial.X_SpeedXP_auto_TC358870XBG_1_VFBGA80_(S1+S2+S3+S4)_TC358870XBG(NOK)_TC358870XBG(NOK)_U8.B_SpeedXP_auto_A7.Output1
2.500000e+00 (V)  X_U8.Xpartial.X_SpeedXP_auto_TC358870XBG_1_VFBGA80_(S1+S2+S3+S4)_TC358870XBG(NOK)_TC358870XBG(NOK)_U8.B_SpeedXP_auto_A8.Output0
2.500000e+00 (V)  X_U8.Xpartial.X_SpeedXP_auto_TC358870XBG_1_VFBGA80_(S1+S2+S3+S4)_TC358870XBG(NOK)_TC358870XBG(NOK)_U8.B_SpeedXP_auto_A8.Output1
2.500000e+00 (V)  X_U8.Xpartial.X_SpeedXP_auto_TC358870XBG_1_VFBGA80_(S1+S2+S3+S4)_TC358870XBG(NOK)_TC358870XBG(NOK)_U8.B_SpeedXP_auto_A9.Output0
2.500000e+00 (V)  X_U8.Xpartial.X_SpeedXP_auto_TC358870XBG_1_VFBGA80_(S1+S2+S3+S4)_TC358870XBG(NOK)_TC358870XBG(NOK)_U8.B_SpeedXP_auto_A9.Output1
1.006316e-10 (V)  X_U8.Xpartial.X_SpeedXP_auto_TC358870XBG_1_VFBGA80_(S1+S2+S3+S4)_TC358870XBG(NOK)_TC358870XBG(NOK)_U8.B_SpeedXP_auto_B5.Output0
1.006316e-10 (V)  X_U8.Xpartial.X_SpeedXP_auto_TC358870XBG_1_VFBGA80_(S1+S2+S3+S4)_TC358870XBG(NOK)_TC358870XBG(NOK)_U8.B_SpeedXP_auto_B5.Output1
1.006272e-10 (V)  X_U8.Xpartial.X_SpeedXP_auto_TC358870XBG_1_VFBGA80_(S1+S2+S3+S4)_TC358870XBG(NOK)_TC358870XBG(NOK)_U8.B_SpeedXP_auto_B6.Output0
1.006272e-10 (V)  X_U8.Xpartial.X_SpeedXP_auto_TC358870XBG_1_VFBGA80_(S1+S2+S3+S4)_TC358870XBG(NOK)_TC358870XBG(NOK)_U8.B_SpeedXP_auto_B6.Output1
2.500000e+00 (V)  X_U8.Xpartial.X_SpeedXP_auto_TC358870XBG_1_VFBGA80_(S1+S2+S3+S4)_TC358870XBG(NOK)_TC358870XBG(NOK)_U8.B_SpeedXP_auto_B7.Output0
2.500000e+00 (V)  X_U8.Xpartial.X_SpeedXP_auto_TC358870XBG_1_VFBGA80_(S1+S2+S3+S4)_TC358870XBG(NOK)_TC358870XBG(NOK)_U8.B_SpeedXP_auto_B7.Output1
1.006374e-10 (V)  X_U8.Xpartial.X_SpeedXP_auto_TC358870XBG_1_VFBGA80_(S1+S2+S3+S4)_TC358870XBG(NOK)_TC358870XBG(NOK)_U8.B_SpeedXP_auto_B8.Output0
1.006374e-10 (V)  X_U8.Xpartial.X_SpeedXP_auto_TC358870XBG_1_VFBGA80_(S1+S2+S3+S4)_TC358870XBG(NOK)_TC358870XBG(NOK)_U8.B_SpeedXP_auto_B8.Output1
1.006189e-10 (V)  X_U8.Xpartial.X_SpeedXP_auto_TC358870XBG_1_VFBGA80_(S1+S2+S3+S4)_TC358870XBG(NOK)_TC358870XBG(NOK)_U8.B_SpeedXP_auto_B9.Output0
1.006189e-10 (V)  X_U8.Xpartial.X_SpeedXP_auto_TC358870XBG_1_VFBGA80_(S1+S2+S3+S4)_TC358870XBG(NOK)_TC358870XBG(NOK)_U8.B_SpeedXP_auto_B9.Output1
0.000000e+00 (V)  X_U8.Xpartial.X_SpeedXP_auto_TC358870XBG_1_VFBGA80_(S1+S2+S3+S4)_TC358870XBG(NOK)_TC358870XBG(NOK)_U8.nd_en_A4
0.000000e+00 (V)  X_U8.Xpartial.X_SpeedXP_auto_TC358870XBG_1_VFBGA80_(S1+S2+S3+S4)_TC358870XBG(NOK)_TC358870XBG(NOK)_U8.nd_en_A5
0.000000e+00 (V)  X_U8.Xpartial.X_SpeedXP_auto_TC358870XBG_1_VFBGA80_(S1+S2+S3+S4)_TC358870XBG(NOK)_TC358870XBG(NOK)_U8.nd_en_A6
0.000000e+00 (V)  X_U8.Xpartial.X_SpeedXP_auto_TC358870XBG_1_VFBGA80_(S1+S2+S3+S4)_TC358870XBG(NOK)_TC358870XBG(NOK)_U8.nd_en_A7
0.000000e+00 (V)  X_U8.Xpartial.X_SpeedXP_auto_TC358870XBG_1_VFBGA80_(S1+S2+S3+S4)_TC358870XBG(NOK)_TC358870XBG(NOK)_U8.nd_en_A8
0.000000e+00 (V)  X_U8.Xpartial.X_SpeedXP_auto_TC358870XBG_1_VFBGA80_(S1+S2+S3+S4)_TC358870XBG(NOK)_TC358870XBG(NOK)_U8.nd_en_A9
0.000000e+00 (V)  X_U8.Xpartial.X_SpeedXP_auto_TC358870XBG_1_VFBGA80_(S1+S2+S3+S4)_TC358870XBG(NOK)_TC358870XBG(NOK)_U8.nd_en_B5
0.000000e+00 (V)  X_U8.Xpartial.X_SpeedXP_auto_TC358870XBG_1_VFBGA80_(S1+S2+S3+S4)_TC358870XBG(NOK)_TC358870XBG(NOK)_U8.nd_en_B6
0.000000e+00 (V)  X_U8.Xpartial.X_SpeedXP_auto_TC358870XBG_1_VFBGA80_(S1+S2+S3+S4)_TC358870XBG(NOK)_TC358870XBG(NOK)_U8.nd_en_B7
0.000000e+00 (V)  X_U8.Xpartial.X_SpeedXP_auto_TC358870XBG_1_VFBGA80_(S1+S2+S3+S4)_TC358870XBG(NOK)_TC358870XBG(NOK)_U8.nd_en_B8
0.000000e+00 (V)  X_U8.Xpartial.X_SpeedXP_auto_TC358870XBG_1_VFBGA80_(S1+S2+S3+S4)_TC358870XBG(NOK)_TC358870XBG(NOK)_U8.nd_en_B9
0.000000e+00 (V)  X_U8.Xpartial.X_SpeedXP_auto_TC358870XBG_1_VFBGA80_(S1+S2+S3+S4)_TC358870XBG(NOK)_TC358870XBG(NOK)_U8.nd_en_C1
0.000000e+00 (V)  X_U8.Xpartial.X_SpeedXP_auto_TC358870XBG_1_VFBGA80_(S1+S2+S3+S4)_TC358870XBG(NOK)_TC358870XBG(NOK)_U8.nd_en_C2
0.000000e+00 (V)  X_U8.Xpartial.X_SpeedXP_auto_TC358870XBG_1_VFBGA80_(S1+S2+S3+S4)_TC358870XBG(NOK)_TC358870XBG(NOK)_U8.nd_en_D1
0.000000e+00 (V)  X_U8.Xpartial.X_SpeedXP_auto_TC358870XBG_1_VFBGA80_(S1+S2+S3+S4)_TC358870XBG(NOK)_TC358870XBG(NOK)_U8.nd_en_D10
0.000000e+00 (V)  X_U8.Xpartial.X_SpeedXP_auto_TC358870XBG_1_VFBGA80_(S1+S2+S3+S4)_TC358870XBG(NOK)_TC358870XBG(NOK)_U8.nd_en_D2
0.000000e+00 (V)  X_U8.Xpartial.X_SpeedXP_auto_TC358870XBG_1_VFBGA80_(S1+S2+S3+S4)_TC358870XBG(NOK)_TC358870XBG(NOK)_U8.nd_en_D9
0.000000e+00 (V)  X_U8.Xpartial.X_SpeedXP_auto_TC358870XBG_1_VFBGA80_(S1+S2+S3+S4)_TC358870XBG(NOK)_TC358870XBG(NOK)_U8.nd_en_E1
0.000000e+00 (V)  X_U8.Xpartial.X_SpeedXP_auto_TC358870XBG_1_VFBGA80_(S1+S2+S3+S4)_TC358870XBG(NOK)_TC358870XBG(NOK)_U8.nd_en_E10
0.000000e+00 (V)  X_U8.Xpartial.X_SpeedXP_auto_TC358870XBG_1_VFBGA80_(S1+S2+S3+S4)_TC358870XBG(NOK)_TC358870XBG(NOK)_U8.nd_en_E2
0.000000e+00 (V)  X_U8.Xpartial.X_SpeedXP_auto_TC358870XBG_1_VFBGA80_(S1+S2+S3+S4)_TC358870XBG(NOK)_TC358870XBG(NOK)_U8.nd_en_E9
0.000000e+00 (V)  X_U8.Xpartial.X_SpeedXP_auto_TC358870XBG_1_VFBGA80_(S1+S2+S3+S4)_TC358870XBG(NOK)_TC358870XBG(NOK)_U8.nd_en_F1
0.000000e+00 (V)  X_U8.Xpartial.X_SpeedXP_auto_TC358870XBG_1_VFBGA80_(S1+S2+S3+S4)_TC358870XBG(NOK)_TC358870XBG(NOK)_U8.nd_en_F10
0.000000e+00 (V)  X_U8.Xpartial.X_SpeedXP_auto_TC358870XBG_1_VFBGA80_(S1+S2+S3+S4)_TC358870XBG(NOK)_TC358870XBG(NOK)_U8.nd_en_F2
0.000000e+00 (V)  X_U8.Xpartial.X_SpeedXP_auto_TC358870XBG_1_VFBGA80_(S1+S2+S3+S4)_TC358870XBG(NOK)_TC358870XBG(NOK)_U8.nd_en_F9
0.000000e+00 (V)  X_U8.Xpartial.X_SpeedXP_auto_TC358870XBG_1_VFBGA80_(S1+S2+S3+S4)_TC358870XBG(NOK)_TC358870XBG(NOK)_U8.nd_en_G10
0.000000e+00 (V)  X_U8.Xpartial.X_SpeedXP_auto_TC358870XBG_1_VFBGA80_(S1+S2+S3+S4)_TC358870XBG(NOK)_TC358870XBG(NOK)_U8.nd_en_G9
0.000000e+00 (V)  X_U8.Xpartial.X_SpeedXP_auto_TC358870XBG_1_VFBGA80_(S1+S2+S3+S4)_TC358870XBG(NOK)_TC358870XBG(NOK)_U8.nd_en_H10
0.000000e+00 (V)  X_U8.Xpartial.X_SpeedXP_auto_TC358870XBG_1_VFBGA80_(S1+S2+S3+S4)_TC358870XBG(NOK)_TC358870XBG(NOK)_U8.nd_en_H9
0.000000e+00 (V)  X_U8.Xpartial.X_SpeedXP_auto_TC358870XBG_1_VFBGA80_(S1+S2+S3+S4)_TC358870XBG(NOK)_TC358870XBG(NOK)_U8.nd_en_K8
0.000000e+00 (V)  X_U8.Xpartial.X_SpeedXP_auto_TC358870XBG_1_VFBGA80_(S1+S2+S3+S4)_TC358870XBG(NOK)_TC358870XBG(NOK)_U8.nd_in_A5
0.000000e+00 (V)  X_U8.Xpartial.X_SpeedXP_auto_TC358870XBG_1_VFBGA80_(S1+S2+S3+S4)_TC358870XBG(NOK)_TC358870XBG(NOK)_U8.nd_in_A6
0.000000e+00 (V)  X_U8.Xpartial.X_SpeedXP_auto_TC358870XBG_1_VFBGA80_(S1+S2+S3+S4)_TC358870XBG(NOK)_TC358870XBG(NOK)_U8.nd_in_A7
0.000000e+00 (V)  X_U8.Xpartial.X_SpeedXP_auto_TC358870XBG_1_VFBGA80_(S1+S2+S3+S4)_TC358870XBG(NOK)_TC358870XBG(NOK)_U8.nd_in_A8
0.000000e+00 (V)  X_U8.Xpartial.X_SpeedXP_auto_TC358870XBG_1_VFBGA80_(S1+S2+S3+S4)_TC358870XBG(NOK)_TC358870XBG(NOK)_U8.nd_in_A9
0.000000e+00 (V)  X_U8.Xpartial.X_SpeedXP_auto_TC358870XBG_1_VFBGA80_(S1+S2+S3+S4)_TC358870XBG(NOK)_TC358870XBG(NOK)_U8.nd_in_B5
0.000000e+00 (V)  X_U8.Xpartial.X_SpeedXP_auto_TC358870XBG_1_VFBGA80_(S1+S2+S3+S4)_TC358870XBG(NOK)_TC358870XBG(NOK)_U8.nd_in_B6
0.000000e+00 (V)  X_U8.Xpartial.X_SpeedXP_auto_TC358870XBG_1_VFBGA80_(S1+S2+S3+S4)_TC358870XBG(NOK)_TC358870XBG(NOK)_U8.nd_in_B7
0.000000e+00 (V)  X_U8.Xpartial.X_SpeedXP_auto_TC358870XBG_1_VFBGA80_(S1+S2+S3+S4)_TC358870XBG(NOK)_TC358870XBG(NOK)_U8.nd_in_B8
0.000000e+00 (V)  X_U8.Xpartial.X_SpeedXP_auto_TC358870XBG_1_VFBGA80_(S1+S2+S3+S4)_TC358870XBG(NOK)_TC358870XBG(NOK)_U8.nd_in_B9
1.000000e+00 (V)  X_U8.Xpartial.X_SpeedXP_auto_TC358870XBG_1_VFBGA80_(S1+S2+S3+S4)_TC358870XBG(NOK)_TC358870XBG(NOK)_U8.nd_out_of_in_A5
1.000000e+00 (V)  X_U8.Xpartial.X_SpeedXP_auto_TC358870XBG_1_VFBGA80_(S1+S2+S3+S4)_TC358870XBG(NOK)_TC358870XBG(NOK)_U8.nd_out_of_in_A6
0.000000e+00 (V)  X_U8.Xpartial.X_SpeedXP_auto_TC358870XBG_1_VFBGA80_(S1+S2+S3+S4)_TC358870XBG(NOK)_TC358870XBG(NOK)_U8.nd_out_of_in_A7
1.000000e+00 (V)  X_U8.Xpartial.X_SpeedXP_auto_TC358870XBG_1_VFBGA80_(S1+S2+S3+S4)_TC358870XBG(NOK)_TC358870XBG(NOK)_U8.nd_out_of_in_A8
1.000000e+00 (V)  X_U8.Xpartial.X_SpeedXP_auto_TC358870XBG_1_VFBGA80_(S1+S2+S3+S4)_TC358870XBG(NOK)_TC358870XBG(NOK)_U8.nd_out_of_in_A9
0.000000e+00 (V)  X_U8.Xpartial.X_SpeedXP_auto_TC358870XBG_1_VFBGA80_(S1+S2+S3+S4)_TC358870XBG(NOK)_TC358870XBG(NOK)_U8.nd_out_of_in_B5
0.000000e+00 (V)  X_U8.Xpartial.X_SpeedXP_auto_TC358870XBG_1_VFBGA80_(S1+S2+S3+S4)_TC358870XBG(NOK)_TC358870XBG(NOK)_U8.nd_out_of_in_B6
1.000000e+00 (V)  X_U8.Xpartial.X_SpeedXP_auto_TC358870XBG_1_VFBGA80_(S1+S2+S3+S4)_TC358870XBG(NOK)_TC358870XBG(NOK)_U8.nd_out_of_in_B7
0.000000e+00 (V)  X_U8.Xpartial.X_SpeedXP_auto_TC358870XBG_1_VFBGA80_(S1+S2+S3+S4)_TC358870XBG(NOK)_TC358870XBG(NOK)_U8.nd_out_of_in_B8
0.000000e+00 (V)  X_U8.Xpartial.X_SpeedXP_auto_TC358870XBG_1_VFBGA80_(S1+S2+S3+S4)_TC358870XBG(NOK)_TC358870XBG(NOK)_U8.nd_out_of_in_B9
2.500000e+00 (V)  X_U8.Xpartial.X_SpeedXP_auto_TC358870XBG_1_VFBGA80_(S1+S2+S3+S4)_TC358870XBG(NOK)_TC358870XBG(NOK)_U8.Power_A5
2.500000e+00 (V)  X_U8.Xpartial.X_SpeedXP_auto_TC358870XBG_1_VFBGA80_(S1+S2+S3+S4)_TC358870XBG(NOK)_TC358870XBG(NOK)_U8.Power_A6
2.500000e+00 (V)  X_U8.Xpartial.X_SpeedXP_auto_TC358870XBG_1_VFBGA80_(S1+S2+S3+S4)_TC358870XBG(NOK)_TC358870XBG(NOK)_U8.Power_A7
2.500000e+00 (V)  X_U8.Xpartial.X_SpeedXP_auto_TC358870XBG_1_VFBGA80_(S1+S2+S3+S4)_TC358870XBG(NOK)_TC358870XBG(NOK)_U8.Power_A8
2.500000e+00 (V)  X_U8.Xpartial.X_SpeedXP_auto_TC358870XBG_1_VFBGA80_(S1+S2+S3+S4)_TC358870XBG(NOK)_TC358870XBG(NOK)_U8.Power_A9
2.500000e+00 (V)  X_U8.Xpartial.X_SpeedXP_auto_TC358870XBG_1_VFBGA80_(S1+S2+S3+S4)_TC358870XBG(NOK)_TC358870XBG(NOK)_U8.Power_B5
2.500000e+00 (V)  X_U8.Xpartial.X_SpeedXP_auto_TC358870XBG_1_VFBGA80_(S1+S2+S3+S4)_TC358870XBG(NOK)_TC358870XBG(NOK)_U8.Power_B6
2.500000e+00 (V)  X_U8.Xpartial.X_SpeedXP_auto_TC358870XBG_1_VFBGA80_(S1+S2+S3+S4)_TC358870XBG(NOK)_TC358870XBG(NOK)_U8.Power_B7
2.500000e+00 (V)  X_U8.Xpartial.X_SpeedXP_auto_TC358870XBG_1_VFBGA80_(S1+S2+S3+S4)_TC358870XBG(NOK)_TC358870XBG(NOK)_U8.Power_B8
2.500000e+00 (V)  X_U8.Xpartial.X_SpeedXP_auto_TC358870XBG_1_VFBGA80_(S1+S2+S3+S4)_TC358870XBG(NOK)_TC358870XBG(NOK)_U8.Power_B9
1.004218e-10 (V)  Xvia0.Node2087::MIPI_DSI1_DATA0_Ntmp
2.500000e+00 (V)  Xvia0.Node2166::MIPI_DSI1_DATA0_Ptmp
1.001569e-10 (V)  Xvia1.Node1781::MIPI_DSI1_DATA1_Ntmp
2.500000e+00 (V)  Xvia1.Node2015::MIPI_DSI1_DATA1_Ptmp
1.004941e-10 (V)  Xvia2.Node1322::MIPI_DSI1_DATA2_Ntmp
2.500000e+00 (V)  Xvia2.Node1542::MIPI_DSI1_DATA2_Ptmp
1.001587e-10 (V)  Xvia3.Node1162::MIPI_DSI1_DATA3_Ntmp
2.500000e+00 (V)  Xvia3.Node1208::MIPI_DSI1_DATA3_Ptmp
1.001419e-10 (V)  Xvia4.Node1130::MIPI_DSI1_CLK_Ptmp
2.500000e+00 (V)  Xvia4.Node991::MIPI_DSI1_CLK_Ntmp
-1.100000e-12 (A)  V_PWR_VCC_1V1
-1.200000e-12 (A)  V_PWR_VCC_1V2
-1.800000e-12 (A)  V_PWR_VCC_1V8
-3.300000e-12 (A)  V_PWR_VCC_3V3
-5.000000e-12 (A)  V_PWR_VCC_5V
-5.000000e-12 (A)  V_PWR_VCC_5V5
3.050014e-10 (A)  V_X_CH1.Xpartial.X_SpeedXP_auto_WP7B-P040VA1-R8000_WP7B-P040VA1-R8000_WP7B-P040VA1-R8000_WP7B-P040VA1-R8000_CH1.B_SpeedXP_auto_11.L_pkg
3.075014e-10 (A)  V_X_CH1.Xpartial.X_SpeedXP_auto_WP7B-P040VA1-R8000_WP7B-P040VA1-R8000_WP7B-P040VA1-R8000_WP7B-P040VA1-R8000_CH1.B_SpeedXP_auto_11.R_pkg
-5.000000e-12 (A)  V_X_CH1.Xpartial.X_SpeedXP_auto_WP7B-P040VA1-R8000_WP7B-P040VA1-R8000_WP7B-P040VA1-R8000_WP7B-P040VA1-R8000_CH1.B_SpeedXP_auto_12.L_pkg
-5.000000e-12 (A)  V_X_CH1.Xpartial.X_SpeedXP_auto_WP7B-P040VA1-R8000_WP7B-P040VA1-R8000_WP7B-P040VA1-R8000_WP7B-P040VA1-R8000_CH1.B_SpeedXP_auto_12.R_pkg
2.950020e-10 (A)  V_X_CH1.Xpartial.X_SpeedXP_auto_WP7B-P040VA1-R8000_WP7B-P040VA1-R8000_WP7B-P040VA1-R8000_WP7B-P040VA1-R8000_CH1.B_SpeedXP_auto_13.L_pkg
2.975021e-10 (A)  V_X_CH1.Xpartial.X_SpeedXP_auto_WP7B-P040VA1-R8000_WP7B-P040VA1-R8000_WP7B-P040VA1-R8000_WP7B-P040VA1-R8000_CH1.B_SpeedXP_auto_13.R_pkg
-5.000000e-12 (A)  V_X_CH1.Xpartial.X_SpeedXP_auto_WP7B-P040VA1-R8000_WP7B-P040VA1-R8000_WP7B-P040VA1-R8000_WP7B-P040VA1-R8000_CH1.B_SpeedXP_auto_14.L_pkg
-5.000000e-12 (A)  V_X_CH1.Xpartial.X_SpeedXP_auto_WP7B-P040VA1-R8000_WP7B-P040VA1-R8000_WP7B-P040VA1-R8000_WP7B-P040VA1-R8000_CH1.B_SpeedXP_auto_14.R_pkg
-5.000000e-12 (A)  V_X_CH1.Xpartial.X_SpeedXP_auto_WP7B-P040VA1-R8000_WP7B-P040VA1-R8000_WP7B-P040VA1-R8000_WP7B-P040VA1-R8000_CH1.B_SpeedXP_auto_15.L_pkg
-5.000000e-12 (A)  V_X_CH1.Xpartial.X_SpeedXP_auto_WP7B-P040VA1-R8000_WP7B-P040VA1-R8000_WP7B-P040VA1-R8000_WP7B-P040VA1-R8000_CH1.B_SpeedXP_auto_15.R_pkg
2.650011e-10 (A)  V_X_CH1.Xpartial.X_SpeedXP_auto_WP7B-P040VA1-R8000_WP7B-P040VA1-R8000_WP7B-P040VA1-R8000_WP7B-P040VA1-R8000_CH1.B_SpeedXP_auto_16.L_pkg
2.675012e-10 (A)  V_X_CH1.Xpartial.X_SpeedXP_auto_WP7B-P040VA1-R8000_WP7B-P040VA1-R8000_WP7B-P040VA1-R8000_WP7B-P040VA1-R8000_CH1.B_SpeedXP_auto_16.R_pkg
2.525015e-10 (A)  V_X_CH1.Xpartial.X_SpeedXP_auto_WP7B-P040VA1-R8000_WP7B-P040VA1-R8000_WP7B-P040VA1-R8000_WP7B-P040VA1-R8000_CH1.B_SpeedXP_auto_17.L_pkg
2.550016e-10 (A)  V_X_CH1.Xpartial.X_SpeedXP_auto_WP7B-P040VA1-R8000_WP7B-P040VA1-R8000_WP7B-P040VA1-R8000_WP7B-P040VA1-R8000_CH1.B_SpeedXP_auto_17.R_pkg
-5.000000e-12 (A)  V_X_CH1.Xpartial.X_SpeedXP_auto_WP7B-P040VA1-R8000_WP7B-P040VA1-R8000_WP7B-P040VA1-R8000_WP7B-P040VA1-R8000_CH1.B_SpeedXP_auto_18.L_pkg
-5.000000e-12 (A)  V_X_CH1.Xpartial.X_SpeedXP_auto_WP7B-P040VA1-R8000_WP7B-P040VA1-R8000_WP7B-P040VA1-R8000_WP7B-P040VA1-R8000_CH1.B_SpeedXP_auto_18.R_pkg
2.150011e-10 (A)  V_X_CH1.Xpartial.X_SpeedXP_auto_WP7B-P040VA1-R8000_WP7B-P040VA1-R8000_WP7B-P040VA1-R8000_WP7B-P040VA1-R8000_CH1.B_SpeedXP_auto_19.L_pkg
2.175011e-10 (A)  V_X_CH1.Xpartial.X_SpeedXP_auto_WP7B-P040VA1-R8000_WP7B-P040VA1-R8000_WP7B-P040VA1-R8000_WP7B-P040VA1-R8000_CH1.B_SpeedXP_auto_19.R_pkg
-5.000000e-12 (A)  V_X_CH1.Xpartial.X_SpeedXP_auto_WP7B-P040VA1-R8000_WP7B-P040VA1-R8000_WP7B-P040VA1-R8000_WP7B-P040VA1-R8000_CH1.B_SpeedXP_auto_20.L_pkg
-5.000000e-12 (A)  V_X_CH1.Xpartial.X_SpeedXP_auto_WP7B-P040VA1-R8000_WP7B-P040VA1-R8000_WP7B-P040VA1-R8000_WP7B-P040VA1-R8000_CH1.B_SpeedXP_auto_20.R_pkg
-1.000003e-11 (A)  V_X_U8.Xpartial.X_SpeedXP_auto_TC358870XBG_1_VFBGA80_(S1+S2+S3+S4)_TC358870XBG(NOK)_TC358870XBG(NOK)_U8.B_SpeedXP_auto_A5.L_pkg
-7.500001e-12 (A)  V_X_U8.Xpartial.X_SpeedXP_auto_TC358870XBG_1_VFBGA80_(S1+S2+S3+S4)_TC358870XBG(NOK)_TC358870XBG(NOK)_U8.B_SpeedXP_auto_A5.R_pkg
-1.000000e-11 (A)  V_X_U8.Xpartial.X_SpeedXP_auto_TC358870XBG_1_VFBGA80_(S1+S2+S3+S4)_TC358870XBG(NOK)_TC358870XBG(NOK)_U8.B_SpeedXP_auto_A6.L_pkg
-7.499973e-12 (A)  V_X_U8.Xpartial.X_SpeedXP_auto_TC358870XBG_1_VFBGA80_(S1+S2+S3+S4)_TC358870XBG(NOK)_TC358870XBG(NOK)_U8.B_SpeedXP_auto_A6.R_pkg
5.000000e-12 (A)  V_X_U8.Xpartial.X_SpeedXP_auto_TC358870XBG_1_VFBGA80_(S1+S2+S3+S4)_TC358870XBG(NOK)_TC358870XBG(NOK)_U8.B_SpeedXP_auto_A7.L_pkg
5.000000e-12 (A)  V_X_U8.Xpartial.X_SpeedXP_auto_TC358870XBG_1_VFBGA80_(S1+S2+S3+S4)_TC358870XBG(NOK)_TC358870XBG(NOK)_U8.B_SpeedXP_auto_A7.R_pkg
-1.000000e-11 (A)  V_X_U8.Xpartial.X_SpeedXP_auto_TC358870XBG_1_VFBGA80_(S1+S2+S3+S4)_TC358870XBG(NOK)_TC358870XBG(NOK)_U8.B_SpeedXP_auto_A8.L_pkg
-7.499973e-12 (A)  V_X_U8.Xpartial.X_SpeedXP_auto_TC358870XBG_1_VFBGA80_(S1+S2+S3+S4)_TC358870XBG(NOK)_TC358870XBG(NOK)_U8.B_SpeedXP_auto_A8.R_pkg
-1.000003e-11 (A)  V_X_U8.Xpartial.X_SpeedXP_auto_TC358870XBG_1_VFBGA80_(S1+S2+S3+S4)_TC358870XBG(NOK)_TC358870XBG(NOK)_U8.B_SpeedXP_auto_A9.L_pkg
-7.500001e-12 (A)  V_X_U8.Xpartial.X_SpeedXP_auto_TC358870XBG_1_VFBGA80_(S1+S2+S3+S4)_TC358870XBG(NOK)_TC358870XBG(NOK)_U8.B_SpeedXP_auto_A9.R_pkg
5.000000e-12 (A)  V_X_U8.Xpartial.X_SpeedXP_auto_TC358870XBG_1_VFBGA80_(S1+S2+S3+S4)_TC358870XBG(NOK)_TC358870XBG(NOK)_U8.B_SpeedXP_auto_B5.L_pkg
5.000000e-12 (A)  V_X_U8.Xpartial.X_SpeedXP_auto_TC358870XBG_1_VFBGA80_(S1+S2+S3+S4)_TC358870XBG(NOK)_TC358870XBG(NOK)_U8.B_SpeedXP_auto_B5.R_pkg
5.000000e-12 (A)  V_X_U8.Xpartial.X_SpeedXP_auto_TC358870XBG_1_VFBGA80_(S1+S2+S3+S4)_TC358870XBG(NOK)_TC358870XBG(NOK)_U8.B_SpeedXP_auto_B6.L_pkg
5.000000e-12 (A)  V_X_U8.Xpartial.X_SpeedXP_auto_TC358870XBG_1_VFBGA80_(S1+S2+S3+S4)_TC358870XBG(NOK)_TC358870XBG(NOK)_U8.B_SpeedXP_auto_B6.R_pkg
-1.000003e-11 (A)  V_X_U8.Xpartial.X_SpeedXP_auto_TC358870XBG_1_VFBGA80_(S1+S2+S3+S4)_TC358870XBG(NOK)_TC358870XBG(NOK)_U8.B_SpeedXP_auto_B7.L_pkg
-7.500001e-12 (A)  V_X_U8.Xpartial.X_SpeedXP_auto_TC358870XBG_1_VFBGA80_(S1+S2+S3+S4)_TC358870XBG(NOK)_TC358870XBG(NOK)_U8.B_SpeedXP_auto_B7.R_pkg
5.000000e-12 (A)  V_X_U8.Xpartial.X_SpeedXP_auto_TC358870XBG_1_VFBGA80_(S1+S2+S3+S4)_TC358870XBG(NOK)_TC358870XBG(NOK)_U8.B_SpeedXP_auto_B8.L_pkg
5.000000e-12 (A)  V_X_U8.Xpartial.X_SpeedXP_auto_TC358870XBG_1_VFBGA80_(S1+S2+S3+S4)_TC358870XBG(NOK)_TC358870XBG(NOK)_U8.B_SpeedXP_auto_B8.R_pkg
5.000000e-12 (A)  V_X_U8.Xpartial.X_SpeedXP_auto_TC358870XBG_1_VFBGA80_(S1+S2+S3+S4)_TC358870XBG(NOK)_TC358870XBG(NOK)_U8.B_SpeedXP_auto_B9.L_pkg
5.000000e-12 (A)  V_X_U8.Xpartial.X_SpeedXP_auto_TC358870XBG_1_VFBGA80_(S1+S2+S3+S4)_TC358870XBG(NOK)_TC358870XBG(NOK)_U8.B_SpeedXP_auto_B9.R_pkg
-5.000000e-12 (A)  W_Trace1001_Auto_2880::MIPI_DSI1_DATA2_N~0
-5.000000e-12 (A)  W_Trace1010::MIPI_DSI1_DATA2_N~0
5.000000e-12 (A)  W_Trace1012_Auto_2895::MIPI_DSI1_DATA2_N~0
5.000000e-12 (A)  W_Trace1014::MIPI_DSI1_DATA2_N~0
-5.000000e-12 (A)  W_Trace1024_Auto_2897::MIPI_DSI1_DATA2_N~0
-5.000000e-12 (A)  W_Trace1028::MIPI_DSI1_DATA2_N~0
-5.000000e-12 (A)  W_Trace1032::MIPI_DSI1_DATA2_N~0
5.000000e-12 (A)  W_Trace1034::MIPI_DSI1_DATA2_N~0
5.000000e-12 (A)  W_Trace1034_Auto_2130::MIPI_DSI1_DATA2_N~0
5.000000e-12 (A)  W_Trace1036::MIPI_DSI1_DATA2_N~0
5.000000e-12 (A)  W_Trace1037::MIPI_DSI1_DATA2_N~0
-5.000000e-12 (A)  W_Trace1042::MIPI_DSI1_DATA2_N~0
-5.000000e-12 (A)  W_Trace1054::MIPI_DSI1_DATA2_N~0
5.000000e-12 (A)  W_Trace1058::MIPI_DSI1_DATA2_N~0
-5.000000e-12 (A)  W_Trace1062::MIPI_DSI1_DATA2_N~0
-5.000000e-12 (A)  W_Trace1064::MIPI_DSI1_DATA2_N~0
5.000000e-12 (A)  W_Trace1066#BP0::MIPI_DSI1_DATA2_N~0
5.000000e-12 (A)  W_Trace1067#BP0::MIPI_DSI1_DATA2_N~0
5.000000e-12 (A)  W_Trace1067#BP1::MIPI_DSI1_DATA2_N~0
5.000000e-12 (A)  W_Trace1067_Auto_2134::MIPI_DSI1_DATA2_N~0
5.000000e-12 (A)  W_Trace1069::MIPI_DSI1_DATA2_N~0
5.000000e-12 (A)  W_Trace1071::MIPI_DSI1_DATA2_N~0
5.000000e-12 (A)  W_Trace1071_Auto_2530::MIPI_DSI1_DATA2_N~0
-5.000000e-12 (A)  W_Trace1080::MIPI_DSI1_DATA2_N~0
-5.000000e-12 (A)  W_Trace1091::MIPI_DSI1_DATA2_N~0
-5.000000e-12 (A)  W_Trace1102::MIPI_DSI1_DATA2_N~0
-5.000000e-12 (A)  W_Trace1113::MIPI_DSI1_DATA2_N~0
-5.000000e-12 (A)  W_Trace1124::MIPI_DSI1_DATA2_N~0
-5.000000e-12 (A)  W_Trace1135::MIPI_DSI1_DATA2_N~0
-5.000000e-12 (A)  W_Trace1146::MIPI_DSI1_DATA2_N~0
-5.000000e-12 (A)  W_Trace1157::MIPI_DSI1_DATA2_N~0
-5.000000e-12 (A)  W_Trace1168::MIPI_DSI1_DATA2_N~0
5.000000e-12 (A)  W_Trace1170_Auto_2583::MIPI_DSI1_DATA2_N~0
-5.000000e-12 (A)  W_Trace1179::MIPI_DSI1_DATA2_N~0
5.000000e-12 (A)  W_Trace1181::MIPI_DSI1_DATA2_N~0
5.000000e-12 (A)  W_Trace1181_Auto_2617::MIPI_DSI1_DATA2_N~0
-5.000000e-12 (A)  W_Trace1183::MIPI_DSI1_DATA2_N~0
-5.000000e-12 (A)  W_Trace1185_Auto_2513::MIPI_DSI1_DATA2_N~0
-5.000000e-12 (A)  W_Trace1185_Auto_2520::MIPI_DSI1_DATA2_N~0
-5.000000e-12 (A)  W_Trace1185_Auto_2524::MIPI_DSI1_DATA2_N~0
-5.000000e-12 (A)  W_Trace1186_Auto_2180::MIPI_DSI1_DATA2_N~0
-5.000000e-12 (A)  W_Trace1186_Auto_2194::MIPI_DSI1_DATA2_N~0
-1.249998e-11 (A)  W_Trace1187::MIPI_DSI1_DATA2_P~0
-2.250007e-11 (A)  W_Trace1188_Auto_905::MIPI_DSI1_DATA2_P~0
-2.750007e-11 (A)  W_Trace1188_Auto_921::MIPI_DSI1_DATA2_P~0
-3.250010e-11 (A)  W_Trace1188_Auto_931::MIPI_DSI1_DATA2_P~0
-4.250000e-11 (A)  W_Trace1189::MIPI_DSI1_DATA2_P~0
-4.750000e-11 (A)  W_Trace1191::MIPI_DSI1_DATA2_P~0
-5.250007e-11 (A)  W_Trace1192_Auto_888::MIPI_DSI1_DATA2_P~0
-6.000024e-11 (A)  W_Trace1194_Auto_2124::MIPI_DSI1_DATA2_P~0
6.250020e-11 (A)  W_Trace1198::MIPI_DSI1_DATA2_P~0
-7.250025e-11 (A)  W_Trace1208#BP0::MIPI_DSI1_DATA2_P~0
-7.500025e-11 (A)  W_Trace1208#BP1::MIPI_DSI1_DATA2_P~0
7.000025e-11 (A)  W_Trace1208::MIPI_DSI1_DATA2_P~0
-8.250026e-11 (A)  W_Trace1210::MIPI_DSI1_DATA2_P~0
-8.750025e-11 (A)  W_Trace1211::MIPI_DSI1_DATA2_P~0
-9.000027e-11 (A)  W_Trace1213::MIPI_DSI1_DATA2_P~0
9.500030e-11 (A)  W_Trace1218::MIPI_DSI1_DATA2_P~0
9.750032e-11 (A)  W_Trace1223::MIPI_DSI1_DATA2_P~0
1.050004e-10 (A)  W_Trace1225::MIPI_DSI1_DATA2_P~0
-1.075004e-10 (A)  W_Trace1227::MIPI_DSI1_DATA2_P~0
-1.100003e-10 (A)  W_Trace1236::MIPI_DSI1_DATA2_P~0
1.200003e-10 (A)  W_Trace1246::MIPI_DSI1_DATA2_P~0
1.300004e-10 (A)  W_Trace1248::MIPI_DSI1_DATA2_P~0
1.325004e-10 (A)  W_Trace1252::MIPI_DSI1_DATA2_P~0
-1.350004e-10 (A)  W_Trace1253::MIPI_DSI1_DATA2_P~0
-1.400005e-10 (A)  W_Trace1255::MIPI_DSI1_DATA2_P~0
-1.425005e-10 (A)  W_Trace1258::MIPI_DSI1_DATA2_P~0
-1.475005e-10 (A)  W_Trace1260::MIPI_DSI1_DATA2_P~0
-1.550006e-10 (A)  W_Trace1262#BP0::MIPI_DSI1_DATA2_P~0
-1.575006e-10 (A)  W_Trace1262#BP1::MIPI_DSI1_DATA2_P~0
-1.525006e-10 (A)  W_Trace1262_Auto_2127::MIPI_DSI1_DATA2_P~0
-1.625007e-10 (A)  W_Trace1266_Auto_2132::MIPI_DSI1_DATA2_P~0
-1.650007e-10 (A)  W_Trace1267::MIPI_DSI1_DATA2_P~0
1.700006e-10 (A)  W_Trace1271::MIPI_DSI1_DATA2_P~0
1.750006e-10 (A)  W_Trace1282::MIPI_DSI1_DATA2_P~0
-1.800007e-10 (A)  W_Trace1286::MIPI_DSI1_DATA2_P~0
1.825007e-10 (A)  W_Trace1290::MIPI_DSI1_DATA2_P~0
1.850007e-10 (A)  W_Trace1294::MIPI_DSI1_DATA2_P~0
-1.875008e-10 (A)  W_Trace1295::MIPI_DSI1_DATA2_P~0
1.900009e-10 (A)  W_Trace1299::MIPI_DSI1_DATA2_P~0
-1.950010e-10 (A)  W_Trace1304#BP0::MIPI_DSI1_DATA2_P~0
1.925009e-10 (A)  W_Trace1304::MIPI_DSI1_DATA2_P~0
-1.975010e-10 (A)  W_Trace1306::MIPI_DSI1_DATA2_P~0
2.025011e-10 (A)  W_Trace1315::MIPI_DSI1_DATA2_P~0
2.075011e-10 (A)  W_Trace1326::MIPI_DSI1_DATA2_P~0
2.125010e-10 (A)  W_Trace1332::MIPI_DSI1_DATA2_P~0
-2.150010e-10 (A)  W_Trace1334::MIPI_DSI1_DATA2_P~0
-2.200010e-10 (A)  W_Trace1334_Auto_2543::MIPI_DSI1_DATA2_P~0
-2.250011e-10 (A)  W_Trace1334_Auto_2553::MIPI_DSI1_DATA2_P~0
-2.275012e-10 (A)  W_Trace1336::MIPI_DSI1_DATA2_P~0
-2.300012e-10 (A)  W_Trace1338::MIPI_DSI1_DATA2_P~0
-2.400012e-10 (A)  W_Trace1338_Auto_2529::MIPI_DSI1_DATA2_P~0
-2.350012e-10 (A)  W_Trace1338_Auto_2532::MIPI_DSI1_DATA2_P~0
-2.600013e-10 (A)  W_Trace1338_Auto_2555::MIPI_DSI1_DATA2_P~0
-2.500012e-10 (A)  W_Trace1338_Auto_2596::MIPI_DSI1_DATA2_P~0
-2.550012e-10 (A)  W_Trace1338_Auto_2602::MIPI_DSI1_DATA2_P~0
-2.450013e-10 (A)  W_Trace1338_Auto_2608::MIPI_DSI1_DATA2_P~0
-2.650013e-10 (A)  W_Trace1340::MIPI_DSI1_DATA2_P~0
-2.875013e-10 (A)  W_Trace1342_Auto_2470::MIPI_DSI1_DATA2_P~0
2.725013e-10 (A)  W_Trace1342_Auto_2526::MIPI_DSI1_DATA2_P~0
-2.900013e-10 (A)  W_Trace1343::MIPI_DSI1_DATA2_P~0
-2.950013e-10 (A)  W_Trace1344::MIPI_DSI1_DATA2_P~0
3.025014e-10 (A)  W_Trace1345::MIPI_DSI1_DATA2_P~0
2.975013e-10 (A)  W_Trace1345_Auto_2196::MIPI_DSI1_DATA2_P~0
-5.000000e-12 (A)  W_Trace1348::MIPI_DSI1_DATA1_N~0
5.000000e-12 (A)  W_Trace1350::MIPI_DSI1_DATA1_N~0
5.000000e-12 (A)  W_Trace1351_Auto_899::MIPI_DSI1_DATA1_N~0
5.000000e-12 (A)  W_Trace1351_Auto_915::MIPI_DSI1_DATA1_N~0
5.000000e-12 (A)  W_Trace1353::MIPI_DSI1_DATA1_N~0
5.000000e-12 (A)  W_Trace1356::MIPI_DSI1_DATA1_N~0
5.000000e-12 (A)  W_Trace1357::MIPI_DSI1_DATA1_N~0
5.000000e-12 (A)  W_Trace1359::MIPI_DSI1_DATA1_N~0
-5.000000e-12 (A)  W_Trace1363::MIPI_DSI1_DATA1_N~0
-5.000000e-12 (A)  W_Trace1374::MIPI_DSI1_DATA1_N~0
5.000000e-12 (A)  W_Trace1376_Auto_116::MIPI_DSI1_DATA1_N~0
-5.000000e-12 (A)  W_Trace1380::MIPI_DSI1_DATA1_N~0
-5.000000e-12 (A)  W_Trace1386::MIPI_DSI1_DATA1_N~0
-5.000000e-12 (A)  W_Trace1397::MIPI_DSI1_DATA1_N~0
5.000000e-12 (A)  W_Trace1401::MIPI_DSI1_DATA1_N~0
-5.000000e-12 (A)  W_Trace1409::MIPI_DSI1_DATA1_N~0
5.000000e-12 (A)  W_Trace1409_Auto_597::MIPI_DSI1_DATA1_N~0
-5.000000e-12 (A)  W_Trace1411::MIPI_DSI1_DATA1_N~0
5.000000e-12 (A)  W_Trace1413::MIPI_DSI1_DATA1_N~0
5.000000e-12 (A)  W_Trace1413_Auto_184::MIPI_DSI1_DATA1_N~0
-5.000000e-12 (A)  W_Trace1434::MIPI_DSI1_DATA1_N~0
-5.000000e-12 (A)  W_Trace1440::MIPI_DSI1_DATA1_N~0
-5.000000e-12 (A)  W_Trace1442::MIPI_DSI1_DATA1_N~0
5.000000e-12 (A)  W_Trace1443::MIPI_DSI1_DATA1_N~0
5.000000e-12 (A)  W_Trace1443_Auto_2547::MIPI_DSI1_DATA1_N~0
5.000000e-12 (A)  W_Trace1445::MIPI_DSI1_DATA1_N~0
5.000000e-12 (A)  W_Trace1447#BP0_Auto_2621::MIPI_DSI1_DATA1_N~0
-5.000000e-12 (A)  W_Trace1449_Auto_2500::MIPI_DSI1_DATA1_N~0
-5.000000e-12 (A)  W_Trace1451::MIPI_DSI1_DATA1_N~0
-5.000000e-12 (A)  W_Trace1451_Auto_2486::MIPI_DSI1_DATA1_N~0
-5.000000e-12 (A)  W_Trace1451_Auto_2488::MIPI_DSI1_DATA1_N~0
5.000000e-12 (A)  W_Trace1452::MIPI_DSI1_DATA1_N~0
-5.000000e-12 (A)  W_Trace1453_Auto_2522::MIPI_DSI1_DATA1_N~0
-5.000000e-12 (A)  W_Trace1454::MIPI_DSI1_DATA1_N~0
-1.250001e-11 (A)  W_Trace1558::MIPI_DSI1_DATA1_P~0
-2.250016e-11 (A)  W_Trace1559_Auto_897::MIPI_DSI1_DATA1_P~0
-2.750024e-11 (A)  W_Trace1559_Auto_913::MIPI_DSI1_DATA1_P~0
-3.000020e-11 (A)  W_Trace1561::MIPI_DSI1_DATA1_P~0
-3.250021e-11 (A)  W_Trace1563::MIPI_DSI1_DATA1_P~0
4.250028e-11 (A)  W_Trace1565::MIPI_DSI1_DATA1_P~0
4.750023e-11 (A)  W_Trace1571::MIPI_DSI1_DATA1_P~0
5.500025e-11 (A)  W_Trace1573::MIPI_DSI1_DATA1_P~0
5.000022e-11 (A)  W_Trace1573_Auto_112::MIPI_DSI1_DATA1_P~0
-5.750031e-11 (A)  W_Trace1575::MIPI_DSI1_DATA1_P~0
6.500031e-11 (A)  W_Trace1582::MIPI_DSI1_DATA1_P~0
-7.250044e-11 (A)  W_Trace1584_Auto_94::MIPI_DSI1_DATA1_P~0
-6.750039e-11 (A)  W_Trace1584_Auto_99::MIPI_DSI1_DATA1_P~0
7.500051e-11 (A)  W_Trace1588::MIPI_DSI1_DATA1_P~0
8.000060e-11 (A)  W_Trace1594::MIPI_DSI1_DATA1_P~0
8.250063e-11 (A)  W_Trace1596_Auto_95::MIPI_DSI1_DATA1_P~0
9.000071e-11 (A)  W_Trace1596_Auto_96::MIPI_DSI1_DATA1_P~0
9.250075e-11 (A)  W_Trace1605::MIPI_DSI1_DATA1_P~0
-9.500078e-11 (A)  W_Trace1607_Auto_102::MIPI_DSI1_DATA1_P~0
-1.000008e-10 (A)  W_Trace1607_Auto_103::MIPI_DSI1_DATA1_P~0
1.025008e-10 (A)  W_Trace1611::MIPI_DSI1_DATA1_P~0
1.075008e-10 (A)  W_Trace1615::MIPI_DSI1_DATA1_P~0
1.200008e-10 (A)  W_Trace1617::MIPI_DSI1_DATA1_P~0
1.225008e-10 (A)  W_Trace1619::MIPI_DSI1_DATA1_P~0
1.275009e-10 (A)  W_Trace1625::MIPI_DSI1_DATA1_P~0
1.325009e-10 (A)  W_Trace1636::MIPI_DSI1_DATA1_P~0
1.375009e-10 (A)  W_Trace1647::MIPI_DSI1_DATA1_P~0
1.425010e-10 (A)  W_Trace1649::MIPI_DSI1_DATA1_P~0
1.450010e-10 (A)  W_Trace1658#BP0::MIPI_DSI1_DATA1_P~0
-1.475010e-10 (A)  W_Trace1660::MIPI_DSI1_DATA1_P~0
1.525011e-10 (A)  W_Trace1664::MIPI_DSI1_DATA1_P~0
-1.675011e-10 (A)  W_Trace1666#BP0_Auto_160::MIPI_DSI1_DATA1_P~0
-1.625011e-10 (A)  W_Trace1666_Auto_182::MIPI_DSI1_DATA1_P~0
-1.575011e-10 (A)  W_Trace1666_Auto_186::MIPI_DSI1_DATA1_P~0
-1.750011e-10 (A)  W_Trace1668::MIPI_DSI1_DATA1_P~0
-1.825012e-10 (A)  W_Trace1672::MIPI_DSI1_DATA1_P~0
-1.900013e-10 (A)  W_Trace1673_Auto_2538::MIPI_DSI1_DATA1_P~0
-1.925013e-10 (A)  W_Trace1675::MIPI_DSI1_DATA1_P~0
-1.975014e-10 (A)  W_Trace1677::MIPI_DSI1_DATA1_P~0
-2.550018e-10 (A)  W_Trace1677_Auto_2619::MIPI_DSI1_DATA1_P~0
-2.575019e-10 (A)  W_Trace1679::MIPI_DSI1_DATA1_P~0
2.675019e-10 (A)  W_Trace1681_Auto_2512::MIPI_DSI1_DATA1_P~0
-2.725019e-10 (A)  W_Trace1682::MIPI_DSI1_DATA1_P~0
-2.800020e-10 (A)  W_Trace1684::MIPI_DSI1_DATA1_P~0
2.925021e-10 (A)  W_Trace1686::MIPI_DSI1_DATA1_P~0
2.875021e-10 (A)  W_Trace1686_Auto_2192::MIPI_DSI1_DATA1_P~0
-5.000000e-12 (A)  W_Trace1689::MIPI_DSI1_DATA0_N~0
5.000000e-12 (A)  W_Trace1691::MIPI_DSI1_DATA0_N~0
5.000000e-12 (A)  W_Trace1693::MIPI_DSI1_DATA0_N~0
5.000000e-12 (A)  W_Trace1695_Auto_1756::MIPI_DSI1_DATA0_N~0
5.000000e-12 (A)  W_Trace1697::MIPI_DSI1_DATA0_N~0
5.000000e-12 (A)  W_Trace1699::MIPI_DSI1_DATA0_N~0
-5.000000e-12 (A)  W_Trace1701::MIPI_DSI1_DATA0_N~0
5.000000e-12 (A)  W_Trace1702::MIPI_DSI1_DATA0_N~0
5.000000e-12 (A)  W_Trace1710::MIPI_DSI1_DATA0_N~0
5.000000e-12 (A)  W_Trace1710_Auto_65::MIPI_DSI1_DATA0_N~0
-5.000000e-12 (A)  W_Trace1714::MIPI_DSI1_DATA0_N~0
5.000000e-12 (A)  W_Trace1719::MIPI_DSI1_DATA0_N~0
5.000000e-12 (A)  W_Trace1726::MIPI_DSI1_DATA0_N~0
5.000000e-12 (A)  W_Trace1727::MIPI_DSI1_DATA0_N~0
-5.000000e-12 (A)  W_Trace1731::MIPI_DSI1_DATA0_N~0
5.000000e-12 (A)  W_Trace1733_Auto_379::MIPI_DSI1_DATA0_N~0
5.000000e-12 (A)  W_Trace1735::MIPI_DSI1_DATA0_N~0
5.000000e-12 (A)  W_Trace1742::MIPI_DSI1_DATA0_N~0
5.000000e-12 (A)  W_Trace1743::MIPI_DSI1_DATA0_N~0
5.000000e-12 (A)  W_Trace1743_Auto_2138::MIPI_DSI1_DATA0_N~0
5.000000e-12 (A)  W_Trace1745::MIPI_DSI1_DATA0_N~0
5.000000e-12 (A)  W_Trace1747::MIPI_DSI1_DATA0_N~0
-5.000000e-12 (A)  W_Trace1751::MIPI_DSI1_DATA0_N~0
5.000000e-12 (A)  W_Trace1753::MIPI_DSI1_DATA0_N~0
5.000000e-12 (A)  W_Trace1753_Auto_2166::MIPI_DSI1_DATA0_N~0
5.000000e-12 (A)  W_Trace1755::MIPI_DSI1_DATA0_N~0
-5.000000e-12 (A)  W_Trace1756::MIPI_DSI1_DATA0_N~0
-5.000000e-12 (A)  W_Trace1761::MIPI_DSI1_DATA0_N~0
5.000000e-12 (A)  W_Trace1762#BP0::MIPI_DSI1_DATA0_N~0
-5.000000e-12 (A)  W_Trace1762::MIPI_DSI1_DATA0_N~0
-5.000000e-12 (A)  W_Trace1764::MIPI_DSI1_DATA0_N~0
-5.000000e-12 (A)  W_Trace1764_Auto_2164::MIPI_DSI1_DATA0_N~0
-5.000000e-12 (A)  W_Trace1773::MIPI_DSI1_DATA0_N~0
5.000000e-12 (A)  W_Trace1775::MIPI_DSI1_DATA0_N~0
5.000000e-12 (A)  W_Trace1775_Auto_2145::MIPI_DSI1_DATA0_N~0
5.000000e-12 (A)  W_Trace1777::MIPI_DSI1_DATA0_N~0
-5.000000e-12 (A)  W_Trace1786::MIPI_DSI1_DATA0_N~0
-5.000000e-12 (A)  W_Trace1786_Auto_2143::MIPI_DSI1_DATA0_N~0
-5.000000e-12 (A)  W_Trace1792::MIPI_DSI1_DATA0_N~0
5.000000e-12 (A)  W_Trace1793::MIPI_DSI1_DATA0_N~0
5.000000e-12 (A)  W_Trace1793_Auto_2168::MIPI_DSI1_DATA0_N~0
5.000000e-12 (A)  W_Trace1795::MIPI_DSI1_DATA0_N~0
5.000000e-12 (A)  W_Trace1798::MIPI_DSI1_DATA0_N~0
5.000000e-12 (A)  W_Trace1801::MIPI_DSI1_DATA0_N~0
-5.000000e-12 (A)  W_Trace1806::MIPI_DSI1_DATA0_N~0
5.000000e-12 (A)  W_Trace1808::MIPI_DSI1_DATA0_N~0
-5.000000e-12 (A)  W_Trace1812::MIPI_DSI1_DATA0_N~0
-5.000000e-12 (A)  W_Trace1812_Auto_2632::MIPI_DSI1_DATA0_N~0
5.000000e-12 (A)  W_Trace1813::MIPI_DSI1_DATA0_N~0
-5.000000e-12 (A)  W_Trace1814::MIPI_DSI1_DATA0_N~0
-5.000000e-12 (A)  W_Trace1814_Auto_2504::MIPI_DSI1_DATA0_N~0
-5.000000e-12 (A)  W_Trace1815::MIPI_DSI1_DATA0_N~0
-5.000000e-12 (A)  W_Trace1815_Auto_2188::MIPI_DSI1_DATA0_N~0
-1.200007e-10 (A)  W_Trace1816::MIPI_DSI1_DATA0_P~0
1.225008e-10 (A)  W_Trace1817::MIPI_DSI1_DATA0_P~0
-1.250008e-10 (A)  W_Trace1818::MIPI_DSI1_DATA0_P~0
-1.300008e-10 (A)  W_Trace1820::MIPI_DSI1_DATA0_P~0
-1.325009e-10 (A)  W_Trace1822::MIPI_DSI1_DATA0_P~0
-1.375009e-10 (A)  W_Trace1822_Auto_2141::MIPI_DSI1_DATA0_P~0
-1.400009e-10 (A)  W_Trace1824::MIPI_DSI1_DATA0_P~0
-1.425010e-10 (A)  W_Trace1828::MIPI_DSI1_DATA0_P~0
1.500010e-10 (A)  W_Trace1837::MIPI_DSI1_DATA0_P~0
1.575011e-10 (A)  W_Trace1839_Auto_2147::MIPI_DSI1_DATA0_P~0
-1.600011e-10 (A)  W_Trace1841::MIPI_DSI1_DATA0_P~0
-1.625011e-10 (A)  W_Trace1850_Auto_2144::MIPI_DSI1_DATA0_P~0
1.700011e-10 (A)  W_Trace1859::MIPI_DSI1_DATA0_P~0
1.775012e-10 (A)  W_Trace1861_Auto_2142::MIPI_DSI1_DATA0_P~0
1.800011e-10 (A)  W_Trace1866::MIPI_DSI1_DATA0_P~0
1.850011e-10 (A)  W_Trace1872::MIPI_DSI1_DATA0_P~0
-1.900011e-10 (A)  W_Trace1875_Auto_2174::MIPI_DSI1_DATA0_P~0
-1.925011e-10 (A)  W_Trace1876::MIPI_DSI1_DATA0_P~0
-1.950012e-10 (A)  W_Trace1878::MIPI_DSI1_DATA0_P~0
-2.000012e-10 (A)  W_Trace1878_Auto_2172::MIPI_DSI1_DATA0_P~0
-2.025012e-10 (A)  W_Trace1879::MIPI_DSI1_DATA0_P~0
-2.100014e-10 (A)  W_Trace1880::MIPI_DSI1_DATA0_P~0
-2.150013e-10 (A)  W_Trace1880_Auto_2170::MIPI_DSI1_DATA0_P~0
2.175014e-10 (A)  W_Trace1881_Auto_2177::MIPI_DSI1_DATA0_P~0
2.250015e-10 (A)  W_Trace1885::MIPI_DSI1_DATA0_P~0
-2.325015e-10 (A)  W_Trace1888::MIPI_DSI1_DATA0_P~0
2.425015e-10 (A)  W_Trace1891::MIPI_DSI1_DATA0_P~0
2.500015e-10 (A)  W_Trace1892::MIPI_DSI1_DATA0_P~0
2.450015e-10 (A)  W_Trace1892_Auto_2186::MIPI_DSI1_DATA0_P~0
-1.750003e-11 (A)  W_Trace1898::MIPI_DSI1_DATA0_P~0
-2.500002e-11 (A)  W_Trace1902::MIPI_DSI1_DATA0_P~0
-3.000011e-11 (A)  W_Trace1904_Auto_1814::MIPI_DSI1_DATA0_P~0
3.250008e-11 (A)  W_Trace1908::MIPI_DSI1_DATA0_P~0
4.000010e-11 (A)  W_Trace1910::MIPI_DSI1_DATA0_P~0
3.500007e-11 (A)  W_Trace1910_Auto_68::MIPI_DSI1_DATA0_P~0
4.250011e-11 (A)  W_Trace1919::MIPI_DSI1_DATA0_P~0
-4.500012e-11 (A)  W_Trace1921::MIPI_DSI1_DATA0_P~0
-5.000015e-11 (A)  W_Trace1921_Auto_71::MIPI_DSI1_DATA0_P~0
5.250015e-11 (A)  W_Trace1924::MIPI_DSI1_DATA0_P~0
-5.500024e-11 (A)  W_Trace1926::MIPI_DSI1_DATA0_P~0
-6.000024e-11 (A)  W_Trace1926_Auto_56::MIPI_DSI1_DATA0_P~0
6.250028e-11 (A)  W_Trace1930::MIPI_DSI1_DATA0_P~0
7.000034e-11 (A)  W_Trace1932::MIPI_DSI1_DATA0_P~0
6.500031e-11 (A)  W_Trace1932_Auto_59::MIPI_DSI1_DATA0_P~0
7.250037e-11 (A)  W_Trace1941::MIPI_DSI1_DATA0_P~0
-7.500040e-11 (A)  W_Trace1943::MIPI_DSI1_DATA0_P~0
-8.000050e-11 (A)  W_Trace1943_Auto_62::MIPI_DSI1_DATA0_P~0
8.250051e-11 (A)  W_Trace1946::MIPI_DSI1_DATA0_P~0
-8.500056e-11 (A)  W_Trace1948::MIPI_DSI1_DATA0_P~0
9.000057e-11 (A)  W_Trace1952::MIPI_DSI1_DATA0_P~0
9.750063e-11 (A)  W_Trace1954::MIPI_DSI1_DATA0_P~0
9.250058e-11 (A)  W_Trace1954_Auto_370::MIPI_DSI1_DATA0_P~0
1.000006e-10 (A)  W_Trace1963::MIPI_DSI1_DATA0_P~0
1.050006e-10 (A)  W_Trace1969::MIPI_DSI1_DATA0_P~0
-1.125007e-10 (A)  W_Trace1973::MIPI_DSI1_DATA0_P~0
-2.025009e-10 (A)  W_Trace551::MIPI_DSI1_CLK_N~0
-1.975009e-10 (A)  W_Trace555::MIPI_DSI1_CLK_N~0
1.950009e-10 (A)  W_Trace557::MIPI_DSI1_CLK_N~0
1.900009e-10 (A)  W_Trace557_Auto_516::MIPI_DSI1_CLK_N~0
1.875009e-10 (A)  W_Trace559::MIPI_DSI1_CLK_N~0
1.850009e-10 (A)  W_Trace561::MIPI_DSI1_CLK_N~0
1.800009e-10 (A)  W_Trace562::MIPI_DSI1_CLK_N~0
1.775008e-10 (A)  W_Trace573::MIPI_DSI1_CLK_N~0
1.700008e-10 (A)  W_Trace574_Auto_526::MIPI_DSI1_CLK_N~0
1.675007e-10 (A)  W_Trace575::MIPI_DSI1_CLK_N~0
-1.600007e-10 (A)  W_Trace584::MIPI_DSI1_CLK_N~0
-1.450006e-10 (A)  W_Trace586::MIPI_DSI1_CLK_N~0
1.425006e-10 (A)  W_Trace588::MIPI_DSI1_CLK_N~0
1.400006e-10 (A)  W_Trace598::MIPI_DSI1_CLK_N~0
1.250005e-10 (A)  W_Trace598_Auto_556::MIPI_DSI1_CLK_N~0
-1.225005e-10 (A)  W_Trace607::MIPI_DSI1_CLK_N~0
-1.150005e-10 (A)  W_Trace610::MIPI_DSI1_CLK_N~0
-1.200005e-10 (A)  W_Trace610_Auto_549::MIPI_DSI1_CLK_N~0
1.125005e-10 (A)  W_Trace611::MIPI_DSI1_CLK_N~0
-1.000005e-10 (A)  W_Trace627::MIPI_DSI1_CLK_N~0
-1.050005e-10 (A)  W_Trace627_Auto_599::MIPI_DSI1_CLK_N~0
-1.100005e-10 (A)  W_Trace627_Auto_605::MIPI_DSI1_CLK_N~0
-6.750023e-11 (A)  W_Trace628_Auto_1790::MIPI_DSI1_CLK_N~0
6.000023e-11 (A)  W_Trace630::MIPI_DSI1_CLK_N~0
-5.750020e-11 (A)  W_Trace632_Auto_1832::MIPI_DSI1_CLK_N~0
4.000012e-11 (A)  W_Trace633::MIPI_DSI1_CLK_N~0
-2.500002e-11 (A)  W_Trace636_Auto_903::MIPI_DSI1_CLK_N~0
-3.000009e-11 (A)  W_Trace636_Auto_919::MIPI_DSI1_CLK_N~0
-3.500015e-11 (A)  W_Trace636_Auto_929::MIPI_DSI1_CLK_N~0
-1.500000e-11 (A)  W_Trace637::MIPI_DSI1_CLK_N~0
1.250004e-11 (A)  W_Trace638::MIPI_DSI1_CLK_N~0
2.625011e-10 (A)  W_Trace639::MIPI_DSI1_CLK_N~0
-2.575012e-10 (A)  W_Trace641::MIPI_DSI1_CLK_N~0
2.550011e-10 (A)  W_Trace643::MIPI_DSI1_CLK_N~0
-2.425011e-10 (A)  W_Trace644_Auto_2626::MIPI_DSI1_CLK_N~0
2.300010e-10 (A)  W_Trace646::MIPI_DSI1_CLK_N~0
-2.225009e-10 (A)  W_Trace648::MIPI_DSI1_CLK_N~0
2.200009e-10 (A)  W_Trace650::MIPI_DSI1_CLK_N~0
2.175009e-10 (A)  W_Trace652::MIPI_DSI1_CLK_N~0
2.125009e-10 (A)  W_Trace652_Auto_2550::MIPI_DSI1_CLK_N~0
2.100009e-10 (A)  W_Trace654::MIPI_DSI1_CLK_N~0
-5.000000e-12 (A)  W_Trace659::MIPI_DSI1_CLK_P~0
-5.000000e-12 (A)  W_Trace661#BP0::MIPI_DSI1_CLK_P~0
-5.000000e-12 (A)  W_Trace661#BP0_Auto_512::MIPI_DSI1_CLK_P~0
-5.000000e-12 (A)  W_Trace663::MIPI_DSI1_CLK_P~0
-5.000000e-12 (A)  W_Trace665::MIPI_DSI1_CLK_P~0
-5.000000e-12 (A)  W_Trace667::MIPI_DSI1_CLK_P~0
5.000000e-12 (A)  W_Trace679::MIPI_DSI1_CLK_P~0
-5.000000e-12 (A)  W_Trace681_Auto_575::MIPI_DSI1_CLK_P~0
-5.000000e-12 (A)  W_Trace682::MIPI_DSI1_CLK_P~0
-5.000000e-12 (A)  W_Trace683_Auto_567::MIPI_DSI1_CLK_P~0
-5.000000e-12 (A)  W_Trace683_Auto_573::MIPI_DSI1_CLK_P~0
-5.000000e-12 (A)  W_Trace685::MIPI_DSI1_CLK_P~0
5.000000e-12 (A)  W_Trace694::MIPI_DSI1_CLK_P~0
5.000000e-12 (A)  W_Trace694_Auto_561::MIPI_DSI1_CLK_P~0
5.000000e-12 (A)  W_Trace694_Auto_563::MIPI_DSI1_CLK_P~0
5.000000e-12 (A)  W_Trace704::MIPI_DSI1_CLK_P~0
-5.000000e-12 (A)  W_Trace706::MIPI_DSI1_CLK_P~0
-5.000000e-12 (A)  W_Trace706_Auto_558::MIPI_DSI1_CLK_P~0
-5.000000e-12 (A)  W_Trace706_Auto_562::MIPI_DSI1_CLK_P~0
-5.000000e-12 (A)  W_Trace708::MIPI_DSI1_CLK_P~0
5.000000e-12 (A)  W_Trace715::MIPI_DSI1_CLK_P~0
5.000000e-12 (A)  W_Trace716::MIPI_DSI1_CLK_P~0
5.000000e-12 (A)  W_Trace716_Auto_543::MIPI_DSI1_CLK_P~0
5.000000e-12 (A)  W_Trace722::MIPI_DSI1_CLK_P~0
5.000000e-12 (A)  W_Trace727::MIPI_DSI1_CLK_P~0
-5.000000e-12 (A)  W_Trace730::MIPI_DSI1_CLK_P~0
-5.000000e-12 (A)  W_Trace730_Auto_552::MIPI_DSI1_CLK_P~0
5.000000e-12 (A)  W_Trace733::MIPI_DSI1_CLK_P~0
5.000000e-12 (A)  W_Trace735::MIPI_DSI1_CLK_P~0
5.000000e-12 (A)  W_Trace735_Auto_595::MIPI_DSI1_CLK_P~0
5.000000e-12 (A)  W_Trace735_Auto_596::MIPI_DSI1_CLK_P~0
5.000000e-12 (A)  W_Trace736::MIPI_DSI1_CLK_P~0
5.000000e-12 (A)  W_Trace736_Auto_1788::MIPI_DSI1_CLK_P~0
-5.000000e-12 (A)  W_Trace738::MIPI_DSI1_CLK_P~0
5.000000e-12 (A)  W_Trace742::MIPI_DSI1_CLK_P~0
5.000000e-12 (A)  W_Trace744_Auto_901::MIPI_DSI1_CLK_P~0
5.000000e-12 (A)  W_Trace745::MIPI_DSI1_CLK_P~0
-5.000000e-12 (A)  W_Trace748_Auto_2183::MIPI_DSI1_CLK_P~0
-5.000000e-12 (A)  W_Trace751::MIPI_DSI1_CLK_P~0
-5.000000e-12 (A)  W_Trace752::MIPI_DSI1_CLK_P~0
-5.000000e-12 (A)  W_Trace753_Auto_2494::MIPI_DSI1_CLK_P~0
-5.000000e-12 (A)  W_Trace757::MIPI_DSI1_CLK_P~0
5.000000e-12 (A)  W_Trace759::MIPI_DSI1_CLK_P~0
5.000000e-12 (A)  W_Trace759_Auto_2614::MIPI_DSI1_CLK_P~0
-5.000000e-12 (A)  W_Trace761::MIPI_DSI1_CLK_P~0
5.000000e-12 (A)  W_Trace767::MIPI_DSI1_CLK_P~0
5.000000e-12 (A)  W_Trace769_Auto_2852::MIPI_DSI1_CLK_P~0
5.000000e-12 (A)  W_Trace778::MIPI_DSI1_CLK_P~0
5.000000e-12 (A)  W_Trace792::MIPI_DSI1_CLK_P~0
-5.000000e-12 (A)  W_Trace797::MIPI_DSI1_DATA3_N~0
5.000000e-12 (A)  W_Trace799::MIPI_DSI1_DATA3_N~0
5.000000e-12 (A)  W_Trace800_Auto_911::MIPI_DSI1_DATA3_N~0
5.000000e-12 (A)  W_Trace800_Auto_927::MIPI_DSI1_DATA3_N~0
5.000000e-12 (A)  W_Trace800_Auto_937::MIPI_DSI1_DATA3_N~0
-5.000000e-12 (A)  W_Trace802::MIPI_DSI1_DATA3_N~0
5.000000e-12 (A)  W_Trace803::MIPI_DSI1_DATA3_N~0
5.000000e-12 (A)  W_Trace803_Auto_1827::MIPI_DSI1_DATA3_N~0
5.000000e-12 (A)  W_Trace805::MIPI_DSI1_DATA3_N~0
5.000000e-12 (A)  W_Trace807::MIPI_DSI1_DATA3_N~0
5.000000e-12 (A)  W_Trace807_Auto_1794::MIPI_DSI1_DATA3_N~0
-5.000000e-12 (A)  W_Trace809::MIPI_DSI1_DATA3_N~0
5.000000e-12 (A)  W_Trace811::MIPI_DSI1_DATA3_N~0
-5.000000e-12 (A)  W_Trace815::MIPI_DSI1_DATA3_N~0
5.000000e-12 (A)  W_Trace816::MIPI_DSI1_DATA3_N~0
5.000000e-12 (A)  W_Trace818::MIPI_DSI1_DATA3_N~0
5.000000e-12 (A)  W_Trace821::MIPI_DSI1_DATA3_N~0
5.000000e-12 (A)  W_Trace823::MIPI_DSI1_DATA3_N~0
-5.000000e-12 (A)  W_Trace832::MIPI_DSI1_DATA3_N~0
5.000000e-12 (A)  W_Trace834#BP0_Auto_2854::MIPI_DSI1_DATA3_N~0
-5.000000e-12 (A)  W_Trace854::MIPI_DSI1_DATA3_N~0
5.000000e-12 (A)  W_Trace856::MIPI_DSI1_DATA3_N~0
5.000000e-12 (A)  W_Trace856_Auto_2859::MIPI_DSI1_DATA3_N~0
5.000000e-12 (A)  W_Trace858::MIPI_DSI1_DATA3_N~0
5.000000e-12 (A)  W_Trace860::MIPI_DSI1_DATA3_N~0
-5.000000e-12 (A)  W_Trace864::MIPI_DSI1_DATA3_N~0
5.000000e-12 (A)  W_Trace869::MIPI_DSI1_DATA3_N~0
1.375007e-10 (A)  W_Trace877::MIPI_DSI1_DATA3_P~0
-1.400007e-10 (A)  W_Trace879::MIPI_DSI1_DATA3_P~0
1.450007e-10 (A)  W_Trace883::MIPI_DSI1_DATA3_P~0
1.525007e-10 (A)  W_Trace894::MIPI_DSI1_DATA3_P~0
1.600007e-10 (A)  W_Trace905::MIPI_DSI1_DATA3_P~0
1.625007e-10 (A)  W_Trace907_Auto_2855::MIPI_DSI1_DATA3_P~0
1.675008e-10 (A)  W_Trace916::MIPI_DSI1_DATA3_P~0
1.725008e-10 (A)  W_Trace922::MIPI_DSI1_DATA3_P~0
1.775009e-10 (A)  W_Trace926::MIPI_DSI1_DATA3_P~0
-1.800008e-10 (A)  W_Trace928::MIPI_DSI1_DATA3_P~0
-1.850009e-10 (A)  W_Trace928_Auto_2862::MIPI_DSI1_DATA3_P~0
1.875009e-10 (A)  W_Trace932::MIPI_DSI1_DATA3_P~0
-1.900009e-10 (A)  W_Trace934::MIPI_DSI1_DATA3_P~0
-1.950009e-10 (A)  W_Trace934_Auto_2864::MIPI_DSI1_DATA3_P~0
-1.975009e-10 (A)  W_Trace935::MIPI_DSI1_DATA3_P~0
-2.025010e-10 (A)  W_Trace935_Auto_2866::MIPI_DSI1_DATA3_P~0
-2.050010e-10 (A)  W_Trace936::MIPI_DSI1_DATA3_P~0
-2.100011e-10 (A)  W_Trace937::MIPI_DSI1_DATA3_P~0
-2.000002e-11 (A)  W_Trace943_Auto_909::MIPI_DSI1_DATA3_P~0
-2.500002e-11 (A)  W_Trace943_Auto_925::MIPI_DSI1_DATA3_P~0
-3.000006e-11 (A)  W_Trace943_Auto_935::MIPI_DSI1_DATA3_P~0
-4.750016e-11 (A)  W_Trace944::MIPI_DSI1_DATA3_P~0
-5.250015e-11 (A)  W_Trace945_Auto_894::MIPI_DSI1_DATA3_P~0
-6.750013e-11 (A)  W_Trace948::MIPI_DSI1_DATA3_P~0
-7.750027e-11 (A)  W_Trace950_Auto_1792::MIPI_DSI1_DATA3_P~0
1.125005e-10 (A)  W_Trace952::MIPI_DSI1_DATA3_P~0
1.175005e-10 (A)  W_Trace958::MIPI_DSI1_DATA3_P~0
1.225005e-10 (A)  W_Trace962::MIPI_DSI1_DATA3_P~0
-1.300006e-10 (A)  W_Trace966::MIPI_DSI1_DATA3_P~0
-5.000000e-12 (A)  W_Trace971::MIPI_DSI1_DATA2_N~0
5.000000e-12 (A)  W_Trace973::MIPI_DSI1_DATA2_N~0
5.000000e-12 (A)  W_Trace974_Auto_907::MIPI_DSI1_DATA2_N~0
5.000000e-12 (A)  W_Trace974_Auto_923::MIPI_DSI1_DATA2_N~0
5.000000e-12 (A)  W_Trace974_Auto_933::MIPI_DSI1_DATA2_N~0
5.000000e-12 (A)  W_Trace975::MIPI_DSI1_DATA2_N~0
-5.000000e-12 (A)  W_Trace978::MIPI_DSI1_DATA2_N~0
5.000000e-12 (A)  W_Trace980::MIPI_DSI1_DATA2_N~0
-5.000000e-12 (A)  W_Trace983::MIPI_DSI1_DATA2_N~0
5.000000e-12 (A)  W_Trace986::MIPI_DSI1_DATA2_N~0
5.000000e-12 (A)  W_Trace988::MIPI_DSI1_DATA2_N~0
5.000000e-12 (A)  W_Trace988_Auto_2871::MIPI_DSI1_DATA2_N~0
5.000000e-12 (A)  W_Trace989::MIPI_DSI1_DATA2_N~0
5.000000e-12 (A)  W_Trace989_Auto_2877::MIPI_DSI1_DATA2_N~0
-5.000000e-12 (A)  W_Trace999::MIPI_DSI1_DATA2_N~0
-5.000000e-12 (A)  WCPL_Trace1024::MIPI_DSI1_DATA2_N~0
1.275004e-10 (A)  WCPL_Trace1024::MIPI_DSI1_DATA2_N~1
-5.000000e-12 (A)  WCPL_Trace1024_Auto_2887::MIPI_DSI1_DATA2_N~0
1.250004e-10 (A)  WCPL_Trace1024_Auto_2887::MIPI_DSI1_DATA2_N~1
-1.150003e-10 (A)  WCPL_Trace1024_Auto_2887::MIPI_DSI1_DATA2_N~2
5.000000e-12 (A)  WCPL_Trace1024_Auto_2887::MIPI_DSI1_DATA2_N~3
-5.000000e-12 (A)  WCPL_Trace1024_Auto_2887::MIPI_DSI1_DATA2_N~4
1.000004e-10 (A)  WCPL_Trace1024_Auto_2887::MIPI_DSI1_DATA2_N~5
-9.250030e-11 (A)  WCPL_Trace1024_Auto_2887::MIPI_DSI1_DATA2_N~6
5.000000e-12 (A)  WCPL_Trace1024_Auto_2887::MIPI_DSI1_DATA2_N~7
-5.000000e-12 (A)  WCPL_Trace1024_Auto_2896::MIPI_DSI1_DATA2_N~0
1.225004e-10 (A)  WCPL_Trace1024_Auto_2896::MIPI_DSI1_DATA2_N~1
-1.175003e-10 (A)  WCPL_Trace1024_Auto_2896::MIPI_DSI1_DATA2_N~2
5.000000e-12 (A)  WCPL_Trace1024_Auto_2896::MIPI_DSI1_DATA2_N~3
-5.000000e-12 (A)  WCPL_Trace1056::MIPI_DSI1_DATA2_N~0
5.000000e-12 (A)  WCPL_Trace1056::MIPI_DSI1_DATA2_N~1
5.000000e-12 (A)  WCPL_Trace1067#BP1_Auto_2473::MIPI_DSI1_DATA2_N~0
-1.775012e-10 (A)  WCPL_Trace1067#BP1_Auto_2473::MIPI_DSI1_DATA2_N~1
5.000000e-12 (A)  WCPL_Trace1067#BP1_Auto_2548::MIPI_DSI1_DATA2_N~0
-1.850012e-10 (A)  WCPL_Trace1067#BP1_Auto_2548::MIPI_DSI1_DATA2_N~1
5.000000e-12 (A)  WCPL_Trace1067#BP1_Auto_2551::MIPI_DSI1_DATA2_N~0
-1.800011e-10 (A)  WCPL_Trace1067#BP1_Auto_2551::MIPI_DSI1_DATA2_N~1
5.000000e-12 (A)  WCPL_Trace1082::MIPI_DSI1_DATA2_N~0
-2.050014e-10 (A)  WCPL_Trace1082::MIPI_DSI1_DATA2_N~1
5.000000e-12 (A)  WCPL_Trace1082::MIPI_DSI1_DATA2_N~2
5.000000e-12 (A)  WCPL_Trace1104::MIPI_DSI1_DATA2_N~0
-2.150015e-10 (A)  WCPL_Trace1104::MIPI_DSI1_DATA2_N~1
5.000000e-12 (A)  WCPL_Trace1104::MIPI_DSI1_DATA2_N~2
5.000000e-12 (A)  WCPL_Trace1126::MIPI_DSI1_DATA2_N~0
-2.250016e-10 (A)  WCPL_Trace1126::MIPI_DSI1_DATA2_N~1
5.000000e-12 (A)  WCPL_Trace1126::MIPI_DSI1_DATA2_N~2
5.000000e-12 (A)  WCPL_Trace1148::MIPI_DSI1_DATA2_N~0
-2.350017e-10 (A)  WCPL_Trace1148::MIPI_DSI1_DATA2_N~1
5.000000e-12 (A)  WCPL_Trace1148::MIPI_DSI1_DATA2_N~2
5.000000e-12 (A)  WCPL_Trace1170_Auto_2588::MIPI_DSI1_DATA2_N~0
-2.475018e-10 (A)  WCPL_Trace1170_Auto_2588::MIPI_DSI1_DATA2_N~1
5.000000e-12 (A)  WCPL_Trace1170_Auto_2588::MIPI_DSI1_DATA2_N~2
5.000000e-12 (A)  WCPL_Trace1170_Auto_2588::MIPI_DSI1_DATA2_N~3
-2.325010e-10 (A)  WCPL_Trace1170_Auto_2588::MIPI_DSI1_DATA2_N~4
5.000000e-12 (A)  WCPL_Trace1170_Auto_2593::MIPI_DSI1_DATA2_N~0
-2.450018e-10 (A)  WCPL_Trace1170_Auto_2593::MIPI_DSI1_DATA2_N~1
5.000000e-12 (A)  WCPL_Trace1170_Auto_2593::MIPI_DSI1_DATA2_N~2
5.000000e-12 (A)  WCPL_Trace1170_Auto_2593::MIPI_DSI1_DATA2_N~3
-5.000000e-12 (A)  WCPL_Trace1185::MIPI_DSI1_DATA2_N~0
2.800014e-10 (A)  WCPL_Trace1185::MIPI_DSI1_DATA2_N~1
-5.000000e-12 (A)  WCPL_Trace1185_Auto_2519::MIPI_DSI1_DATA2_N~0
2.675013e-10 (A)  WCPL_Trace1185_Auto_2519::MIPI_DSI1_DATA2_N~1
-3.750004e-11 (A)  WCPL_Trace1188_Auto_939::MIPI_DSI1_DATA2_P~0
5.000000e-12 (A)  WCPL_Trace1188_Auto_939::MIPI_DSI1_DATA2_P~1
-3.500009e-11 (A)  WCPL_Trace1188_Auto_939::MIPI_DSI1_DATA2_P~2
5.000000e-12 (A)  WCPL_Trace1188_Auto_939::MIPI_DSI1_DATA2_P~3
-4.000002e-11 (A)  WCPL_Trace1188_Auto_953::MIPI_DSI1_DATA2_P~0
5.000000e-12 (A)  WCPL_Trace1188_Auto_953::MIPI_DSI1_DATA2_P~1
-3.750011e-11 (A)  WCPL_Trace1188_Auto_953::MIPI_DSI1_DATA2_P~2
5.000000e-12 (A)  WCPL_Trace1188_Auto_953::MIPI_DSI1_DATA2_P~3
-4.500003e-11 (A)  WCPL_Trace1190::MIPI_DSI1_DATA2_P~0
5.000000e-12 (A)  WCPL_Trace1190::MIPI_DSI1_DATA2_P~1
-4.000010e-11 (A)  WCPL_Trace1190::MIPI_DSI1_DATA2_P~2
5.000000e-12 (A)  WCPL_Trace1190::MIPI_DSI1_DATA2_P~3
-5.000002e-11 (A)  WCPL_Trace1192::MIPI_DSI1_DATA2_P~0
5.000000e-12 (A)  WCPL_Trace1192::MIPI_DSI1_DATA2_P~1
-4.250014e-11 (A)  WCPL_Trace1192::MIPI_DSI1_DATA2_P~2
5.000000e-12 (A)  WCPL_Trace1192::MIPI_DSI1_DATA2_P~3
-5.500010e-11 (A)  WCPL_Trace1193::MIPI_DSI1_DATA2_P~0
5.000000e-12 (A)  WCPL_Trace1193::MIPI_DSI1_DATA2_P~1
-6.000013e-11 (A)  WCPL_Trace1193::MIPI_DSI1_DATA2_P~2
5.000000e-12 (A)  WCPL_Trace1193::MIPI_DSI1_DATA2_P~3
-5.750017e-11 (A)  WCPL_Trace1194::MIPI_DSI1_DATA2_P~0
5.000000e-12 (A)  WCPL_Trace1194::MIPI_DSI1_DATA2_P~1
-7.750030e-11 (A)  WCPL_Trace1208#BP1_Auto_2872::MIPI_DSI1_DATA2_P~0
5.000000e-12 (A)  WCPL_Trace1208#BP1_Auto_2872::MIPI_DSI1_DATA2_P~1
-8.000028e-11 (A)  WCPL_Trace1209::MIPI_DSI1_DATA2_P~0
5.000000e-12 (A)  WCPL_Trace1209::MIPI_DSI1_DATA2_P~1
-8.500025e-11 (A)  WCPL_Trace1210_Auto_2870::MIPI_DSI1_DATA2_P~0
5.000000e-12 (A)  WCPL_Trace1210_Auto_2870::MIPI_DSI1_DATA2_P~1
-1.125003e-10 (A)  WCPL_Trace1236_Auto_2890::MIPI_DSI1_DATA2_P~0
5.000000e-12 (A)  WCPL_Trace1236_Auto_2890::MIPI_DSI1_DATA2_P~1
-5.000000e-12 (A)  WCPL_Trace1236_Auto_2890::MIPI_DSI1_DATA2_P~2
1.025004e-10 (A)  WCPL_Trace1236_Auto_2890::MIPI_DSI1_DATA2_P~3
-1.375005e-10 (A)  WCPL_Trace1253_Auto_2125::MIPI_DSI1_DATA2_P~0
5.000000e-12 (A)  WCPL_Trace1253_Auto_2125::MIPI_DSI1_DATA2_P~1
-1.450005e-10 (A)  WCPL_Trace1258_Auto_2128::MIPI_DSI1_DATA2_P~0
5.000000e-12 (A)  WCPL_Trace1258_Auto_2128::MIPI_DSI1_DATA2_P~1
-1.500006e-10 (A)  WCPL_Trace1262::MIPI_DSI1_DATA2_P~0
5.000000e-12 (A)  WCPL_Trace1262::MIPI_DSI1_DATA2_P~1
-1.600007e-10 (A)  WCPL_Trace1266::MIPI_DSI1_DATA2_P~0
5.000000e-12 (A)  WCPL_Trace1266::MIPI_DSI1_DATA2_P~1
-1.675006e-10 (A)  WCPL_Trace1267_Auto_2133::MIPI_DSI1_DATA2_P~0
5.000000e-12 (A)  WCPL_Trace1267_Auto_2133::MIPI_DSI1_DATA2_P~1
-1.775007e-10 (A)  WCPL_Trace1284::MIPI_DSI1_DATA2_P~0
1.725006e-10 (A)  WCPL_Trace1284::MIPI_DSI1_DATA2_P~1
-2.100010e-10 (A)  WCPL_Trace1328::MIPI_DSI1_DATA2_P~0
2.050011e-10 (A)  WCPL_Trace1328::MIPI_DSI1_DATA2_P~1
-2.000010e-10 (A)  WCPL_Trace1328::MIPI_DSI1_DATA2_P~2
-2.175011e-10 (A)  WCPL_Trace1334_Auto_2542::MIPI_DSI1_DATA2_P~0
5.000000e-12 (A)  WCPL_Trace1334_Auto_2542::MIPI_DSI1_DATA2_P~1
-1.875013e-10 (A)  WCPL_Trace1334_Auto_2542::MIPI_DSI1_DATA2_P~2
5.000000e-12 (A)  WCPL_Trace1334_Auto_2542::MIPI_DSI1_DATA2_P~3
-2.225011e-10 (A)  WCPL_Trace1334_Auto_2552::MIPI_DSI1_DATA2_P~0
5.000000e-12 (A)  WCPL_Trace1334_Auto_2552::MIPI_DSI1_DATA2_P~1
-2.325012e-10 (A)  WCPL_Trace1338_Auto_2478::MIPI_DSI1_DATA2_P~0
5.000000e-12 (A)  WCPL_Trace1338_Auto_2478::MIPI_DSI1_DATA2_P~1
-1.950014e-10 (A)  WCPL_Trace1338_Auto_2478::MIPI_DSI1_DATA2_P~2
-2.375012e-10 (A)  WCPL_Trace1338_Auto_2536::MIPI_DSI1_DATA2_P~0
5.000000e-12 (A)  WCPL_Trace1338_Auto_2536::MIPI_DSI1_DATA2_P~1
-2.000014e-10 (A)  WCPL_Trace1338_Auto_2536::MIPI_DSI1_DATA2_P~2
5.000000e-12 (A)  WCPL_Trace1338_Auto_2536::MIPI_DSI1_DATA2_P~3
-2.575013e-10 (A)  WCPL_Trace1338_Auto_2554::MIPI_DSI1_DATA2_P~0
5.000000e-12 (A)  WCPL_Trace1338_Auto_2554::MIPI_DSI1_DATA2_P~1
-2.400018e-10 (A)  WCPL_Trace1338_Auto_2554::MIPI_DSI1_DATA2_P~2
5.000000e-12 (A)  WCPL_Trace1338_Auto_2554::MIPI_DSI1_DATA2_P~3
-2.475013e-10 (A)  WCPL_Trace1338_Auto_2595::MIPI_DSI1_DATA2_P~0
5.000000e-12 (A)  WCPL_Trace1338_Auto_2595::MIPI_DSI1_DATA2_P~1
-2.200016e-10 (A)  WCPL_Trace1338_Auto_2595::MIPI_DSI1_DATA2_P~2
5.000000e-12 (A)  WCPL_Trace1338_Auto_2595::MIPI_DSI1_DATA2_P~3
-2.525013e-10 (A)  WCPL_Trace1338_Auto_2601::MIPI_DSI1_DATA2_P~0
5.000000e-12 (A)  WCPL_Trace1338_Auto_2601::MIPI_DSI1_DATA2_P~1
-2.300017e-10 (A)  WCPL_Trace1338_Auto_2601::MIPI_DSI1_DATA2_P~2
5.000000e-12 (A)  WCPL_Trace1338_Auto_2601::MIPI_DSI1_DATA2_P~3
-2.425012e-10 (A)  WCPL_Trace1338_Auto_2607::MIPI_DSI1_DATA2_P~0
5.000000e-12 (A)  WCPL_Trace1338_Auto_2607::MIPI_DSI1_DATA2_P~1
-2.100015e-10 (A)  WCPL_Trace1338_Auto_2607::MIPI_DSI1_DATA2_P~2
5.000000e-12 (A)  WCPL_Trace1338_Auto_2607::MIPI_DSI1_DATA2_P~3
-2.625013e-10 (A)  WCPL_Trace1338_Auto_2616::MIPI_DSI1_DATA2_P~0
5.000000e-12 (A)  WCPL_Trace1338_Auto_2616::MIPI_DSI1_DATA2_P~1
-2.525018e-10 (A)  WCPL_Trace1338_Auto_2616::MIPI_DSI1_DATA2_P~2
5.000000e-12 (A)  WCPL_Trace1338_Auto_2616::MIPI_DSI1_DATA2_P~3
5.000000e-12 (A)  WCPL_Trace1338_Auto_2616::MIPI_DSI1_DATA2_P~4
-2.375011e-10 (A)  WCPL_Trace1338_Auto_2616::MIPI_DSI1_DATA2_P~5
-2.825014e-10 (A)  WCPL_Trace1342_Auto_2468::MIPI_DSI1_DATA2_P~0
5.000000e-12 (A)  WCPL_Trace1342_Auto_2468::MIPI_DSI1_DATA2_P~1
-2.850021e-10 (A)  WCPL_Trace1342_Auto_2468::MIPI_DSI1_DATA2_P~2
-2.850013e-10 (A)  WCPL_Trace1342_Auto_2469::MIPI_DSI1_DATA2_P~0
5.000000e-12 (A)  WCPL_Trace1342_Auto_2469::MIPI_DSI1_DATA2_P~1
-2.925013e-10 (A)  WCPL_Trace1343_Auto_2181::MIPI_DSI1_DATA2_P~0
5.000000e-12 (A)  WCPL_Trace1343_Auto_2181::MIPI_DSI1_DATA2_P~1
-2.825020e-10 (A)  WCPL_Trace1343_Auto_2181::MIPI_DSI1_DATA2_P~2
5.000000e-12 (A)  WCPL_Trace1355::MIPI_DSI1_DATA1_N~0
5.000000e-12 (A)  WCPL_Trace1355::MIPI_DSI1_DATA1_N~1
-4.500016e-11 (A)  WCPL_Trace1355::MIPI_DSI1_DATA1_N~2
5.000000e-12 (A)  WCPL_Trace1357_Auto_1786::MIPI_DSI1_DATA1_N~0
5.000000e-12 (A)  WCPL_Trace1357_Auto_1786::MIPI_DSI1_DATA1_N~1
-6.500022e-11 (A)  WCPL_Trace1357_Auto_1786::MIPI_DSI1_DATA1_N~2
-7.500022e-11 (A)  WCPL_Trace1357_Auto_1786::MIPI_DSI1_DATA1_N~3
5.000000e-12 (A)  WCPL_Trace1357_Auto_1786::MIPI_DSI1_DATA1_N~4
5.000000e-12 (A)  WCPL_Trace1360::MIPI_DSI1_DATA1_N~0
5.000000e-12 (A)  WCPL_Trace1360::MIPI_DSI1_DATA1_N~1
-7.250023e-11 (A)  WCPL_Trace1360::MIPI_DSI1_DATA1_N~2
-8.250030e-11 (A)  WCPL_Trace1360::MIPI_DSI1_DATA1_N~3
5.000000e-12 (A)  WCPL_Trace1360::MIPI_DSI1_DATA1_N~4
5.000000e-12 (A)  WCPL_Trace1376_Auto_115::MIPI_DSI1_DATA1_N~0
-5.000000e-12 (A)  WCPL_Trace1376_Auto_115::MIPI_DSI1_DATA1_N~1
5.000000e-12 (A)  WCPL_Trace1382::MIPI_DSI1_DATA1_N~0
5.000000e-12 (A)  WCPL_Trace1382::MIPI_DSI1_DATA1_N~1
-7.750029e-11 (A)  WCPL_Trace1382::MIPI_DSI1_DATA1_N~2
-8.750028e-11 (A)  WCPL_Trace1382::MIPI_DSI1_DATA1_N~3
5.000000e-12 (A)  WCPL_Trace1382::MIPI_DSI1_DATA1_N~4
5.000000e-12 (A)  WCPL_Trace1383::MIPI_DSI1_DATA1_N~0
5.000000e-12 (A)  WCPL_Trace1383::MIPI_DSI1_DATA1_N~1
-8.250028e-11 (A)  WCPL_Trace1383::MIPI_DSI1_DATA1_N~2
-9.250031e-11 (A)  WCPL_Trace1383::MIPI_DSI1_DATA1_N~3
5.000000e-12 (A)  WCPL_Trace1383::MIPI_DSI1_DATA1_N~4
5.000000e-12 (A)  WCPL_Trace1399_Auto_100::MIPI_DSI1_DATA1_N~0
-5.000000e-12 (A)  WCPL_Trace1399_Auto_100::MIPI_DSI1_DATA1_N~1
8.750069e-11 (A)  WCPL_Trace1399_Auto_100::MIPI_DSI1_DATA1_N~2
5.000000e-12 (A)  WCPL_Trace1399_Auto_101::MIPI_DSI1_DATA1_N~0
-5.000000e-12 (A)  WCPL_Trace1399_Auto_101::MIPI_DSI1_DATA1_N~1
5.000000e-12 (A)  WCPL_Trace1405::MIPI_DSI1_DATA1_N~0
5.000000e-12 (A)  WCPL_Trace1405::MIPI_DSI1_DATA1_N~1
-8.750028e-11 (A)  WCPL_Trace1405::MIPI_DSI1_DATA1_N~2
-9.750032e-11 (A)  WCPL_Trace1405::MIPI_DSI1_DATA1_N~3
5.000000e-12 (A)  WCPL_Trace1405::MIPI_DSI1_DATA1_N~4
5.000000e-12 (A)  WCPL_Trace1406::MIPI_DSI1_DATA1_N~0
5.000000e-12 (A)  WCPL_Trace1406::MIPI_DSI1_DATA1_N~1
-9.250034e-11 (A)  WCPL_Trace1406::MIPI_DSI1_DATA1_N~2
-1.025004e-10 (A)  WCPL_Trace1406::MIPI_DSI1_DATA1_N~3
5.000000e-12 (A)  WCPL_Trace1406::MIPI_DSI1_DATA1_N~4
5.000000e-12 (A)  WCPL_Trace1407::MIPI_DSI1_DATA1_N~0
5.000000e-12 (A)  WCPL_Trace1407::MIPI_DSI1_DATA1_N~1
-1.025005e-10 (A)  WCPL_Trace1407::MIPI_DSI1_DATA1_N~2
-5.000000e-12 (A)  WCPL_Trace1451_Auto_2481::MIPI_DSI1_DATA1_N~0
2.625019e-10 (A)  WCPL_Trace1451_Auto_2481::MIPI_DSI1_DATA1_N~1
-5.000000e-12 (A)  WCPL_Trace1451_Auto_2481::MIPI_DSI1_DATA1_N~2
-5.000000e-12 (A)  WCPL_Trace1453::MIPI_DSI1_DATA1_N~0
2.750020e-10 (A)  WCPL_Trace1453::MIPI_DSI1_DATA1_N~1
-5.000000e-12 (A)  WCPL_Trace1453::MIPI_DSI1_DATA1_N~2
2.750013e-10 (A)  WCPL_Trace1453::MIPI_DSI1_DATA1_N~3
-5.000000e-12 (A)  WCPL_Trace1453_Auto_2514::MIPI_DSI1_DATA1_N~0
2.700019e-10 (A)  WCPL_Trace1453_Auto_2514::MIPI_DSI1_DATA1_N~1
-5.000000e-12 (A)  WCPL_Trace1453_Auto_2514::MIPI_DSI1_DATA1_N~2
2.700013e-10 (A)  WCPL_Trace1453_Auto_2514::MIPI_DSI1_DATA1_N~3
-4.000023e-11 (A)  WCPL_Trace1563_Auto_1758::MIPI_DSI1_DATA1_P~0
5.000000e-12 (A)  WCPL_Trace1563_Auto_1758::MIPI_DSI1_DATA1_P~1
5.000000e-12 (A)  WCPL_Trace1563_Auto_1758::MIPI_DSI1_DATA1_P~2
-5.250016e-11 (A)  WCPL_Trace1563_Auto_1758::MIPI_DSI1_DATA1_P~3
-4.500024e-11 (A)  WCPL_Trace1567::MIPI_DSI1_DATA1_P~0
5.000000e-12 (A)  WCPL_Trace1567::MIPI_DSI1_DATA1_P~1
5.000000e-12 (A)  WCPL_Trace1567::MIPI_DSI1_DATA1_P~2
-7.000023e-11 (A)  WCPL_Trace1567::MIPI_DSI1_DATA1_P~3
-8.000027e-11 (A)  WCPL_Trace1567::MIPI_DSI1_DATA1_P~4
5.000000e-12 (A)  WCPL_Trace1567::MIPI_DSI1_DATA1_P~5
-7.750054e-11 (A)  WCPL_Trace1590::MIPI_DSI1_DATA1_P~0
5.000000e-12 (A)  WCPL_Trace1590::MIPI_DSI1_DATA1_P~1
5.000000e-12 (A)  WCPL_Trace1590::MIPI_DSI1_DATA1_P~2
-8.000027e-11 (A)  WCPL_Trace1590::MIPI_DSI1_DATA1_P~3
-9.000031e-11 (A)  WCPL_Trace1590::MIPI_DSI1_DATA1_P~4
5.000000e-12 (A)  WCPL_Trace1590::MIPI_DSI1_DATA1_P~5
-9.750082e-11 (A)  WCPL_Trace1607_Auto_109::MIPI_DSI1_DATA1_P~0
5.000000e-12 (A)  WCPL_Trace1607_Auto_109::MIPI_DSI1_DATA1_P~1
-5.000000e-12 (A)  WCPL_Trace1607_Auto_109::MIPI_DSI1_DATA1_P~2
8.500067e-11 (A)  WCPL_Trace1607_Auto_109::MIPI_DSI1_DATA1_P~3
-7.000039e-11 (A)  WCPL_Trace1607_Auto_109::MIPI_DSI1_DATA1_P~4
5.000000e-12 (A)  WCPL_Trace1607_Auto_109::MIPI_DSI1_DATA1_P~5
-5.000000e-12 (A)  WCPL_Trace1607_Auto_109::MIPI_DSI1_DATA1_P~6
5.250020e-11 (A)  WCPL_Trace1607_Auto_109::MIPI_DSI1_DATA1_P~7
-1.050008e-10 (A)  WCPL_Trace1613::MIPI_DSI1_DATA1_P~0
5.000000e-12 (A)  WCPL_Trace1613::MIPI_DSI1_DATA1_P~1
5.000000e-12 (A)  WCPL_Trace1613::MIPI_DSI1_DATA1_P~2
-9.000034e-11 (A)  WCPL_Trace1613::MIPI_DSI1_DATA1_P~3
-1.000004e-10 (A)  WCPL_Trace1613::MIPI_DSI1_DATA1_P~4
5.000000e-12 (A)  WCPL_Trace1613::MIPI_DSI1_DATA1_P~5
-1.100008e-10 (A)  WCPL_Trace1617_Auto_590::MIPI_DSI1_DATA1_P~0
5.000000e-12 (A)  WCPL_Trace1617_Auto_590::MIPI_DSI1_DATA1_P~1
5.000000e-12 (A)  WCPL_Trace1617_Auto_590::MIPI_DSI1_DATA1_P~2
-1.075005e-10 (A)  WCPL_Trace1617_Auto_590::MIPI_DSI1_DATA1_P~3
-1.125007e-10 (A)  WCPL_Trace1617_Auto_601::MIPI_DSI1_DATA1_P~0
5.000000e-12 (A)  WCPL_Trace1617_Auto_601::MIPI_DSI1_DATA1_P~1
-1.250009e-10 (A)  WCPL_Trace1621::MIPI_DSI1_DATA1_P~0
5.000000e-12 (A)  WCPL_Trace1621::MIPI_DSI1_DATA1_P~1
-1.500011e-10 (A)  WCPL_Trace1660_Auto_56::MIPI_DSI1_DATA1_P~0
1.400009e-10 (A)  WCPL_Trace1660_Auto_56::MIPI_DSI1_DATA1_P~1
-1.350008e-10 (A)  WCPL_Trace1660_Auto_56::MIPI_DSI1_DATA1_P~2
1.300009e-10 (A)  WCPL_Trace1660_Auto_56::MIPI_DSI1_DATA1_P~3
-1.650011e-10 (A)  WCPL_Trace1666#BP0::MIPI_DSI1_DATA1_P~0
5.000000e-12 (A)  WCPL_Trace1666#BP0::MIPI_DSI1_DATA1_P~1
-1.550010e-10 (A)  WCPL_Trace1666::MIPI_DSI1_DATA1_P~0
5.000000e-12 (A)  WCPL_Trace1666::MIPI_DSI1_DATA1_P~1
-1.600011e-10 (A)  WCPL_Trace1666_Auto_181::MIPI_DSI1_DATA1_P~0
5.000000e-12 (A)  WCPL_Trace1666_Auto_181::MIPI_DSI1_DATA1_P~1
-2.025015e-10 (A)  WCPL_Trace1677_Auto_2531::MIPI_DSI1_DATA1_P~0
5.000000e-12 (A)  WCPL_Trace1677_Auto_2531::MIPI_DSI1_DATA1_P~1
-2.075015e-10 (A)  WCPL_Trace1677_Auto_2561::MIPI_DSI1_DATA1_P~0
5.000000e-12 (A)  WCPL_Trace1677_Auto_2561::MIPI_DSI1_DATA1_P~1
-2.375017e-10 (A)  WCPL_Trace1677_Auto_2565::MIPI_DSI1_DATA1_P~0
5.000000e-12 (A)  WCPL_Trace1677_Auto_2565::MIPI_DSI1_DATA1_P~1
-2.175016e-10 (A)  WCPL_Trace1677_Auto_2569::MIPI_DSI1_DATA1_P~0
5.000000e-12 (A)  WCPL_Trace1677_Auto_2569::MIPI_DSI1_DATA1_P~1
-2.275017e-10 (A)  WCPL_Trace1677_Auto_2573::MIPI_DSI1_DATA1_P~0
5.000000e-12 (A)  WCPL_Trace1677_Auto_2573::MIPI_DSI1_DATA1_P~1
-2.500018e-10 (A)  WCPL_Trace1677_Auto_2577::MIPI_DSI1_DATA1_P~0
5.000000e-12 (A)  WCPL_Trace1677_Auto_2577::MIPI_DSI1_DATA1_P~1
5.000000e-12 (A)  WCPL_Trace1677_Auto_2577::MIPI_DSI1_DATA1_P~2
-2.350011e-10 (A)  WCPL_Trace1677_Auto_2577::MIPI_DSI1_DATA1_P~3
-2.425018e-10 (A)  WCPL_Trace1677_Auto_2582::MIPI_DSI1_DATA1_P~0
5.000000e-12 (A)  WCPL_Trace1677_Auto_2582::MIPI_DSI1_DATA1_P~1
-2.225016e-10 (A)  WCPL_Trace1677_Auto_2598::MIPI_DSI1_DATA1_P~0
5.000000e-12 (A)  WCPL_Trace1677_Auto_2598::MIPI_DSI1_DATA1_P~1
-2.325017e-10 (A)  WCPL_Trace1677_Auto_2604::MIPI_DSI1_DATA1_P~0
5.000000e-12 (A)  WCPL_Trace1677_Auto_2604::MIPI_DSI1_DATA1_P~1
-2.125015e-10 (A)  WCPL_Trace1677_Auto_2610::MIPI_DSI1_DATA1_P~0
5.000000e-12 (A)  WCPL_Trace1677_Auto_2610::MIPI_DSI1_DATA1_P~1
2.775020e-10 (A)  WCPL_Trace1683::MIPI_DSI1_DATA1_P~0
-5.000000e-12 (A)  WCPL_Trace1683::MIPI_DSI1_DATA1_P~1
2.775013e-10 (A)  WCPL_Trace1683::MIPI_DSI1_DATA1_P~2
5.000000e-12 (A)  WCPL_Trace1694_Auto_895::MIPI_DSI1_DATA0_N~0
-2.500020e-11 (A)  WCPL_Trace1694_Auto_895::MIPI_DSI1_DATA0_N~1
5.000000e-12 (A)  WCPL_Trace1694_Auto_895::MIPI_DSI1_DATA0_N~2
5.000000e-12 (A)  WCPL_Trace1694_Auto_895::MIPI_DSI1_DATA0_N~3
-2.750007e-11 (A)  WCPL_Trace1694_Auto_895::MIPI_DSI1_DATA0_N~4
-2.500009e-11 (A)  WCPL_Trace1694_Auto_895::MIPI_DSI1_DATA0_N~5
5.000000e-12 (A)  WCPL_Trace1694_Auto_895::MIPI_DSI1_DATA0_N~6
-2.250006e-11 (A)  WCPL_Trace1694_Auto_895::MIPI_DSI1_DATA0_N~7
5.000000e-12 (A)  WCPL_Trace1694_Auto_895::MIPI_DSI1_DATA0_N~8
5.000000e-12 (A)  WCPL_Trace1695::MIPI_DSI1_DATA0_N~0
-3.500022e-11 (A)  WCPL_Trace1695::MIPI_DSI1_DATA0_N~1
5.000000e-12 (A)  WCPL_Trace1695::MIPI_DSI1_DATA0_N~2
5.000000e-12 (A)  WCPL_Trace1695::MIPI_DSI1_DATA0_N~3
-4.750016e-11 (A)  WCPL_Trace1695::MIPI_DSI1_DATA0_N~4
-5.000000e-12 (A)  WCPL_Trace1701_Auto_69::MIPI_DSI1_DATA0_N~0
3.750008e-11 (A)  WCPL_Trace1701_Auto_69::MIPI_DSI1_DATA0_N~1
-4.750012e-11 (A)  WCPL_Trace1701_Auto_69::MIPI_DSI1_DATA0_N~2
5.000000e-12 (A)  WCPL_Trace1710_Auto_64::MIPI_DSI1_DATA0_N~0
-5.000000e-12 (A)  WCPL_Trace1710_Auto_64::MIPI_DSI1_DATA0_N~1
-5.000000e-12 (A)  WCPL_Trace1718_Auto_60::MIPI_DSI1_DATA0_N~0
6.750028e-11 (A)  WCPL_Trace1718_Auto_60::MIPI_DSI1_DATA0_N~1
-7.750043e-11 (A)  WCPL_Trace1718_Auto_60::MIPI_DSI1_DATA0_N~2
5.000000e-12 (A)  WCPL_Trace1718_Auto_60::MIPI_DSI1_DATA0_N~3
5.000000e-12 (A)  WCPL_Trace1724::MIPI_DSI1_DATA0_N~0
-6.000032e-11 (A)  WCPL_Trace1724::MIPI_DSI1_DATA0_N~1
5.000000e-12 (A)  WCPL_Trace1725::MIPI_DSI1_DATA0_N~0
-6.250031e-11 (A)  WCPL_Trace1725::MIPI_DSI1_DATA0_N~1
-5.000000e-12 (A)  WCPL_Trace1764_Auto_2163::MIPI_DSI1_DATA0_N~0
1.525010e-10 (A)  WCPL_Trace1764_Auto_2163::MIPI_DSI1_DATA0_N~1
-1.475009e-10 (A)  WCPL_Trace1764_Auto_2163::MIPI_DSI1_DATA0_N~2
5.000000e-12 (A)  WCPL_Trace1764_Auto_2163::MIPI_DSI1_DATA0_N~3
-5.000000e-12 (A)  WCPL_Trace1786_Auto_2156::MIPI_DSI1_DATA0_N~0
1.725011e-10 (A)  WCPL_Trace1786_Auto_2156::MIPI_DSI1_DATA0_N~1
-1.675011e-10 (A)  WCPL_Trace1786_Auto_2156::MIPI_DSI1_DATA0_N~2
5.000000e-12 (A)  WCPL_Trace1786_Auto_2156::MIPI_DSI1_DATA0_N~3
-5.000000e-12 (A)  WCPL_Trace1786_Auto_2156::MIPI_DSI1_DATA0_N~4
1.550011e-10 (A)  WCPL_Trace1786_Auto_2156::MIPI_DSI1_DATA0_N~5
-1.450009e-10 (A)  WCPL_Trace1786_Auto_2156::MIPI_DSI1_DATA0_N~6
5.000000e-12 (A)  WCPL_Trace1786_Auto_2156::MIPI_DSI1_DATA0_N~7
-5.000000e-12 (A)  WCPL_Trace1806_Auto_2178::MIPI_DSI1_DATA0_N~0
2.225014e-10 (A)  WCPL_Trace1806_Auto_2178::MIPI_DSI1_DATA0_N~1
-5.000000e-12 (A)  WCPL_Trace1812_Auto_2631::MIPI_DSI1_DATA0_N~0
2.275015e-10 (A)  WCPL_Trace1812_Auto_2631::MIPI_DSI1_DATA0_N~1
-5.000000e-12 (A)  WCPL_Trace1814_Auto_2502::MIPI_DSI1_DATA0_N~0
2.375015e-10 (A)  WCPL_Trace1814_Auto_2502::MIPI_DSI1_DATA0_N~1
2.450011e-10 (A)  WCPL_Trace1814_Auto_2502::MIPI_DSI1_DATA0_N~2
-5.000000e-12 (A)  WCPL_Trace1814_Auto_2503::MIPI_DSI1_DATA0_N~0
2.350015e-10 (A)  WCPL_Trace1814_Auto_2503::MIPI_DSI1_DATA0_N~1
-5.000000e-12 (A)  WCPL_Trace1814_Auto_2505::MIPI_DSI1_DATA0_N~0
2.300015e-10 (A)  WCPL_Trace1814_Auto_2505::MIPI_DSI1_DATA0_N~1
-5.000000e-12 (A)  WCPL_Trace1815_Auto_2187::MIPI_DSI1_DATA0_N~0
2.475015e-10 (A)  WCPL_Trace1815_Auto_2187::MIPI_DSI1_DATA0_N~1
2.600012e-10 (A)  WCPL_Trace1815_Auto_2187::MIPI_DSI1_DATA0_N~2
-5.000000e-12 (A)  WCPL_Trace1815_Auto_2187::MIPI_DSI1_DATA0_N~3
-5.000000e-12 (A)  WCPL_Trace1815_Auto_2187::MIPI_DSI1_DATA0_N~4
2.900021e-10 (A)  WCPL_Trace1815_Auto_2187::MIPI_DSI1_DATA0_N~5
-5.000000e-12 (A)  WCPL_Trace1815_Auto_2187::MIPI_DSI1_DATA0_N~6
3.000014e-10 (A)  WCPL_Trace1815_Auto_2187::MIPI_DSI1_DATA0_N~7
-1.275008e-10 (A)  WCPL_Trace1818_Auto_2137::MIPI_DSI1_DATA0_P~0
5.000000e-12 (A)  WCPL_Trace1818_Auto_2137::MIPI_DSI1_DATA0_P~1
-1.350009e-10 (A)  WCPL_Trace1822_Auto_2140::MIPI_DSI1_DATA0_P~0
5.000000e-12 (A)  WCPL_Trace1822_Auto_2140::MIPI_DSI1_DATA0_P~1
1.750012e-10 (A)  WCPL_Trace1861_Auto_2160::MIPI_DSI1_DATA0_P~0
-1.650011e-10 (A)  WCPL_Trace1861_Auto_2160::MIPI_DSI1_DATA0_P~1
-1.825011e-10 (A)  WCPL_Trace1868::MIPI_DSI1_DATA0_P~0
5.000000e-12 (A)  WCPL_Trace1868::MIPI_DSI1_DATA0_P~1
-1.875011e-10 (A)  WCPL_Trace1875::MIPI_DSI1_DATA0_P~0
5.000000e-12 (A)  WCPL_Trace1875::MIPI_DSI1_DATA0_P~1
-5.000000e-12 (A)  WCPL_Trace1875::MIPI_DSI1_DATA0_P~2
2.200014e-10 (A)  WCPL_Trace1875::MIPI_DSI1_DATA0_P~3
-1.975012e-10 (A)  WCPL_Trace1878_Auto_2171::MIPI_DSI1_DATA0_P~0
5.000000e-12 (A)  WCPL_Trace1878_Auto_2171::MIPI_DSI1_DATA0_P~1
-2.050013e-10 (A)  WCPL_Trace1879_Auto_2471::MIPI_DSI1_DATA0_P~0
5.000000e-12 (A)  WCPL_Trace1879_Auto_2471::MIPI_DSI1_DATA0_P~1
-2.125013e-10 (A)  WCPL_Trace1880_Auto_2169::MIPI_DSI1_DATA0_P~0
5.000000e-12 (A)  WCPL_Trace1880_Auto_2169::MIPI_DSI1_DATA0_P~1
2.400014e-10 (A)  WCPL_Trace1889::MIPI_DSI1_DATA0_P~0
2.475011e-10 (A)  WCPL_Trace1889::MIPI_DSI1_DATA0_P~1
-5.000000e-12 (A)  WCPL_Trace1889::MIPI_DSI1_DATA0_P~2
-5.000000e-12 (A)  WCPL_Trace1889::MIPI_DSI1_DATA0_P~3
-1.250003e-11 (A)  WCPL_Trace1896::MIPI_DSI1_DATA0_P~0
5.000000e-12 (A)  WCPL_Trace1896::MIPI_DSI1_DATA0_P~1
-1.500003e-11 (A)  WCPL_Trace1896::MIPI_DSI1_DATA0_P~2
5.000000e-12 (A)  WCPL_Trace1896::MIPI_DSI1_DATA0_P~3
5.000000e-12 (A)  WCPL_Trace1896::MIPI_DSI1_DATA0_P~4
-1.750000e-11 (A)  WCPL_Trace1896::MIPI_DSI1_DATA0_P~5
-1.500003e-11 (A)  WCPL_Trace1896::MIPI_DSI1_DATA0_P~6
5.000000e-12 (A)  WCPL_Trace1896::MIPI_DSI1_DATA0_P~7
-1.250004e-11 (A)  WCPL_Trace1896::MIPI_DSI1_DATA0_P~8
5.000000e-12 (A)  WCPL_Trace1896::MIPI_DSI1_DATA0_P~9
-1.500004e-11 (A)  WCPL_Trace1897::MIPI_DSI1_DATA0_P~0
5.000000e-12 (A)  WCPL_Trace1897::MIPI_DSI1_DATA0_P~1
-1.750003e-11 (A)  WCPL_Trace1897::MIPI_DSI1_DATA0_P~2
5.000000e-12 (A)  WCPL_Trace1897::MIPI_DSI1_DATA0_P~3
5.000000e-12 (A)  WCPL_Trace1897::MIPI_DSI1_DATA0_P~4
-2.000002e-11 (A)  WCPL_Trace1897::MIPI_DSI1_DATA0_P~5
-1.750003e-11 (A)  WCPL_Trace1897::MIPI_DSI1_DATA0_P~6
5.000000e-12 (A)  WCPL_Trace1897::MIPI_DSI1_DATA0_P~7
-1.500001e-11 (A)  WCPL_Trace1897::MIPI_DSI1_DATA0_P~8
5.000000e-12 (A)  WCPL_Trace1897::MIPI_DSI1_DATA0_P~9
-2.000004e-11 (A)  WCPL_Trace1899::MIPI_DSI1_DATA0_P~0
5.000000e-12 (A)  WCPL_Trace1899::MIPI_DSI1_DATA0_P~1
-2.000010e-11 (A)  WCPL_Trace1899::MIPI_DSI1_DATA0_P~2
5.000000e-12 (A)  WCPL_Trace1899::MIPI_DSI1_DATA0_P~3
5.000000e-12 (A)  WCPL_Trace1899::MIPI_DSI1_DATA0_P~4
-2.250001e-11 (A)  WCPL_Trace1899::MIPI_DSI1_DATA0_P~5
-2.000001e-11 (A)  WCPL_Trace1899::MIPI_DSI1_DATA0_P~6
5.000000e-12 (A)  WCPL_Trace1899::MIPI_DSI1_DATA0_P~7
-1.749999e-11 (A)  WCPL_Trace1899::MIPI_DSI1_DATA0_P~8
5.000000e-12 (A)  WCPL_Trace1899::MIPI_DSI1_DATA0_P~9
-2.250005e-11 (A)  WCPL_Trace1900::MIPI_DSI1_DATA0_P~0
5.000000e-12 (A)  WCPL_Trace1900::MIPI_DSI1_DATA0_P~1
-3.750024e-11 (A)  WCPL_Trace1900::MIPI_DSI1_DATA0_P~2
5.000000e-12 (A)  WCPL_Trace1900::MIPI_DSI1_DATA0_P~3
5.000000e-12 (A)  WCPL_Trace1900::MIPI_DSI1_DATA0_P~4
-5.000013e-11 (A)  WCPL_Trace1900::MIPI_DSI1_DATA0_P~5
-2.750009e-11 (A)  WCPL_Trace1904::MIPI_DSI1_DATA0_P~0
5.000000e-12 (A)  WCPL_Trace1904::MIPI_DSI1_DATA0_P~1
-5.750024e-11 (A)  WCPL_Trace1926_Auto_55::MIPI_DSI1_DATA0_P~0
5.000000e-12 (A)  WCPL_Trace1926_Auto_55::MIPI_DSI1_DATA0_P~1
-8.750057e-11 (A)  WCPL_Trace1948_Auto_378::MIPI_DSI1_DATA0_P~0
5.000000e-12 (A)  WCPL_Trace1948_Auto_378::MIPI_DSI1_DATA0_P~1
-1.025006e-10 (A)  WCPL_Trace1965::MIPI_DSI1_DATA0_P~0
9.500058e-11 (A)  WCPL_Trace1965::MIPI_DSI1_DATA0_P~1
-1.075006e-10 (A)  WCPL_Trace1971::MIPI_DSI1_DATA0_P~0
5.000000e-12 (A)  WCPL_Trace1971::MIPI_DSI1_DATA0_P~1
-1.100007e-10 (A)  WCPL_Trace1972#BP0::MIPI_DSI1_DATA0_P~0
5.000000e-12 (A)  WCPL_Trace1972#BP0::MIPI_DSI1_DATA0_P~1
2.000009e-10 (A)  WCPL_Trace553::MIPI_DSI1_CLK_N~0
-5.000000e-12 (A)  WCPL_Trace553::MIPI_DSI1_CLK_N~1
1.925009e-10 (A)  WCPL_Trace557_Auto_515::MIPI_DSI1_CLK_N~0
-5.000000e-12 (A)  WCPL_Trace557_Auto_515::MIPI_DSI1_CLK_N~1
1.825009e-10 (A)  WCPL_Trace561_Auto_513::MIPI_DSI1_CLK_N~0
-5.000000e-12 (A)  WCPL_Trace561_Auto_513::MIPI_DSI1_CLK_N~1
-1.575007e-10 (A)  WCPL_Trace586_Auto_564::MIPI_DSI1_CLK_N~0
1.625007e-10 (A)  WCPL_Trace586_Auto_564::MIPI_DSI1_CLK_N~1
-5.000000e-12 (A)  WCPL_Trace586_Auto_564::MIPI_DSI1_CLK_N~2
1.325006e-10 (A)  WCPL_Trace598_Auto_523::MIPI_DSI1_CLK_N~0
-5.000000e-12 (A)  WCPL_Trace598_Auto_523::MIPI_DSI1_CLK_N~1
5.000000e-12 (A)  WCPL_Trace598_Auto_523::MIPI_DSI1_CLK_N~2
-1.525007e-10 (A)  WCPL_Trace598_Auto_523::MIPI_DSI1_CLK_N~3
1.725008e-10 (A)  WCPL_Trace598_Auto_523::MIPI_DSI1_CLK_N~4
-5.000000e-12 (A)  WCPL_Trace598_Auto_523::MIPI_DSI1_CLK_N~5
1.300005e-10 (A)  WCPL_Trace598_Auto_571::MIPI_DSI1_CLK_N~0
-5.000000e-12 (A)  WCPL_Trace598_Auto_571::MIPI_DSI1_CLK_N~1
5.000000e-12 (A)  WCPL_Trace598_Auto_571::MIPI_DSI1_CLK_N~2
-1.550007e-10 (A)  WCPL_Trace598_Auto_571::MIPI_DSI1_CLK_N~3
1.650007e-10 (A)  WCPL_Trace598_Auto_571::MIPI_DSI1_CLK_N~4
-5.000000e-12 (A)  WCPL_Trace598_Auto_571::MIPI_DSI1_CLK_N~5
1.350006e-10 (A)  WCPL_Trace598_Auto_579::MIPI_DSI1_CLK_N~0
-5.000000e-12 (A)  WCPL_Trace598_Auto_579::MIPI_DSI1_CLK_N~1
5.000000e-12 (A)  WCPL_Trace598_Auto_579::MIPI_DSI1_CLK_N~2
-1.500006e-10 (A)  WCPL_Trace598_Auto_579::MIPI_DSI1_CLK_N~3
1.750008e-10 (A)  WCPL_Trace598_Auto_579::MIPI_DSI1_CLK_N~4
-5.000000e-12 (A)  WCPL_Trace598_Auto_579::MIPI_DSI1_CLK_N~5
1.375005e-10 (A)  WCPL_Trace598_Auto_582::MIPI_DSI1_CLK_N~0
-5.000000e-12 (A)  WCPL_Trace598_Auto_582::MIPI_DSI1_CLK_N~1
5.000000e-12 (A)  WCPL_Trace598_Auto_582::MIPI_DSI1_CLK_N~2
-1.475006e-10 (A)  WCPL_Trace598_Auto_582::MIPI_DSI1_CLK_N~3
-6.250024e-11 (A)  WCPL_Trace628::MIPI_DSI1_CLK_N~0
-7.250022e-11 (A)  WCPL_Trace628::MIPI_DSI1_CLK_N~1
5.000000e-12 (A)  WCPL_Trace628::MIPI_DSI1_CLK_N~2
-9.750041e-11 (A)  WCPL_Trace628_Auto_1781::MIPI_DSI1_CLK_N~0
-1.075005e-10 (A)  WCPL_Trace628_Auto_1781::MIPI_DSI1_CLK_N~1
5.000000e-12 (A)  WCPL_Trace628_Auto_1781::MIPI_DSI1_CLK_N~2
-3.750013e-11 (A)  WCPL_Trace634::MIPI_DSI1_CLK_N~0
-3.500009e-11 (A)  WCPL_Trace634::MIPI_DSI1_CLK_N~1
5.000000e-12 (A)  WCPL_Trace634::MIPI_DSI1_CLK_N~2
-3.250006e-11 (A)  WCPL_Trace634::MIPI_DSI1_CLK_N~3
5.000000e-12 (A)  WCPL_Trace634::MIPI_DSI1_CLK_N~4
2.525011e-10 (A)  WCPL_Trace643_Auto_2491::MIPI_DSI1_CLK_N~0
-5.000000e-12 (A)  WCPL_Trace643_Auto_2491::MIPI_DSI1_CLK_N~1
-5.000000e-12 (A)  WCPL_Trace643_Auto_2491::MIPI_DSI1_CLK_N~2
2.600019e-10 (A)  WCPL_Trace643_Auto_2491::MIPI_DSI1_CLK_N~3
2.500011e-10 (A)  WCPL_Trace643_Auto_2495::MIPI_DSI1_CLK_N~0
-5.000000e-12 (A)  WCPL_Trace643_Auto_2495::MIPI_DSI1_CLK_N~1
2.150010e-10 (A)  WCPL_Trace652_Auto_2549::MIPI_DSI1_CLK_N~0
-5.000000e-12 (A)  WCPL_Trace652_Auto_2549::MIPI_DSI1_CLK_N~1
-5.000000e-12 (A)  WCPL_Trace711::MIPI_DSI1_CLK_P~0
-5.000000e-12 (A)  WCPL_Trace711::MIPI_DSI1_CLK_P~1
1.175008e-10 (A)  WCPL_Trace711::MIPI_DSI1_CLK_P~2
-5.000000e-12 (A)  WCPL_Trace712::MIPI_DSI1_CLK_P~0
-5.000000e-12 (A)  WCPL_Trace712::MIPI_DSI1_CLK_P~1
1.150008e-10 (A)  WCPL_Trace712::MIPI_DSI1_CLK_P~2
-5.000000e-12 (A)  WCPL_Trace730_Auto_539::MIPI_DSI1_CLK_P~0
5.000000e-12 (A)  WCPL_Trace730_Auto_539::MIPI_DSI1_CLK_P~1
-1.175005e-10 (A)  WCPL_Trace730_Auto_539::MIPI_DSI1_CLK_P~2
1.275005e-10 (A)  WCPL_Trace730_Auto_539::MIPI_DSI1_CLK_P~3
-5.000000e-12 (A)  WCPL_Trace730_Auto_539::MIPI_DSI1_CLK_P~4
5.000000e-12 (A)  WCPL_Trace730_Auto_539::MIPI_DSI1_CLK_P~5
5.000000e-12 (A)  WCPL_Trace736_Auto_1744::MIPI_DSI1_CLK_P~0
-7.500028e-11 (A)  WCPL_Trace736_Auto_1744::MIPI_DSI1_CLK_P~1
-8.500031e-11 (A)  WCPL_Trace736_Auto_1744::MIPI_DSI1_CLK_P~2
5.000000e-12 (A)  WCPL_Trace736_Auto_1744::MIPI_DSI1_CLK_P~3
5.000000e-12 (A)  WCPL_Trace736_Auto_1751::MIPI_DSI1_CLK_P~0
-8.500026e-11 (A)  WCPL_Trace736_Auto_1751::MIPI_DSI1_CLK_P~1
-9.500034e-11 (A)  WCPL_Trace736_Auto_1751::MIPI_DSI1_CLK_P~2
5.000000e-12 (A)  WCPL_Trace736_Auto_1751::MIPI_DSI1_CLK_P~3
5.000000e-12 (A)  WCPL_Trace736_Auto_1774::MIPI_DSI1_CLK_P~0
-9.500032e-11 (A)  WCPL_Trace736_Auto_1774::MIPI_DSI1_CLK_P~1
-1.050004e-10 (A)  WCPL_Trace736_Auto_1774::MIPI_DSI1_CLK_P~2
5.000000e-12 (A)  WCPL_Trace736_Auto_1774::MIPI_DSI1_CLK_P~3
5.000000e-12 (A)  WCPL_Trace740::MIPI_DSI1_CLK_P~0
-4.250015e-11 (A)  WCPL_Trace740::MIPI_DSI1_CLK_P~1
5.000000e-12 (A)  WCPL_Trace740_Auto_1829::MIPI_DSI1_CLK_P~0
-5.500015e-11 (A)  WCPL_Trace740_Auto_1829::MIPI_DSI1_CLK_P~1
5.000000e-12 (A)  WCPL_Trace744_Auto_917::MIPI_DSI1_CLK_P~0
-3.250013e-11 (A)  WCPL_Trace744_Auto_917::MIPI_DSI1_CLK_P~1
-3.000012e-11 (A)  WCPL_Trace744_Auto_917::MIPI_DSI1_CLK_P~2
5.000000e-12 (A)  WCPL_Trace744_Auto_917::MIPI_DSI1_CLK_P~3
-2.750001e-11 (A)  WCPL_Trace744_Auto_917::MIPI_DSI1_CLK_P~4
5.000000e-12 (A)  WCPL_Trace744_Auto_917::MIPI_DSI1_CLK_P~5
-5.000000e-12 (A)  WCPL_Trace748::MIPI_DSI1_CLK_P~0
-5.000000e-12 (A)  WCPL_Trace748::MIPI_DSI1_CLK_P~1
-5.000000e-12 (A)  WCPL_Trace749::MIPI_DSI1_CLK_P~0
-5.000000e-12 (A)  WCPL_Trace749::MIPI_DSI1_CLK_P~1
2.650019e-10 (A)  WCPL_Trace749::MIPI_DSI1_CLK_P~2
5.000000e-12 (A)  WCPL_Trace755_Auto_2623::MIPI_DSI1_CLK_P~0
-2.400011e-10 (A)  WCPL_Trace755_Auto_2623::MIPI_DSI1_CLK_P~1
5.000000e-12 (A)  WCPL_Trace759_Auto_2509::MIPI_DSI1_CLK_P~0
-2.250009e-10 (A)  WCPL_Trace759_Auto_2509::MIPI_DSI1_CLK_P~1
-2.075013e-10 (A)  WCPL_Trace759_Auto_2509::MIPI_DSI1_CLK_P~2
5.000000e-12 (A)  WCPL_Trace759_Auto_2613::MIPI_DSI1_CLK_P~0
-2.275010e-10 (A)  WCPL_Trace759_Auto_2613::MIPI_DSI1_CLK_P~1
5.000000e-12 (A)  WCPL_Trace769::MIPI_DSI1_CLK_P~0
-5.000000e-12 (A)  WCPL_Trace769::MIPI_DSI1_CLK_P~1
5.000000e-12 (A)  WCPL_Trace834#BP0::MIPI_DSI1_DATA3_N~0
-1.425007e-10 (A)  WCPL_Trace834#BP0::MIPI_DSI1_DATA3_N~1
5.000000e-12 (A)  WCPL_Trace856_Auto_2858::MIPI_DSI1_DATA3_N~0
-1.750008e-10 (A)  WCPL_Trace856_Auto_2858::MIPI_DSI1_DATA3_N~1
5.000000e-12 (A)  WCPL_Trace860_Auto_2860::MIPI_DSI1_DATA3_N~0
-1.825009e-10 (A)  WCPL_Trace860_Auto_2860::MIPI_DSI1_DATA3_N~1
5.000000e-12 (A)  WCPL_Trace866::MIPI_DSI1_DATA3_N~0
-1.925009e-10 (A)  WCPL_Trace866::MIPI_DSI1_DATA3_N~1
5.000000e-12 (A)  WCPL_Trace867::MIPI_DSI1_DATA3_N~0
-2.000010e-10 (A)  WCPL_Trace867::MIPI_DSI1_DATA3_N~1
5.000000e-12 (A)  WCPL_Trace868::MIPI_DSI1_DATA3_N~0
-2.075010e-10 (A)  WCPL_Trace868::MIPI_DSI1_DATA3_N~1
5.000000e-12 (A)  WCPL_Trace870::MIPI_DSI1_DATA3_N~0
-2.125011e-10 (A)  WCPL_Trace870::MIPI_DSI1_DATA3_N~1
1.500007e-10 (A)  WCPL_Trace885::MIPI_DSI1_DATA3_P~0
-1.550007e-10 (A)  WCPL_Trace885::MIPI_DSI1_DATA3_P~1
1.475006e-10 (A)  WCPL_Trace885_Auto_2857::MIPI_DSI1_DATA3_P~0
-1.575007e-10 (A)  WCPL_Trace885_Auto_2857::MIPI_DSI1_DATA3_P~1
1.650007e-10 (A)  WCPL_Trace885_Auto_2857::MIPI_DSI1_DATA3_P~2
-1.700008e-10 (A)  WCPL_Trace885_Auto_2857::MIPI_DSI1_DATA3_P~3
-4.500014e-11 (A)  WCPL_Trace943_Auto_890::MIPI_DSI1_DATA3_P~0
5.000000e-12 (A)  WCPL_Trace943_Auto_890::MIPI_DSI1_DATA3_P~1
-5.000017e-11 (A)  WCPL_Trace945::MIPI_DSI1_DATA3_P~0
5.000000e-12 (A)  WCPL_Trace945::MIPI_DSI1_DATA3_P~1
-5.500014e-11 (A)  WCPL_Trace946::MIPI_DSI1_DATA3_P~0
5.000000e-12 (A)  WCPL_Trace946::MIPI_DSI1_DATA3_P~1
-6.500015e-11 (A)  WCPL_Trace946_Auto_1824::MIPI_DSI1_DATA3_P~0
5.000000e-12 (A)  WCPL_Trace946_Auto_1824::MIPI_DSI1_DATA3_P~1
-7.000019e-11 (A)  WCPL_Trace950::MIPI_DSI1_DATA3_P~0
5.000000e-12 (A)  WCPL_Trace950::MIPI_DSI1_DATA3_P~1
-1.100005e-10 (A)  WCPL_Trace950_Auto_1784::MIPI_DSI1_DATA3_P~0
5.000000e-12 (A)  WCPL_Trace950_Auto_1784::MIPI_DSI1_DATA3_P~1
-1.150005e-10 (A)  WCPL_Trace954::MIPI_DSI1_DATA3_P~0
5.000000e-12 (A)  WCPL_Trace954::MIPI_DSI1_DATA3_P~1
-1.200005e-10 (A)  WCPL_Trace960::MIPI_DSI1_DATA3_P~0
5.000000e-12 (A)  WCPL_Trace960::MIPI_DSI1_DATA3_P~1
-1.250005e-10 (A)  WCPL_Trace964::MIPI_DSI1_DATA3_P~0
5.000000e-12 (A)  WCPL_Trace964::MIPI_DSI1_DATA3_P~1
-1.275005e-10 (A)  WCPL_Trace965#BP0::MIPI_DSI1_DATA3_P~0
5.000000e-12 (A)  WCPL_Trace965#BP0::MIPI_DSI1_DATA3_P~1
5.000000e-12 (A)  WCPL_Trace979::MIPI_DSI1_DATA2_N~0
-5.750014e-11 (A)  WCPL_Trace979::MIPI_DSI1_DATA2_N~1
5.000000e-12 (A)  WCPL_Trace979::MIPI_DSI1_DATA2_N~2
5.000000e-12 (A)  WCPL_Trace979_Auto_1816::MIPI_DSI1_DATA2_N~0
-6.250015e-11 (A)  WCPL_Trace979_Auto_1816::MIPI_DSI1_DATA2_N~1
5.000000e-12 (A)  WCPL_Trace979_Auto_1816::MIPI_DSI1_DATA2_N~2
0.000000e+00 (A)  X_C80.Xpartial.X_SpeedXP_auto_CAP_NP_C0603_100N_100N_C80_C80.V_SpeedXP_auto_2_En
-5.050000e-11 (A)  X_CH1.Xpartial.X_SpeedXP_auto_WP7B-P040VA1-R8000_WP7B-P040VA1-R8000_WP7B-P040VA1-R8000_WP7B-P040VA1-R8000_CH1.B_SpeedXP_auto_11_OutOfIn
-5.050000e-11 (A)  X_CH1.Xpartial.X_SpeedXP_auto_WP7B-P040VA1-R8000_WP7B-P040VA1-R8000_WP7B-P040VA1-R8000_WP7B-P040VA1-R8000_CH1.B_SpeedXP_auto_12_OutOfIn
-5.050000e-11 (A)  X_CH1.Xpartial.X_SpeedXP_auto_WP7B-P040VA1-R8000_WP7B-P040VA1-R8000_WP7B-P040VA1-R8000_WP7B-P040VA1-R8000_CH1.B_SpeedXP_auto_13_OutOfIn
-5.050000e-11 (A)  X_CH1.Xpartial.X_SpeedXP_auto_WP7B-P040VA1-R8000_WP7B-P040VA1-R8000_WP7B-P040VA1-R8000_WP7B-P040VA1-R8000_CH1.B_SpeedXP_auto_14_OutOfIn
-5.050000e-11 (A)  X_CH1.Xpartial.X_SpeedXP_auto_WP7B-P040VA1-R8000_WP7B-P040VA1-R8000_WP7B-P040VA1-R8000_WP7B-P040VA1-R8000_CH1.B_SpeedXP_auto_15_OutOfIn
-5.050000e-11 (A)  X_CH1.Xpartial.X_SpeedXP_auto_WP7B-P040VA1-R8000_WP7B-P040VA1-R8000_WP7B-P040VA1-R8000_WP7B-P040VA1-R8000_CH1.B_SpeedXP_auto_16_OutOfIn
-5.050000e-11 (A)  X_CH1.Xpartial.X_SpeedXP_auto_WP7B-P040VA1-R8000_WP7B-P040VA1-R8000_WP7B-P040VA1-R8000_WP7B-P040VA1-R8000_CH1.B_SpeedXP_auto_17_OutOfIn
-5.050000e-11 (A)  X_CH1.Xpartial.X_SpeedXP_auto_WP7B-P040VA1-R8000_WP7B-P040VA1-R8000_WP7B-P040VA1-R8000_WP7B-P040VA1-R8000_CH1.B_SpeedXP_auto_18_OutOfIn
-5.050000e-11 (A)  X_CH1.Xpartial.X_SpeedXP_auto_WP7B-P040VA1-R8000_WP7B-P040VA1-R8000_WP7B-P040VA1-R8000_WP7B-P040VA1-R8000_CH1.B_SpeedXP_auto_19_OutOfIn
-5.050000e-11 (A)  X_CH1.Xpartial.X_SpeedXP_auto_WP7B-P040VA1-R8000_WP7B-P040VA1-R8000_WP7B-P040VA1-R8000_WP7B-P040VA1-R8000_CH1.B_SpeedXP_auto_20_OutOfIn
-1.000000e-12 (A)  X_CH1.Xpartial.X_SpeedXP_auto_WP7B-P040VA1-R8000_WP7B-P040VA1-R8000_WP7B-P040VA1-R8000_WP7B-P040VA1-R8000_CH1.V_SpeedXP_auto_10_En
-1.010000e-10 (A)  X_CH1.Xpartial.X_SpeedXP_auto_WP7B-P040VA1-R8000_WP7B-P040VA1-R8000_WP7B-P040VA1-R8000_WP7B-P040VA1-R8000_CH1.V_SpeedXP_auto_11_En
-1.010000e-10 (A)  X_CH1.Xpartial.X_SpeedXP_auto_WP7B-P040VA1-R8000_WP7B-P040VA1-R8000_WP7B-P040VA1-R8000_WP7B-P040VA1-R8000_CH1.V_SpeedXP_auto_12_En
-1.010000e-10 (A)  X_CH1.Xpartial.X_SpeedXP_auto_WP7B-P040VA1-R8000_WP7B-P040VA1-R8000_WP7B-P040VA1-R8000_WP7B-P040VA1-R8000_CH1.V_SpeedXP_auto_13_En
-1.010000e-10 (A)  X_CH1.Xpartial.X_SpeedXP_auto_WP7B-P040VA1-R8000_WP7B-P040VA1-R8000_WP7B-P040VA1-R8000_WP7B-P040VA1-R8000_CH1.V_SpeedXP_auto_14_En
-1.010000e-10 (A)  X_CH1.Xpartial.X_SpeedXP_auto_WP7B-P040VA1-R8000_WP7B-P040VA1-R8000_WP7B-P040VA1-R8000_WP7B-P040VA1-R8000_CH1.V_SpeedXP_auto_15_En
-1.010000e-10 (A)  X_CH1.Xpartial.X_SpeedXP_auto_WP7B-P040VA1-R8000_WP7B-P040VA1-R8000_WP7B-P040VA1-R8000_WP7B-P040VA1-R8000_CH1.V_SpeedXP_auto_16_En
-1.010000e-10 (A)  X_CH1.Xpartial.X_SpeedXP_auto_WP7B-P040VA1-R8000_WP7B-P040VA1-R8000_WP7B-P040VA1-R8000_WP7B-P040VA1-R8000_CH1.V_SpeedXP_auto_17_En
-1.010000e-10 (A)  X_CH1.Xpartial.X_SpeedXP_auto_WP7B-P040VA1-R8000_WP7B-P040VA1-R8000_WP7B-P040VA1-R8000_WP7B-P040VA1-R8000_CH1.V_SpeedXP_auto_18_En
-1.010000e-10 (A)  X_CH1.Xpartial.X_SpeedXP_auto_WP7B-P040VA1-R8000_WP7B-P040VA1-R8000_WP7B-P040VA1-R8000_WP7B-P040VA1-R8000_CH1.V_SpeedXP_auto_19_En
-1.000000e-12 (A)  X_CH1.Xpartial.X_SpeedXP_auto_WP7B-P040VA1-R8000_WP7B-P040VA1-R8000_WP7B-P040VA1-R8000_WP7B-P040VA1-R8000_CH1.V_SpeedXP_auto_1_En
-1.010000e-10 (A)  X_CH1.Xpartial.X_SpeedXP_auto_WP7B-P040VA1-R8000_WP7B-P040VA1-R8000_WP7B-P040VA1-R8000_WP7B-P040VA1-R8000_CH1.V_SpeedXP_auto_20_En
-1.000000e-12 (A)  X_CH1.Xpartial.X_SpeedXP_auto_WP7B-P040VA1-R8000_WP7B-P040VA1-R8000_WP7B-P040VA1-R8000_WP7B-P040VA1-R8000_CH1.V_SpeedXP_auto_2_En
-1.000000e-12 (A)  X_CH1.Xpartial.X_SpeedXP_auto_WP7B-P040VA1-R8000_WP7B-P040VA1-R8000_WP7B-P040VA1-R8000_WP7B-P040VA1-R8000_CH1.V_SpeedXP_auto_3_En
-1.000000e-12 (A)  X_CH1.Xpartial.X_SpeedXP_auto_WP7B-P040VA1-R8000_WP7B-P040VA1-R8000_WP7B-P040VA1-R8000_WP7B-P040VA1-R8000_CH1.V_SpeedXP_auto_4_En
-1.000000e-12 (A)  X_CH1.Xpartial.X_SpeedXP_auto_WP7B-P040VA1-R8000_WP7B-P040VA1-R8000_WP7B-P040VA1-R8000_WP7B-P040VA1-R8000_CH1.V_SpeedXP_auto_5_En
-1.000000e-12 (A)  X_CH1.Xpartial.X_SpeedXP_auto_WP7B-P040VA1-R8000_WP7B-P040VA1-R8000_WP7B-P040VA1-R8000_WP7B-P040VA1-R8000_CH1.V_SpeedXP_auto_6_En
-1.000000e-12 (A)  X_CH1.Xpartial.X_SpeedXP_auto_WP7B-P040VA1-R8000_WP7B-P040VA1-R8000_WP7B-P040VA1-R8000_WP7B-P040VA1-R8000_CH1.V_SpeedXP_auto_7_En
-1.000000e-12 (A)  X_CH1.Xpartial.X_SpeedXP_auto_WP7B-P040VA1-R8000_WP7B-P040VA1-R8000_WP7B-P040VA1-R8000_WP7B-P040VA1-R8000_CH1.V_SpeedXP_auto_8_En
-1.000000e-12 (A)  X_CH1.Xpartial.X_SpeedXP_auto_WP7B-P040VA1-R8000_WP7B-P040VA1-R8000_WP7B-P040VA1-R8000_WP7B-P040VA1-R8000_CH1.V_SpeedXP_auto_9_En
-3.175015e-10 (A)  X_CH1.Xpartial.X_SpeedXP_auto_WP7B-P040VA1-R8000_WP7B-P040VA1-R8000_WP7B-P040VA1-R8000_WP7B-P040VA1-R8000_CH1.Vpwr_11
-7.500000e-12 (A)  X_CH1.Xpartial.X_SpeedXP_auto_WP7B-P040VA1-R8000_WP7B-P040VA1-R8000_WP7B-P040VA1-R8000_WP7B-P040VA1-R8000_CH1.Vpwr_12
-3.075021e-10 (A)  X_CH1.Xpartial.X_SpeedXP_auto_WP7B-P040VA1-R8000_WP7B-P040VA1-R8000_WP7B-P040VA1-R8000_WP7B-P040VA1-R8000_CH1.Vpwr_13
-7.500000e-12 (A)  X_CH1.Xpartial.X_SpeedXP_auto_WP7B-P040VA1-R8000_WP7B-P040VA1-R8000_WP7B-P040VA1-R8000_WP7B-P040VA1-R8000_CH1.Vpwr_14
-7.500000e-12 (A)  X_CH1.Xpartial.X_SpeedXP_auto_WP7B-P040VA1-R8000_WP7B-P040VA1-R8000_WP7B-P040VA1-R8000_WP7B-P040VA1-R8000_CH1.Vpwr_15
-2.775013e-10 (A)  X_CH1.Xpartial.X_SpeedXP_auto_WP7B-P040VA1-R8000_WP7B-P040VA1-R8000_WP7B-P040VA1-R8000_WP7B-P040VA1-R8000_CH1.Vpwr_16
-2.650017e-10 (A)  X_CH1.Xpartial.X_SpeedXP_auto_WP7B-P040VA1-R8000_WP7B-P040VA1-R8000_WP7B-P040VA1-R8000_WP7B-P040VA1-R8000_CH1.Vpwr_17
-7.500000e-12 (A)  X_CH1.Xpartial.X_SpeedXP_auto_WP7B-P040VA1-R8000_WP7B-P040VA1-R8000_WP7B-P040VA1-R8000_WP7B-P040VA1-R8000_CH1.Vpwr_18
-2.275011e-10 (A)  X_CH1.Xpartial.X_SpeedXP_auto_WP7B-P040VA1-R8000_WP7B-P040VA1-R8000_WP7B-P040VA1-R8000_WP7B-P040VA1-R8000_CH1.Vpwr_19
-7.500000e-12 (A)  X_CH1.Xpartial.X_SpeedXP_auto_WP7B-P040VA1-R8000_WP7B-P040VA1-R8000_WP7B-P040VA1-R8000_WP7B-P040VA1-R8000_CH1.Vpwr_20
0.000000e+00 (A)  X_CH1.Xpartial.X_SpeedXP_auto_WP7B-P040VA1-R8000_WP7B-P040VA1-R8000_WP7B-P040VA1-R8000_WP7B-P040VA1-R8000_CH1.X_SpeedXP_auto_10_St.v1
-1.010000e-10 (A)  X_CH1.Xpartial.X_SpeedXP_auto_WP7B-P040VA1-R8000_WP7B-P040VA1-R8000_WP7B-P040VA1-R8000_WP7B-P040VA1-R8000_CH1.X_SpeedXP_auto_11_St.v1
0.000000e+00 (A)  X_CH1.Xpartial.X_SpeedXP_auto_WP7B-P040VA1-R8000_WP7B-P040VA1-R8000_WP7B-P040VA1-R8000_WP7B-P040VA1-R8000_CH1.X_SpeedXP_auto_12_St.v1
-1.010000e-10 (A)  X_CH1.Xpartial.X_SpeedXP_auto_WP7B-P040VA1-R8000_WP7B-P040VA1-R8000_WP7B-P040VA1-R8000_WP7B-P040VA1-R8000_CH1.X_SpeedXP_auto_13_St.v1
0.000000e+00 (A)  X_CH1.Xpartial.X_SpeedXP_auto_WP7B-P040VA1-R8000_WP7B-P040VA1-R8000_WP7B-P040VA1-R8000_WP7B-P040VA1-R8000_CH1.X_SpeedXP_auto_14_St.v1
0.000000e+00 (A)  X_CH1.Xpartial.X_SpeedXP_auto_WP7B-P040VA1-R8000_WP7B-P040VA1-R8000_WP7B-P040VA1-R8000_WP7B-P040VA1-R8000_CH1.X_SpeedXP_auto_15_St.v1
-1.010000e-10 (A)  X_CH1.Xpartial.X_SpeedXP_auto_WP7B-P040VA1-R8000_WP7B-P040VA1-R8000_WP7B-P040VA1-R8000_WP7B-P040VA1-R8000_CH1.X_SpeedXP_auto_16_St.v1
-1.010000e-10 (A)  X_CH1.Xpartial.X_SpeedXP_auto_WP7B-P040VA1-R8000_WP7B-P040VA1-R8000_WP7B-P040VA1-R8000_WP7B-P040VA1-R8000_CH1.X_SpeedXP_auto_17_St.v1
0.000000e+00 (A)  X_CH1.Xpartial.X_SpeedXP_auto_WP7B-P040VA1-R8000_WP7B-P040VA1-R8000_WP7B-P040VA1-R8000_WP7B-P040VA1-R8000_CH1.X_SpeedXP_auto_18_St.v1
-1.010000e-10 (A)  X_CH1.Xpartial.X_SpeedXP_auto_WP7B-P040VA1-R8000_WP7B-P040VA1-R8000_WP7B-P040VA1-R8000_WP7B-P040VA1-R8000_CH1.X_SpeedXP_auto_19_St.v1
0.000000e+00 (A)  X_CH1.Xpartial.X_SpeedXP_auto_WP7B-P040VA1-R8000_WP7B-P040VA1-R8000_WP7B-P040VA1-R8000_WP7B-P040VA1-R8000_CH1.X_SpeedXP_auto_1_St.v1
0.000000e+00 (A)  X_CH1.Xpartial.X_SpeedXP_auto_WP7B-P040VA1-R8000_WP7B-P040VA1-R8000_WP7B-P040VA1-R8000_WP7B-P040VA1-R8000_CH1.X_SpeedXP_auto_20_St.v1
0.000000e+00 (A)  X_CH1.Xpartial.X_SpeedXP_auto_WP7B-P040VA1-R8000_WP7B-P040VA1-R8000_WP7B-P040VA1-R8000_WP7B-P040VA1-R8000_CH1.X_SpeedXP_auto_2_St.v1
0.000000e+00 (A)  X_CH1.Xpartial.X_SpeedXP_auto_WP7B-P040VA1-R8000_WP7B-P040VA1-R8000_WP7B-P040VA1-R8000_WP7B-P040VA1-R8000_CH1.X_SpeedXP_auto_3_St.v1
0.000000e+00 (A)  X_CH1.Xpartial.X_SpeedXP_auto_WP7B-P040VA1-R8000_WP7B-P040VA1-R8000_WP7B-P040VA1-R8000_WP7B-P040VA1-R8000_CH1.X_SpeedXP_auto_4_St.v1
0.000000e+00 (A)  X_CH1.Xpartial.X_SpeedXP_auto_WP7B-P040VA1-R8000_WP7B-P040VA1-R8000_WP7B-P040VA1-R8000_WP7B-P040VA1-R8000_CH1.X_SpeedXP_auto_5_St.v1
0.000000e+00 (A)  X_CH1.Xpartial.X_SpeedXP_auto_WP7B-P040VA1-R8000_WP7B-P040VA1-R8000_WP7B-P040VA1-R8000_WP7B-P040VA1-R8000_CH1.X_SpeedXP_auto_6_St.v1
0.000000e+00 (A)  X_CH1.Xpartial.X_SpeedXP_auto_WP7B-P040VA1-R8000_WP7B-P040VA1-R8000_WP7B-P040VA1-R8000_WP7B-P040VA1-R8000_CH1.X_SpeedXP_auto_7_St.v1
0.000000e+00 (A)  X_CH1.Xpartial.X_SpeedXP_auto_WP7B-P040VA1-R8000_WP7B-P040VA1-R8000_WP7B-P040VA1-R8000_WP7B-P040VA1-R8000_CH1.X_SpeedXP_auto_8_St.v1
0.000000e+00 (A)  X_CH1.Xpartial.X_SpeedXP_auto_WP7B-P040VA1-R8000_WP7B-P040VA1-R8000_WP7B-P040VA1-R8000_WP7B-P040VA1-R8000_CH1.X_SpeedXP_auto_9_St.v1
0.000000e+00 (A)  X_D5.Xpartial.X_SpeedXP_auto_TVS/ESD_SOD-323_H3V3HD3U_H3V3HD3U_D5.V_SpeedXP_auto_1_En
0.000000e+00 (A)  X_ESD1.Xpartial.X_SpeedXP_auto_IP4292CZ10_DFN2510A-10_IP4292CZ10-TBR_115_IP4292CZ10-TBR_115_ESD1_ESD1.V_SpeedXP_auto_10_En
-1.000000e-12 (A)  X_ESD1.Xpartial.X_SpeedXP_auto_IP4292CZ10_DFN2510A-10_IP4292CZ10-TBR_115_IP4292CZ10-TBR_115_ESD1_ESD1.V_SpeedXP_auto_1_En
-1.000000e-12 (A)  X_ESD1.Xpartial.X_SpeedXP_auto_IP4292CZ10_DFN2510A-10_IP4292CZ10-TBR_115_IP4292CZ10-TBR_115_ESD1_ESD1.V_SpeedXP_auto_2_En
-1.000000e-12 (A)  X_ESD1.Xpartial.X_SpeedXP_auto_IP4292CZ10_DFN2510A-10_IP4292CZ10-TBR_115_IP4292CZ10-TBR_115_ESD1_ESD1.V_SpeedXP_auto_4_En
-1.000000e-12 (A)  X_ESD1.Xpartial.X_SpeedXP_auto_IP4292CZ10_DFN2510A-10_IP4292CZ10-TBR_115_IP4292CZ10-TBR_115_ESD1_ESD1.V_SpeedXP_auto_5_En
0.000000e+00 (A)  X_ESD1.Xpartial.X_SpeedXP_auto_IP4292CZ10_DFN2510A-10_IP4292CZ10-TBR_115_IP4292CZ10-TBR_115_ESD1_ESD1.V_SpeedXP_auto_6_En
0.000000e+00 (A)  X_ESD1.Xpartial.X_SpeedXP_auto_IP4292CZ10_DFN2510A-10_IP4292CZ10-TBR_115_IP4292CZ10-TBR_115_ESD1_ESD1.V_SpeedXP_auto_7_En
0.000000e+00 (A)  X_ESD1.Xpartial.X_SpeedXP_auto_IP4292CZ10_DFN2510A-10_IP4292CZ10-TBR_115_IP4292CZ10-TBR_115_ESD1_ESD1.V_SpeedXP_auto_9_En
0.000000e+00 (A)  X_ESD1.Xpartial.X_SpeedXP_auto_IP4292CZ10_DFN2510A-10_IP4292CZ10-TBR_115_IP4292CZ10-TBR_115_ESD1_ESD1.X_SpeedXP_auto_1_St.v1
0.000000e+00 (A)  X_ESD1.Xpartial.X_SpeedXP_auto_IP4292CZ10_DFN2510A-10_IP4292CZ10-TBR_115_IP4292CZ10-TBR_115_ESD1_ESD1.X_SpeedXP_auto_2_St.v1
0.000000e+00 (A)  X_ESD1.Xpartial.X_SpeedXP_auto_IP4292CZ10_DFN2510A-10_IP4292CZ10-TBR_115_IP4292CZ10-TBR_115_ESD1_ESD1.X_SpeedXP_auto_4_St.v1
0.000000e+00 (A)  X_ESD1.Xpartial.X_SpeedXP_auto_IP4292CZ10_DFN2510A-10_IP4292CZ10-TBR_115_IP4292CZ10-TBR_115_ESD1_ESD1.X_SpeedXP_auto_5_St.v1
0.000000e+00 (A)  X_ESD2.Xpartial.X_SpeedXP_auto_IP4292CZ10_DFN2510A-10_IP4292CZ10-TBR_115_IP4292CZ10-TBR_115_ESD2_ESD2.V_SpeedXP_auto_10_En
-1.000000e-12 (A)  X_ESD2.Xpartial.X_SpeedXP_auto_IP4292CZ10_DFN2510A-10_IP4292CZ10-TBR_115_IP4292CZ10-TBR_115_ESD2_ESD2.V_SpeedXP_auto_1_En
-1.000000e-12 (A)  X_ESD2.Xpartial.X_SpeedXP_auto_IP4292CZ10_DFN2510A-10_IP4292CZ10-TBR_115_IP4292CZ10-TBR_115_ESD2_ESD2.V_SpeedXP_auto_2_En
-1.000000e-12 (A)  X_ESD2.Xpartial.X_SpeedXP_auto_IP4292CZ10_DFN2510A-10_IP4292CZ10-TBR_115_IP4292CZ10-TBR_115_ESD2_ESD2.V_SpeedXP_auto_4_En
-1.000000e-12 (A)  X_ESD2.Xpartial.X_SpeedXP_auto_IP4292CZ10_DFN2510A-10_IP4292CZ10-TBR_115_IP4292CZ10-TBR_115_ESD2_ESD2.V_SpeedXP_auto_5_En
0.000000e+00 (A)  X_ESD2.Xpartial.X_SpeedXP_auto_IP4292CZ10_DFN2510A-10_IP4292CZ10-TBR_115_IP4292CZ10-TBR_115_ESD2_ESD2.V_SpeedXP_auto_6_En
0.000000e+00 (A)  X_ESD2.Xpartial.X_SpeedXP_auto_IP4292CZ10_DFN2510A-10_IP4292CZ10-TBR_115_IP4292CZ10-TBR_115_ESD2_ESD2.V_SpeedXP_auto_7_En
0.000000e+00 (A)  X_ESD2.Xpartial.X_SpeedXP_auto_IP4292CZ10_DFN2510A-10_IP4292CZ10-TBR_115_IP4292CZ10-TBR_115_ESD2_ESD2.V_SpeedXP_auto_9_En
0.000000e+00 (A)  X_ESD2.Xpartial.X_SpeedXP_auto_IP4292CZ10_DFN2510A-10_IP4292CZ10-TBR_115_IP4292CZ10-TBR_115_ESD2_ESD2.X_SpeedXP_auto_1_St.v1
0.000000e+00 (A)  X_ESD2.Xpartial.X_SpeedXP_auto_IP4292CZ10_DFN2510A-10_IP4292CZ10-TBR_115_IP4292CZ10-TBR_115_ESD2_ESD2.X_SpeedXP_auto_2_St.v1
0.000000e+00 (A)  X_ESD2.Xpartial.X_SpeedXP_auto_IP4292CZ10_DFN2510A-10_IP4292CZ10-TBR_115_IP4292CZ10-TBR_115_ESD2_ESD2.X_SpeedXP_auto_4_St.v1
0.000000e+00 (A)  X_ESD2.Xpartial.X_SpeedXP_auto_IP4292CZ10_DFN2510A-10_IP4292CZ10-TBR_115_IP4292CZ10-TBR_115_ESD2_ESD2.X_SpeedXP_auto_5_St.v1
0.000000e+00 (A)  X_HDMI1.Xpartial.X_SpeedXP_auto_HDMI-A_HDMI-001S_HDMI-001S_HDMI-001S_HDMI1.V_SpeedXP_auto_10_En
0.000000e+00 (A)  X_HDMI1.Xpartial.X_SpeedXP_auto_HDMI-A_HDMI-001S_HDMI-001S_HDMI-001S_HDMI1.V_SpeedXP_auto_12_En
0.000000e+00 (A)  X_HDMI1.Xpartial.X_SpeedXP_auto_HDMI-A_HDMI-001S_HDMI-001S_HDMI-001S_HDMI1.V_SpeedXP_auto_1_En
0.000000e+00 (A)  X_HDMI1.Xpartial.X_SpeedXP_auto_HDMI-A_HDMI-001S_HDMI-001S_HDMI-001S_HDMI1.V_SpeedXP_auto_3_En
0.000000e+00 (A)  X_HDMI1.Xpartial.X_SpeedXP_auto_HDMI-A_HDMI-001S_HDMI-001S_HDMI-001S_HDMI1.V_SpeedXP_auto_4_En
0.000000e+00 (A)  X_HDMI1.Xpartial.X_SpeedXP_auto_HDMI-A_HDMI-001S_HDMI-001S_HDMI-001S_HDMI1.V_SpeedXP_auto_6_En
0.000000e+00 (A)  X_HDMI1.Xpartial.X_SpeedXP_auto_HDMI-A_HDMI-001S_HDMI-001S_HDMI-001S_HDMI1.V_SpeedXP_auto_7_En
0.000000e+00 (A)  X_HDMI1.Xpartial.X_SpeedXP_auto_HDMI-A_HDMI-001S_HDMI-001S_HDMI-001S_HDMI1.V_SpeedXP_auto_9_En
0.000000e+00 (A)  X_R24.Xpartial.X_SpeedXP_auto_RES_R0603_10K_10K_R24_R24.V_SpeedXP_auto_2_En
-1.000000e-12 (A)  X_R25.Xpartial.X_SpeedXP_auto_RES_R0603_1K_1K_R25_R25.V_SpeedXP_auto_1_En
0.000000e+00 (A)  X_R25.Xpartial.X_SpeedXP_auto_RES_R0603_1K_1K_R25_R25.X_SpeedXP_auto_1_St.v1
0.000000e+00 (A)  X_SW1.Xpartial.X_SpeedXP_auto_SWITCH-2P_SMD4030_1_6N_1_6N_SW1.V_SpeedXP_auto_2_En
-1.010000e-10 (A)  X_U8.Xpartial.X_SpeedXP_auto_TC358870XBG_1_VFBGA80_(S1+S2+S3+S4)_TC358870XBG(NOK)_TC358870XBG(NOK)_U8.B_SpeedXP_auto_A5_OutOfIn
-1.010000e-10 (A)  X_U8.Xpartial.X_SpeedXP_auto_TC358870XBG_1_VFBGA80_(S1+S2+S3+S4)_TC358870XBG(NOK)_TC358870XBG(NOK)_U8.B_SpeedXP_auto_A6_OutOfIn
0.000000e+00 (A)  X_U8.Xpartial.X_SpeedXP_auto_TC358870XBG_1_VFBGA80_(S1+S2+S3+S4)_TC358870XBG(NOK)_TC358870XBG(NOK)_U8.B_SpeedXP_auto_A7_OutOfIn
-1.010000e-10 (A)  X_U8.Xpartial.X_SpeedXP_auto_TC358870XBG_1_VFBGA80_(S1+S2+S3+S4)_TC358870XBG(NOK)_TC358870XBG(NOK)_U8.B_SpeedXP_auto_A8_OutOfIn
-1.010000e-10 (A)  X_U8.Xpartial.X_SpeedXP_auto_TC358870XBG_1_VFBGA80_(S1+S2+S3+S4)_TC358870XBG(NOK)_TC358870XBG(NOK)_U8.B_SpeedXP_auto_A9_OutOfIn
0.000000e+00 (A)  X_U8.Xpartial.X_SpeedXP_auto_TC358870XBG_1_VFBGA80_(S1+S2+S3+S4)_TC358870XBG(NOK)_TC358870XBG(NOK)_U8.B_SpeedXP_auto_B5_OutOfIn
0.000000e+00 (A)  X_U8.Xpartial.X_SpeedXP_auto_TC358870XBG_1_VFBGA80_(S1+S2+S3+S4)_TC358870XBG(NOK)_TC358870XBG(NOK)_U8.B_SpeedXP_auto_B6_OutOfIn
-1.010000e-10 (A)  X_U8.Xpartial.X_SpeedXP_auto_TC358870XBG_1_VFBGA80_(S1+S2+S3+S4)_TC358870XBG(NOK)_TC358870XBG(NOK)_U8.B_SpeedXP_auto_B7_OutOfIn
0.000000e+00 (A)  X_U8.Xpartial.X_SpeedXP_auto_TC358870XBG_1_VFBGA80_(S1+S2+S3+S4)_TC358870XBG(NOK)_TC358870XBG(NOK)_U8.B_SpeedXP_auto_B8_OutOfIn
0.000000e+00 (A)  X_U8.Xpartial.X_SpeedXP_auto_TC358870XBG_1_VFBGA80_(S1+S2+S3+S4)_TC358870XBG(NOK)_TC358870XBG(NOK)_U8.B_SpeedXP_auto_B9_OutOfIn
0.000000e+00 (A)  X_U8.Xpartial.X_SpeedXP_auto_TC358870XBG_1_VFBGA80_(S1+S2+S3+S4)_TC358870XBG(NOK)_TC358870XBG(NOK)_U8.V_SpeedXP_auto_A4_En
0.000000e+00 (A)  X_U8.Xpartial.X_SpeedXP_auto_TC358870XBG_1_VFBGA80_(S1+S2+S3+S4)_TC358870XBG(NOK)_TC358870XBG(NOK)_U8.V_SpeedXP_auto_A5_En
0.000000e+00 (A)  X_U8.Xpartial.X_SpeedXP_auto_TC358870XBG_1_VFBGA80_(S1+S2+S3+S4)_TC358870XBG(NOK)_TC358870XBG(NOK)_U8.V_SpeedXP_auto_A6_En
0.000000e+00 (A)  X_U8.Xpartial.X_SpeedXP_auto_TC358870XBG_1_VFBGA80_(S1+S2+S3+S4)_TC358870XBG(NOK)_TC358870XBG(NOK)_U8.V_SpeedXP_auto_A7_En
0.000000e+00 (A)  X_U8.Xpartial.X_SpeedXP_auto_TC358870XBG_1_VFBGA80_(S1+S2+S3+S4)_TC358870XBG(NOK)_TC358870XBG(NOK)_U8.V_SpeedXP_auto_A8_En
0.000000e+00 (A)  X_U8.Xpartial.X_SpeedXP_auto_TC358870XBG_1_VFBGA80_(S1+S2+S3+S4)_TC358870XBG(NOK)_TC358870XBG(NOK)_U8.V_SpeedXP_auto_A9_En
0.000000e+00 (A)  X_U8.Xpartial.X_SpeedXP_auto_TC358870XBG_1_VFBGA80_(S1+S2+S3+S4)_TC358870XBG(NOK)_TC358870XBG(NOK)_U8.V_SpeedXP_auto_B5_En
0.000000e+00 (A)  X_U8.Xpartial.X_SpeedXP_auto_TC358870XBG_1_VFBGA80_(S1+S2+S3+S4)_TC358870XBG(NOK)_TC358870XBG(NOK)_U8.V_SpeedXP_auto_B6_En
0.000000e+00 (A)  X_U8.Xpartial.X_SpeedXP_auto_TC358870XBG_1_VFBGA80_(S1+S2+S3+S4)_TC358870XBG(NOK)_TC358870XBG(NOK)_U8.V_SpeedXP_auto_B7_En
0.000000e+00 (A)  X_U8.Xpartial.X_SpeedXP_auto_TC358870XBG_1_VFBGA80_(S1+S2+S3+S4)_TC358870XBG(NOK)_TC358870XBG(NOK)_U8.V_SpeedXP_auto_B8_En
0.000000e+00 (A)  X_U8.Xpartial.X_SpeedXP_auto_TC358870XBG_1_VFBGA80_(S1+S2+S3+S4)_TC358870XBG(NOK)_TC358870XBG(NOK)_U8.V_SpeedXP_auto_B9_En
0.000000e+00 (A)  X_U8.Xpartial.X_SpeedXP_auto_TC358870XBG_1_VFBGA80_(S1+S2+S3+S4)_TC358870XBG(NOK)_TC358870XBG(NOK)_U8.V_SpeedXP_auto_C1_En
0.000000e+00 (A)  X_U8.Xpartial.X_SpeedXP_auto_TC358870XBG_1_VFBGA80_(S1+S2+S3+S4)_TC358870XBG(NOK)_TC358870XBG(NOK)_U8.V_SpeedXP_auto_C2_En
0.000000e+00 (A)  X_U8.Xpartial.X_SpeedXP_auto_TC358870XBG_1_VFBGA80_(S1+S2+S3+S4)_TC358870XBG(NOK)_TC358870XBG(NOK)_U8.V_SpeedXP_auto_D10_En
0.000000e+00 (A)  X_U8.Xpartial.X_SpeedXP_auto_TC358870XBG_1_VFBGA80_(S1+S2+S3+S4)_TC358870XBG(NOK)_TC358870XBG(NOK)_U8.V_SpeedXP_auto_D1_En
0.000000e+00 (A)  X_U8.Xpartial.X_SpeedXP_auto_TC358870XBG_1_VFBGA80_(S1+S2+S3+S4)_TC358870XBG(NOK)_TC358870XBG(NOK)_U8.V_SpeedXP_auto_D2_En
0.000000e+00 (A)  X_U8.Xpartial.X_SpeedXP_auto_TC358870XBG_1_VFBGA80_(S1+S2+S3+S4)_TC358870XBG(NOK)_TC358870XBG(NOK)_U8.V_SpeedXP_auto_D9_En
0.000000e+00 (A)  X_U8.Xpartial.X_SpeedXP_auto_TC358870XBG_1_VFBGA80_(S1+S2+S3+S4)_TC358870XBG(NOK)_TC358870XBG(NOK)_U8.V_SpeedXP_auto_E10_En
0.000000e+00 (A)  X_U8.Xpartial.X_SpeedXP_auto_TC358870XBG_1_VFBGA80_(S1+S2+S3+S4)_TC358870XBG(NOK)_TC358870XBG(NOK)_U8.V_SpeedXP_auto_E1_En
0.000000e+00 (A)  X_U8.Xpartial.X_SpeedXP_auto_TC358870XBG_1_VFBGA80_(S1+S2+S3+S4)_TC358870XBG(NOK)_TC358870XBG(NOK)_U8.V_SpeedXP_auto_E2_En
0.000000e+00 (A)  X_U8.Xpartial.X_SpeedXP_auto_TC358870XBG_1_VFBGA80_(S1+S2+S3+S4)_TC358870XBG(NOK)_TC358870XBG(NOK)_U8.V_SpeedXP_auto_E9_En
0.000000e+00 (A)  X_U8.Xpartial.X_SpeedXP_auto_TC358870XBG_1_VFBGA80_(S1+S2+S3+S4)_TC358870XBG(NOK)_TC358870XBG(NOK)_U8.V_SpeedXP_auto_F10_En
0.000000e+00 (A)  X_U8.Xpartial.X_SpeedXP_auto_TC358870XBG_1_VFBGA80_(S1+S2+S3+S4)_TC358870XBG(NOK)_TC358870XBG(NOK)_U8.V_SpeedXP_auto_F1_En
0.000000e+00 (A)  X_U8.Xpartial.X_SpeedXP_auto_TC358870XBG_1_VFBGA80_(S1+S2+S3+S4)_TC358870XBG(NOK)_TC358870XBG(NOK)_U8.V_SpeedXP_auto_F2_En
0.000000e+00 (A)  X_U8.Xpartial.X_SpeedXP_auto_TC358870XBG_1_VFBGA80_(S1+S2+S3+S4)_TC358870XBG(NOK)_TC358870XBG(NOK)_U8.V_SpeedXP_auto_F9_En
0.000000e+00 (A)  X_U8.Xpartial.X_SpeedXP_auto_TC358870XBG_1_VFBGA80_(S1+S2+S3+S4)_TC358870XBG(NOK)_TC358870XBG(NOK)_U8.V_SpeedXP_auto_G10_En
0.000000e+00 (A)  X_U8.Xpartial.X_SpeedXP_auto_TC358870XBG_1_VFBGA80_(S1+S2+S3+S4)_TC358870XBG(NOK)_TC358870XBG(NOK)_U8.V_SpeedXP_auto_G9_En
0.000000e+00 (A)  X_U8.Xpartial.X_SpeedXP_auto_TC358870XBG_1_VFBGA80_(S1+S2+S3+S4)_TC358870XBG(NOK)_TC358870XBG(NOK)_U8.V_SpeedXP_auto_H10_En
0.000000e+00 (A)  X_U8.Xpartial.X_SpeedXP_auto_TC358870XBG_1_VFBGA80_(S1+S2+S3+S4)_TC358870XBG(NOK)_TC358870XBG(NOK)_U8.V_SpeedXP_auto_H9_En
0.000000e+00 (A)  X_U8.Xpartial.X_SpeedXP_auto_TC358870XBG_1_VFBGA80_(S1+S2+S3+S4)_TC358870XBG(NOK)_TC358870XBG(NOK)_U8.V_SpeedXP_auto_K8_En
-2.500000e-12 (A)  X_U8.Xpartial.X_SpeedXP_auto_TC358870XBG_1_VFBGA80_(S1+S2+S3+S4)_TC358870XBG(NOK)_TC358870XBG(NOK)_U8.Vpwr_A5
-2.500000e-12 (A)  X_U8.Xpartial.X_SpeedXP_auto_TC358870XBG_1_VFBGA80_(S1+S2+S3+S4)_TC358870XBG(NOK)_TC358870XBG(NOK)_U8.Vpwr_A6
-7.500000e-12 (A)  X_U8.Xpartial.X_SpeedXP_auto_TC358870XBG_1_VFBGA80_(S1+S2+S3+S4)_TC358870XBG(NOK)_TC358870XBG(NOK)_U8.Vpwr_A7
-2.500000e-12 (A)  X_U8.Xpartial.X_SpeedXP_auto_TC358870XBG_1_VFBGA80_(S1+S2+S3+S4)_TC358870XBG(NOK)_TC358870XBG(NOK)_U8.Vpwr_A8
-2.500000e-12 (A)  X_U8.Xpartial.X_SpeedXP_auto_TC358870XBG_1_VFBGA80_(S1+S2+S3+S4)_TC358870XBG(NOK)_TC358870XBG(NOK)_U8.Vpwr_A9
-7.500000e-12 (A)  X_U8.Xpartial.X_SpeedXP_auto_TC358870XBG_1_VFBGA80_(S1+S2+S3+S4)_TC358870XBG(NOK)_TC358870XBG(NOK)_U8.Vpwr_B5
-7.500000e-12 (A)  X_U8.Xpartial.X_SpeedXP_auto_TC358870XBG_1_VFBGA80_(S1+S2+S3+S4)_TC358870XBG(NOK)_TC358870XBG(NOK)_U8.Vpwr_B6
-2.500000e-12 (A)  X_U8.Xpartial.X_SpeedXP_auto_TC358870XBG_1_VFBGA80_(S1+S2+S3+S4)_TC358870XBG(NOK)_TC358870XBG(NOK)_U8.Vpwr_B7
-7.500000e-12 (A)  X_U8.Xpartial.X_SpeedXP_auto_TC358870XBG_1_VFBGA80_(S1+S2+S3+S4)_TC358870XBG(NOK)_TC358870XBG(NOK)_U8.Vpwr_B8
-7.500000e-12 (A)  X_U8.Xpartial.X_SpeedXP_auto_TC358870XBG_1_VFBGA80_(S1+S2+S3+S4)_TC358870XBG(NOK)_TC358870XBG(NOK)_U8.Vpwr_B9
5.000000e-12 (A)  xvia0.lnode2086::mipi_dsi1_data0_n
-1.150006e-10 (A)  xvia0.lnode2326::mipi_dsi1_data0_p
5.000000e-12 (A)  Xvia0.VRLNode2086::MIPI_DSI1_DATA0_N
-1.175007e-10 (A)  Xvia0.VRLNode2326::MIPI_DSI1_DATA0_P
5.000000e-12 (A)  xvia1.lnode1780::mipi_dsi1_data1_n
-1.700011e-10 (A)  xvia1.lnode2014::mipi_dsi1_data1_p
5.000000e-12 (A)  Xvia1.VRLNode1780::MIPI_DSI1_DATA1_N
-1.725011e-10 (A)  Xvia1.VRLNode2014::MIPI_DSI1_DATA1_P
5.000000e-12 (A)  xvia2.lnode1321::mipi_dsi1_data2_n
-6.500026e-11 (A)  xvia2.lnode1541::mipi_dsi1_data2_p
5.000000e-12 (A)  Xvia2.VRLNode1321::MIPI_DSI1_DATA2_N
-6.750026e-11 (A)  Xvia2.VRLNode1541::MIPI_DSI1_DATA2_P
5.000000e-12 (A)  xvia3.lnode1161::mipi_dsi1_data3_n
-1.325006e-10 (A)  xvia3.lnode1306::mipi_dsi1_data3_p
5.000000e-12 (A)  Xvia3.VRLNode1161::MIPI_DSI1_DATA3_N
-1.350006e-10 (A)  Xvia3.VRLNode1306::MIPI_DSI1_DATA3_P
-2.050009e-10 (A)  xvia4.lnode883::mipi_dsi1_clk_n
5.000000e-12 (A)  xvia4.lnode992::mipi_dsi1_clk_p
-2.075010e-10 (A)  Xvia4.VRLNode883::MIPI_DSI1_CLK_N
5.000000e-12 (A)  Xvia4.VRLNode992::MIPI_DSI1_CLK_P
