0.000000e+00 (V)  __Gnd
1.001620e-10 (V)  FILLETpad~polygon0110::mipi_dsi1_data1_p
2.500000e+00 (V)  FILLETpad~polygon0115::mipi_dsi1_data0_n
2.500000e+00 (V)  FILLETpad~polygon0121::mipi_dsi1_clk_n
1.000000e-10 (V)  FILLETpad~polygon0123::mipi_dsi1_data1_p
2.500000e+00 (V)  FILLETpad~polygon0124::mipi_dsi1_data0_n
2.500000e+00 (V)  FILLETpad~polygon0129::mipi_dsi1_data1_n
1.000000e-10 (V)  FILLETpad~polygon0130::mipi_dsi1_data0_p
2.500000e+00 (V)  FILLETpad~polygon0324::mipi_dsi1_data1_n
1.001637e-10 (V)  FILLETpad~polygon0330::mipi_dsi1_data1_p
2.500000e+00 (V)  FILLETpad~polygon0333::mipi_dsi1_data0_n
1.001406e-10 (V)  FILLETpad~polygon0337::mipi_dsi1_clk_p
1.004355e-10 (V)  FILLETpad~polygon0341::mipi_dsi1_data0_p
2.500000e+00 (V)  FILLETpad~polygon0342::mipi_dsi1_clk_n
2.500000e+00 (V)  FILLETpad~polygon0423::mipi_dsi1_data0_n
1.006226e-10 (V)  FILLETpad~polygon0429::mipi_dsi1_data0_p
1.006287e-10 (V)  FILLETpad~polygon0431::mipi_dsi1_data1_p
1.006157e-10 (V)  FILLETpad~polygon0435::mipi_dsi1_clk_p
2.500000e+00 (V)  FILLETpad~polygon0443::mipi_dsi1_data1_n
2.500000e+00 (V)  FILLETpad~polygon0447::mipi_dsi1_clk_n
1.004337e-10 (V)  FILLETpad~polygon095::mipi_dsi1_data0_p
2.500000e+00 (V)  FILLETpad~polygon098::mipi_dsi1_data1_n
2.500000e+00 (V)  FILLETpad~polygon099::mipi_dsi1_clk_n
1.100000e+00 (V)  IPGPWR_VCC_1V1
1.200000e+00 (V)  IPGPWR_VCC_1V2
1.800000e+00 (V)  IPGPWR_VCC_1V8
3.300000e+00 (V)  IPGPWR_VCC_3V3
5.000000e+00 (V)  IPGPWR_VCC_5V
5.000000e+00 (V)  IPGPWR_VCC_5V5
1.002009e-10 (V)  Node1002::MIPI_DSI1_CLK_P
1.002027e-10 (V)  Node1003::MIPI_DSI1_CLK_P
1.002088e-10 (V)  Node1005::MIPI_DSI1_CLK_P
1.006280e-10 (V)  Node101!!A8_Auto_1414::MIPI_DSI1_DATA1_P
1.002163e-10 (V)  Node1015::MIPI_DSI1_CLK_P
1.002310e-10 (V)  Node1015_Auto_428::MIPI_DSI1_CLK_P
1.002316e-10 (V)  Node1017::MIPI_DSI1_CLK_P
1.002322e-10 (V)  Node1017_Auto_399::MIPI_DSI1_CLK_P
1.002345e-10 (V)  Node1018::MIPI_DSI1_CLK_P
1.002419e-10 (V)  Node1018_Auto_420::MIPI_DSI1_CLK_P
1.002429e-10 (V)  Node1018_Auto_425::MIPI_DSI1_CLK_P
1.002462e-10 (V)  Node1018_Auto_426::MIPI_DSI1_CLK_P
1.002472e-10 (V)  Node1020::MIPI_DSI1_CLK_P
1.002710e-10 (V)  Node1028::MIPI_DSI1_CLK_P
1.003035e-10 (V)  Node1031::MIPI_DSI1_CLK_P
1.002857e-10 (V)  Node1031_Auto_393::MIPI_DSI1_CLK_P
1.002835e-10 (V)  Node1031_Auto_394::MIPI_DSI1_CLK_P
1.002750e-10 (V)  Node1031_Auto_413::MIPI_DSI1_CLK_P
1.002729e-10 (V)  Node1031_Auto_414::MIPI_DSI1_CLK_P
1.002761e-10 (V)  Node1031_Auto_416::MIPI_DSI1_CLK_P
1.003005e-10 (V)  Node1031_Auto_430::MIPI_DSI1_CLK_P
1.003033e-10 (V)  Node1031_Auto_433::MIPI_DSI1_CLK_P
0.000000e+00 (V)  Node104!!F9::MIPI_DSI0_CLK_N
1.003108e-10 (V)  Node1040::MIPI_DSI1_CLK_P
1.003298e-10 (V)  Node1040_Auto_395::MIPI_DSI1_CLK_P
1.003321e-10 (V)  Node1040_Auto_396::MIPI_DSI1_CLK_P
1.003430e-10 (V)  Node1040_Auto_411::MIPI_DSI1_CLK_P
1.003409e-10 (V)  Node1040_Auto_412::MIPI_DSI1_CLK_P
1.003395e-10 (V)  Node1040_Auto_415::MIPI_DSI1_CLK_P
1.003151e-10 (V)  Node1040_Auto_431::MIPI_DSI1_CLK_P
1.003123e-10 (V)  Node1040_Auto_434::MIPI_DSI1_CLK_P
1.003446e-10 (V)  Node1043::MIPI_DSI1_CLK_P
1.003535e-10 (V)  Node1046::MIPI_DSI1_CLK_P
1.003564e-10 (V)  Node1047::MIPI_DSI1_CLK_P
1.003594e-10 (V)  Node1048::MIPI_DSI1_CLK_P
0.000000e+00 (V)  Node105!!D9::MIPI_DSI0_DATA3_N
1.003683e-10 (V)  Node1051::MIPI_DSI1_CLK_P
1.003734e-10 (V)  Node1054::MIPI_DSI1_CLK_P
1.003729e-10 (V)  Node1054_Auto_402::MIPI_DSI1_CLK_P
1.003708e-10 (V)  Node1054_Auto_405::MIPI_DSI1_CLK_P
1.003787e-10 (V)  Node1058::MIPI_DSI1_CLK_P
0.000000e+00 (V)  Node106!!E9::MIPI_DSI0_DATA2_N
1.003809e-10 (V)  Node1063::MIPI_DSI1_CLK_P
1.003829e-10 (V)  Node1063_Auto_401::MIPI_DSI1_CLK_P
1.003851e-10 (V)  Node1063_Auto_407::MIPI_DSI1_CLK_P
1.003864e-10 (V)  Node1066::MIPI_DSI1_CLK_P
1.003979e-10 (V)  Node1069::MIPI_DSI1_CLK_P
0.000000e+00 (V)  Node107!!G9::MIPI_DSI0_DATA1_N
1.004106e-10 (V)  Node1071::MIPI_DSI1_CLK_P
1.004095e-10 (V)  Node1071_Auto_459::MIPI_DSI1_CLK_P
1.004057e-10 (V)  Node1071_Auto_460::MIPI_DSI1_CLK_P
1.004043e-10 (V)  Node1071_Auto_479::MIPI_DSI1_CLK_P
1.003992e-10 (V)  Node1071_Auto_480::MIPI_DSI1_CLK_P
1.004858e-10 (V)  Node1073::MIPI_DSI1_CLK_P
1.004482e-10 (V)  Node1073_Auto_690::MIPI_DSI1_CLK_P
1.004461e-10 (V)  Node1073_Auto_691::MIPI_DSI1_CLK_P
1.004721e-10 (V)  Node1073_Auto_694::MIPI_DSI1_CLK_P
1.004693e-10 (V)  Node1073_Auto_695::MIPI_DSI1_CLK_P
1.004434e-10 (V)  Node1073_Auto_698::MIPI_DSI1_CLK_P
1.004515e-10 (V)  Node1073_Auto_710::MIPI_DSI1_CLK_P
1.004180e-10 (V)  Node1073_Auto_716::MIPI_DSI1_CLK_P
1.004142e-10 (V)  Node1073_Auto_717::MIPI_DSI1_CLK_P
1.004847e-10 (V)  Node1073_Auto_722::MIPI_DSI1_CLK_P
1.004815e-10 (V)  Node1073_Auto_723::MIPI_DSI1_CLK_P
1.004226e-10 (V)  Node1073_Auto_729::MIPI_DSI1_CLK_P
1.004246e-10 (V)  Node1073_Auto_731::MIPI_DSI1_CLK_P
1.004800e-10 (V)  Node1073_Auto_734::MIPI_DSI1_CLK_P
1.004876e-10 (V)  Node1074::MIPI_DSI1_CLK_P
1.005756e-10 (V)  Node1076::MIPI_DSI1_CLK_P
1.005647e-10 (V)  Node1076_Auto_706::MIPI_DSI1_CLK_P
1.005616e-10 (V)  Node1076_Auto_707::MIPI_DSI1_CLK_P
1.005684e-10 (V)  Node1076_Auto_714::MIPI_DSI1_CLK_P
1.005725e-10 (V)  Node1076_Auto_726::MIPI_DSI1_CLK_P
1.004936e-10 (V)  Node1076_Auto_738::MIPI_DSI1_CLK_P
1.005792e-10 (V)  Node1078::MIPI_DSI1_CLK_P
0.000000e+00 (V)  Node108!!H9::MIPI_DSI0_DATA0_N
1.005998e-10 (V)  Node1080::MIPI_DSI1_CLK_P
1.005894e-10 (V)  Node1080_Auto_1071::MIPI_DSI1_CLK_P
1.005860e-10 (V)  Node1080_Auto_1072::MIPI_DSI1_CLK_P
1.005843e-10 (V)  Node1080_Auto_1079::MIPI_DSI1_CLK_P
1.005816e-10 (V)  Node1080_Auto_1080::MIPI_DSI1_CLK_P
1.000000e-10 (V)  Node1081!!15::MIPI_DSI1_CLK_P
1.000071e-10 (V)  Node1083::MIPI_DSI1_CLK_P
1.000102e-10 (V)  Node1083_Auto_1942::MIPI_DSI1_CLK_P
1.000109e-10 (V)  Node1084::MIPI_DSI1_CLK_P
1.000147e-10 (V)  Node1085::MIPI_DSI1_CLK_P
1.000192e-10 (V)  Node1087::MIPI_DSI1_CLK_P
1.000152e-10 (V)  Node1087_Auto_2050::MIPI_DSI1_CLK_P
1.000183e-10 (V)  Node1087_Auto_2051::MIPI_DSI1_CLK_P
1.000192e-10 (V)  Node1088::MIPI_DSI1_CLK_P
0.000000e+00 (V)  Node109!!F10::MIPI_DSI0_CLK_P
1.000260e-10 (V)  Node1090::MIPI_DSI1_CLK_P
1.000247e-10 (V)  Node1090_Auto_2034::MIPI_DSI1_CLK_P
1.000213e-10 (V)  Node1090_Auto_2040::MIPI_DSI1_CLK_P
1.000574e-10 (V)  Node1090_Auto_2080::MIPI_DSI1_CLK_P
1.000293e-10 (V)  Node1090_Auto_2085::MIPI_DSI1_CLK_P
1.000315e-10 (V)  Node1090_Auto_2088::MIPI_DSI1_CLK_P
1.000584e-10 (V)  Node1092::MIPI_DSI1_CLK_P
1.000622e-10 (V)  Node1093::MIPI_DSI1_CLK_P
1.000755e-10 (V)  Node1096::MIPI_DSI1_CLK_P
1.000739e-10 (V)  Node1096_Auto_2059::MIPI_DSI1_CLK_P
1.000698e-10 (V)  Node1096_Auto_2060::MIPI_DSI1_CLK_P
1.000628e-10 (V)  Node1096_Auto_2070::MIPI_DSI1_CLK_P
1.000766e-10 (V)  Node1097::MIPI_DSI1_CLK_P
1.000815e-10 (V)  Node1099::MIPI_DSI1_CLK_P
0.000000e+00 (V)  Node11!!B4::VCC_HDMIRX_IN
0.000000e+00 (V)  Node110!!D10::MIPI_DSI0_DATA3_P
1.000856e-10 (V)  Node1103::MIPI_DSI1_CLK_P
1.000912e-10 (V)  Node1106::MIPI_DSI1_CLK_P
1.000862e-10 (V)  Node1106_Auto_2820::MIPI_DSI1_CLK_P
0.000000e+00 (V)  Node111!!E10::MIPI_DSI0_DATA2_P
1.000993e-10 (V)  Node1114::MIPI_DSI1_CLK_P
1.001043e-10 (V)  Node1117::MIPI_DSI1_CLK_P
0.000000e+00 (V)  Node112!!G10::MIPI_DSI0_DATA1_P
1.001389e-10 (V)  Node1128::MIPI_DSI1_CLK_P
0.000000e+00 (V)  Node1207!!20::MIPI_DSI1_DATA3_N
0.000000e+00 (V)  Node1276!!19::MIPI_DSI1_DATA3_P
0.000000e+00 (V)  Node14!!F2::HDMI_DATA2_N
0.000000e+00 (V)  Node15!!2::HDMI_DATA2_N
0.000000e+00 (V)  Node1525!!12::MIPI_DSI1_DATA2_N
0.000000e+00 (V)  Node16!!3::HDMI_DATA2_N
0.000000e+00 (V)  Node1685!!11::MIPI_DSI1_DATA2_P
2.500000e+00 (V)  Node1688::MIPI_DSI1_DATA1_N
2.500000e+00 (V)  Node1688_Auto_1415::MIPI_DSI1_DATA1_N
2.500000e+00 (V)  Node1690::MIPI_DSI1_DATA1_N
2.500000e+00 (V)  Node1690_Auto_1069::MIPI_DSI1_DATA1_N
2.500000e+00 (V)  Node1690_Auto_1070::MIPI_DSI1_DATA1_N
2.500000e+00 (V)  Node1690_Auto_1077::MIPI_DSI1_DATA1_N
2.500000e+00 (V)  Node1690_Auto_1078::MIPI_DSI1_DATA1_N
2.500000e+00 (V)  Node1692::MIPI_DSI1_DATA1_N
2.500000e+00 (V)  Node1693::MIPI_DSI1_DATA1_N
2.500000e+00 (V)  Node1693_Auto_704::MIPI_DSI1_DATA1_N
2.500000e+00 (V)  Node1693_Auto_705::MIPI_DSI1_DATA1_N
2.500000e+00 (V)  Node1693_Auto_713::MIPI_DSI1_DATA1_N
2.500000e+00 (V)  Node1695::MIPI_DSI1_DATA1_N
2.500000e+00 (V)  Node1696::MIPI_DSI1_DATA1_N
2.500000e+00 (V)  Node1696_Auto_721::MIPI_DSI1_DATA1_N
2.500000e+00 (V)  Node1697::MIPI_DSI1_DATA1_N
2.500000e+00 (V)  Node1697_Auto_733::MIPI_DSI1_DATA1_N
2.500000e+00 (V)  Node1699::MIPI_DSI1_DATA1_N
0.000000e+00 (V)  Node17!!9::HDMI_DATA2_N
2.500000e+00 (V)  Node1700::MIPI_DSI1_DATA1_N
2.500000e+00 (V)  Node1703::MIPI_DSI1_DATA1_N
2.500000e+00 (V)  Node1706::MIPI_DSI1_DATA1_N
2.500000e+00 (V)  Node1706_Auto_38::MIPI_DSI1_DATA1_N
2.500000e+00 (V)  Node1714::MIPI_DSI1_DATA1_N
2.500000e+00 (V)  Node1714_Auto_33::MIPI_DSI1_DATA1_N
2.500000e+00 (V)  Node1714_Auto_44::MIPI_DSI1_DATA1_N
2.500000e+00 (V)  Node1717::MIPI_DSI1_DATA1_N
2.500000e+00 (V)  Node1720::MIPI_DSI1_DATA1_N
2.500000e+00 (V)  Node1720_Auto_689::MIPI_DSI1_DATA1_N
2.500000e+00 (V)  Node1722::MIPI_DSI1_DATA1_N
2.500000e+00 (V)  Node1723::MIPI_DSI1_DATA1_N
2.500000e+00 (V)  Node1726::MIPI_DSI1_DATA1_N
2.500000e+00 (V)  Node1729::MIPI_DSI1_DATA1_N
2.500000e+00 (V)  Node1729_Auto_26::MIPI_DSI1_DATA1_N
2.500000e+00 (V)  Node1729_Auto_35::MIPI_DSI1_DATA1_N
2.500000e+00 (V)  Node1737::MIPI_DSI1_DATA1_N
2.500000e+00 (V)  Node1737_Auto_29::MIPI_DSI1_DATA1_N
2.500000e+00 (V)  Node1737_Auto_36::MIPI_DSI1_DATA1_N
2.500000e+00 (V)  Node1740::MIPI_DSI1_DATA1_N
2.500000e+00 (V)  Node1743::MIPI_DSI1_DATA1_N
2.500000e+00 (V)  Node1743_Auto_728::MIPI_DSI1_DATA1_N
2.500000e+00 (V)  Node1745::MIPI_DSI1_DATA1_N
2.500000e+00 (V)  Node1746::MIPI_DSI1_DATA1_N
2.500000e+00 (V)  Node1747::MIPI_DSI1_DATA1_N
2.500000e+00 (V)  Node1747_Auto_466::MIPI_DSI1_DATA1_N
2.500000e+00 (V)  Node1747_Auto_468::MIPI_DSI1_DATA1_N
2.500000e+00 (V)  Node1749::MIPI_DSI1_DATA1_N
2.500000e+00 (V)  Node1749_Auto_453::MIPI_DSI1_DATA1_N
2.500000e+00 (V)  Node1749_Auto_454::MIPI_DSI1_DATA1_N
2.500000e+00 (V)  Node1749_Auto_457::MIPI_DSI1_DATA1_N
2.500000e+00 (V)  Node1751::MIPI_DSI1_DATA1_N
2.500000e+00 (V)  Node1751_Auto_164::MIPI_DSI1_DATA1_N
2.500000e+00 (V)  Node1751_Auto_165::MIPI_DSI1_DATA1_N
2.500000e+00 (V)  Node1751_Auto_166::MIPI_DSI1_DATA1_N
2.500000e+00 (V)  Node1754::MIPI_DSI1_DATA1_N
2.500000e+00 (V)  Node1774::MIPI_DSI1_DATA1_N
2.500000e+00 (V)  Node1776::MIPI_DSI1_DATA1_N
2.500000e+00 (V)  Node1777::MIPI_DSI1_DATA1_N
2.500000e+00 (V)  Node1783::MIPI_DSI1_DATA1_N
2.500000e+00 (V)  Node1785::MIPI_DSI1_DATA1_N
2.500000e+00 (V)  Node1786::MIPI_DSI1_DATA1_N
2.500000e+00 (V)  Node1789::MIPI_DSI1_DATA1_N
2.500000e+00 (V)  Node1789_Auto_2041::MIPI_DSI1_DATA1_N
2.500000e+00 (V)  Node1789_Auto_2082::MIPI_DSI1_DATA1_N
2.500000e+00 (V)  Node1789_Auto_2089::MIPI_DSI1_DATA1_N
2.500000e+00 (V)  Node1789_Auto_2090::MIPI_DSI1_DATA1_N
2.500000e+00 (V)  Node1790::MIPI_DSI1_DATA1_N
2.500000e+00 (V)  Node1790_Auto_2052::MIPI_DSI1_DATA1_N
2.500000e+00 (V)  Node1790_Auto_2053::MIPI_DSI1_DATA1_N
2.500000e+00 (V)  Node1792::MIPI_DSI1_DATA1_N
2.500000e+00 (V)  Node1792_Auto_2030::MIPI_DSI1_DATA1_N
2.500000e+00 (V)  Node1792_Auto_2031::MIPI_DSI1_DATA1_N
2.500000e+00 (V)  Node1793::MIPI_DSI1_DATA1_N
2.500000e+00 (V)  Node1794::MIPI_DSI1_DATA1_N
2.500000e+00 (V)  Node1794_Auto_2061::MIPI_DSI1_DATA1_N
2.500000e+00 (V)  Node1794_Auto_2064::MIPI_DSI1_DATA1_N
2.500000e+00 (V)  Node1795!!14_Auto_1948::MIPI_DSI1_DATA1_N
2.500000e+00 (V)  Node1795!!14_Auto_1949::MIPI_DSI1_DATA1_N
0.000000e+00 (V)  Node18!!F1::HDMI_DATA2_P
0.000000e+00 (V)  Node180!!H10::MIPI_DSI0_DATA0_P
0.000000e+00 (V)  Node181!!J3::INT
0.000000e+00 (V)  Node182!!K4::I2C_SCL
0.000000e+00 (V)  Node183!!K3::I2C_SDA
0.000000e+00 (V)  Node184!!2::RESETN
0.000000e+00 (V)  Node185!!2::RESETN
0.000000e+00 (V)  Node186!!2::RESETN
0.000000e+00 (V)  Node187!!1::RESETN
0.000000e+00 (V)  Node188!!K8::RESETN
0.000000e+00 (V)  Node19!!1::HDMI_DATA2_P
1.006128e-10 (V)  Node1906::MIPI_DSI1_DATA1_P
1.006024e-10 (V)  Node1906_Auto_1067::MIPI_DSI1_DATA1_P
1.005989e-10 (V)  Node1906_Auto_1068::MIPI_DSI1_DATA1_P
1.005985e-10 (V)  Node1906_Auto_1075::MIPI_DSI1_DATA1_P
1.005959e-10 (V)  Node1906_Auto_1076::MIPI_DSI1_DATA1_P
1.005953e-10 (V)  Node1908::MIPI_DSI1_DATA1_P
1.005935e-10 (V)  Node1909::MIPI_DSI1_DATA1_P
1.005880e-10 (V)  Node1909_Auto_702::MIPI_DSI1_DATA1_P
1.005848e-10 (V)  Node1909_Auto_703::MIPI_DSI1_DATA1_P
1.005917e-10 (V)  Node1909_Auto_712::MIPI_DSI1_DATA1_P
1.005169e-10 (V)  Node1911::MIPI_DSI1_DATA1_P
1.005133e-10 (V)  Node1913::MIPI_DSI1_DATA1_P
1.005054e-10 (V)  Node1915::MIPI_DSI1_DATA1_P
1.005024e-10 (V)  Node1919::MIPI_DSI1_DATA1_P
1.004719e-10 (V)  Node1922::MIPI_DSI1_DATA1_P
1.004740e-10 (V)  Node1922_Auto_39::MIPI_DSI1_DATA1_P
1.005017e-10 (V)  Node1922_Auto_40::MIPI_DSI1_DATA1_P
1.004689e-10 (V)  Node1923::MIPI_DSI1_DATA1_P
1.004658e-10 (V)  Node1924::MIPI_DSI1_DATA1_P
1.004628e-10 (V)  Node1925::MIPI_DSI1_DATA1_P
1.004475e-10 (V)  Node1930::MIPI_DSI1_DATA1_P
1.004178e-10 (V)  Node1930_Auto_22::MIPI_DSI1_DATA1_P
1.004455e-10 (V)  Node1930_Auto_32::MIPI_DSI1_DATA1_P
1.004175e-10 (V)  Node1933::MIPI_DSI1_DATA1_P
1.004147e-10 (V)  Node1936::MIPI_DSI1_DATA1_P
1.004126e-10 (V)  Node1938::MIPI_DSI1_DATA1_P
1.004097e-10 (V)  Node1942::MIPI_DSI1_DATA1_P
1.003767e-10 (V)  Node1945::MIPI_DSI1_DATA1_P
1.004089e-10 (V)  Node1945_Auto_23::MIPI_DSI1_DATA1_P
1.003813e-10 (V)  Node1945_Auto_34::MIPI_DSI1_DATA1_P
1.003787e-10 (V)  Node1945_Auto_41::MIPI_DSI1_DATA1_P
1.003523e-10 (V)  Node1953::MIPI_DSI1_DATA1_P
1.003201e-10 (V)  Node1953_Auto_31::MIPI_DSI1_DATA1_P
1.003478e-10 (V)  Node1953_Auto_37::MIPI_DSI1_DATA1_P
1.003193e-10 (V)  Node1956::MIPI_DSI1_DATA1_P
1.003170e-10 (V)  Node1959::MIPI_DSI1_DATA1_P
1.003124e-10 (V)  Node1961::MIPI_DSI1_DATA1_P
1.003088e-10 (V)  Node1963::MIPI_DSI1_DATA1_P
1.003037e-10 (V)  Node1963_Auto_469::MIPI_DSI1_DATA1_P
1.002746e-10 (V)  Node1965::MIPI_DSI1_DATA1_P
1.002760e-10 (V)  Node1965_Auto_455::MIPI_DSI1_DATA1_P
1.002789e-10 (V)  Node1965_Auto_456::MIPI_DSI1_DATA1_P
1.002819e-10 (V)  Node1965_Auto_458::MIPI_DSI1_DATA1_P
1.002710e-10 (V)  Node1967::MIPI_DSI1_DATA1_P
1.002568e-10 (V)  Node1969::MIPI_DSI1_DATA1_P
1.002527e-10 (V)  Node1973::MIPI_DSI1_DATA1_P
1.002456e-10 (V)  Node1976::MIPI_DSI1_DATA1_P
1.002375e-10 (V)  Node1984::MIPI_DSI1_DATA1_P
1.002305e-10 (V)  Node1987::MIPI_DSI1_DATA1_P
1.002224e-10 (V)  Node1995::MIPI_DSI1_DATA1_P
1.002143e-10 (V)  Node1998::MIPI_DSI1_DATA1_P
1.002153e-10 (V)  Node1998_Auto_53::MIPI_DSI1_DATA1_P
0.000000e+00 (V)  Node20!!1::HDMI_DATA2_P
1.002062e-10 (V)  Node2006::MIPI_DSI1_DATA1_P
1.002051e-10 (V)  Node2006_Auto_54::MIPI_DSI1_DATA1_P
1.001981e-10 (V)  Node2009::MIPI_DSI1_DATA1_P
1.001949e-10 (V)  Node2012::MIPI_DSI1_DATA1_P
1.001804e-10 (V)  Node2012_Auto_162::MIPI_DSI1_DATA1_P
1.001775e-10 (V)  Node2012_Auto_163::MIPI_DSI1_DATA1_P
1.001893e-10 (V)  Node2012_Auto_167::MIPI_DSI1_DATA1_P
1.001519e-10 (V)  Node2021::MIPI_DSI1_DATA1_P
1.001482e-10 (V)  Node2021_Auto_2065::MIPI_DSI1_DATA1_P
1.001437e-10 (V)  Node2021_Auto_2066::MIPI_DSI1_DATA1_P
1.001427e-10 (V)  Node2023::MIPI_DSI1_DATA1_P
1.001390e-10 (V)  Node2024::MIPI_DSI1_DATA1_P
1.000353e-10 (V)  Node2027::MIPI_DSI1_DATA1_P
1.000371e-10 (V)  Node2027_Auto_2083::MIPI_DSI1_DATA1_P
1.000630e-10 (V)  Node2027_Auto_2084::MIPI_DSI1_DATA1_P
1.001385e-10 (V)  Node2027_Auto_2092::MIPI_DSI1_DATA1_P
1.000335e-10 (V)  Node2028::MIPI_DSI1_DATA1_P
1.000326e-10 (V)  Node2028_Auto_2055::MIPI_DSI1_DATA1_P
1.000295e-10 (V)  Node2028_Auto_2056::MIPI_DSI1_DATA1_P
1.000206e-10 (V)  Node2030::MIPI_DSI1_DATA1_P
1.000248e-10 (V)  Node2030_Auto_2032::MIPI_DSI1_DATA1_P
1.000285e-10 (V)  Node2030_Auto_2033::MIPI_DSI1_DATA1_P
1.000230e-10 (V)  Node2030_Auto_2062::MIPI_DSI1_DATA1_P
1.000201e-10 (V)  Node2031::MIPI_DSI1_DATA1_P
1.000152e-10 (V)  Node2032::MIPI_DSI1_DATA1_P
1.000179e-10 (V)  Node2032_Auto_2063::MIPI_DSI1_DATA1_P
1.000095e-10 (V)  Node2034::MIPI_DSI1_DATA1_P
1.000014e-10 (V)  Node2035!!13_Auto_1950::MIPI_DSI1_DATA1_P
1.000085e-10 (V)  Node2035!!13_Auto_1951::MIPI_DSI1_DATA1_P
2.500000e+00 (V)  Node2038::MIPI_DSI1_DATA0_N
2.500000e+00 (V)  Node2038_Auto_1413::MIPI_DSI1_DATA0_N
2.500000e+00 (V)  Node2040::MIPI_DSI1_DATA0_N
2.500000e+00 (V)  Node2041::MIPI_DSI1_DATA0_N
2.500000e+00 (V)  Node2042::MIPI_DSI1_DATA0_N
2.500000e+00 (V)  Node2042_Auto_1066::MIPI_DSI1_DATA0_N
2.500000e+00 (V)  Node2043::MIPI_DSI1_DATA0_N
2.500000e+00 (V)  Node2043_Auto_700::MIPI_DSI1_DATA0_N
2.500000e+00 (V)  Node2043_Auto_701::MIPI_DSI1_DATA0_N
2.500000e+00 (V)  Node2045::MIPI_DSI1_DATA0_N
2.500000e+00 (V)  Node2046::MIPI_DSI1_DATA0_N
2.500000e+00 (V)  Node2046_Auto_736::MIPI_DSI1_DATA0_N
2.500000e+00 (V)  Node2048::MIPI_DSI1_DATA0_N
2.500000e+00 (V)  Node2050::MIPI_DSI1_DATA0_N
2.500000e+00 (V)  Node2050_Auto_326::MIPI_DSI1_DATA0_N
2.500000e+00 (V)  Node2058::MIPI_DSI1_DATA0_N
2.500000e+00 (V)  Node2058_Auto_321::MIPI_DSI1_DATA0_N
2.500000e+00 (V)  Node2058_Auto_322::MIPI_DSI1_DATA0_N
2.500000e+00 (V)  Node2060::MIPI_DSI1_DATA0_N
2.500000e+00 (V)  Node2063::MIPI_DSI1_DATA0_N
2.500000e+00 (V)  Node2065::MIPI_DSI1_DATA0_N
2.500000e+00 (V)  Node2067::MIPI_DSI1_DATA0_N
2.500000e+00 (V)  Node2067_Auto_317::MIPI_DSI1_DATA0_N
2.500000e+00 (V)  Node2072::MIPI_DSI1_DATA0_N
2.500000e+00 (V)  Node2073::MIPI_DSI1_DATA0_N
2.500000e+00 (V)  Node2074::MIPI_DSI1_DATA0_N
2.500000e+00 (V)  Node2075::MIPI_DSI1_DATA0_N
2.500000e+00 (V)  Node2075_Auto_320::MIPI_DSI1_DATA0_N
2.500000e+00 (V)  Node2077::MIPI_DSI1_DATA0_N
2.500000e+00 (V)  Node2080::MIPI_DSI1_DATA0_N
2.500000e+00 (V)  Node2080_Auto_371::MIPI_DSI1_DATA0_N
2.500000e+00 (V)  Node2080_Auto_373::MIPI_DSI1_DATA0_N
2.500000e+00 (V)  Node2082::MIPI_DSI1_DATA0_N
2.500000e+00 (V)  Node2083::MIPI_DSI1_DATA0_N
2.500000e+00 (V)  Node2092::MIPI_DSI1_DATA0_N
2.500000e+00 (V)  Node2092_Auto_1691::MIPI_DSI1_DATA0_N
2.500000e+00 (V)  Node2092_Auto_1693::MIPI_DSI1_DATA0_N
2.500000e+00 (V)  Node2094::MIPI_DSI1_DATA0_N
2.500000e+00 (V)  Node2095::MIPI_DSI1_DATA0_N
2.500000e+00 (V)  Node2095_Auto_1694::MIPI_DSI1_DATA0_N
2.500000e+00 (V)  Node2098::MIPI_DSI1_DATA0_N
0.000000e+00 (V)  Node21!!10::HDMI_DATA2_P
2.500000e+00 (V)  Node2101::MIPI_DSI1_DATA0_N
2.500000e+00 (V)  Node2101_Auto_1716::MIPI_DSI1_DATA0_N
2.500000e+00 (V)  Node2101_Auto_1717::MIPI_DSI1_DATA0_N
2.500000e+00 (V)  Node2101_Auto_1725::MIPI_DSI1_DATA0_N
2.500000e+00 (V)  Node2104::MIPI_DSI1_DATA0_N
2.500000e+00 (V)  Node2112::MIPI_DSI1_DATA0_N
2.500000e+00 (V)  Node2115::MIPI_DSI1_DATA0_N
2.500000e+00 (V)  Node2115_Auto_1705::MIPI_DSI1_DATA0_N
2.500000e+00 (V)  Node2115_Auto_1711::MIPI_DSI1_DATA0_N
2.500000e+00 (V)  Node2115_Auto_1723::MIPI_DSI1_DATA0_N
2.500000e+00 (V)  Node2123::MIPI_DSI1_DATA0_N
2.500000e+00 (V)  Node2123_Auto_1704::MIPI_DSI1_DATA0_N
2.500000e+00 (V)  Node2123_Auto_1712::MIPI_DSI1_DATA0_N
2.500000e+00 (V)  Node2126::MIPI_DSI1_DATA0_N
2.500000e+00 (V)  Node2134::MIPI_DSI1_DATA0_N
2.500000e+00 (V)  Node2137::MIPI_DSI1_DATA0_N
2.500000e+00 (V)  Node2137_Auto_1702::MIPI_DSI1_DATA0_N
2.500000e+00 (V)  Node2137_Auto_1715::MIPI_DSI1_DATA0_N
2.500000e+00 (V)  Node2142::MIPI_DSI1_DATA0_N
2.500000e+00 (V)  Node2142_Auto_1915::MIPI_DSI1_DATA0_N
2.500000e+00 (V)  Node2142_Auto_1916::MIPI_DSI1_DATA0_N
2.500000e+00 (V)  Node2144::MIPI_DSI1_DATA0_N
2.500000e+00 (V)  Node2147::MIPI_DSI1_DATA0_N
2.500000e+00 (V)  Node2147_Auto_1921::MIPI_DSI1_DATA0_N
2.500000e+00 (V)  Node2150::MIPI_DSI1_DATA0_N
2.500000e+00 (V)  Node2151::MIPI_DSI1_DATA0_N
2.500000e+00 (V)  Node2153::MIPI_DSI1_DATA0_N
2.500000e+00 (V)  Node2154::MIPI_DSI1_DATA0_N
2.500000e+00 (V)  Node2155::MIPI_DSI1_DATA0_N
2.500000e+00 (V)  Node2157::MIPI_DSI1_DATA0_N
2.500000e+00 (V)  Node2157_Auto_1923::MIPI_DSI1_DATA0_N
2.500000e+00 (V)  Node2157_Auto_1926::MIPI_DSI1_DATA0_N
2.500000e+00 (V)  Node2160::MIPI_DSI1_DATA0_N
2.500000e+00 (V)  Node2160_Auto_2071::MIPI_DSI1_DATA0_N
2.500000e+00 (V)  Node2162::MIPI_DSI1_DATA0_N
2.500000e+00 (V)  Node2163::MIPI_DSI1_DATA0_N
2.500000e+00 (V)  Node2163_Auto_2044::MIPI_DSI1_DATA0_N
2.500000e+00 (V)  Node2163_Auto_2045::MIPI_DSI1_DATA0_N
2.500000e+00 (V)  Node2163_Auto_2046::MIPI_DSI1_DATA0_N
2.500000e+00 (V)  Node2163_Auto_2048::MIPI_DSI1_DATA0_N
2.500000e+00 (V)  Node2164::MIPI_DSI1_DATA0_N
2.500000e+00 (V)  Node2165!!18_Auto_1946::MIPI_DSI1_DATA0_N
2.500000e+00 (V)  Node2165!!18_Auto_1947::MIPI_DSI1_DATA0_N
1.004187e-10 (V)  Node2168::MIPI_DSI1_DATA0_P
1.004160e-10 (V)  Node2168_Auto_1692::MIPI_DSI1_DATA0_P
1.004073e-10 (V)  Node2170::MIPI_DSI1_DATA0_P
1.004055e-10 (V)  Node2171::MIPI_DSI1_DATA0_P
1.004050e-10 (V)  Node2171_Auto_1695::MIPI_DSI1_DATA0_P
1.003896e-10 (V)  Node2171_Auto_1696::MIPI_DSI1_DATA0_P
1.003886e-10 (V)  Node2174::MIPI_DSI1_DATA0_P
1.003802e-10 (V)  Node2177::MIPI_DSI1_DATA0_P
1.003774e-10 (V)  Node2177_Auto_1709::MIPI_DSI1_DATA0_P
1.003379e-10 (V)  Node2177_Auto_1710::MIPI_DSI1_DATA0_P
1.003259e-10 (V)  Node2180::MIPI_DSI1_DATA0_P
1.003177e-10 (V)  Node2188::MIPI_DSI1_DATA0_P
1.002636e-10 (V)  Node2191::MIPI_DSI1_DATA0_P
1.003057e-10 (V)  Node2191_Auto_1707::MIPI_DSI1_DATA0_P
1.002662e-10 (V)  Node2191_Auto_1708::MIPI_DSI1_DATA0_P
1.002367e-10 (V)  Node2199::MIPI_DSI1_DATA0_P
1.002363e-10 (V)  Node2199_Auto_1718::MIPI_DSI1_DATA0_P
1.002338e-10 (V)  Node2199_Auto_1720::MIPI_DSI1_DATA0_P
0.000000e+00 (V)  Node22!!D1::HDMI_DATA0_P
1.001943e-10 (V)  Node2202::MIPI_DSI1_DATA0_P
1.001862e-10 (V)  Node2210::MIPI_DSI1_DATA0_P
1.001438e-10 (V)  Node2213::MIPI_DSI1_DATA0_P
1.001441e-10 (V)  Node2213_Auto_1719::MIPI_DSI1_DATA0_P
1.001467e-10 (V)  Node2213_Auto_1721::MIPI_DSI1_DATA0_P
1.001317e-10 (V)  Node2218::MIPI_DSI1_DATA0_P
1.000970e-10 (V)  Node2220::MIPI_DSI1_DATA0_P
1.000947e-10 (V)  Node2223::MIPI_DSI1_DATA0_P
1.000920e-10 (V)  Node2223_Auto_1922::MIPI_DSI1_DATA0_P
1.000910e-10 (V)  Node2226::MIPI_DSI1_DATA0_P
1.000882e-10 (V)  Node2227::MIPI_DSI1_DATA0_P
1.000871e-10 (V)  Node2227_Auto_1919::MIPI_DSI1_DATA0_P
1.000851e-10 (V)  Node2227_Auto_1920::MIPI_DSI1_DATA0_P
1.000824e-10 (V)  Node2229::MIPI_DSI1_DATA0_P
1.000797e-10 (V)  Node2229_Auto_2028::MIPI_DSI1_DATA0_P
1.000773e-10 (V)  Node2229_Auto_2029::MIPI_DSI1_DATA0_P
1.000731e-10 (V)  Node2230::MIPI_DSI1_DATA0_P
1.000715e-10 (V)  Node2230_Auto_1917::MIPI_DSI1_DATA0_P
1.000683e-10 (V)  Node2230_Auto_1918::MIPI_DSI1_DATA0_P
1.000667e-10 (V)  Node2231::MIPI_DSI1_DATA0_P
1.000499e-10 (V)  Node2233::MIPI_DSI1_DATA0_P
1.000598e-10 (V)  Node2233_Auto_1924::MIPI_DSI1_DATA0_P
1.000625e-10 (V)  Node2233_Auto_1925::MIPI_DSI1_DATA0_P
1.000469e-10 (V)  Node2236::MIPI_DSI1_DATA0_P
1.000258e-10 (V)  Node2236_Auto_2072::MIPI_DSI1_DATA0_P
1.000234e-10 (V)  Node2238::MIPI_DSI1_DATA0_P
1.000229e-10 (V)  Node2239::MIPI_DSI1_DATA0_P
1.000164e-10 (V)  Node2239_Auto_2038::MIPI_DSI1_DATA0_P
1.000204e-10 (V)  Node2239_Auto_2043::MIPI_DSI1_DATA0_P
1.000129e-10 (V)  Node2240::MIPI_DSI1_DATA0_P
1.000092e-10 (V)  Node2242::MIPI_DSI1_DATA0_P
1.000014e-10 (V)  Node2243!!17_Auto_1944::MIPI_DSI1_DATA0_P
1.000085e-10 (V)  Node2243!!17_Auto_1945::MIPI_DSI1_DATA0_P
1.006073e-10 (V)  Node2247::MIPI_DSI1_DATA0_P
1.005970e-10 (V)  Node2248::MIPI_DSI1_DATA0_P
1.005967e-10 (V)  Node2249::MIPI_DSI1_DATA0_P
1.005932e-10 (V)  Node2250::MIPI_DSI1_DATA0_P
1.005901e-10 (V)  Node2252::MIPI_DSI1_DATA0_P
1.005890e-10 (V)  Node2253::MIPI_DSI1_DATA0_P
1.005773e-10 (V)  Node2253_Auto_737::MIPI_DSI1_DATA0_P
1.005750e-10 (V)  Node2256::MIPI_DSI1_DATA0_P
1.005693e-10 (V)  Node2259::MIPI_DSI1_DATA0_P
1.005639e-10 (V)  Node2262::MIPI_DSI1_DATA0_P
1.005645e-10 (V)  Node2262_Auto_324::MIPI_DSI1_DATA0_P
1.005670e-10 (V)  Node2262_Auto_327::MIPI_DSI1_DATA0_P
1.005558e-10 (V)  Node2270::MIPI_DSI1_DATA0_P
1.005555e-10 (V)  Node2270_Auto_323::MIPI_DSI1_DATA0_P
1.005531e-10 (V)  Node2270_Auto_328::MIPI_DSI1_DATA0_P
1.005520e-10 (V)  Node2272::MIPI_DSI1_DATA0_P
1.005437e-10 (V)  Node2275::MIPI_DSI1_DATA0_P
1.005417e-10 (V)  Node2275_Auto_310::MIPI_DSI1_DATA0_P
1.005368e-10 (V)  Node2275_Auto_311::MIPI_DSI1_DATA0_P
1.005363e-10 (V)  Node2277::MIPI_DSI1_DATA0_P
1.005288e-10 (V)  Node2281::MIPI_DSI1_DATA0_P
1.005234e-10 (V)  Node2284::MIPI_DSI1_DATA0_P
1.005240e-10 (V)  Node2284_Auto_315::MIPI_DSI1_DATA0_P
1.005264e-10 (V)  Node2284_Auto_318::MIPI_DSI1_DATA0_P
1.005153e-10 (V)  Node2292::MIPI_DSI1_DATA0_P
1.005150e-10 (V)  Node2292_Auto_314::MIPI_DSI1_DATA0_P
1.005126e-10 (V)  Node2292_Auto_319::MIPI_DSI1_DATA0_P
1.005115e-10 (V)  Node2294::MIPI_DSI1_DATA0_P
1.005032e-10 (V)  Node2297::MIPI_DSI1_DATA0_P
1.005012e-10 (V)  Node2297_Auto_372::MIPI_DSI1_DATA0_P
0.000000e+00 (V)  Node23!!1::HDMI_DATA0_P
1.004814e-10 (V)  Node2300::MIPI_DSI1_DATA0_P
1.004784e-10 (V)  Node2303::MIPI_DSI1_DATA0_P
1.004694e-10 (V)  Node2306::MIPI_DSI1_DATA0_P
1.004696e-10 (V)  Node2306_Auto_359::MIPI_DSI1_DATA0_P
1.004758e-10 (V)  Node2306_Auto_360::MIPI_DSI1_DATA0_P
1.004613e-10 (V)  Node2314::MIPI_DSI1_DATA0_P
1.004552e-10 (V)  Node2317::MIPI_DSI1_DATA0_P
1.004482e-10 (V)  Node2320::MIPI_DSI1_DATA0_P
1.004430e-10 (V)  Node2322::MIPI_DSI1_DATA0_P
1.004392e-10 (V)  Node2323::MIPI_DSI1_DATA0_P
0.000000e+00 (V)  Node2327!!5::MIPI_DSI0_CLK_N
0.000000e+00 (V)  Node24!!7::HDMI_DATA0_P
0.000000e+00 (V)  Node2417!!1::MIPI_DSI0_DATA3_N
0.000000e+00 (V)  Node2474!!9::MIPI_DSI0_DATA2_N
0.000000e+00 (V)  Node2495!!7::MIPI_DSI0_DATA1_N
0.000000e+00 (V)  Node25!!10::HDMI_DATA0_P
0.000000e+00 (V)  Node26!!E1::HDMI_DATA1_P
0.000000e+00 (V)  Node2642!!3::MIPI_DSI0_DATA0_N
0.000000e+00 (V)  Node27!!4::HDMI_DATA1_P
0.000000e+00 (V)  Node270!!K9::N284871
0.000000e+00 (V)  Node273!!K2::N284174
0.000000e+00 (V)  Node275!!K1::N284159
0.000000e+00 (V)  Node277!!J1::N284077
0.000000e+00 (V)  Node2788!!6::MIPI_DSI0_CLK_P
0.000000e+00 (V)  Node279!!19::HDP
0.000000e+00 (V)  Node28!!4::HDMI_DATA1_P
0.000000e+00 (V)  Node282!!B3::SDA
0.000000e+00 (V)  Node283!!16::SDA
0.000000e+00 (V)  Node288!!15::SCL
0.000000e+00 (V)  Node29!!7::HDMI_DATA1_P
0.000000e+00 (V)  Node290!!A3::SCL
0.000000e+00 (V)  Node2947!!2::MIPI_DSI0_DATA3_P
0.000000e+00 (V)  Node30!!D2::HDMI_DATA0_N
0.000000e+00 (V)  Node3002!!10::MIPI_DSI0_DATA2_P
0.000000e+00 (V)  Node3030!!8::MIPI_DSI0_DATA1_P
0.000000e+00 (V)  Node307!!A1::N27399713
0.000000e+00 (V)  Node31!!2::HDMI_DATA0_N
0.000000e+00 (V)  Node319!!A2::N279408
0.000000e+00 (V)  Node32!!9::HDMI_DATA0_N
0.000000e+00 (V)  Node320!!A4::N2739972
0.000000e+00 (V)  Node33!!9::HDMI_DATA0_N
0.000000e+00 (V)  Node337!!14
0.000000e+00 (V)  Node338!!13
0.000000e+00 (V)  Node34!!C1::HDMI_CLK_P
0.000000e+00 (V)  Node341!!G6
0.000000e+00 (V)  Node3411!!4::MIPI_DSI0_DATA0_P
0.000000e+00 (V)  Node342!!J2
0.000000e+00 (V)  Node343!!K5
0.000000e+00 (V)  Node344!!J5
0.000000e+00 (V)  Node345!!J6
0.000000e+00 (V)  Node346!!J8
0.000000e+00 (V)  Node347!!J9
0.000000e+00 (V)  Node348!!K7
0.000000e+00 (V)  Node349!!J4
0.000000e+00 (V)  Node35!!4::HDMI_CLK_P
0.000000e+00 (V)  Node36!!7::HDMI_CLK_P
0.000000e+00 (V)  Node37!!10::HDMI_CLK_P
0.000000e+00 (V)  Node38!!E2::HDMI_DATA1_N
0.000000e+00 (V)  Node39!!5::HDMI_DATA1_N
0.000000e+00 (V)  Node40!!6::HDMI_DATA1_N
0.000000e+00 (V)  Node4007!!32::PWM
0.000000e+00 (V)  Node4066!!29::RESX
0.000000e+00 (V)  Node41!!6::HDMI_DATA1_N
0.000000e+00 (V)  Node42!!C2::HDMI_CLK_N
0.000000e+00 (V)  Node4274!!20::N271809
0.000000e+00 (V)  Node4275!!21::N271809
0.000000e+00 (V)  Node4276!!22::N271809
0.000000e+00 (V)  Node4281!!23::N271809
0.000000e+00 (V)  Node43!!5::HDMI_CLK_N
0.000000e+00 (V)  Node44!!12::HDMI_CLK_N
0.000000e+00 (V)  Node45!!6::HDMI_CLK_N
0.000000e+00 (V)  Node4737!!2::HDP
0.000000e+00 (V)  Node4774!!39::VCC_LED_AB
0.000000e+00 (V)  Node4775!!40::VCC_LED_AB
0.000000e+00 (V)  Node4783!!1::N2739972
0.000000e+00 (V)  Node4785!!P4
0.000000e+00 (V)  Node4786!!P3
0.000000e+00 (V)  Node4787!!P2
0.000000e+00 (V)  Node4788!!P1
0.000000e+00 (V)  Node4789!!31
0.000000e+00 (V)  Node4790!!30
1.006150e-10 (V)  Node64!!A7_Auto_1416::MIPI_DSI1_CLK_P
0.000000e+00 (V)  Node65!!B5::MIPI_DSI1_DATA3_N
0.000000e+00 (V)  Node66!!A5::MIPI_DSI1_DATA3_P
0.000000e+00 (V)  Node67!!B6::MIPI_DSI1_DATA2_N
0.000000e+00 (V)  Node68!!A6::MIPI_DSI1_DATA2_P
2.500000e+00 (V)  Node886::MIPI_DSI1_CLK_N
2.500000e+00 (V)  Node888::MIPI_DSI1_CLK_N
2.500000e+00 (V)  Node890::MIPI_DSI1_CLK_N
2.500000e+00 (V)  Node890_Auto_389::MIPI_DSI1_CLK_N
2.500000e+00 (V)  Node890_Auto_390::MIPI_DSI1_CLK_N
2.500000e+00 (V)  Node893::MIPI_DSI1_CLK_N
2.500000e+00 (V)  Node894::MIPI_DSI1_CLK_N
2.500000e+00 (V)  Node894_Auto_387::MIPI_DSI1_CLK_N
2.500000e+00 (V)  Node896::MIPI_DSI1_CLK_N
0.000000e+00 (V)  Node9!!18::VCC_HDMIRX_IN
2.500000e+00 (V)  Node906::MIPI_DSI1_CLK_N
2.500000e+00 (V)  Node906_Auto_427::MIPI_DSI1_CLK_N
2.500000e+00 (V)  Node908::MIPI_DSI1_CLK_N
2.500000e+00 (V)  Node908_Auto_400::MIPI_DSI1_CLK_N
2.500000e+00 (V)  Node909::MIPI_DSI1_CLK_N
2.500000e+00 (V)  Node909_Auto_418::MIPI_DSI1_CLK_N
2.500000e+00 (V)  Node909_Auto_419::MIPI_DSI1_CLK_N
2.500000e+00 (V)  Node911::MIPI_DSI1_CLK_N
2.500000e+00 (V)  Node919::MIPI_DSI1_CLK_N
2.500000e+00 (V)  Node922::MIPI_DSI1_CLK_N
2.500000e+00 (V)  Node922_Auto_391::MIPI_DSI1_CLK_N
2.500000e+00 (V)  Node922_Auto_392::MIPI_DSI1_CLK_N
2.500000e+00 (V)  Node922_Auto_417::MIPI_DSI1_CLK_N
2.500000e+00 (V)  Node922_Auto_429::MIPI_DSI1_CLK_N
2.500000e+00 (V)  Node922_Auto_436::MIPI_DSI1_CLK_N
2.500000e+00 (V)  Node931::MIPI_DSI1_CLK_N
2.500000e+00 (V)  Node931_Auto_397::MIPI_DSI1_CLK_N
2.500000e+00 (V)  Node931_Auto_398::MIPI_DSI1_CLK_N
2.500000e+00 (V)  Node931_Auto_408::MIPI_DSI1_CLK_N
2.500000e+00 (V)  Node931_Auto_409::MIPI_DSI1_CLK_N
2.500000e+00 (V)  Node931_Auto_432::MIPI_DSI1_CLK_N
2.500000e+00 (V)  Node931_Auto_435::MIPI_DSI1_CLK_N
2.500000e+00 (V)  Node934::MIPI_DSI1_CLK_N
2.500000e+00 (V)  Node942::MIPI_DSI1_CLK_N
2.500000e+00 (V)  Node945::MIPI_DSI1_CLK_N
2.500000e+00 (V)  Node945_Auto_404::MIPI_DSI1_CLK_N
2.500000e+00 (V)  Node945_Auto_406::MIPI_DSI1_CLK_N
2.500000e+00 (V)  Node960::MIPI_DSI1_CLK_N
2.500000e+00 (V)  Node962::MIPI_DSI1_CLK_N
2.500000e+00 (V)  Node962_Auto_461::MIPI_DSI1_CLK_N
2.500000e+00 (V)  Node962_Auto_462::MIPI_DSI1_CLK_N
2.500000e+00 (V)  Node962_Auto_485::MIPI_DSI1_CLK_N
2.500000e+00 (V)  Node962_Auto_487::MIPI_DSI1_CLK_N
2.500000e+00 (V)  Node964::MIPI_DSI1_CLK_N
2.500000e+00 (V)  Node964_Auto_692::MIPI_DSI1_CLK_N
2.500000e+00 (V)  Node964_Auto_693::MIPI_DSI1_CLK_N
2.500000e+00 (V)  Node964_Auto_696::MIPI_DSI1_CLK_N
2.500000e+00 (V)  Node964_Auto_697::MIPI_DSI1_CLK_N
2.500000e+00 (V)  Node964_Auto_699::MIPI_DSI1_CLK_N
2.500000e+00 (V)  Node964_Auto_711::MIPI_DSI1_CLK_N
2.500000e+00 (V)  Node964_Auto_718::MIPI_DSI1_CLK_N
2.500000e+00 (V)  Node964_Auto_719::MIPI_DSI1_CLK_N
2.500000e+00 (V)  Node964_Auto_720::MIPI_DSI1_CLK_N
2.500000e+00 (V)  Node964_Auto_724::MIPI_DSI1_CLK_N
2.500000e+00 (V)  Node964_Auto_725::MIPI_DSI1_CLK_N
2.500000e+00 (V)  Node964_Auto_730::MIPI_DSI1_CLK_N
2.500000e+00 (V)  Node964_Auto_732::MIPI_DSI1_CLK_N
2.500000e+00 (V)  Node964_Auto_735::MIPI_DSI1_CLK_N
2.500000e+00 (V)  Node965::MIPI_DSI1_CLK_N
2.500000e+00 (V)  Node967::MIPI_DSI1_CLK_N
2.500000e+00 (V)  Node967_Auto_708::MIPI_DSI1_CLK_N
2.500000e+00 (V)  Node967_Auto_709::MIPI_DSI1_CLK_N
2.500000e+00 (V)  Node967_Auto_715::MIPI_DSI1_CLK_N
2.500000e+00 (V)  Node967_Auto_727::MIPI_DSI1_CLK_N
2.500000e+00 (V)  Node967_Auto_739::MIPI_DSI1_CLK_N
2.500000e+00 (V)  Node967_Auto_741::MIPI_DSI1_CLK_N
2.500000e+00 (V)  Node969::MIPI_DSI1_CLK_N
2.500000e+00 (V)  Node971::MIPI_DSI1_CLK_N
2.500000e+00 (V)  Node971_Auto_1073::MIPI_DSI1_CLK_N
2.500000e+00 (V)  Node971_Auto_1074::MIPI_DSI1_CLK_N
2.500000e+00 (V)  Node971_Auto_1081::MIPI_DSI1_CLK_N
2.500000e+00 (V)  Node971_Auto_1082::MIPI_DSI1_CLK_N
2.500000e+00 (V)  Node971_Auto_1083::MIPI_DSI1_CLK_N
2.500000e+00 (V)  Node971_Auto_1084::MIPI_DSI1_CLK_N
2.500000e+00 (V)  Node972::MIPI_DSI1_CLK_N
2.500000e+00 (V)  Node972_Auto_1417::MIPI_DSI1_CLK_N
2.500000e+00 (V)  Node973!!16_Auto_1943::MIPI_DSI1_CLK_N
2.500000e+00 (V)  Node974::MIPI_DSI1_CLK_N
2.500000e+00 (V)  Node976::MIPI_DSI1_CLK_N
2.500000e+00 (V)  Node978::MIPI_DSI1_CLK_N
2.500000e+00 (V)  Node978_Auto_2036::MIPI_DSI1_CLK_N
2.500000e+00 (V)  Node978_Auto_2039::MIPI_DSI1_CLK_N
2.500000e+00 (V)  Node978_Auto_2042::MIPI_DSI1_CLK_N
2.500000e+00 (V)  Node978_Auto_2054::MIPI_DSI1_CLK_N
2.500000e+00 (V)  Node978_Auto_2079::MIPI_DSI1_CLK_N
2.500000e+00 (V)  Node978_Auto_2087::MIPI_DSI1_CLK_N
2.500000e+00 (V)  Node978_Auto_2091::MIPI_DSI1_CLK_N
2.500000e+00 (V)  Node980::MIPI_DSI1_CLK_N
2.500000e+00 (V)  Node981::MIPI_DSI1_CLK_N
2.500000e+00 (V)  Node984::MIPI_DSI1_CLK_N
2.500000e+00 (V)  Node984_Auto_2057::MIPI_DSI1_CLK_N
2.500000e+00 (V)  Node984_Auto_2058::MIPI_DSI1_CLK_N
2.500000e+00 (V)  Node985::MIPI_DSI1_CLK_N
2.500000e+00 (V)  Node985_Auto_2067::MIPI_DSI1_CLK_N
2.500000e+00 (V)  Node985_Auto_2068::MIPI_DSI1_CLK_N
2.500000e+00 (V)  Node988::MIPI_DSI1_CLK_N
1.001440e-10 (V)  Node995::MIPI_DSI1_CLK_P
1.001472e-10 (V)  Node995_Auto_385::MIPI_DSI1_CLK_P
1.001636e-10 (V)  Node995_Auto_386::MIPI_DSI1_CLK_P
1.001672e-10 (V)  Node998::MIPI_DSI1_CLK_P
1.001710e-10 (V)  Node999::MIPI_DSI1_CLK_P
1.001716e-10 (V)  Node999_Auto_388::MIPI_DSI1_CLK_P
1.001773e-10 (V)  Trace1666#BP0::MIPI_DSI1_DATA1_P
1.001746e-10 (V)  Trace1666#BP0_Auto_139::MIPI_DSI1_DATA1_P
2.500000e+00 (V)  Trace1755#BP0::MIPI_DSI1_DATA0_N
2.500000e+00 (V)  Trace1756#BP0::MIPI_DSI1_DATA0_N
2.500000e+00 (V)  Trace1761#BP0::MIPI_DSI1_DATA0_N
2.500000e+00 (V)  Trace1762#BP0::MIPI_DSI1_DATA0_N
1.004200e-10 (V)  Trace1816#BP0::MIPI_DSI1_DATA0_P
0.000000e+00 (V)  X_C80.Xpartial.X_SpeedXP_auto_CAP_NP_C0603_100N_100N_C80_C80.nd_en_2
1.000000e-10 (V)  X_CH1.Xpartial.X_SpeedXP_auto_WP7B-P040VA1-R8000_WP7B-P040VA1-R8000_WP7B-P040VA1-R8000_WP7B-P040VA1-R8000_CH1.B_SpeedXP_auto_13.Output0
1.000000e-10 (V)  X_CH1.Xpartial.X_SpeedXP_auto_WP7B-P040VA1-R8000_WP7B-P040VA1-R8000_WP7B-P040VA1-R8000_WP7B-P040VA1-R8000_CH1.B_SpeedXP_auto_13.Output1
2.500000e+00 (V)  X_CH1.Xpartial.X_SpeedXP_auto_WP7B-P040VA1-R8000_WP7B-P040VA1-R8000_WP7B-P040VA1-R8000_WP7B-P040VA1-R8000_CH1.B_SpeedXP_auto_14.Output0
2.500000e+00 (V)  X_CH1.Xpartial.X_SpeedXP_auto_WP7B-P040VA1-R8000_WP7B-P040VA1-R8000_WP7B-P040VA1-R8000_WP7B-P040VA1-R8000_CH1.B_SpeedXP_auto_14.Output1
1.000000e-10 (V)  X_CH1.Xpartial.X_SpeedXP_auto_WP7B-P040VA1-R8000_WP7B-P040VA1-R8000_WP7B-P040VA1-R8000_WP7B-P040VA1-R8000_CH1.B_SpeedXP_auto_15.Output0
1.000000e-10 (V)  X_CH1.Xpartial.X_SpeedXP_auto_WP7B-P040VA1-R8000_WP7B-P040VA1-R8000_WP7B-P040VA1-R8000_WP7B-P040VA1-R8000_CH1.B_SpeedXP_auto_15.Output1
2.500000e+00 (V)  X_CH1.Xpartial.X_SpeedXP_auto_WP7B-P040VA1-R8000_WP7B-P040VA1-R8000_WP7B-P040VA1-R8000_WP7B-P040VA1-R8000_CH1.B_SpeedXP_auto_16.Output0
2.500000e+00 (V)  X_CH1.Xpartial.X_SpeedXP_auto_WP7B-P040VA1-R8000_WP7B-P040VA1-R8000_WP7B-P040VA1-R8000_WP7B-P040VA1-R8000_CH1.B_SpeedXP_auto_16.Output1
1.000000e-10 (V)  X_CH1.Xpartial.X_SpeedXP_auto_WP7B-P040VA1-R8000_WP7B-P040VA1-R8000_WP7B-P040VA1-R8000_WP7B-P040VA1-R8000_CH1.B_SpeedXP_auto_17.Output0
1.000000e-10 (V)  X_CH1.Xpartial.X_SpeedXP_auto_WP7B-P040VA1-R8000_WP7B-P040VA1-R8000_WP7B-P040VA1-R8000_WP7B-P040VA1-R8000_CH1.B_SpeedXP_auto_17.Output1
2.500000e+00 (V)  X_CH1.Xpartial.X_SpeedXP_auto_WP7B-P040VA1-R8000_WP7B-P040VA1-R8000_WP7B-P040VA1-R8000_WP7B-P040VA1-R8000_CH1.B_SpeedXP_auto_18.Output0
2.500000e+00 (V)  X_CH1.Xpartial.X_SpeedXP_auto_WP7B-P040VA1-R8000_WP7B-P040VA1-R8000_WP7B-P040VA1-R8000_WP7B-P040VA1-R8000_CH1.B_SpeedXP_auto_18.Output1
1.000000e+00 (V)  X_CH1.Xpartial.X_SpeedXP_auto_WP7B-P040VA1-R8000_WP7B-P040VA1-R8000_WP7B-P040VA1-R8000_WP7B-P040VA1-R8000_CH1.nd_en_1
1.000000e+00 (V)  X_CH1.Xpartial.X_SpeedXP_auto_WP7B-P040VA1-R8000_WP7B-P040VA1-R8000_WP7B-P040VA1-R8000_WP7B-P040VA1-R8000_CH1.nd_en_10
1.000000e+00 (V)  X_CH1.Xpartial.X_SpeedXP_auto_WP7B-P040VA1-R8000_WP7B-P040VA1-R8000_WP7B-P040VA1-R8000_WP7B-P040VA1-R8000_CH1.nd_en_11
1.000000e+00 (V)  X_CH1.Xpartial.X_SpeedXP_auto_WP7B-P040VA1-R8000_WP7B-P040VA1-R8000_WP7B-P040VA1-R8000_WP7B-P040VA1-R8000_CH1.nd_en_12
1.000000e+00 (V)  X_CH1.Xpartial.X_SpeedXP_auto_WP7B-P040VA1-R8000_WP7B-P040VA1-R8000_WP7B-P040VA1-R8000_WP7B-P040VA1-R8000_CH1.nd_en_13
1.000000e+00 (V)  X_CH1.Xpartial.X_SpeedXP_auto_WP7B-P040VA1-R8000_WP7B-P040VA1-R8000_WP7B-P040VA1-R8000_WP7B-P040VA1-R8000_CH1.nd_en_14
1.000000e+00 (V)  X_CH1.Xpartial.X_SpeedXP_auto_WP7B-P040VA1-R8000_WP7B-P040VA1-R8000_WP7B-P040VA1-R8000_WP7B-P040VA1-R8000_CH1.nd_en_15
1.000000e+00 (V)  X_CH1.Xpartial.X_SpeedXP_auto_WP7B-P040VA1-R8000_WP7B-P040VA1-R8000_WP7B-P040VA1-R8000_WP7B-P040VA1-R8000_CH1.nd_en_16
1.000000e+00 (V)  X_CH1.Xpartial.X_SpeedXP_auto_WP7B-P040VA1-R8000_WP7B-P040VA1-R8000_WP7B-P040VA1-R8000_WP7B-P040VA1-R8000_CH1.nd_en_17
1.000000e+00 (V)  X_CH1.Xpartial.X_SpeedXP_auto_WP7B-P040VA1-R8000_WP7B-P040VA1-R8000_WP7B-P040VA1-R8000_WP7B-P040VA1-R8000_CH1.nd_en_18
1.000000e+00 (V)  X_CH1.Xpartial.X_SpeedXP_auto_WP7B-P040VA1-R8000_WP7B-P040VA1-R8000_WP7B-P040VA1-R8000_WP7B-P040VA1-R8000_CH1.nd_en_19
1.000000e+00 (V)  X_CH1.Xpartial.X_SpeedXP_auto_WP7B-P040VA1-R8000_WP7B-P040VA1-R8000_WP7B-P040VA1-R8000_WP7B-P040VA1-R8000_CH1.nd_en_2
1.000000e+00 (V)  X_CH1.Xpartial.X_SpeedXP_auto_WP7B-P040VA1-R8000_WP7B-P040VA1-R8000_WP7B-P040VA1-R8000_WP7B-P040VA1-R8000_CH1.nd_en_20
1.000000e+00 (V)  X_CH1.Xpartial.X_SpeedXP_auto_WP7B-P040VA1-R8000_WP7B-P040VA1-R8000_WP7B-P040VA1-R8000_WP7B-P040VA1-R8000_CH1.nd_en_3
1.000000e+00 (V)  X_CH1.Xpartial.X_SpeedXP_auto_WP7B-P040VA1-R8000_WP7B-P040VA1-R8000_WP7B-P040VA1-R8000_WP7B-P040VA1-R8000_CH1.nd_en_4
1.000000e+00 (V)  X_CH1.Xpartial.X_SpeedXP_auto_WP7B-P040VA1-R8000_WP7B-P040VA1-R8000_WP7B-P040VA1-R8000_WP7B-P040VA1-R8000_CH1.nd_en_5
1.000000e+00 (V)  X_CH1.Xpartial.X_SpeedXP_auto_WP7B-P040VA1-R8000_WP7B-P040VA1-R8000_WP7B-P040VA1-R8000_WP7B-P040VA1-R8000_CH1.nd_en_6
1.000000e+00 (V)  X_CH1.Xpartial.X_SpeedXP_auto_WP7B-P040VA1-R8000_WP7B-P040VA1-R8000_WP7B-P040VA1-R8000_WP7B-P040VA1-R8000_CH1.nd_en_7
1.000000e+00 (V)  X_CH1.Xpartial.X_SpeedXP_auto_WP7B-P040VA1-R8000_WP7B-P040VA1-R8000_WP7B-P040VA1-R8000_WP7B-P040VA1-R8000_CH1.nd_en_8
1.000000e+00 (V)  X_CH1.Xpartial.X_SpeedXP_auto_WP7B-P040VA1-R8000_WP7B-P040VA1-R8000_WP7B-P040VA1-R8000_WP7B-P040VA1-R8000_CH1.nd_en_9
0.000000e+00 (V)  X_CH1.Xpartial.X_SpeedXP_auto_WP7B-P040VA1-R8000_WP7B-P040VA1-R8000_WP7B-P040VA1-R8000_WP7B-P040VA1-R8000_CH1.nd_in_1
0.000000e+00 (V)  X_CH1.Xpartial.X_SpeedXP_auto_WP7B-P040VA1-R8000_WP7B-P040VA1-R8000_WP7B-P040VA1-R8000_WP7B-P040VA1-R8000_CH1.nd_in_10
0.000000e+00 (V)  X_CH1.Xpartial.X_SpeedXP_auto_WP7B-P040VA1-R8000_WP7B-P040VA1-R8000_WP7B-P040VA1-R8000_WP7B-P040VA1-R8000_CH1.nd_in_11
0.000000e+00 (V)  X_CH1.Xpartial.X_SpeedXP_auto_WP7B-P040VA1-R8000_WP7B-P040VA1-R8000_WP7B-P040VA1-R8000_WP7B-P040VA1-R8000_CH1.nd_in_12
0.000000e+00 (V)  X_CH1.Xpartial.X_SpeedXP_auto_WP7B-P040VA1-R8000_WP7B-P040VA1-R8000_WP7B-P040VA1-R8000_WP7B-P040VA1-R8000_CH1.nd_in_13
1.000000e+00 (V)  X_CH1.Xpartial.X_SpeedXP_auto_WP7B-P040VA1-R8000_WP7B-P040VA1-R8000_WP7B-P040VA1-R8000_WP7B-P040VA1-R8000_CH1.nd_in_14
0.000000e+00 (V)  X_CH1.Xpartial.X_SpeedXP_auto_WP7B-P040VA1-R8000_WP7B-P040VA1-R8000_WP7B-P040VA1-R8000_WP7B-P040VA1-R8000_CH1.nd_in_15
1.000000e+00 (V)  X_CH1.Xpartial.X_SpeedXP_auto_WP7B-P040VA1-R8000_WP7B-P040VA1-R8000_WP7B-P040VA1-R8000_WP7B-P040VA1-R8000_CH1.nd_in_16
0.000000e+00 (V)  X_CH1.Xpartial.X_SpeedXP_auto_WP7B-P040VA1-R8000_WP7B-P040VA1-R8000_WP7B-P040VA1-R8000_WP7B-P040VA1-R8000_CH1.nd_in_17
1.000000e+00 (V)  X_CH1.Xpartial.X_SpeedXP_auto_WP7B-P040VA1-R8000_WP7B-P040VA1-R8000_WP7B-P040VA1-R8000_WP7B-P040VA1-R8000_CH1.nd_in_18
0.000000e+00 (V)  X_CH1.Xpartial.X_SpeedXP_auto_WP7B-P040VA1-R8000_WP7B-P040VA1-R8000_WP7B-P040VA1-R8000_WP7B-P040VA1-R8000_CH1.nd_in_19
0.000000e+00 (V)  X_CH1.Xpartial.X_SpeedXP_auto_WP7B-P040VA1-R8000_WP7B-P040VA1-R8000_WP7B-P040VA1-R8000_WP7B-P040VA1-R8000_CH1.nd_in_2
0.000000e+00 (V)  X_CH1.Xpartial.X_SpeedXP_auto_WP7B-P040VA1-R8000_WP7B-P040VA1-R8000_WP7B-P040VA1-R8000_WP7B-P040VA1-R8000_CH1.nd_in_20
0.000000e+00 (V)  X_CH1.Xpartial.X_SpeedXP_auto_WP7B-P040VA1-R8000_WP7B-P040VA1-R8000_WP7B-P040VA1-R8000_WP7B-P040VA1-R8000_CH1.nd_in_3
0.000000e+00 (V)  X_CH1.Xpartial.X_SpeedXP_auto_WP7B-P040VA1-R8000_WP7B-P040VA1-R8000_WP7B-P040VA1-R8000_WP7B-P040VA1-R8000_CH1.nd_in_4
0.000000e+00 (V)  X_CH1.Xpartial.X_SpeedXP_auto_WP7B-P040VA1-R8000_WP7B-P040VA1-R8000_WP7B-P040VA1-R8000_WP7B-P040VA1-R8000_CH1.nd_in_5
0.000000e+00 (V)  X_CH1.Xpartial.X_SpeedXP_auto_WP7B-P040VA1-R8000_WP7B-P040VA1-R8000_WP7B-P040VA1-R8000_WP7B-P040VA1-R8000_CH1.nd_in_6
0.000000e+00 (V)  X_CH1.Xpartial.X_SpeedXP_auto_WP7B-P040VA1-R8000_WP7B-P040VA1-R8000_WP7B-P040VA1-R8000_WP7B-P040VA1-R8000_CH1.nd_in_7
0.000000e+00 (V)  X_CH1.Xpartial.X_SpeedXP_auto_WP7B-P040VA1-R8000_WP7B-P040VA1-R8000_WP7B-P040VA1-R8000_WP7B-P040VA1-R8000_CH1.nd_in_8
0.000000e+00 (V)  X_CH1.Xpartial.X_SpeedXP_auto_WP7B-P040VA1-R8000_WP7B-P040VA1-R8000_WP7B-P040VA1-R8000_WP7B-P040VA1-R8000_CH1.nd_in_9
5.000000e-01 (V)  X_CH1.Xpartial.X_SpeedXP_auto_WP7B-P040VA1-R8000_WP7B-P040VA1-R8000_WP7B-P040VA1-R8000_WP7B-P040VA1-R8000_CH1.nd_out_of_in_13
5.000000e-01 (V)  X_CH1.Xpartial.X_SpeedXP_auto_WP7B-P040VA1-R8000_WP7B-P040VA1-R8000_WP7B-P040VA1-R8000_WP7B-P040VA1-R8000_CH1.nd_out_of_in_14
5.000000e-01 (V)  X_CH1.Xpartial.X_SpeedXP_auto_WP7B-P040VA1-R8000_WP7B-P040VA1-R8000_WP7B-P040VA1-R8000_WP7B-P040VA1-R8000_CH1.nd_out_of_in_15
5.000000e-01 (V)  X_CH1.Xpartial.X_SpeedXP_auto_WP7B-P040VA1-R8000_WP7B-P040VA1-R8000_WP7B-P040VA1-R8000_WP7B-P040VA1-R8000_CH1.nd_out_of_in_16
5.000000e-01 (V)  X_CH1.Xpartial.X_SpeedXP_auto_WP7B-P040VA1-R8000_WP7B-P040VA1-R8000_WP7B-P040VA1-R8000_WP7B-P040VA1-R8000_CH1.nd_out_of_in_17
5.000000e-01 (V)  X_CH1.Xpartial.X_SpeedXP_auto_WP7B-P040VA1-R8000_WP7B-P040VA1-R8000_WP7B-P040VA1-R8000_WP7B-P040VA1-R8000_CH1.nd_out_of_in_18
2.500000e+00 (V)  X_CH1.Xpartial.X_SpeedXP_auto_WP7B-P040VA1-R8000_WP7B-P040VA1-R8000_WP7B-P040VA1-R8000_WP7B-P040VA1-R8000_CH1.Power_13
2.500000e+00 (V)  X_CH1.Xpartial.X_SpeedXP_auto_WP7B-P040VA1-R8000_WP7B-P040VA1-R8000_WP7B-P040VA1-R8000_WP7B-P040VA1-R8000_CH1.Power_14
2.500000e+00 (V)  X_CH1.Xpartial.X_SpeedXP_auto_WP7B-P040VA1-R8000_WP7B-P040VA1-R8000_WP7B-P040VA1-R8000_WP7B-P040VA1-R8000_CH1.Power_15
2.500000e+00 (V)  X_CH1.Xpartial.X_SpeedXP_auto_WP7B-P040VA1-R8000_WP7B-P040VA1-R8000_WP7B-P040VA1-R8000_WP7B-P040VA1-R8000_CH1.Power_16
2.500000e+00 (V)  X_CH1.Xpartial.X_SpeedXP_auto_WP7B-P040VA1-R8000_WP7B-P040VA1-R8000_WP7B-P040VA1-R8000_WP7B-P040VA1-R8000_CH1.Power_17
2.500000e+00 (V)  X_CH1.Xpartial.X_SpeedXP_auto_WP7B-P040VA1-R8000_WP7B-P040VA1-R8000_WP7B-P040VA1-R8000_WP7B-P040VA1-R8000_CH1.Power_18
0.000000e+00 (V)  X_D5.Xpartial.X_SpeedXP_auto_TVS/ESD_SOD-323_H3V3HD3U_H3V3HD3U_D5.nd_en_1
1.000000e+00 (V)  X_ESD1.Xpartial.X_SpeedXP_auto_IP4292CZ10_DFN2510A-10_IP4292CZ10-TBR_115_IP4292CZ10-TBR_115_ESD1_ESD1.nd_en_1
0.000000e+00 (V)  X_ESD1.Xpartial.X_SpeedXP_auto_IP4292CZ10_DFN2510A-10_IP4292CZ10-TBR_115_IP4292CZ10-TBR_115_ESD1_ESD1.nd_en_10
1.000000e+00 (V)  X_ESD1.Xpartial.X_SpeedXP_auto_IP4292CZ10_DFN2510A-10_IP4292CZ10-TBR_115_IP4292CZ10-TBR_115_ESD1_ESD1.nd_en_2
1.000000e+00 (V)  X_ESD1.Xpartial.X_SpeedXP_auto_IP4292CZ10_DFN2510A-10_IP4292CZ10-TBR_115_IP4292CZ10-TBR_115_ESD1_ESD1.nd_en_4
1.000000e+00 (V)  X_ESD1.Xpartial.X_SpeedXP_auto_IP4292CZ10_DFN2510A-10_IP4292CZ10-TBR_115_IP4292CZ10-TBR_115_ESD1_ESD1.nd_en_5
0.000000e+00 (V)  X_ESD1.Xpartial.X_SpeedXP_auto_IP4292CZ10_DFN2510A-10_IP4292CZ10-TBR_115_IP4292CZ10-TBR_115_ESD1_ESD1.nd_en_6
0.000000e+00 (V)  X_ESD1.Xpartial.X_SpeedXP_auto_IP4292CZ10_DFN2510A-10_IP4292CZ10-TBR_115_IP4292CZ10-TBR_115_ESD1_ESD1.nd_en_7
0.000000e+00 (V)  X_ESD1.Xpartial.X_SpeedXP_auto_IP4292CZ10_DFN2510A-10_IP4292CZ10-TBR_115_IP4292CZ10-TBR_115_ESD1_ESD1.nd_en_9
0.000000e+00 (V)  X_ESD1.Xpartial.X_SpeedXP_auto_IP4292CZ10_DFN2510A-10_IP4292CZ10-TBR_115_IP4292CZ10-TBR_115_ESD1_ESD1.nd_in_1
0.000000e+00 (V)  X_ESD1.Xpartial.X_SpeedXP_auto_IP4292CZ10_DFN2510A-10_IP4292CZ10-TBR_115_IP4292CZ10-TBR_115_ESD1_ESD1.nd_in_2
0.000000e+00 (V)  X_ESD1.Xpartial.X_SpeedXP_auto_IP4292CZ10_DFN2510A-10_IP4292CZ10-TBR_115_IP4292CZ10-TBR_115_ESD1_ESD1.nd_in_4
0.000000e+00 (V)  X_ESD1.Xpartial.X_SpeedXP_auto_IP4292CZ10_DFN2510A-10_IP4292CZ10-TBR_115_IP4292CZ10-TBR_115_ESD1_ESD1.nd_in_5
1.000000e+00 (V)  X_ESD2.Xpartial.X_SpeedXP_auto_IP4292CZ10_DFN2510A-10_IP4292CZ10-TBR_115_IP4292CZ10-TBR_115_ESD2_ESD2.nd_en_1
0.000000e+00 (V)  X_ESD2.Xpartial.X_SpeedXP_auto_IP4292CZ10_DFN2510A-10_IP4292CZ10-TBR_115_IP4292CZ10-TBR_115_ESD2_ESD2.nd_en_10
1.000000e+00 (V)  X_ESD2.Xpartial.X_SpeedXP_auto_IP4292CZ10_DFN2510A-10_IP4292CZ10-TBR_115_IP4292CZ10-TBR_115_ESD2_ESD2.nd_en_2
1.000000e+00 (V)  X_ESD2.Xpartial.X_SpeedXP_auto_IP4292CZ10_DFN2510A-10_IP4292CZ10-TBR_115_IP4292CZ10-TBR_115_ESD2_ESD2.nd_en_4
1.000000e+00 (V)  X_ESD2.Xpartial.X_SpeedXP_auto_IP4292CZ10_DFN2510A-10_IP4292CZ10-TBR_115_IP4292CZ10-TBR_115_ESD2_ESD2.nd_en_5
0.000000e+00 (V)  X_ESD2.Xpartial.X_SpeedXP_auto_IP4292CZ10_DFN2510A-10_IP4292CZ10-TBR_115_IP4292CZ10-TBR_115_ESD2_ESD2.nd_en_6
0.000000e+00 (V)  X_ESD2.Xpartial.X_SpeedXP_auto_IP4292CZ10_DFN2510A-10_IP4292CZ10-TBR_115_IP4292CZ10-TBR_115_ESD2_ESD2.nd_en_7
0.000000e+00 (V)  X_ESD2.Xpartial.X_SpeedXP_auto_IP4292CZ10_DFN2510A-10_IP4292CZ10-TBR_115_IP4292CZ10-TBR_115_ESD2_ESD2.nd_en_9
0.000000e+00 (V)  X_ESD2.Xpartial.X_SpeedXP_auto_IP4292CZ10_DFN2510A-10_IP4292CZ10-TBR_115_IP4292CZ10-TBR_115_ESD2_ESD2.nd_in_1
0.000000e+00 (V)  X_ESD2.Xpartial.X_SpeedXP_auto_IP4292CZ10_DFN2510A-10_IP4292CZ10-TBR_115_IP4292CZ10-TBR_115_ESD2_ESD2.nd_in_2
0.000000e+00 (V)  X_ESD2.Xpartial.X_SpeedXP_auto_IP4292CZ10_DFN2510A-10_IP4292CZ10-TBR_115_IP4292CZ10-TBR_115_ESD2_ESD2.nd_in_4
0.000000e+00 (V)  X_ESD2.Xpartial.X_SpeedXP_auto_IP4292CZ10_DFN2510A-10_IP4292CZ10-TBR_115_IP4292CZ10-TBR_115_ESD2_ESD2.nd_in_5
0.000000e+00 (V)  X_HDMI1.Xpartial.X_SpeedXP_auto_HDMI-A_HDMI-001S_HDMI-001S_HDMI-001S_HDMI1.nd_en_1
0.000000e+00 (V)  X_HDMI1.Xpartial.X_SpeedXP_auto_HDMI-A_HDMI-001S_HDMI-001S_HDMI-001S_HDMI1.nd_en_10
0.000000e+00 (V)  X_HDMI1.Xpartial.X_SpeedXP_auto_HDMI-A_HDMI-001S_HDMI-001S_HDMI-001S_HDMI1.nd_en_12
0.000000e+00 (V)  X_HDMI1.Xpartial.X_SpeedXP_auto_HDMI-A_HDMI-001S_HDMI-001S_HDMI-001S_HDMI1.nd_en_3
0.000000e+00 (V)  X_HDMI1.Xpartial.X_SpeedXP_auto_HDMI-A_HDMI-001S_HDMI-001S_HDMI-001S_HDMI1.nd_en_4
0.000000e+00 (V)  X_HDMI1.Xpartial.X_SpeedXP_auto_HDMI-A_HDMI-001S_HDMI-001S_HDMI-001S_HDMI1.nd_en_6
0.000000e+00 (V)  X_HDMI1.Xpartial.X_SpeedXP_auto_HDMI-A_HDMI-001S_HDMI-001S_HDMI-001S_HDMI1.nd_en_7
0.000000e+00 (V)  X_HDMI1.Xpartial.X_SpeedXP_auto_HDMI-A_HDMI-001S_HDMI-001S_HDMI-001S_HDMI1.nd_en_9
0.000000e+00 (V)  X_R24.Xpartial.X_SpeedXP_auto_RES_R0603_10K_10K_R24_R24.nd_en_2
1.000000e+00 (V)  X_R25.Xpartial.X_SpeedXP_auto_RES_R0603_1K_1K_R25_R25.nd_en_1
0.000000e+00 (V)  X_R25.Xpartial.X_SpeedXP_auto_RES_R0603_1K_1K_R25_R25.nd_in_1
0.000000e+00 (V)  X_SW1.Xpartial.X_SpeedXP_auto_SWITCH-2P_SMD4030_1_6N_1_6N_SW1.nd_en_2
1.006157e-10 (V)  X_U8.Xpartial.X_SpeedXP_auto_TC358870XBG_1_VFBGA80_(S1+S2+S3+S4)_TC358870XBG(NOK)_TC358870XBG(NOK)_U8.B_SpeedXP_auto_A7.Output0
1.006157e-10 (V)  X_U8.Xpartial.X_SpeedXP_auto_TC358870XBG_1_VFBGA80_(S1+S2+S3+S4)_TC358870XBG(NOK)_TC358870XBG(NOK)_U8.B_SpeedXP_auto_A7.Output1
1.006287e-10 (V)  X_U8.Xpartial.X_SpeedXP_auto_TC358870XBG_1_VFBGA80_(S1+S2+S3+S4)_TC358870XBG(NOK)_TC358870XBG(NOK)_U8.B_SpeedXP_auto_A8.Output0
1.006287e-10 (V)  X_U8.Xpartial.X_SpeedXP_auto_TC358870XBG_1_VFBGA80_(S1+S2+S3+S4)_TC358870XBG(NOK)_TC358870XBG(NOK)_U8.B_SpeedXP_auto_A8.Output1
1.006226e-10 (V)  X_U8.Xpartial.X_SpeedXP_auto_TC358870XBG_1_VFBGA80_(S1+S2+S3+S4)_TC358870XBG(NOK)_TC358870XBG(NOK)_U8.B_SpeedXP_auto_A9.Output0
1.006226e-10 (V)  X_U8.Xpartial.X_SpeedXP_auto_TC358870XBG_1_VFBGA80_(S1+S2+S3+S4)_TC358870XBG(NOK)_TC358870XBG(NOK)_U8.B_SpeedXP_auto_A9.Output1
2.500000e+00 (V)  X_U8.Xpartial.X_SpeedXP_auto_TC358870XBG_1_VFBGA80_(S1+S2+S3+S4)_TC358870XBG(NOK)_TC358870XBG(NOK)_U8.B_SpeedXP_auto_B7.Output0
2.500000e+00 (V)  X_U8.Xpartial.X_SpeedXP_auto_TC358870XBG_1_VFBGA80_(S1+S2+S3+S4)_TC358870XBG(NOK)_TC358870XBG(NOK)_U8.B_SpeedXP_auto_B7.Output1
2.500000e+00 (V)  X_U8.Xpartial.X_SpeedXP_auto_TC358870XBG_1_VFBGA80_(S1+S2+S3+S4)_TC358870XBG(NOK)_TC358870XBG(NOK)_U8.B_SpeedXP_auto_B8.Output0
2.500000e+00 (V)  X_U8.Xpartial.X_SpeedXP_auto_TC358870XBG_1_VFBGA80_(S1+S2+S3+S4)_TC358870XBG(NOK)_TC358870XBG(NOK)_U8.B_SpeedXP_auto_B8.Output1
2.500000e+00 (V)  X_U8.Xpartial.X_SpeedXP_auto_TC358870XBG_1_VFBGA80_(S1+S2+S3+S4)_TC358870XBG(NOK)_TC358870XBG(NOK)_U8.B_SpeedXP_auto_B9.Output0
2.500000e+00 (V)  X_U8.Xpartial.X_SpeedXP_auto_TC358870XBG_1_VFBGA80_(S1+S2+S3+S4)_TC358870XBG(NOK)_TC358870XBG(NOK)_U8.B_SpeedXP_auto_B9.Output1
0.000000e+00 (V)  X_U8.Xpartial.X_SpeedXP_auto_TC358870XBG_1_VFBGA80_(S1+S2+S3+S4)_TC358870XBG(NOK)_TC358870XBG(NOK)_U8.nd_en_A4
0.000000e+00 (V)  X_U8.Xpartial.X_SpeedXP_auto_TC358870XBG_1_VFBGA80_(S1+S2+S3+S4)_TC358870XBG(NOK)_TC358870XBG(NOK)_U8.nd_en_A5
0.000000e+00 (V)  X_U8.Xpartial.X_SpeedXP_auto_TC358870XBG_1_VFBGA80_(S1+S2+S3+S4)_TC358870XBG(NOK)_TC358870XBG(NOK)_U8.nd_en_A6
0.000000e+00 (V)  X_U8.Xpartial.X_SpeedXP_auto_TC358870XBG_1_VFBGA80_(S1+S2+S3+S4)_TC358870XBG(NOK)_TC358870XBG(NOK)_U8.nd_en_A7
0.000000e+00 (V)  X_U8.Xpartial.X_SpeedXP_auto_TC358870XBG_1_VFBGA80_(S1+S2+S3+S4)_TC358870XBG(NOK)_TC358870XBG(NOK)_U8.nd_en_A8
0.000000e+00 (V)  X_U8.Xpartial.X_SpeedXP_auto_TC358870XBG_1_VFBGA80_(S1+S2+S3+S4)_TC358870XBG(NOK)_TC358870XBG(NOK)_U8.nd_en_A9
0.000000e+00 (V)  X_U8.Xpartial.X_SpeedXP_auto_TC358870XBG_1_VFBGA80_(S1+S2+S3+S4)_TC358870XBG(NOK)_TC358870XBG(NOK)_U8.nd_en_B5
0.000000e+00 (V)  X_U8.Xpartial.X_SpeedXP_auto_TC358870XBG_1_VFBGA80_(S1+S2+S3+S4)_TC358870XBG(NOK)_TC358870XBG(NOK)_U8.nd_en_B6
0.000000e+00 (V)  X_U8.Xpartial.X_SpeedXP_auto_TC358870XBG_1_VFBGA80_(S1+S2+S3+S4)_TC358870XBG(NOK)_TC358870XBG(NOK)_U8.nd_en_B7
0.000000e+00 (V)  X_U8.Xpartial.X_SpeedXP_auto_TC358870XBG_1_VFBGA80_(S1+S2+S3+S4)_TC358870XBG(NOK)_TC358870XBG(NOK)_U8.nd_en_B8
0.000000e+00 (V)  X_U8.Xpartial.X_SpeedXP_auto_TC358870XBG_1_VFBGA80_(S1+S2+S3+S4)_TC358870XBG(NOK)_TC358870XBG(NOK)_U8.nd_en_B9
0.000000e+00 (V)  X_U8.Xpartial.X_SpeedXP_auto_TC358870XBG_1_VFBGA80_(S1+S2+S3+S4)_TC358870XBG(NOK)_TC358870XBG(NOK)_U8.nd_en_C1
0.000000e+00 (V)  X_U8.Xpartial.X_SpeedXP_auto_TC358870XBG_1_VFBGA80_(S1+S2+S3+S4)_TC358870XBG(NOK)_TC358870XBG(NOK)_U8.nd_en_C2
0.000000e+00 (V)  X_U8.Xpartial.X_SpeedXP_auto_TC358870XBG_1_VFBGA80_(S1+S2+S3+S4)_TC358870XBG(NOK)_TC358870XBG(NOK)_U8.nd_en_D1
0.000000e+00 (V)  X_U8.Xpartial.X_SpeedXP_auto_TC358870XBG_1_VFBGA80_(S1+S2+S3+S4)_TC358870XBG(NOK)_TC358870XBG(NOK)_U8.nd_en_D10
0.000000e+00 (V)  X_U8.Xpartial.X_SpeedXP_auto_TC358870XBG_1_VFBGA80_(S1+S2+S3+S4)_TC358870XBG(NOK)_TC358870XBG(NOK)_U8.nd_en_D2
0.000000e+00 (V)  X_U8.Xpartial.X_SpeedXP_auto_TC358870XBG_1_VFBGA80_(S1+S2+S3+S4)_TC358870XBG(NOK)_TC358870XBG(NOK)_U8.nd_en_D9
0.000000e+00 (V)  X_U8.Xpartial.X_SpeedXP_auto_TC358870XBG_1_VFBGA80_(S1+S2+S3+S4)_TC358870XBG(NOK)_TC358870XBG(NOK)_U8.nd_en_E1
0.000000e+00 (V)  X_U8.Xpartial.X_SpeedXP_auto_TC358870XBG_1_VFBGA80_(S1+S2+S3+S4)_TC358870XBG(NOK)_TC358870XBG(NOK)_U8.nd_en_E10
0.000000e+00 (V)  X_U8.Xpartial.X_SpeedXP_auto_TC358870XBG_1_VFBGA80_(S1+S2+S3+S4)_TC358870XBG(NOK)_TC358870XBG(NOK)_U8.nd_en_E2
0.000000e+00 (V)  X_U8.Xpartial.X_SpeedXP_auto_TC358870XBG_1_VFBGA80_(S1+S2+S3+S4)_TC358870XBG(NOK)_TC358870XBG(NOK)_U8.nd_en_E9
0.000000e+00 (V)  X_U8.Xpartial.X_SpeedXP_auto_TC358870XBG_1_VFBGA80_(S1+S2+S3+S4)_TC358870XBG(NOK)_TC358870XBG(NOK)_U8.nd_en_F1
0.000000e+00 (V)  X_U8.Xpartial.X_SpeedXP_auto_TC358870XBG_1_VFBGA80_(S1+S2+S3+S4)_TC358870XBG(NOK)_TC358870XBG(NOK)_U8.nd_en_F10
0.000000e+00 (V)  X_U8.Xpartial.X_SpeedXP_auto_TC358870XBG_1_VFBGA80_(S1+S2+S3+S4)_TC358870XBG(NOK)_TC358870XBG(NOK)_U8.nd_en_F2
0.000000e+00 (V)  X_U8.Xpartial.X_SpeedXP_auto_TC358870XBG_1_VFBGA80_(S1+S2+S3+S4)_TC358870XBG(NOK)_TC358870XBG(NOK)_U8.nd_en_F9
0.000000e+00 (V)  X_U8.Xpartial.X_SpeedXP_auto_TC358870XBG_1_VFBGA80_(S1+S2+S3+S4)_TC358870XBG(NOK)_TC358870XBG(NOK)_U8.nd_en_G10
0.000000e+00 (V)  X_U8.Xpartial.X_SpeedXP_auto_TC358870XBG_1_VFBGA80_(S1+S2+S3+S4)_TC358870XBG(NOK)_TC358870XBG(NOK)_U8.nd_en_G9
0.000000e+00 (V)  X_U8.Xpartial.X_SpeedXP_auto_TC358870XBG_1_VFBGA80_(S1+S2+S3+S4)_TC358870XBG(NOK)_TC358870XBG(NOK)_U8.nd_en_H10
0.000000e+00 (V)  X_U8.Xpartial.X_SpeedXP_auto_TC358870XBG_1_VFBGA80_(S1+S2+S3+S4)_TC358870XBG(NOK)_TC358870XBG(NOK)_U8.nd_en_H9
0.000000e+00 (V)  X_U8.Xpartial.X_SpeedXP_auto_TC358870XBG_1_VFBGA80_(S1+S2+S3+S4)_TC358870XBG(NOK)_TC358870XBG(NOK)_U8.nd_en_K8
0.000000e+00 (V)  X_U8.Xpartial.X_SpeedXP_auto_TC358870XBG_1_VFBGA80_(S1+S2+S3+S4)_TC358870XBG(NOK)_TC358870XBG(NOK)_U8.nd_in_A7
0.000000e+00 (V)  X_U8.Xpartial.X_SpeedXP_auto_TC358870XBG_1_VFBGA80_(S1+S2+S3+S4)_TC358870XBG(NOK)_TC358870XBG(NOK)_U8.nd_in_A8
0.000000e+00 (V)  X_U8.Xpartial.X_SpeedXP_auto_TC358870XBG_1_VFBGA80_(S1+S2+S3+S4)_TC358870XBG(NOK)_TC358870XBG(NOK)_U8.nd_in_A9
0.000000e+00 (V)  X_U8.Xpartial.X_SpeedXP_auto_TC358870XBG_1_VFBGA80_(S1+S2+S3+S4)_TC358870XBG(NOK)_TC358870XBG(NOK)_U8.nd_in_B7
0.000000e+00 (V)  X_U8.Xpartial.X_SpeedXP_auto_TC358870XBG_1_VFBGA80_(S1+S2+S3+S4)_TC358870XBG(NOK)_TC358870XBG(NOK)_U8.nd_in_B8
0.000000e+00 (V)  X_U8.Xpartial.X_SpeedXP_auto_TC358870XBG_1_VFBGA80_(S1+S2+S3+S4)_TC358870XBG(NOK)_TC358870XBG(NOK)_U8.nd_in_B9
0.000000e+00 (V)  X_U8.Xpartial.X_SpeedXP_auto_TC358870XBG_1_VFBGA80_(S1+S2+S3+S4)_TC358870XBG(NOK)_TC358870XBG(NOK)_U8.nd_out_of_in_A7
0.000000e+00 (V)  X_U8.Xpartial.X_SpeedXP_auto_TC358870XBG_1_VFBGA80_(S1+S2+S3+S4)_TC358870XBG(NOK)_TC358870XBG(NOK)_U8.nd_out_of_in_A8
0.000000e+00 (V)  X_U8.Xpartial.X_SpeedXP_auto_TC358870XBG_1_VFBGA80_(S1+S2+S3+S4)_TC358870XBG(NOK)_TC358870XBG(NOK)_U8.nd_out_of_in_A9
1.000000e+00 (V)  X_U8.Xpartial.X_SpeedXP_auto_TC358870XBG_1_VFBGA80_(S1+S2+S3+S4)_TC358870XBG(NOK)_TC358870XBG(NOK)_U8.nd_out_of_in_B7
1.000000e+00 (V)  X_U8.Xpartial.X_SpeedXP_auto_TC358870XBG_1_VFBGA80_(S1+S2+S3+S4)_TC358870XBG(NOK)_TC358870XBG(NOK)_U8.nd_out_of_in_B8
1.000000e+00 (V)  X_U8.Xpartial.X_SpeedXP_auto_TC358870XBG_1_VFBGA80_(S1+S2+S3+S4)_TC358870XBG(NOK)_TC358870XBG(NOK)_U8.nd_out_of_in_B9
2.500000e+00 (V)  X_U8.Xpartial.X_SpeedXP_auto_TC358870XBG_1_VFBGA80_(S1+S2+S3+S4)_TC358870XBG(NOK)_TC358870XBG(NOK)_U8.Power_A7
2.500000e+00 (V)  X_U8.Xpartial.X_SpeedXP_auto_TC358870XBG_1_VFBGA80_(S1+S2+S3+S4)_TC358870XBG(NOK)_TC358870XBG(NOK)_U8.Power_A8
2.500000e+00 (V)  X_U8.Xpartial.X_SpeedXP_auto_TC358870XBG_1_VFBGA80_(S1+S2+S3+S4)_TC358870XBG(NOK)_TC358870XBG(NOK)_U8.Power_A9
2.500000e+00 (V)  X_U8.Xpartial.X_SpeedXP_auto_TC358870XBG_1_VFBGA80_(S1+S2+S3+S4)_TC358870XBG(NOK)_TC358870XBG(NOK)_U8.Power_B7
2.500000e+00 (V)  X_U8.Xpartial.X_SpeedXP_auto_TC358870XBG_1_VFBGA80_(S1+S2+S3+S4)_TC358870XBG(NOK)_TC358870XBG(NOK)_U8.Power_B8
2.500000e+00 (V)  X_U8.Xpartial.X_SpeedXP_auto_TC358870XBG_1_VFBGA80_(S1+S2+S3+S4)_TC358870XBG(NOK)_TC358870XBG(NOK)_U8.Power_B9
2.500000e+00 (V)  Xvia0.Node2087::MIPI_DSI1_DATA0_Ntmp
1.004355e-10 (V)  Xvia0.Node2166::MIPI_DSI1_DATA0_Ptmp
2.500000e+00 (V)  Xvia1.Node1781::MIPI_DSI1_DATA1_Ntmp
1.001637e-10 (V)  Xvia1.Node2015::MIPI_DSI1_DATA1_Ptmp
1.001406e-10 (V)  Xvia2.Node1130::MIPI_DSI1_CLK_Ptmp
2.500000e+00 (V)  Xvia2.Node991::MIPI_DSI1_CLK_Ntmp
-1.100000e-12 (A)  V_PWR_VCC_1V1
-1.200000e-12 (A)  V_PWR_VCC_1V2
-1.800000e-12 (A)  V_PWR_VCC_1V8
-3.300000e-12 (A)  V_PWR_VCC_3V3
-5.000000e-12 (A)  V_PWR_VCC_5V
-5.000000e-12 (A)  V_PWR_VCC_5V5
-5.000000e-12 (A)  V_X_CH1.Xpartial.X_SpeedXP_auto_WP7B-P040VA1-R8000_WP7B-P040VA1-R8000_WP7B-P040VA1-R8000_WP7B-P040VA1-R8000_CH1.B_SpeedXP_auto_13.L_pkg
-5.000000e-12 (A)  V_X_CH1.Xpartial.X_SpeedXP_auto_WP7B-P040VA1-R8000_WP7B-P040VA1-R8000_WP7B-P040VA1-R8000_WP7B-P040VA1-R8000_CH1.B_SpeedXP_auto_13.R_pkg
2.150012e-10 (A)  V_X_CH1.Xpartial.X_SpeedXP_auto_WP7B-P040VA1-R8000_WP7B-P040VA1-R8000_WP7B-P040VA1-R8000_WP7B-P040VA1-R8000_CH1.B_SpeedXP_auto_14.L_pkg
2.175013e-10 (A)  V_X_CH1.Xpartial.X_SpeedXP_auto_WP7B-P040VA1-R8000_WP7B-P040VA1-R8000_WP7B-P040VA1-R8000_WP7B-P040VA1-R8000_CH1.B_SpeedXP_auto_14.R_pkg
-5.000000e-12 (A)  V_X_CH1.Xpartial.X_SpeedXP_auto_WP7B-P040VA1-R8000_WP7B-P040VA1-R8000_WP7B-P040VA1-R8000_WP7B-P040VA1-R8000_CH1.B_SpeedXP_auto_15.L_pkg
-5.000000e-12 (A)  V_X_CH1.Xpartial.X_SpeedXP_auto_WP7B-P040VA1-R8000_WP7B-P040VA1-R8000_WP7B-P040VA1-R8000_WP7B-P040VA1-R8000_CH1.B_SpeedXP_auto_15.R_pkg
2.600010e-10 (A)  V_X_CH1.Xpartial.X_SpeedXP_auto_WP7B-P040VA1-R8000_WP7B-P040VA1-R8000_WP7B-P040VA1-R8000_WP7B-P040VA1-R8000_CH1.B_SpeedXP_auto_16.L_pkg
2.625010e-10 (A)  V_X_CH1.Xpartial.X_SpeedXP_auto_WP7B-P040VA1-R8000_WP7B-P040VA1-R8000_WP7B-P040VA1-R8000_WP7B-P040VA1-R8000_CH1.B_SpeedXP_auto_16.R_pkg
-5.000000e-12 (A)  V_X_CH1.Xpartial.X_SpeedXP_auto_WP7B-P040VA1-R8000_WP7B-P040VA1-R8000_WP7B-P040VA1-R8000_WP7B-P040VA1-R8000_CH1.B_SpeedXP_auto_17.L_pkg
-5.000000e-12 (A)  V_X_CH1.Xpartial.X_SpeedXP_auto_WP7B-P040VA1-R8000_WP7B-P040VA1-R8000_WP7B-P040VA1-R8000_WP7B-P040VA1-R8000_CH1.B_SpeedXP_auto_17.R_pkg
2.425016e-10 (A)  V_X_CH1.Xpartial.X_SpeedXP_auto_WP7B-P040VA1-R8000_WP7B-P040VA1-R8000_WP7B-P040VA1-R8000_WP7B-P040VA1-R8000_CH1.B_SpeedXP_auto_18.L_pkg
2.450016e-10 (A)  V_X_CH1.Xpartial.X_SpeedXP_auto_WP7B-P040VA1-R8000_WP7B-P040VA1-R8000_WP7B-P040VA1-R8000_WP7B-P040VA1-R8000_CH1.B_SpeedXP_auto_18.R_pkg
5.000000e-12 (A)  V_X_U8.Xpartial.X_SpeedXP_auto_TC358870XBG_1_VFBGA80_(S1+S2+S3+S4)_TC358870XBG(NOK)_TC358870XBG(NOK)_U8.B_SpeedXP_auto_A7.L_pkg
5.000000e-12 (A)  V_X_U8.Xpartial.X_SpeedXP_auto_TC358870XBG_1_VFBGA80_(S1+S2+S3+S4)_TC358870XBG(NOK)_TC358870XBG(NOK)_U8.B_SpeedXP_auto_A7.R_pkg
5.000000e-12 (A)  V_X_U8.Xpartial.X_SpeedXP_auto_TC358870XBG_1_VFBGA80_(S1+S2+S3+S4)_TC358870XBG(NOK)_TC358870XBG(NOK)_U8.B_SpeedXP_auto_A8.L_pkg
5.000000e-12 (A)  V_X_U8.Xpartial.X_SpeedXP_auto_TC358870XBG_1_VFBGA80_(S1+S2+S3+S4)_TC358870XBG(NOK)_TC358870XBG(NOK)_U8.B_SpeedXP_auto_A8.R_pkg
5.000000e-12 (A)  V_X_U8.Xpartial.X_SpeedXP_auto_TC358870XBG_1_VFBGA80_(S1+S2+S3+S4)_TC358870XBG(NOK)_TC358870XBG(NOK)_U8.B_SpeedXP_auto_A9.L_pkg
5.000000e-12 (A)  V_X_U8.Xpartial.X_SpeedXP_auto_TC358870XBG_1_VFBGA80_(S1+S2+S3+S4)_TC358870XBG(NOK)_TC358870XBG(NOK)_U8.B_SpeedXP_auto_A9.R_pkg
-9.999973e-12 (A)  V_X_U8.Xpartial.X_SpeedXP_auto_TC358870XBG_1_VFBGA80_(S1+S2+S3+S4)_TC358870XBG(NOK)_TC358870XBG(NOK)_U8.B_SpeedXP_auto_B7.L_pkg
-7.499973e-12 (A)  V_X_U8.Xpartial.X_SpeedXP_auto_TC358870XBG_1_VFBGA80_(S1+S2+S3+S4)_TC358870XBG(NOK)_TC358870XBG(NOK)_U8.B_SpeedXP_auto_B7.R_pkg
-1.000003e-11 (A)  V_X_U8.Xpartial.X_SpeedXP_auto_TC358870XBG_1_VFBGA80_(S1+S2+S3+S4)_TC358870XBG(NOK)_TC358870XBG(NOK)_U8.B_SpeedXP_auto_B8.L_pkg
-7.500028e-12 (A)  V_X_U8.Xpartial.X_SpeedXP_auto_TC358870XBG_1_VFBGA80_(S1+S2+S3+S4)_TC358870XBG(NOK)_TC358870XBG(NOK)_U8.B_SpeedXP_auto_B8.R_pkg
-1.000000e-11 (A)  V_X_U8.Xpartial.X_SpeedXP_auto_TC358870XBG_1_VFBGA80_(S1+S2+S3+S4)_TC358870XBG(NOK)_TC358870XBG(NOK)_U8.B_SpeedXP_auto_B9.L_pkg
-7.499973e-12 (A)  V_X_U8.Xpartial.X_SpeedXP_auto_TC358870XBG_1_VFBGA80_(S1+S2+S3+S4)_TC358870XBG(NOK)_TC358870XBG(NOK)_U8.B_SpeedXP_auto_B9.R_pkg
1.250005e-11 (A)  W_Trace1348::MIPI_DSI1_DATA1_N~0
-1.500005e-11 (A)  W_Trace1350::MIPI_DSI1_DATA1_N~0
-2.500003e-11 (A)  W_Trace1351_Auto_1070::MIPI_DSI1_DATA1_N~0
-2.999997e-11 (A)  W_Trace1351_Auto_1078::MIPI_DSI1_DATA1_N~0
-3.249999e-11 (A)  W_Trace1353::MIPI_DSI1_DATA1_N~0
-4.499999e-11 (A)  W_Trace1356::MIPI_DSI1_DATA1_N~0
-4.750000e-11 (A)  W_Trace1357::MIPI_DSI1_DATA1_N~0
-5.250003e-11 (A)  W_Trace1359::MIPI_DSI1_DATA1_N~0
6.000007e-11 (A)  W_Trace1363::MIPI_DSI1_DATA1_N~0
6.750007e-11 (A)  W_Trace1374::MIPI_DSI1_DATA1_N~0
-7.500008e-11 (A)  W_Trace1376_Auto_44::MIPI_DSI1_DATA1_N~0
7.750008e-11 (A)  W_Trace1380::MIPI_DSI1_DATA1_N~0
8.750010e-11 (A)  W_Trace1386::MIPI_DSI1_DATA1_N~0
9.750021e-11 (A)  W_Trace1397::MIPI_DSI1_DATA1_N~0
-1.075003e-10 (A)  W_Trace1401::MIPI_DSI1_DATA1_N~0
1.325006e-10 (A)  W_Trace1409::MIPI_DSI1_DATA1_N~0
-1.200004e-10 (A)  W_Trace1409_Auto_465::MIPI_DSI1_DATA1_N~0
1.350006e-10 (A)  W_Trace1411::MIPI_DSI1_DATA1_N~0
-1.375006e-10 (A)  W_Trace1413::MIPI_DSI1_DATA1_N~0
-1.425007e-10 (A)  W_Trace1413_Auto_165::MIPI_DSI1_DATA1_N~0
1.475007e-10 (A)  W_Trace1434::MIPI_DSI1_DATA1_N~0
1.550007e-10 (A)  W_Trace1440::MIPI_DSI1_DATA1_N~0
1.625008e-10 (A)  W_Trace1442::MIPI_DSI1_DATA1_N~0
-1.675009e-10 (A)  W_Trace1445::MIPI_DSI1_DATA1_N~0
1.775009e-10 (A)  W_Trace1447#BP0_Auto_2075::MIPI_DSI1_DATA1_N~0
-1.800009e-10 (A)  W_Trace1449::MIPI_DSI1_DATA1_N~0
1.950011e-10 (A)  W_Trace1451::MIPI_DSI1_DATA1_N~0
-1.850009e-10 (A)  W_Trace1451_Auto_2031::MIPI_DSI1_DATA1_N~0
-1.900010e-10 (A)  W_Trace1451_Auto_2053::MIPI_DSI1_DATA1_N~0
-1.975011e-10 (A)  W_Trace1452::MIPI_DSI1_DATA1_N~0
2.025011e-10 (A)  W_Trace1453_Auto_2064::MIPI_DSI1_DATA1_N~0
2.125012e-10 (A)  W_Trace1454::MIPI_DSI1_DATA1_N~0
5.000000e-12 (A)  W_Trace1558::MIPI_DSI1_DATA1_P~0
5.000000e-12 (A)  W_Trace1559_Auto_1068::MIPI_DSI1_DATA1_P~0
5.000000e-12 (A)  W_Trace1559_Auto_1076::MIPI_DSI1_DATA1_P~0
5.000000e-12 (A)  W_Trace1561::MIPI_DSI1_DATA1_P~0
5.000000e-12 (A)  W_Trace1563::MIPI_DSI1_DATA1_P~0
-5.000000e-12 (A)  W_Trace1565::MIPI_DSI1_DATA1_P~0
-5.000000e-12 (A)  W_Trace1571::MIPI_DSI1_DATA1_P~0
-5.000000e-12 (A)  W_Trace1573::MIPI_DSI1_DATA1_P~0
-5.000000e-12 (A)  W_Trace1573_Auto_40::MIPI_DSI1_DATA1_P~0
5.000000e-12 (A)  W_Trace1575::MIPI_DSI1_DATA1_P~0
-5.000000e-12 (A)  W_Trace1582::MIPI_DSI1_DATA1_P~0
5.000000e-12 (A)  W_Trace1584_Auto_22::MIPI_DSI1_DATA1_P~0
5.000000e-12 (A)  W_Trace1584_Auto_27::MIPI_DSI1_DATA1_P~0
-5.000000e-12 (A)  W_Trace1588::MIPI_DSI1_DATA1_P~0
-5.000000e-12 (A)  W_Trace1594::MIPI_DSI1_DATA1_P~0
-5.000000e-12 (A)  W_Trace1596_Auto_23::MIPI_DSI1_DATA1_P~0
-5.000000e-12 (A)  W_Trace1596_Auto_24::MIPI_DSI1_DATA1_P~0
-5.000000e-12 (A)  W_Trace1605::MIPI_DSI1_DATA1_P~0
5.000000e-12 (A)  W_Trace1607_Auto_30::MIPI_DSI1_DATA1_P~0
5.000000e-12 (A)  W_Trace1607_Auto_31::MIPI_DSI1_DATA1_P~0
-5.000000e-12 (A)  W_Trace1611::MIPI_DSI1_DATA1_P~0
-5.000000e-12 (A)  W_Trace1615::MIPI_DSI1_DATA1_P~0
-5.000000e-12 (A)  W_Trace1617::MIPI_DSI1_DATA1_P~0
-5.000000e-12 (A)  W_Trace1619::MIPI_DSI1_DATA1_P~0
-5.000000e-12 (A)  W_Trace1625::MIPI_DSI1_DATA1_P~0
-5.000000e-12 (A)  W_Trace1636::MIPI_DSI1_DATA1_P~0
-5.000000e-12 (A)  W_Trace1647::MIPI_DSI1_DATA1_P~0
-5.000000e-12 (A)  W_Trace1649::MIPI_DSI1_DATA1_P~0
-5.000000e-12 (A)  W_Trace1658#BP0::MIPI_DSI1_DATA1_P~0
5.000000e-12 (A)  W_Trace1660::MIPI_DSI1_DATA1_P~0
-5.000000e-12 (A)  W_Trace1664::MIPI_DSI1_DATA1_P~0
5.000000e-12 (A)  W_Trace1666#BP0_Auto_139::MIPI_DSI1_DATA1_P~0
5.000000e-12 (A)  W_Trace1666_Auto_163::MIPI_DSI1_DATA1_P~0
5.000000e-12 (A)  W_Trace1666_Auto_167::MIPI_DSI1_DATA1_P~0
-5.000000e-12 (A)  W_Trace1672::MIPI_DSI1_DATA1_P~0
5.000000e-12 (A)  W_Trace1673::MIPI_DSI1_DATA1_P~0
5.000000e-12 (A)  W_Trace1673_Auto_2066::MIPI_DSI1_DATA1_P~0
5.000000e-12 (A)  W_Trace1675::MIPI_DSI1_DATA1_P~0
-5.000000e-12 (A)  W_Trace1677::MIPI_DSI1_DATA1_P~0
-5.000000e-12 (A)  W_Trace1677_Auto_2092::MIPI_DSI1_DATA1_P~0
5.000000e-12 (A)  W_Trace1679::MIPI_DSI1_DATA1_P~0
5.000000e-12 (A)  W_Trace1681_Auto_2033::MIPI_DSI1_DATA1_P~0
5.000000e-12 (A)  W_Trace1681_Auto_2056::MIPI_DSI1_DATA1_P~0
-5.000000e-12 (A)  W_Trace1681_Auto_2062::MIPI_DSI1_DATA1_P~0
5.000000e-12 (A)  W_Trace1682::MIPI_DSI1_DATA1_P~0
-5.000000e-12 (A)  W_Trace1683::MIPI_DSI1_DATA1_P~0
5.000000e-12 (A)  W_Trace1684::MIPI_DSI1_DATA1_P~0
-5.000000e-12 (A)  W_Trace1686::MIPI_DSI1_DATA1_P~0
-5.000000e-12 (A)  W_Trace1686_Auto_1951::MIPI_DSI1_DATA1_P~0
1.250003e-11 (A)  W_Trace1689::MIPI_DSI1_DATA0_N~0
-1.500007e-11 (A)  W_Trace1691::MIPI_DSI1_DATA0_N~0
-2.250011e-11 (A)  W_Trace1693::MIPI_DSI1_DATA0_N~0
-3.500005e-11 (A)  W_Trace1695_Auto_701::MIPI_DSI1_DATA0_N~0
-3.750005e-11 (A)  W_Trace1697::MIPI_DSI1_DATA0_N~0
-4.000003e-11 (A)  W_Trace1699::MIPI_DSI1_DATA0_N~0
4.750008e-11 (A)  W_Trace1701::MIPI_DSI1_DATA0_N~0
-5.000008e-11 (A)  W_Trace1702::MIPI_DSI1_DATA0_N~0
-5.250014e-11 (A)  W_Trace1710::MIPI_DSI1_DATA0_N~0
-5.750015e-11 (A)  W_Trace1710_Auto_322::MIPI_DSI1_DATA0_N~0
6.000016e-11 (A)  W_Trace1714::MIPI_DSI1_DATA0_N~0
-7.000031e-11 (A)  W_Trace1719::MIPI_DSI1_DATA0_N~0
-7.750041e-11 (A)  W_Trace1726::MIPI_DSI1_DATA0_N~0
-8.000045e-11 (A)  W_Trace1727::MIPI_DSI1_DATA0_N~0
8.500047e-11 (A)  W_Trace1731::MIPI_DSI1_DATA0_N~0
-9.000048e-11 (A)  W_Trace1733_Auto_373::MIPI_DSI1_DATA0_N~0
-9.750050e-11 (A)  W_Trace1735::MIPI_DSI1_DATA0_N~0
-1.050006e-10 (A)  W_Trace1742::MIPI_DSI1_DATA0_N~0
-1.075006e-10 (A)  W_Trace1743::MIPI_DSI1_DATA0_N~0
-1.125007e-10 (A)  W_Trace1743_Auto_1693::MIPI_DSI1_DATA0_N~0
-1.150007e-10 (A)  W_Trace1745::MIPI_DSI1_DATA0_N~0
-1.175007e-10 (A)  W_Trace1747::MIPI_DSI1_DATA0_N~0
1.225007e-10 (A)  W_Trace1751::MIPI_DSI1_DATA0_N~0
-1.250008e-10 (A)  W_Trace1753::MIPI_DSI1_DATA0_N~0
-1.325008e-10 (A)  W_Trace1753_Auto_1725::MIPI_DSI1_DATA0_N~0
-1.350008e-10 (A)  W_Trace1755::MIPI_DSI1_DATA0_N~0
1.375008e-10 (A)  W_Trace1756::MIPI_DSI1_DATA0_N~0
1.400009e-10 (A)  W_Trace1761::MIPI_DSI1_DATA0_N~0
-1.450010e-10 (A)  W_Trace1762#BP0::MIPI_DSI1_DATA0_N~0
1.425009e-10 (A)  W_Trace1762::MIPI_DSI1_DATA0_N~0
1.550010e-10 (A)  W_Trace1764::MIPI_DSI1_DATA0_N~0
1.475009e-10 (A)  W_Trace1764_Auto_1723::MIPI_DSI1_DATA0_N~0
1.575010e-10 (A)  W_Trace1773::MIPI_DSI1_DATA0_N~0
-1.600011e-10 (A)  W_Trace1775::MIPI_DSI1_DATA0_N~0
-1.650011e-10 (A)  W_Trace1775_Auto_1704::MIPI_DSI1_DATA0_N~0
-1.675011e-10 (A)  W_Trace1777::MIPI_DSI1_DATA0_N~0
1.750011e-10 (A)  W_Trace1786::MIPI_DSI1_DATA0_N~0
1.700011e-10 (A)  W_Trace1786_Auto_1702::MIPI_DSI1_DATA0_N~0
1.775012e-10 (A)  W_Trace1792::MIPI_DSI1_DATA0_N~0
-1.800012e-10 (A)  W_Trace1793::MIPI_DSI1_DATA0_N~0
-1.850012e-10 (A)  W_Trace1793_Auto_1916::MIPI_DSI1_DATA0_N~0
-1.875012e-10 (A)  W_Trace1795::MIPI_DSI1_DATA0_N~0
-1.900012e-10 (A)  W_Trace1798::MIPI_DSI1_DATA0_N~0
-1.950012e-10 (A)  W_Trace1801::MIPI_DSI1_DATA0_N~0
2.100013e-10 (A)  W_Trace1806::MIPI_DSI1_DATA0_N~0
-2.125013e-10 (A)  W_Trace1808::MIPI_DSI1_DATA0_N~0
-2.150014e-10 (A)  W_Trace1812::MIPI_DSI1_DATA0_N~0
-2.200014e-10 (A)  W_Trace1813::MIPI_DSI1_DATA0_N~0
-2.325015e-10 (A)  W_Trace1814_Auto_2045::MIPI_DSI1_DATA0_N~0
-2.250014e-10 (A)  W_Trace1814_Auto_2048::MIPI_DSI1_DATA0_N~0
2.400016e-10 (A)  W_Trace1815::MIPI_DSI1_DATA0_N~0
2.350015e-10 (A)  W_Trace1815_Auto_1947::MIPI_DSI1_DATA0_N~0
5.000000e-12 (A)  W_Trace1816::MIPI_DSI1_DATA0_P~0
-5.000000e-12 (A)  W_Trace1817::MIPI_DSI1_DATA0_P~0
5.000000e-12 (A)  W_Trace1818::MIPI_DSI1_DATA0_P~0
5.000000e-12 (A)  W_Trace1820::MIPI_DSI1_DATA0_P~0
5.000000e-12 (A)  W_Trace1822::MIPI_DSI1_DATA0_P~0
5.000000e-12 (A)  W_Trace1822_Auto_1696::MIPI_DSI1_DATA0_P~0
5.000000e-12 (A)  W_Trace1824::MIPI_DSI1_DATA0_P~0
5.000000e-12 (A)  W_Trace1828::MIPI_DSI1_DATA0_P~0
-5.000000e-12 (A)  W_Trace1837::MIPI_DSI1_DATA0_P~0
-5.000000e-12 (A)  W_Trace1839_Auto_1706::MIPI_DSI1_DATA0_P~0
5.000000e-12 (A)  W_Trace1841::MIPI_DSI1_DATA0_P~0
5.000000e-12 (A)  W_Trace1850_Auto_1703::MIPI_DSI1_DATA0_P~0
-5.000000e-12 (A)  W_Trace1859::MIPI_DSI1_DATA0_P~0
-5.000000e-12 (A)  W_Trace1861_Auto_1701::MIPI_DSI1_DATA0_P~0
-5.000000e-12 (A)  W_Trace1866::MIPI_DSI1_DATA0_P~0
-5.000000e-12 (A)  W_Trace1872::MIPI_DSI1_DATA0_P~0
5.000000e-12 (A)  W_Trace1875_Auto_1922::MIPI_DSI1_DATA0_P~0
5.000000e-12 (A)  W_Trace1876::MIPI_DSI1_DATA0_P~0
5.000000e-12 (A)  W_Trace1878::MIPI_DSI1_DATA0_P~0
5.000000e-12 (A)  W_Trace1878_Auto_1920::MIPI_DSI1_DATA0_P~0
5.000000e-12 (A)  W_Trace1879::MIPI_DSI1_DATA0_P~0
5.000000e-12 (A)  W_Trace1880::MIPI_DSI1_DATA0_P~0
5.000000e-12 (A)  W_Trace1880_Auto_1918::MIPI_DSI1_DATA0_P~0
-5.000000e-12 (A)  W_Trace1881_Auto_1925::MIPI_DSI1_DATA0_P~0
-5.000000e-12 (A)  W_Trace1885::MIPI_DSI1_DATA0_P~0
5.000000e-12 (A)  W_Trace1888::MIPI_DSI1_DATA0_P~0
-5.000000e-12 (A)  W_Trace1891::MIPI_DSI1_DATA0_P~0
-5.000000e-12 (A)  W_Trace1892::MIPI_DSI1_DATA0_P~0
-5.000000e-12 (A)  W_Trace1892_Auto_1945::MIPI_DSI1_DATA0_P~0
5.000000e-12 (A)  W_Trace1898::MIPI_DSI1_DATA0_P~0
5.000000e-12 (A)  W_Trace1902::MIPI_DSI1_DATA0_P~0
5.000000e-12 (A)  W_Trace1904_Auto_737::MIPI_DSI1_DATA0_P~0
-5.000000e-12 (A)  W_Trace1908::MIPI_DSI1_DATA0_P~0
-5.000000e-12 (A)  W_Trace1910::MIPI_DSI1_DATA0_P~0
-5.000000e-12 (A)  W_Trace1910_Auto_325::MIPI_DSI1_DATA0_P~0
-5.000000e-12 (A)  W_Trace1919::MIPI_DSI1_DATA0_P~0
5.000000e-12 (A)  W_Trace1921::MIPI_DSI1_DATA0_P~0
5.000000e-12 (A)  W_Trace1921_Auto_328::MIPI_DSI1_DATA0_P~0
-5.000000e-12 (A)  W_Trace1924::MIPI_DSI1_DATA0_P~0
5.000000e-12 (A)  W_Trace1926::MIPI_DSI1_DATA0_P~0
5.000000e-12 (A)  W_Trace1926_Auto_311::MIPI_DSI1_DATA0_P~0
-5.000000e-12 (A)  W_Trace1930::MIPI_DSI1_DATA0_P~0
-5.000000e-12 (A)  W_Trace1932::MIPI_DSI1_DATA0_P~0
-5.000000e-12 (A)  W_Trace1932_Auto_316::MIPI_DSI1_DATA0_P~0
-5.000000e-12 (A)  W_Trace1941::MIPI_DSI1_DATA0_P~0
5.000000e-12 (A)  W_Trace1943::MIPI_DSI1_DATA0_P~0
5.000000e-12 (A)  W_Trace1943_Auto_319::MIPI_DSI1_DATA0_P~0
-5.000000e-12 (A)  W_Trace1946::MIPI_DSI1_DATA0_P~0
5.000000e-12 (A)  W_Trace1948::MIPI_DSI1_DATA0_P~0
-5.000000e-12 (A)  W_Trace1952::MIPI_DSI1_DATA0_P~0
-5.000000e-12 (A)  W_Trace1954::MIPI_DSI1_DATA0_P~0
-5.000000e-12 (A)  W_Trace1954_Auto_360::MIPI_DSI1_DATA0_P~0
-5.000000e-12 (A)  W_Trace1963::MIPI_DSI1_DATA0_P~0
-5.000000e-12 (A)  W_Trace1969::MIPI_DSI1_DATA0_P~0
5.000000e-12 (A)  W_Trace1973::MIPI_DSI1_DATA0_P~0
-2.000006e-10 (A)  W_Trace551::MIPI_DSI1_CLK_N~0
-1.950006e-10 (A)  W_Trace555::MIPI_DSI1_CLK_N~0
1.925005e-10 (A)  W_Trace557::MIPI_DSI1_CLK_N~0
1.875006e-10 (A)  W_Trace557_Auto_390::MIPI_DSI1_CLK_N~0
1.850006e-10 (A)  W_Trace559::MIPI_DSI1_CLK_N~0
1.825006e-10 (A)  W_Trace561::MIPI_DSI1_CLK_N~0
1.775005e-10 (A)  W_Trace562::MIPI_DSI1_CLK_N~0
1.750005e-10 (A)  W_Trace573::MIPI_DSI1_CLK_N~0
1.675005e-10 (A)  W_Trace574_Auto_400::MIPI_DSI1_CLK_N~0
1.650005e-10 (A)  W_Trace575::MIPI_DSI1_CLK_N~0
-1.575005e-10 (A)  W_Trace584::MIPI_DSI1_CLK_N~0
-1.425004e-10 (A)  W_Trace586::MIPI_DSI1_CLK_N~0
1.400004e-10 (A)  W_Trace588::MIPI_DSI1_CLK_N~0
1.375005e-10 (A)  W_Trace598::MIPI_DSI1_CLK_N~0
1.225004e-10 (A)  W_Trace598_Auto_409::MIPI_DSI1_CLK_N~0
-1.200004e-10 (A)  W_Trace607::MIPI_DSI1_CLK_N~0
-1.125004e-10 (A)  W_Trace610::MIPI_DSI1_CLK_N~0
-1.175004e-10 (A)  W_Trace610_Auto_406::MIPI_DSI1_CLK_N~0
1.100004e-10 (A)  W_Trace611::MIPI_DSI1_CLK_N~0
-9.750031e-11 (A)  W_Trace627::MIPI_DSI1_CLK_N~0
-1.025003e-10 (A)  W_Trace627_Auto_467::MIPI_DSI1_CLK_N~0
-1.075004e-10 (A)  W_Trace627_Auto_487::MIPI_DSI1_CLK_N~0
-6.000009e-11 (A)  W_Trace628::MIPI_DSI1_CLK_N~0
-9.500024e-11 (A)  W_Trace628_Auto_720::MIPI_DSI1_CLK_N~0
-6.500011e-11 (A)  W_Trace628_Auto_725::MIPI_DSI1_CLK_N~0
5.750009e-11 (A)  W_Trace630::MIPI_DSI1_CLK_N~0
-5.500006e-11 (A)  W_Trace632_Auto_741::MIPI_DSI1_CLK_N~0
-3.750004e-11 (A)  W_Trace634::MIPI_DSI1_CLK_N~0
-2.500005e-11 (A)  W_Trace636_Auto_1074::MIPI_DSI1_CLK_N~0
-3.000003e-11 (A)  W_Trace636_Auto_1082::MIPI_DSI1_CLK_N~0
-3.500004e-11 (A)  W_Trace636_Auto_1084::MIPI_DSI1_CLK_N~0
-1.500000e-11 (A)  W_Trace637::MIPI_DSI1_CLK_N~0
1.250001e-11 (A)  W_Trace638::MIPI_DSI1_CLK_N~0
2.575010e-10 (A)  W_Trace639::MIPI_DSI1_CLK_N~0
-2.525010e-10 (A)  W_Trace641::MIPI_DSI1_CLK_N~0
-2.475010e-10 (A)  W_Trace643_Auto_2042::MIPI_DSI1_CLK_N~0
2.375008e-10 (A)  W_Trace644::MIPI_DSI1_CLK_N~0
2.275008e-10 (A)  W_Trace646::MIPI_DSI1_CLK_N~0
-2.200008e-10 (A)  W_Trace648::MIPI_DSI1_CLK_N~0
2.175008e-10 (A)  W_Trace650::MIPI_DSI1_CLK_N~0
2.150008e-10 (A)  W_Trace652::MIPI_DSI1_CLK_N~0
2.100008e-10 (A)  W_Trace652_Auto_2068::MIPI_DSI1_CLK_N~0
2.075007e-10 (A)  W_Trace654::MIPI_DSI1_CLK_N~0
-5.000000e-12 (A)  W_Trace659::MIPI_DSI1_CLK_P~0
-5.000000e-12 (A)  W_Trace661#BP0::MIPI_DSI1_CLK_P~0
-5.000000e-12 (A)  W_Trace661#BP0_Auto_386::MIPI_DSI1_CLK_P~0
-5.000000e-12 (A)  W_Trace663::MIPI_DSI1_CLK_P~0
-5.000000e-12 (A)  W_Trace665::MIPI_DSI1_CLK_P~0
-5.000000e-12 (A)  W_Trace667::MIPI_DSI1_CLK_P~0
5.000000e-12 (A)  W_Trace679::MIPI_DSI1_CLK_P~0
-5.000000e-12 (A)  W_Trace681_Auto_428::MIPI_DSI1_CLK_P~0
-5.000000e-12 (A)  W_Trace682::MIPI_DSI1_CLK_P~0
-5.000000e-12 (A)  W_Trace683_Auto_420::MIPI_DSI1_CLK_P~0
-5.000000e-12 (A)  W_Trace683_Auto_426::MIPI_DSI1_CLK_P~0
-5.000000e-12 (A)  W_Trace685::MIPI_DSI1_CLK_P~0
5.000000e-12 (A)  W_Trace694::MIPI_DSI1_CLK_P~0
5.000000e-12 (A)  W_Trace694_Auto_414::MIPI_DSI1_CLK_P~0
5.000000e-12 (A)  W_Trace694_Auto_416::MIPI_DSI1_CLK_P~0
5.000000e-12 (A)  W_Trace704::MIPI_DSI1_CLK_P~0
-5.000000e-12 (A)  W_Trace706::MIPI_DSI1_CLK_P~0
-5.000000e-12 (A)  W_Trace706_Auto_411::MIPI_DSI1_CLK_P~0
-5.000000e-12 (A)  W_Trace706_Auto_415::MIPI_DSI1_CLK_P~0
-5.000000e-12 (A)  W_Trace708::MIPI_DSI1_CLK_P~0
5.000000e-12 (A)  W_Trace715::MIPI_DSI1_CLK_P~0
5.000000e-12 (A)  W_Trace716::MIPI_DSI1_CLK_P~0
5.000000e-12 (A)  W_Trace716_Auto_403::MIPI_DSI1_CLK_P~0
5.000000e-12 (A)  W_Trace722::MIPI_DSI1_CLK_P~0
5.000000e-12 (A)  W_Trace727::MIPI_DSI1_CLK_P~0
-5.000000e-12 (A)  W_Trace730::MIPI_DSI1_CLK_P~0
-5.000000e-12 (A)  W_Trace730_Auto_407::MIPI_DSI1_CLK_P~0
5.000000e-12 (A)  W_Trace733::MIPI_DSI1_CLK_P~0
5.000000e-12 (A)  W_Trace735::MIPI_DSI1_CLK_P~0
5.000000e-12 (A)  W_Trace735_Auto_463::MIPI_DSI1_CLK_P~0
5.000000e-12 (A)  W_Trace735_Auto_464::MIPI_DSI1_CLK_P~0
5.000000e-12 (A)  W_Trace736::MIPI_DSI1_CLK_P~0
5.000000e-12 (A)  W_Trace736_Auto_723::MIPI_DSI1_CLK_P~0
-5.000000e-12 (A)  W_Trace738::MIPI_DSI1_CLK_P~0
5.000000e-12 (A)  W_Trace742::MIPI_DSI1_CLK_P~0
5.000000e-12 (A)  W_Trace744_Auto_1072::MIPI_DSI1_CLK_P~0
5.000000e-12 (A)  W_Trace745::MIPI_DSI1_CLK_P~0
-5.000000e-12 (A)  W_Trace748_Auto_1942::MIPI_DSI1_CLK_P~0
5.000000e-12 (A)  W_Trace751_Auto_2049::MIPI_DSI1_CLK_P~0
5.000000e-12 (A)  W_Trace751_Auto_2050::MIPI_DSI1_CLK_P~0
-5.000000e-12 (A)  W_Trace752::MIPI_DSI1_CLK_P~0
5.000000e-12 (A)  W_Trace753::MIPI_DSI1_CLK_P~0
-5.000000e-12 (A)  W_Trace755_Auto_2080::MIPI_DSI1_CLK_P~0
-5.000000e-12 (A)  W_Trace757::MIPI_DSI1_CLK_P~0
5.000000e-12 (A)  W_Trace759::MIPI_DSI1_CLK_P~0
5.000000e-12 (A)  W_Trace759_Auto_2070::MIPI_DSI1_CLK_P~0
-5.000000e-12 (A)  W_Trace761::MIPI_DSI1_CLK_P~0
5.000000e-12 (A)  W_Trace767::MIPI_DSI1_CLK_P~0
5.000000e-12 (A)  W_Trace769_Auto_2820::MIPI_DSI1_CLK_P~0
5.000000e-12 (A)  W_Trace778::MIPI_DSI1_CLK_P~0
5.000000e-12 (A)  W_Trace792::MIPI_DSI1_CLK_P~0
-3.499998e-11 (A)  WCPL_Trace1355::MIPI_DSI1_DATA1_N~0
5.000000e-12 (A)  WCPL_Trace1355::MIPI_DSI1_DATA1_N~1
-4.250006e-11 (A)  WCPL_Trace1355::MIPI_DSI1_DATA1_N~2
-5.000003e-11 (A)  WCPL_Trace1357_Auto_721::MIPI_DSI1_DATA1_N~0
5.000000e-12 (A)  WCPL_Trace1357_Auto_721::MIPI_DSI1_DATA1_N~1
-6.250013e-11 (A)  WCPL_Trace1357_Auto_721::MIPI_DSI1_DATA1_N~2
-5.750005e-11 (A)  WCPL_Trace1360::MIPI_DSI1_DATA1_N~0
5.000000e-12 (A)  WCPL_Trace1360::MIPI_DSI1_DATA1_N~1
-7.000017e-11 (A)  WCPL_Trace1360::MIPI_DSI1_DATA1_N~2
-7.250006e-11 (A)  WCPL_Trace1376_Auto_43::MIPI_DSI1_DATA1_N~0
6.250007e-11 (A)  WCPL_Trace1376_Auto_43::MIPI_DSI1_DATA1_N~1
-8.000007e-11 (A)  WCPL_Trace1382::MIPI_DSI1_DATA1_N~0
5.000000e-12 (A)  WCPL_Trace1382::MIPI_DSI1_DATA1_N~1
-7.500014e-11 (A)  WCPL_Trace1382::MIPI_DSI1_DATA1_N~2
-8.500011e-11 (A)  WCPL_Trace1383::MIPI_DSI1_DATA1_N~0
5.000000e-12 (A)  WCPL_Trace1383::MIPI_DSI1_DATA1_N~1
-8.000019e-11 (A)  WCPL_Trace1383::MIPI_DSI1_DATA1_N~2
-1.000002e-10 (A)  WCPL_Trace1399_Auto_28::MIPI_DSI1_DATA1_N~0
9.500019e-11 (A)  WCPL_Trace1399_Auto_28::MIPI_DSI1_DATA1_N~1
-5.000000e-12 (A)  WCPL_Trace1399_Auto_28::MIPI_DSI1_DATA1_N~2
-1.050003e-10 (A)  WCPL_Trace1399_Auto_29::MIPI_DSI1_DATA1_N~0
9.000014e-11 (A)  WCPL_Trace1399_Auto_29::MIPI_DSI1_DATA1_N~1
-1.100003e-10 (A)  WCPL_Trace1405::MIPI_DSI1_DATA1_N~0
5.000000e-12 (A)  WCPL_Trace1405::MIPI_DSI1_DATA1_N~1
-8.500025e-11 (A)  WCPL_Trace1405::MIPI_DSI1_DATA1_N~2
-1.150003e-10 (A)  WCPL_Trace1406::MIPI_DSI1_DATA1_N~0
5.000000e-12 (A)  WCPL_Trace1406::MIPI_DSI1_DATA1_N~1
-9.000025e-11 (A)  WCPL_Trace1406::MIPI_DSI1_DATA1_N~2
-1.175004e-10 (A)  WCPL_Trace1407::MIPI_DSI1_DATA1_N~0
5.000000e-12 (A)  WCPL_Trace1407::MIPI_DSI1_DATA1_N~1
-1.000003e-10 (A)  WCPL_Trace1407::MIPI_DSI1_DATA1_N~2
1.700009e-10 (A)  WCPL_Trace1447#BP0_Auto_2074::MIPI_DSI1_DATA1_N~0
-5.000000e-12 (A)  WCPL_Trace1447#BP0_Auto_2074::MIPI_DSI1_DATA1_N~1
-1.825009e-10 (A)  WCPL_Trace1449_Auto_2041::MIPI_DSI1_DATA1_N~0
5.000000e-12 (A)  WCPL_Trace1449_Auto_2041::MIPI_DSI1_DATA1_N~1
-2.425009e-10 (A)  WCPL_Trace1449_Auto_2041::MIPI_DSI1_DATA1_N~2
5.000000e-12 (A)  WCPL_Trace1449_Auto_2041::MIPI_DSI1_DATA1_N~3
2.050011e-10 (A)  WCPL_Trace1453::MIPI_DSI1_DATA1_N~0
-5.000000e-12 (A)  WCPL_Trace1453::MIPI_DSI1_DATA1_N~1
2.000011e-10 (A)  WCPL_Trace1453_Auto_2061::MIPI_DSI1_DATA1_N~0
-5.000000e-12 (A)  WCPL_Trace1453_Auto_2061::MIPI_DSI1_DATA1_N~1
5.000000e-12 (A)  WCPL_Trace1563_Auto_703::MIPI_DSI1_DATA1_P~0
-4.250002e-11 (A)  WCPL_Trace1563_Auto_703::MIPI_DSI1_DATA1_P~1
5.000000e-12 (A)  WCPL_Trace1563_Auto_703::MIPI_DSI1_DATA1_P~2
-5.000009e-11 (A)  WCPL_Trace1563_Auto_703::MIPI_DSI1_DATA1_P~3
5.000000e-12 (A)  WCPL_Trace1567::MIPI_DSI1_DATA1_P~0
-5.500006e-11 (A)  WCPL_Trace1567::MIPI_DSI1_DATA1_P~1
5.000000e-12 (A)  WCPL_Trace1567::MIPI_DSI1_DATA1_P~2
-6.750015e-11 (A)  WCPL_Trace1567::MIPI_DSI1_DATA1_P~3
5.000000e-12 (A)  WCPL_Trace1590::MIPI_DSI1_DATA1_P~0
-8.250009e-11 (A)  WCPL_Trace1590::MIPI_DSI1_DATA1_P~1
5.000000e-12 (A)  WCPL_Trace1590::MIPI_DSI1_DATA1_P~2
-7.750013e-11 (A)  WCPL_Trace1590::MIPI_DSI1_DATA1_P~3
5.000000e-12 (A)  WCPL_Trace1607_Auto_37::MIPI_DSI1_DATA1_P~0
-1.025003e-10 (A)  WCPL_Trace1607_Auto_37::MIPI_DSI1_DATA1_P~1
9.250016e-11 (A)  WCPL_Trace1607_Auto_37::MIPI_DSI1_DATA1_P~2
-5.000000e-12 (A)  WCPL_Trace1607_Auto_37::MIPI_DSI1_DATA1_P~3
5.000000e-12 (A)  WCPL_Trace1607_Auto_37::MIPI_DSI1_DATA1_P~4
-7.000008e-11 (A)  WCPL_Trace1607_Auto_37::MIPI_DSI1_DATA1_P~5
6.500010e-11 (A)  WCPL_Trace1607_Auto_37::MIPI_DSI1_DATA1_P~6
-5.000000e-12 (A)  WCPL_Trace1607_Auto_37::MIPI_DSI1_DATA1_P~7
5.000000e-12 (A)  WCPL_Trace1613::MIPI_DSI1_DATA1_P~0
-1.125003e-10 (A)  WCPL_Trace1613::MIPI_DSI1_DATA1_P~1
5.000000e-12 (A)  WCPL_Trace1613::MIPI_DSI1_DATA1_P~2
-8.750026e-11 (A)  WCPL_Trace1613::MIPI_DSI1_DATA1_P~3
5.000000e-12 (A)  WCPL_Trace1617_Auto_458::MIPI_DSI1_DATA1_P~0
-1.225005e-10 (A)  WCPL_Trace1617_Auto_458::MIPI_DSI1_DATA1_P~1
5.000000e-12 (A)  WCPL_Trace1617_Auto_458::MIPI_DSI1_DATA1_P~2
-1.050004e-10 (A)  WCPL_Trace1617_Auto_458::MIPI_DSI1_DATA1_P~3
5.000000e-12 (A)  WCPL_Trace1617_Auto_469::MIPI_DSI1_DATA1_P~0
-1.250005e-10 (A)  WCPL_Trace1617_Auto_469::MIPI_DSI1_DATA1_P~1
5.000000e-12 (A)  WCPL_Trace1621::MIPI_DSI1_DATA1_P~0
-1.400006e-10 (A)  WCPL_Trace1621::MIPI_DSI1_DATA1_P~1
5.000000e-12 (A)  WCPL_Trace1660_Auto_54::MIPI_DSI1_DATA1_P~0
-5.000000e-12 (A)  WCPL_Trace1660_Auto_54::MIPI_DSI1_DATA1_P~1
5.000000e-12 (A)  WCPL_Trace1660_Auto_54::MIPI_DSI1_DATA1_P~2
-5.000000e-12 (A)  WCPL_Trace1660_Auto_54::MIPI_DSI1_DATA1_P~3
5.000000e-12 (A)  WCPL_Trace1666#BP0::MIPI_DSI1_DATA1_P~0
-1.525007e-10 (A)  WCPL_Trace1666#BP0::MIPI_DSI1_DATA1_P~1
5.000000e-12 (A)  WCPL_Trace1666::MIPI_DSI1_DATA1_P~0
-1.450007e-10 (A)  WCPL_Trace1666::MIPI_DSI1_DATA1_P~1
5.000000e-12 (A)  WCPL_Trace1666_Auto_162::MIPI_DSI1_DATA1_P~0
-1.500008e-10 (A)  WCPL_Trace1666_Auto_162::MIPI_DSI1_DATA1_P~1
5.000000e-12 (A)  WCPL_Trace1673_Auto_2065::MIPI_DSI1_DATA1_P~0
-1.650009e-10 (A)  WCPL_Trace1673_Auto_2065::MIPI_DSI1_DATA1_P~1
5.000000e-12 (A)  WCPL_Trace1681_Auto_2055::MIPI_DSI1_DATA1_P~0
-1.875009e-10 (A)  WCPL_Trace1681_Auto_2055::MIPI_DSI1_DATA1_P~1
5.000000e-12 (A)  WCPL_Trace1681_Auto_2055::MIPI_DSI1_DATA1_P~2
-2.500010e-10 (A)  WCPL_Trace1681_Auto_2055::MIPI_DSI1_DATA1_P~3
-2.750010e-11 (A)  WCPL_Trace1694_Auto_1066::MIPI_DSI1_DATA0_N~0
5.000000e-12 (A)  WCPL_Trace1694_Auto_1066::MIPI_DSI1_DATA0_N~1
-2.749999e-11 (A)  WCPL_Trace1694_Auto_1066::MIPI_DSI1_DATA0_N~2
5.000000e-12 (A)  WCPL_Trace1694_Auto_1066::MIPI_DSI1_DATA0_N~3
-2.750004e-11 (A)  WCPL_Trace1694_Auto_1066::MIPI_DSI1_DATA0_N~4
-3.000008e-11 (A)  WCPL_Trace1695::MIPI_DSI1_DATA0_N~0
5.000000e-12 (A)  WCPL_Trace1695::MIPI_DSI1_DATA0_N~1
-3.750000e-11 (A)  WCPL_Trace1695::MIPI_DSI1_DATA0_N~2
5.000000e-12 (A)  WCPL_Trace1695::MIPI_DSI1_DATA0_N~3
-4.500006e-11 (A)  WCPL_Trace1695::MIPI_DSI1_DATA0_N~4
4.500005e-11 (A)  WCPL_Trace1701_Auto_326::MIPI_DSI1_DATA0_N~0
-5.000000e-12 (A)  WCPL_Trace1701_Auto_326::MIPI_DSI1_DATA0_N~1
5.000000e-12 (A)  WCPL_Trace1701_Auto_326::MIPI_DSI1_DATA0_N~2
-5.500016e-11 (A)  WCPL_Trace1710_Auto_321::MIPI_DSI1_DATA0_N~0
6.750030e-11 (A)  WCPL_Trace1710_Auto_321::MIPI_DSI1_DATA0_N~1
6.500023e-11 (A)  WCPL_Trace1718_Auto_317::MIPI_DSI1_DATA0_N~0
-5.000000e-12 (A)  WCPL_Trace1718_Auto_317::MIPI_DSI1_DATA0_N~1
5.000000e-12 (A)  WCPL_Trace1718_Auto_317::MIPI_DSI1_DATA0_N~2
-8.250043e-11 (A)  WCPL_Trace1718_Auto_317::MIPI_DSI1_DATA0_N~3
-7.250032e-11 (A)  WCPL_Trace1724::MIPI_DSI1_DATA0_N~0
5.000000e-12 (A)  WCPL_Trace1724::MIPI_DSI1_DATA0_N~1
-7.500036e-11 (A)  WCPL_Trace1725::MIPI_DSI1_DATA0_N~0
5.000000e-12 (A)  WCPL_Trace1725::MIPI_DSI1_DATA0_N~1
1.500010e-10 (A)  WCPL_Trace1764_Auto_1722::MIPI_DSI1_DATA0_N~0
-5.000000e-12 (A)  WCPL_Trace1764_Auto_1722::MIPI_DSI1_DATA0_N~1
5.000000e-12 (A)  WCPL_Trace1764_Auto_1722::MIPI_DSI1_DATA0_N~2
-1.300008e-10 (A)  WCPL_Trace1764_Auto_1722::MIPI_DSI1_DATA0_N~3
1.725011e-10 (A)  WCPL_Trace1786_Auto_1715::MIPI_DSI1_DATA0_N~0
-5.000000e-12 (A)  WCPL_Trace1786_Auto_1715::MIPI_DSI1_DATA0_N~1
5.000000e-12 (A)  WCPL_Trace1786_Auto_1715::MIPI_DSI1_DATA0_N~2
-1.625010e-10 (A)  WCPL_Trace1786_Auto_1715::MIPI_DSI1_DATA0_N~3
1.525010e-10 (A)  WCPL_Trace1786_Auto_1715::MIPI_DSI1_DATA0_N~4
-5.000000e-12 (A)  WCPL_Trace1786_Auto_1715::MIPI_DSI1_DATA0_N~5
5.000000e-12 (A)  WCPL_Trace1786_Auto_1715::MIPI_DSI1_DATA0_N~6
-1.275008e-10 (A)  WCPL_Trace1786_Auto_1715::MIPI_DSI1_DATA0_N~7
2.075013e-10 (A)  WCPL_Trace1806_Auto_1926::MIPI_DSI1_DATA0_N~0
-5.000000e-12 (A)  WCPL_Trace1806_Auto_1926::MIPI_DSI1_DATA0_N~1
2.375016e-10 (A)  WCPL_Trace1815_Auto_1946::MIPI_DSI1_DATA0_N~0
-5.000000e-12 (A)  WCPL_Trace1815_Auto_1946::MIPI_DSI1_DATA0_N~1
2.550010e-10 (A)  WCPL_Trace1815_Auto_1946::MIPI_DSI1_DATA0_N~2
-5.000000e-12 (A)  WCPL_Trace1815_Auto_1946::MIPI_DSI1_DATA0_N~3
2.100012e-10 (A)  WCPL_Trace1815_Auto_1946::MIPI_DSI1_DATA0_N~4
-5.000000e-12 (A)  WCPL_Trace1815_Auto_1946::MIPI_DSI1_DATA0_N~5
5.000000e-12 (A)  WCPL_Trace1818_Auto_1692::MIPI_DSI1_DATA0_P~0
-1.100007e-10 (A)  WCPL_Trace1818_Auto_1692::MIPI_DSI1_DATA0_P~1
5.000000e-12 (A)  WCPL_Trace1822_Auto_1695::MIPI_DSI1_DATA0_P~0
-1.200007e-10 (A)  WCPL_Trace1822_Auto_1695::MIPI_DSI1_DATA0_P~1
-5.000000e-12 (A)  WCPL_Trace1861_Auto_1719::MIPI_DSI1_DATA0_P~0
5.000000e-12 (A)  WCPL_Trace1861_Auto_1719::MIPI_DSI1_DATA0_P~1
5.000000e-12 (A)  WCPL_Trace1868::MIPI_DSI1_DATA0_P~0
-1.825012e-10 (A)  WCPL_Trace1868::MIPI_DSI1_DATA0_P~1
5.000000e-12 (A)  WCPL_Trace1875::MIPI_DSI1_DATA0_P~0
-1.925012e-10 (A)  WCPL_Trace1875::MIPI_DSI1_DATA0_P~1
2.050012e-10 (A)  WCPL_Trace1875::MIPI_DSI1_DATA0_P~2
-5.000000e-12 (A)  WCPL_Trace1875::MIPI_DSI1_DATA0_P~3
5.000000e-12 (A)  WCPL_Trace1878_Auto_1919::MIPI_DSI1_DATA0_P~0
-1.975012e-10 (A)  WCPL_Trace1878_Auto_1919::MIPI_DSI1_DATA0_P~1
5.000000e-12 (A)  WCPL_Trace1879_Auto_2028::MIPI_DSI1_DATA0_P~0
-2.000013e-10 (A)  WCPL_Trace1879_Auto_2028::MIPI_DSI1_DATA0_P~1
5.000000e-12 (A)  WCPL_Trace1880_Auto_1917::MIPI_DSI1_DATA0_P~0
-2.025012e-10 (A)  WCPL_Trace1880_Auto_1917::MIPI_DSI1_DATA0_P~1
5.000000e-12 (A)  WCPL_Trace1887::MIPI_DSI1_DATA0_P~0
-2.175014e-10 (A)  WCPL_Trace1887::MIPI_DSI1_DATA0_P~1
5.000000e-12 (A)  WCPL_Trace1887_Auto_2047::MIPI_DSI1_DATA0_P~0
-2.225014e-10 (A)  WCPL_Trace1887_Auto_2047::MIPI_DSI1_DATA0_P~1
5.000000e-12 (A)  WCPL_Trace1889::MIPI_DSI1_DATA0_P~0
-2.275015e-10 (A)  WCPL_Trace1889::MIPI_DSI1_DATA0_P~1
5.000000e-12 (A)  WCPL_Trace1896::MIPI_DSI1_DATA0_P~0
-1.750008e-11 (A)  WCPL_Trace1896::MIPI_DSI1_DATA0_P~1
5.000000e-12 (A)  WCPL_Trace1896::MIPI_DSI1_DATA0_P~2
-1.750005e-11 (A)  WCPL_Trace1896::MIPI_DSI1_DATA0_P~3
5.000000e-12 (A)  WCPL_Trace1896::MIPI_DSI1_DATA0_P~4
-1.750003e-11 (A)  WCPL_Trace1896::MIPI_DSI1_DATA0_P~5
5.000000e-12 (A)  WCPL_Trace1897::MIPI_DSI1_DATA0_P~0
-2.000010e-11 (A)  WCPL_Trace1897::MIPI_DSI1_DATA0_P~1
5.000000e-12 (A)  WCPL_Trace1897::MIPI_DSI1_DATA0_P~2
-2.000002e-11 (A)  WCPL_Trace1897::MIPI_DSI1_DATA0_P~3
5.000000e-12 (A)  WCPL_Trace1897::MIPI_DSI1_DATA0_P~4
-2.000005e-11 (A)  WCPL_Trace1897::MIPI_DSI1_DATA0_P~5
5.000000e-12 (A)  WCPL_Trace1899::MIPI_DSI1_DATA0_P~0
-2.500011e-11 (A)  WCPL_Trace1899::MIPI_DSI1_DATA0_P~1
5.000000e-12 (A)  WCPL_Trace1899::MIPI_DSI1_DATA0_P~2
-2.250001e-11 (A)  WCPL_Trace1899::MIPI_DSI1_DATA0_P~3
5.000000e-12 (A)  WCPL_Trace1899::MIPI_DSI1_DATA0_P~4
-2.250004e-11 (A)  WCPL_Trace1899::MIPI_DSI1_DATA0_P~5
5.000000e-12 (A)  WCPL_Trace1900::MIPI_DSI1_DATA0_P~0
-3.250010e-11 (A)  WCPL_Trace1900::MIPI_DSI1_DATA0_P~1
5.000000e-12 (A)  WCPL_Trace1900::MIPI_DSI1_DATA0_P~2
-4.000000e-11 (A)  WCPL_Trace1900::MIPI_DSI1_DATA0_P~3
5.000000e-12 (A)  WCPL_Trace1900::MIPI_DSI1_DATA0_P~4
-4.750009e-11 (A)  WCPL_Trace1900::MIPI_DSI1_DATA0_P~5
5.000000e-12 (A)  WCPL_Trace1904::MIPI_DSI1_DATA0_P~0
-4.250005e-11 (A)  WCPL_Trace1904::MIPI_DSI1_DATA0_P~1
5.000000e-12 (A)  WCPL_Trace1926_Auto_310::MIPI_DSI1_DATA0_P~0
-6.250022e-11 (A)  WCPL_Trace1926_Auto_310::MIPI_DSI1_DATA0_P~1
5.000000e-12 (A)  WCPL_Trace1948_Auto_372::MIPI_DSI1_DATA0_P~0
-8.750049e-11 (A)  WCPL_Trace1948_Auto_372::MIPI_DSI1_DATA0_P~1
5.000000e-12 (A)  WCPL_Trace1965::MIPI_DSI1_DATA0_P~0
-5.000000e-12 (A)  WCPL_Trace1965::MIPI_DSI1_DATA0_P~1
5.000000e-12 (A)  WCPL_Trace1971::MIPI_DSI1_DATA0_P~0
-9.250052e-11 (A)  WCPL_Trace1971::MIPI_DSI1_DATA0_P~1
5.000000e-12 (A)  WCPL_Trace1972#BP0::MIPI_DSI1_DATA0_P~0
-9.500052e-11 (A)  WCPL_Trace1972#BP0::MIPI_DSI1_DATA0_P~1
1.975006e-10 (A)  WCPL_Trace553::MIPI_DSI1_CLK_N~0
-5.000000e-12 (A)  WCPL_Trace553::MIPI_DSI1_CLK_N~1
1.900006e-10 (A)  WCPL_Trace557_Auto_389::MIPI_DSI1_CLK_N~0
-5.000000e-12 (A)  WCPL_Trace557_Auto_389::MIPI_DSI1_CLK_N~1
1.800006e-10 (A)  WCPL_Trace561_Auto_387::MIPI_DSI1_CLK_N~0
-5.000000e-12 (A)  WCPL_Trace561_Auto_387::MIPI_DSI1_CLK_N~1
-1.550004e-10 (A)  WCPL_Trace586_Auto_417::MIPI_DSI1_CLK_N~0
1.600005e-10 (A)  WCPL_Trace586_Auto_417::MIPI_DSI1_CLK_N~1
-5.000000e-12 (A)  WCPL_Trace586_Auto_417::MIPI_DSI1_CLK_N~2
1.300004e-10 (A)  WCPL_Trace598_Auto_397::MIPI_DSI1_CLK_N~0
-5.000000e-12 (A)  WCPL_Trace598_Auto_397::MIPI_DSI1_CLK_N~1
5.000000e-12 (A)  WCPL_Trace598_Auto_397::MIPI_DSI1_CLK_N~2
-1.500004e-10 (A)  WCPL_Trace598_Auto_397::MIPI_DSI1_CLK_N~3
1.700005e-10 (A)  WCPL_Trace598_Auto_397::MIPI_DSI1_CLK_N~4
-5.000000e-12 (A)  WCPL_Trace598_Auto_397::MIPI_DSI1_CLK_N~5
1.275004e-10 (A)  WCPL_Trace598_Auto_424::MIPI_DSI1_CLK_N~0
-5.000000e-12 (A)  WCPL_Trace598_Auto_424::MIPI_DSI1_CLK_N~1
5.000000e-12 (A)  WCPL_Trace598_Auto_424::MIPI_DSI1_CLK_N~2
-1.525004e-10 (A)  WCPL_Trace598_Auto_424::MIPI_DSI1_CLK_N~3
1.625005e-10 (A)  WCPL_Trace598_Auto_424::MIPI_DSI1_CLK_N~4
-5.000000e-12 (A)  WCPL_Trace598_Auto_424::MIPI_DSI1_CLK_N~5
1.325004e-10 (A)  WCPL_Trace598_Auto_432::MIPI_DSI1_CLK_N~0
-5.000000e-12 (A)  WCPL_Trace598_Auto_432::MIPI_DSI1_CLK_N~1
5.000000e-12 (A)  WCPL_Trace598_Auto_432::MIPI_DSI1_CLK_N~2
-1.475004e-10 (A)  WCPL_Trace598_Auto_432::MIPI_DSI1_CLK_N~3
1.725005e-10 (A)  WCPL_Trace598_Auto_432::MIPI_DSI1_CLK_N~4
-5.000000e-12 (A)  WCPL_Trace598_Auto_432::MIPI_DSI1_CLK_N~5
1.350005e-10 (A)  WCPL_Trace598_Auto_435::MIPI_DSI1_CLK_N~0
-5.000000e-12 (A)  WCPL_Trace598_Auto_435::MIPI_DSI1_CLK_N~1
5.000000e-12 (A)  WCPL_Trace598_Auto_435::MIPI_DSI1_CLK_N~2
-1.450004e-10 (A)  WCPL_Trace598_Auto_435::MIPI_DSI1_CLK_N~3
-2.400009e-10 (A)  WCPL_Trace643::MIPI_DSI1_CLK_N~0
5.000000e-12 (A)  WCPL_Trace643::MIPI_DSI1_CLK_N~1
-2.300015e-10 (A)  WCPL_Trace643::MIPI_DSI1_CLK_N~2
2.300008e-10 (A)  WCPL_Trace644_Auto_2079::MIPI_DSI1_CLK_N~0
-5.000000e-12 (A)  WCPL_Trace644_Auto_2079::MIPI_DSI1_CLK_N~1
1.725009e-10 (A)  WCPL_Trace644_Auto_2079::MIPI_DSI1_CLK_N~2
-5.000000e-12 (A)  WCPL_Trace644_Auto_2079::MIPI_DSI1_CLK_N~3
2.325008e-10 (A)  WCPL_Trace644_Auto_2087::MIPI_DSI1_CLK_N~0
-5.000000e-12 (A)  WCPL_Trace644_Auto_2087::MIPI_DSI1_CLK_N~1
1.750009e-10 (A)  WCPL_Trace644_Auto_2087::MIPI_DSI1_CLK_N~2
2.350009e-10 (A)  WCPL_Trace644_Auto_2091::MIPI_DSI1_CLK_N~0
-5.000000e-12 (A)  WCPL_Trace644_Auto_2091::MIPI_DSI1_CLK_N~1
2.125008e-10 (A)  WCPL_Trace652_Auto_2067::MIPI_DSI1_CLK_N~0
-5.000000e-12 (A)  WCPL_Trace652_Auto_2067::MIPI_DSI1_CLK_N~1
-5.000000e-12 (A)  WCPL_Trace711::MIPI_DSI1_CLK_P~0
1.300005e-10 (A)  WCPL_Trace711::MIPI_DSI1_CLK_P~1
-5.000000e-12 (A)  WCPL_Trace711::MIPI_DSI1_CLK_P~2
-5.000000e-12 (A)  WCPL_Trace712::MIPI_DSI1_CLK_P~0
1.275005e-10 (A)  WCPL_Trace712::MIPI_DSI1_CLK_P~1
-5.000000e-12 (A)  WCPL_Trace712::MIPI_DSI1_CLK_P~2
-5.000000e-12 (A)  WCPL_Trace730_Auto_401::MIPI_DSI1_CLK_P~0
5.000000e-12 (A)  WCPL_Trace730_Auto_401::MIPI_DSI1_CLK_P~1
-1.150004e-10 (A)  WCPL_Trace730_Auto_401::MIPI_DSI1_CLK_P~2
1.250004e-10 (A)  WCPL_Trace730_Auto_401::MIPI_DSI1_CLK_P~3
-5.000000e-12 (A)  WCPL_Trace730_Auto_401::MIPI_DSI1_CLK_P~4
5.000000e-12 (A)  WCPL_Trace730_Auto_401::MIPI_DSI1_CLK_P~5
5.000000e-12 (A)  WCPL_Trace736_Auto_695::MIPI_DSI1_CLK_P~0
-7.250020e-11 (A)  WCPL_Trace736_Auto_695::MIPI_DSI1_CLK_P~1
5.000000e-12 (A)  WCPL_Trace736_Auto_698::MIPI_DSI1_CLK_P~0
-8.250019e-11 (A)  WCPL_Trace736_Auto_698::MIPI_DSI1_CLK_P~1
5.000000e-12 (A)  WCPL_Trace736_Auto_717::MIPI_DSI1_CLK_P~0
-9.250028e-11 (A)  WCPL_Trace736_Auto_717::MIPI_DSI1_CLK_P~1
5.000000e-12 (A)  WCPL_Trace740::MIPI_DSI1_CLK_P~0
-4.000005e-11 (A)  WCPL_Trace740::MIPI_DSI1_CLK_P~1
5.000000e-12 (A)  WCPL_Trace740_Auto_738::MIPI_DSI1_CLK_P~0
-5.250008e-11 (A)  WCPL_Trace740_Auto_738::MIPI_DSI1_CLK_P~1
5.000000e-12 (A)  WCPL_Trace744_Auto_1080::MIPI_DSI1_CLK_P~0
-3.250005e-11 (A)  WCPL_Trace744_Auto_1080::MIPI_DSI1_CLK_P~1
-5.000000e-12 (A)  WCPL_Trace748::MIPI_DSI1_CLK_P~0
2.075012e-10 (A)  WCPL_Trace748::MIPI_DSI1_CLK_P~1
-5.000000e-12 (A)  WCPL_Trace749::MIPI_DSI1_CLK_P~0
1.925010e-10 (A)  WCPL_Trace749::MIPI_DSI1_CLK_P~1
-5.000000e-12 (A)  WCPL_Trace749::MIPI_DSI1_CLK_P~2
5.000000e-12 (A)  WCPL_Trace753_Auto_2035::MIPI_DSI1_CLK_P~0
-2.450009e-10 (A)  WCPL_Trace753_Auto_2035::MIPI_DSI1_CLK_P~1
5.000000e-12 (A)  WCPL_Trace759_Auto_2059::MIPI_DSI1_CLK_P~0
-2.225008e-10 (A)  WCPL_Trace759_Auto_2059::MIPI_DSI1_CLK_P~1
5.000000e-12 (A)  WCPL_Trace759_Auto_2059::MIPI_DSI1_CLK_P~2
5.000000e-12 (A)  WCPL_Trace759_Auto_2069::MIPI_DSI1_CLK_P~0
-2.250008e-10 (A)  WCPL_Trace759_Auto_2069::MIPI_DSI1_CLK_P~1
5.000000e-12 (A)  WCPL_Trace769::MIPI_DSI1_CLK_P~0
-5.000000e-12 (A)  WCPL_Trace769::MIPI_DSI1_CLK_P~1
0.000000e+00 (A)  X_C80.Xpartial.X_SpeedXP_auto_CAP_NP_C0603_100N_100N_C80_C80.V_SpeedXP_auto_2_En
-5.050000e-11 (A)  X_CH1.Xpartial.X_SpeedXP_auto_WP7B-P040VA1-R8000_WP7B-P040VA1-R8000_WP7B-P040VA1-R8000_WP7B-P040VA1-R8000_CH1.B_SpeedXP_auto_13_OutOfIn
-5.050000e-11 (A)  X_CH1.Xpartial.X_SpeedXP_auto_WP7B-P040VA1-R8000_WP7B-P040VA1-R8000_WP7B-P040VA1-R8000_WP7B-P040VA1-R8000_CH1.B_SpeedXP_auto_14_OutOfIn
-5.050000e-11 (A)  X_CH1.Xpartial.X_SpeedXP_auto_WP7B-P040VA1-R8000_WP7B-P040VA1-R8000_WP7B-P040VA1-R8000_WP7B-P040VA1-R8000_CH1.B_SpeedXP_auto_15_OutOfIn
-5.050000e-11 (A)  X_CH1.Xpartial.X_SpeedXP_auto_WP7B-P040VA1-R8000_WP7B-P040VA1-R8000_WP7B-P040VA1-R8000_WP7B-P040VA1-R8000_CH1.B_SpeedXP_auto_16_OutOfIn
-5.050000e-11 (A)  X_CH1.Xpartial.X_SpeedXP_auto_WP7B-P040VA1-R8000_WP7B-P040VA1-R8000_WP7B-P040VA1-R8000_WP7B-P040VA1-R8000_CH1.B_SpeedXP_auto_17_OutOfIn
-5.050000e-11 (A)  X_CH1.Xpartial.X_SpeedXP_auto_WP7B-P040VA1-R8000_WP7B-P040VA1-R8000_WP7B-P040VA1-R8000_WP7B-P040VA1-R8000_CH1.B_SpeedXP_auto_18_OutOfIn
-1.000000e-12 (A)  X_CH1.Xpartial.X_SpeedXP_auto_WP7B-P040VA1-R8000_WP7B-P040VA1-R8000_WP7B-P040VA1-R8000_WP7B-P040VA1-R8000_CH1.V_SpeedXP_auto_10_En
-1.000000e-12 (A)  X_CH1.Xpartial.X_SpeedXP_auto_WP7B-P040VA1-R8000_WP7B-P040VA1-R8000_WP7B-P040VA1-R8000_WP7B-P040VA1-R8000_CH1.V_SpeedXP_auto_11_En
-1.000000e-12 (A)  X_CH1.Xpartial.X_SpeedXP_auto_WP7B-P040VA1-R8000_WP7B-P040VA1-R8000_WP7B-P040VA1-R8000_WP7B-P040VA1-R8000_CH1.V_SpeedXP_auto_12_En
-1.010000e-10 (A)  X_CH1.Xpartial.X_SpeedXP_auto_WP7B-P040VA1-R8000_WP7B-P040VA1-R8000_WP7B-P040VA1-R8000_WP7B-P040VA1-R8000_CH1.V_SpeedXP_auto_13_En
-1.010000e-10 (A)  X_CH1.Xpartial.X_SpeedXP_auto_WP7B-P040VA1-R8000_WP7B-P040VA1-R8000_WP7B-P040VA1-R8000_WP7B-P040VA1-R8000_CH1.V_SpeedXP_auto_14_En
-1.010000e-10 (A)  X_CH1.Xpartial.X_SpeedXP_auto_WP7B-P040VA1-R8000_WP7B-P040VA1-R8000_WP7B-P040VA1-R8000_WP7B-P040VA1-R8000_CH1.V_SpeedXP_auto_15_En
-1.010000e-10 (A)  X_CH1.Xpartial.X_SpeedXP_auto_WP7B-P040VA1-R8000_WP7B-P040VA1-R8000_WP7B-P040VA1-R8000_WP7B-P040VA1-R8000_CH1.V_SpeedXP_auto_16_En
-1.010000e-10 (A)  X_CH1.Xpartial.X_SpeedXP_auto_WP7B-P040VA1-R8000_WP7B-P040VA1-R8000_WP7B-P040VA1-R8000_WP7B-P040VA1-R8000_CH1.V_SpeedXP_auto_17_En
-1.010000e-10 (A)  X_CH1.Xpartial.X_SpeedXP_auto_WP7B-P040VA1-R8000_WP7B-P040VA1-R8000_WP7B-P040VA1-R8000_WP7B-P040VA1-R8000_CH1.V_SpeedXP_auto_18_En
-1.000000e-12 (A)  X_CH1.Xpartial.X_SpeedXP_auto_WP7B-P040VA1-R8000_WP7B-P040VA1-R8000_WP7B-P040VA1-R8000_WP7B-P040VA1-R8000_CH1.V_SpeedXP_auto_19_En
-1.000000e-12 (A)  X_CH1.Xpartial.X_SpeedXP_auto_WP7B-P040VA1-R8000_WP7B-P040VA1-R8000_WP7B-P040VA1-R8000_WP7B-P040VA1-R8000_CH1.V_SpeedXP_auto_1_En
-1.000000e-12 (A)  X_CH1.Xpartial.X_SpeedXP_auto_WP7B-P040VA1-R8000_WP7B-P040VA1-R8000_WP7B-P040VA1-R8000_WP7B-P040VA1-R8000_CH1.V_SpeedXP_auto_20_En
-1.000000e-12 (A)  X_CH1.Xpartial.X_SpeedXP_auto_WP7B-P040VA1-R8000_WP7B-P040VA1-R8000_WP7B-P040VA1-R8000_WP7B-P040VA1-R8000_CH1.V_SpeedXP_auto_2_En
-1.000000e-12 (A)  X_CH1.Xpartial.X_SpeedXP_auto_WP7B-P040VA1-R8000_WP7B-P040VA1-R8000_WP7B-P040VA1-R8000_WP7B-P040VA1-R8000_CH1.V_SpeedXP_auto_3_En
-1.000000e-12 (A)  X_CH1.Xpartial.X_SpeedXP_auto_WP7B-P040VA1-R8000_WP7B-P040VA1-R8000_WP7B-P040VA1-R8000_WP7B-P040VA1-R8000_CH1.V_SpeedXP_auto_4_En
-1.000000e-12 (A)  X_CH1.Xpartial.X_SpeedXP_auto_WP7B-P040VA1-R8000_WP7B-P040VA1-R8000_WP7B-P040VA1-R8000_WP7B-P040VA1-R8000_CH1.V_SpeedXP_auto_5_En
-1.000000e-12 (A)  X_CH1.Xpartial.X_SpeedXP_auto_WP7B-P040VA1-R8000_WP7B-P040VA1-R8000_WP7B-P040VA1-R8000_WP7B-P040VA1-R8000_CH1.V_SpeedXP_auto_6_En
-1.000000e-12 (A)  X_CH1.Xpartial.X_SpeedXP_auto_WP7B-P040VA1-R8000_WP7B-P040VA1-R8000_WP7B-P040VA1-R8000_WP7B-P040VA1-R8000_CH1.V_SpeedXP_auto_7_En
-1.000000e-12 (A)  X_CH1.Xpartial.X_SpeedXP_auto_WP7B-P040VA1-R8000_WP7B-P040VA1-R8000_WP7B-P040VA1-R8000_WP7B-P040VA1-R8000_CH1.V_SpeedXP_auto_8_En
-1.000000e-12 (A)  X_CH1.Xpartial.X_SpeedXP_auto_WP7B-P040VA1-R8000_WP7B-P040VA1-R8000_WP7B-P040VA1-R8000_WP7B-P040VA1-R8000_CH1.V_SpeedXP_auto_9_En
-7.500000e-12 (A)  X_CH1.Xpartial.X_SpeedXP_auto_WP7B-P040VA1-R8000_WP7B-P040VA1-R8000_WP7B-P040VA1-R8000_WP7B-P040VA1-R8000_CH1.Vpwr_13
-2.275013e-10 (A)  X_CH1.Xpartial.X_SpeedXP_auto_WP7B-P040VA1-R8000_WP7B-P040VA1-R8000_WP7B-P040VA1-R8000_WP7B-P040VA1-R8000_CH1.Vpwr_14
-7.500000e-12 (A)  X_CH1.Xpartial.X_SpeedXP_auto_WP7B-P040VA1-R8000_WP7B-P040VA1-R8000_WP7B-P040VA1-R8000_WP7B-P040VA1-R8000_CH1.Vpwr_15
-2.725011e-10 (A)  X_CH1.Xpartial.X_SpeedXP_auto_WP7B-P040VA1-R8000_WP7B-P040VA1-R8000_WP7B-P040VA1-R8000_WP7B-P040VA1-R8000_CH1.Vpwr_16
-7.500000e-12 (A)  X_CH1.Xpartial.X_SpeedXP_auto_WP7B-P040VA1-R8000_WP7B-P040VA1-R8000_WP7B-P040VA1-R8000_WP7B-P040VA1-R8000_CH1.Vpwr_17
-2.550017e-10 (A)  X_CH1.Xpartial.X_SpeedXP_auto_WP7B-P040VA1-R8000_WP7B-P040VA1-R8000_WP7B-P040VA1-R8000_WP7B-P040VA1-R8000_CH1.Vpwr_18
0.000000e+00 (A)  X_CH1.Xpartial.X_SpeedXP_auto_WP7B-P040VA1-R8000_WP7B-P040VA1-R8000_WP7B-P040VA1-R8000_WP7B-P040VA1-R8000_CH1.X_SpeedXP_auto_10_St.v1
0.000000e+00 (A)  X_CH1.Xpartial.X_SpeedXP_auto_WP7B-P040VA1-R8000_WP7B-P040VA1-R8000_WP7B-P040VA1-R8000_WP7B-P040VA1-R8000_CH1.X_SpeedXP_auto_11_St.v1
0.000000e+00 (A)  X_CH1.Xpartial.X_SpeedXP_auto_WP7B-P040VA1-R8000_WP7B-P040VA1-R8000_WP7B-P040VA1-R8000_WP7B-P040VA1-R8000_CH1.X_SpeedXP_auto_12_St.v1
0.000000e+00 (A)  X_CH1.Xpartial.X_SpeedXP_auto_WP7B-P040VA1-R8000_WP7B-P040VA1-R8000_WP7B-P040VA1-R8000_WP7B-P040VA1-R8000_CH1.X_SpeedXP_auto_13_St.v1
-1.010000e-10 (A)  X_CH1.Xpartial.X_SpeedXP_auto_WP7B-P040VA1-R8000_WP7B-P040VA1-R8000_WP7B-P040VA1-R8000_WP7B-P040VA1-R8000_CH1.X_SpeedXP_auto_14_St.v1
0.000000e+00 (A)  X_CH1.Xpartial.X_SpeedXP_auto_WP7B-P040VA1-R8000_WP7B-P040VA1-R8000_WP7B-P040VA1-R8000_WP7B-P040VA1-R8000_CH1.X_SpeedXP_auto_15_St.v1
-1.010000e-10 (A)  X_CH1.Xpartial.X_SpeedXP_auto_WP7B-P040VA1-R8000_WP7B-P040VA1-R8000_WP7B-P040VA1-R8000_WP7B-P040VA1-R8000_CH1.X_SpeedXP_auto_16_St.v1
0.000000e+00 (A)  X_CH1.Xpartial.X_SpeedXP_auto_WP7B-P040VA1-R8000_WP7B-P040VA1-R8000_WP7B-P040VA1-R8000_WP7B-P040VA1-R8000_CH1.X_SpeedXP_auto_17_St.v1
-1.010000e-10 (A)  X_CH1.Xpartial.X_SpeedXP_auto_WP7B-P040VA1-R8000_WP7B-P040VA1-R8000_WP7B-P040VA1-R8000_WP7B-P040VA1-R8000_CH1.X_SpeedXP_auto_18_St.v1
0.000000e+00 (A)  X_CH1.Xpartial.X_SpeedXP_auto_WP7B-P040VA1-R8000_WP7B-P040VA1-R8000_WP7B-P040VA1-R8000_WP7B-P040VA1-R8000_CH1.X_SpeedXP_auto_19_St.v1
0.000000e+00 (A)  X_CH1.Xpartial.X_SpeedXP_auto_WP7B-P040VA1-R8000_WP7B-P040VA1-R8000_WP7B-P040VA1-R8000_WP7B-P040VA1-R8000_CH1.X_SpeedXP_auto_1_St.v1
0.000000e+00 (A)  X_CH1.Xpartial.X_SpeedXP_auto_WP7B-P040VA1-R8000_WP7B-P040VA1-R8000_WP7B-P040VA1-R8000_WP7B-P040VA1-R8000_CH1.X_SpeedXP_auto_20_St.v1
0.000000e+00 (A)  X_CH1.Xpartial.X_SpeedXP_auto_WP7B-P040VA1-R8000_WP7B-P040VA1-R8000_WP7B-P040VA1-R8000_WP7B-P040VA1-R8000_CH1.X_SpeedXP_auto_2_St.v1
0.000000e+00 (A)  X_CH1.Xpartial.X_SpeedXP_auto_WP7B-P040VA1-R8000_WP7B-P040VA1-R8000_WP7B-P040VA1-R8000_WP7B-P040VA1-R8000_CH1.X_SpeedXP_auto_3_St.v1
0.000000e+00 (A)  X_CH1.Xpartial.X_SpeedXP_auto_WP7B-P040VA1-R8000_WP7B-P040VA1-R8000_WP7B-P040VA1-R8000_WP7B-P040VA1-R8000_CH1.X_SpeedXP_auto_4_St.v1
0.000000e+00 (A)  X_CH1.Xpartial.X_SpeedXP_auto_WP7B-P040VA1-R8000_WP7B-P040VA1-R8000_WP7B-P040VA1-R8000_WP7B-P040VA1-R8000_CH1.X_SpeedXP_auto_5_St.v1
0.000000e+00 (A)  X_CH1.Xpartial.X_SpeedXP_auto_WP7B-P040VA1-R8000_WP7B-P040VA1-R8000_WP7B-P040VA1-R8000_WP7B-P040VA1-R8000_CH1.X_SpeedXP_auto_6_St.v1
0.000000e+00 (A)  X_CH1.Xpartial.X_SpeedXP_auto_WP7B-P040VA1-R8000_WP7B-P040VA1-R8000_WP7B-P040VA1-R8000_WP7B-P040VA1-R8000_CH1.X_SpeedXP_auto_7_St.v1
0.000000e+00 (A)  X_CH1.Xpartial.X_SpeedXP_auto_WP7B-P040VA1-R8000_WP7B-P040VA1-R8000_WP7B-P040VA1-R8000_WP7B-P040VA1-R8000_CH1.X_SpeedXP_auto_8_St.v1
0.000000e+00 (A)  X_CH1.Xpartial.X_SpeedXP_auto_WP7B-P040VA1-R8000_WP7B-P040VA1-R8000_WP7B-P040VA1-R8000_WP7B-P040VA1-R8000_CH1.X_SpeedXP_auto_9_St.v1
0.000000e+00 (A)  X_D5.Xpartial.X_SpeedXP_auto_TVS/ESD_SOD-323_H3V3HD3U_H3V3HD3U_D5.V_SpeedXP_auto_1_En
0.000000e+00 (A)  X_ESD1.Xpartial.X_SpeedXP_auto_IP4292CZ10_DFN2510A-10_IP4292CZ10-TBR_115_IP4292CZ10-TBR_115_ESD1_ESD1.V_SpeedXP_auto_10_En
-1.000000e-12 (A)  X_ESD1.Xpartial.X_SpeedXP_auto_IP4292CZ10_DFN2510A-10_IP4292CZ10-TBR_115_IP4292CZ10-TBR_115_ESD1_ESD1.V_SpeedXP_auto_1_En
-1.000000e-12 (A)  X_ESD1.Xpartial.X_SpeedXP_auto_IP4292CZ10_DFN2510A-10_IP4292CZ10-TBR_115_IP4292CZ10-TBR_115_ESD1_ESD1.V_SpeedXP_auto_2_En
-1.000000e-12 (A)  X_ESD1.Xpartial.X_SpeedXP_auto_IP4292CZ10_DFN2510A-10_IP4292CZ10-TBR_115_IP4292CZ10-TBR_115_ESD1_ESD1.V_SpeedXP_auto_4_En
-1.000000e-12 (A)  X_ESD1.Xpartial.X_SpeedXP_auto_IP4292CZ10_DFN2510A-10_IP4292CZ10-TBR_115_IP4292CZ10-TBR_115_ESD1_ESD1.V_SpeedXP_auto_5_En
0.000000e+00 (A)  X_ESD1.Xpartial.X_SpeedXP_auto_IP4292CZ10_DFN2510A-10_IP4292CZ10-TBR_115_IP4292CZ10-TBR_115_ESD1_ESD1.V_SpeedXP_auto_6_En
0.000000e+00 (A)  X_ESD1.Xpartial.X_SpeedXP_auto_IP4292CZ10_DFN2510A-10_IP4292CZ10-TBR_115_IP4292CZ10-TBR_115_ESD1_ESD1.V_SpeedXP_auto_7_En
0.000000e+00 (A)  X_ESD1.Xpartial.X_SpeedXP_auto_IP4292CZ10_DFN2510A-10_IP4292CZ10-TBR_115_IP4292CZ10-TBR_115_ESD1_ESD1.V_SpeedXP_auto_9_En
0.000000e+00 (A)  X_ESD1.Xpartial.X_SpeedXP_auto_IP4292CZ10_DFN2510A-10_IP4292CZ10-TBR_115_IP4292CZ10-TBR_115_ESD1_ESD1.X_SpeedXP_auto_1_St.v1
0.000000e+00 (A)  X_ESD1.Xpartial.X_SpeedXP_auto_IP4292CZ10_DFN2510A-10_IP4292CZ10-TBR_115_IP4292CZ10-TBR_115_ESD1_ESD1.X_SpeedXP_auto_2_St.v1
0.000000e+00 (A)  X_ESD1.Xpartial.X_SpeedXP_auto_IP4292CZ10_DFN2510A-10_IP4292CZ10-TBR_115_IP4292CZ10-TBR_115_ESD1_ESD1.X_SpeedXP_auto_4_St.v1
0.000000e+00 (A)  X_ESD1.Xpartial.X_SpeedXP_auto_IP4292CZ10_DFN2510A-10_IP4292CZ10-TBR_115_IP4292CZ10-TBR_115_ESD1_ESD1.X_SpeedXP_auto_5_St.v1
0.000000e+00 (A)  X_ESD2.Xpartial.X_SpeedXP_auto_IP4292CZ10_DFN2510A-10_IP4292CZ10-TBR_115_IP4292CZ10-TBR_115_ESD2_ESD2.V_SpeedXP_auto_10_En
-1.000000e-12 (A)  X_ESD2.Xpartial.X_SpeedXP_auto_IP4292CZ10_DFN2510A-10_IP4292CZ10-TBR_115_IP4292CZ10-TBR_115_ESD2_ESD2.V_SpeedXP_auto_1_En
-1.000000e-12 (A)  X_ESD2.Xpartial.X_SpeedXP_auto_IP4292CZ10_DFN2510A-10_IP4292CZ10-TBR_115_IP4292CZ10-TBR_115_ESD2_ESD2.V_SpeedXP_auto_2_En
-1.000000e-12 (A)  X_ESD2.Xpartial.X_SpeedXP_auto_IP4292CZ10_DFN2510A-10_IP4292CZ10-TBR_115_IP4292CZ10-TBR_115_ESD2_ESD2.V_SpeedXP_auto_4_En
-1.000000e-12 (A)  X_ESD2.Xpartial.X_SpeedXP_auto_IP4292CZ10_DFN2510A-10_IP4292CZ10-TBR_115_IP4292CZ10-TBR_115_ESD2_ESD2.V_SpeedXP_auto_5_En
0.000000e+00 (A)  X_ESD2.Xpartial.X_SpeedXP_auto_IP4292CZ10_DFN2510A-10_IP4292CZ10-TBR_115_IP4292CZ10-TBR_115_ESD2_ESD2.V_SpeedXP_auto_6_En
0.000000e+00 (A)  X_ESD2.Xpartial.X_SpeedXP_auto_IP4292CZ10_DFN2510A-10_IP4292CZ10-TBR_115_IP4292CZ10-TBR_115_ESD2_ESD2.V_SpeedXP_auto_7_En
0.000000e+00 (A)  X_ESD2.Xpartial.X_SpeedXP_auto_IP4292CZ10_DFN2510A-10_IP4292CZ10-TBR_115_IP4292CZ10-TBR_115_ESD2_ESD2.V_SpeedXP_auto_9_En
0.000000e+00 (A)  X_ESD2.Xpartial.X_SpeedXP_auto_IP4292CZ10_DFN2510A-10_IP4292CZ10-TBR_115_IP4292CZ10-TBR_115_ESD2_ESD2.X_SpeedXP_auto_1_St.v1
0.000000e+00 (A)  X_ESD2.Xpartial.X_SpeedXP_auto_IP4292CZ10_DFN2510A-10_IP4292CZ10-TBR_115_IP4292CZ10-TBR_115_ESD2_ESD2.X_SpeedXP_auto_2_St.v1
0.000000e+00 (A)  X_ESD2.Xpartial.X_SpeedXP_auto_IP4292CZ10_DFN2510A-10_IP4292CZ10-TBR_115_IP4292CZ10-TBR_115_ESD2_ESD2.X_SpeedXP_auto_4_St.v1
0.000000e+00 (A)  X_ESD2.Xpartial.X_SpeedXP_auto_IP4292CZ10_DFN2510A-10_IP4292CZ10-TBR_115_IP4292CZ10-TBR_115_ESD2_ESD2.X_SpeedXP_auto_5_St.v1
0.000000e+00 (A)  X_HDMI1.Xpartial.X_SpeedXP_auto_HDMI-A_HDMI-001S_HDMI-001S_HDMI-001S_HDMI1.V_SpeedXP_auto_10_En
0.000000e+00 (A)  X_HDMI1.Xpartial.X_SpeedXP_auto_HDMI-A_HDMI-001S_HDMI-001S_HDMI-001S_HDMI1.V_SpeedXP_auto_12_En
0.000000e+00 (A)  X_HDMI1.Xpartial.X_SpeedXP_auto_HDMI-A_HDMI-001S_HDMI-001S_HDMI-001S_HDMI1.V_SpeedXP_auto_1_En
0.000000e+00 (A)  X_HDMI1.Xpartial.X_SpeedXP_auto_HDMI-A_HDMI-001S_HDMI-001S_HDMI-001S_HDMI1.V_SpeedXP_auto_3_En
0.000000e+00 (A)  X_HDMI1.Xpartial.X_SpeedXP_auto_HDMI-A_HDMI-001S_HDMI-001S_HDMI-001S_HDMI1.V_SpeedXP_auto_4_En
0.000000e+00 (A)  X_HDMI1.Xpartial.X_SpeedXP_auto_HDMI-A_HDMI-001S_HDMI-001S_HDMI-001S_HDMI1.V_SpeedXP_auto_6_En
0.000000e+00 (A)  X_HDMI1.Xpartial.X_SpeedXP_auto_HDMI-A_HDMI-001S_HDMI-001S_HDMI-001S_HDMI1.V_SpeedXP_auto_7_En
0.000000e+00 (A)  X_HDMI1.Xpartial.X_SpeedXP_auto_HDMI-A_HDMI-001S_HDMI-001S_HDMI-001S_HDMI1.V_SpeedXP_auto_9_En
0.000000e+00 (A)  X_R24.Xpartial.X_SpeedXP_auto_RES_R0603_10K_10K_R24_R24.V_SpeedXP_auto_2_En
-1.000000e-12 (A)  X_R25.Xpartial.X_SpeedXP_auto_RES_R0603_1K_1K_R25_R25.V_SpeedXP_auto_1_En
0.000000e+00 (A)  X_R25.Xpartial.X_SpeedXP_auto_RES_R0603_1K_1K_R25_R25.X_SpeedXP_auto_1_St.v1
0.000000e+00 (A)  X_SW1.Xpartial.X_SpeedXP_auto_SWITCH-2P_SMD4030_1_6N_1_6N_SW1.V_SpeedXP_auto_2_En
0.000000e+00 (A)  X_U8.Xpartial.X_SpeedXP_auto_TC358870XBG_1_VFBGA80_(S1+S2+S3+S4)_TC358870XBG(NOK)_TC358870XBG(NOK)_U8.B_SpeedXP_auto_A7_OutOfIn
0.000000e+00 (A)  X_U8.Xpartial.X_SpeedXP_auto_TC358870XBG_1_VFBGA80_(S1+S2+S3+S4)_TC358870XBG(NOK)_TC358870XBG(NOK)_U8.B_SpeedXP_auto_A8_OutOfIn
0.000000e+00 (A)  X_U8.Xpartial.X_SpeedXP_auto_TC358870XBG_1_VFBGA80_(S1+S2+S3+S4)_TC358870XBG(NOK)_TC358870XBG(NOK)_U8.B_SpeedXP_auto_A9_OutOfIn
-1.010000e-10 (A)  X_U8.Xpartial.X_SpeedXP_auto_TC358870XBG_1_VFBGA80_(S1+S2+S3+S4)_TC358870XBG(NOK)_TC358870XBG(NOK)_U8.B_SpeedXP_auto_B7_OutOfIn
-1.010000e-10 (A)  X_U8.Xpartial.X_SpeedXP_auto_TC358870XBG_1_VFBGA80_(S1+S2+S3+S4)_TC358870XBG(NOK)_TC358870XBG(NOK)_U8.B_SpeedXP_auto_B8_OutOfIn
-1.010000e-10 (A)  X_U8.Xpartial.X_SpeedXP_auto_TC358870XBG_1_VFBGA80_(S1+S2+S3+S4)_TC358870XBG(NOK)_TC358870XBG(NOK)_U8.B_SpeedXP_auto_B9_OutOfIn
0.000000e+00 (A)  X_U8.Xpartial.X_SpeedXP_auto_TC358870XBG_1_VFBGA80_(S1+S2+S3+S4)_TC358870XBG(NOK)_TC358870XBG(NOK)_U8.V_SpeedXP_auto_A4_En
0.000000e+00 (A)  X_U8.Xpartial.X_SpeedXP_auto_TC358870XBG_1_VFBGA80_(S1+S2+S3+S4)_TC358870XBG(NOK)_TC358870XBG(NOK)_U8.V_SpeedXP_auto_A5_En
0.000000e+00 (A)  X_U8.Xpartial.X_SpeedXP_auto_TC358870XBG_1_VFBGA80_(S1+S2+S3+S4)_TC358870XBG(NOK)_TC358870XBG(NOK)_U8.V_SpeedXP_auto_A6_En
0.000000e+00 (A)  X_U8.Xpartial.X_SpeedXP_auto_TC358870XBG_1_VFBGA80_(S1+S2+S3+S4)_TC358870XBG(NOK)_TC358870XBG(NOK)_U8.V_SpeedXP_auto_A7_En
0.000000e+00 (A)  X_U8.Xpartial.X_SpeedXP_auto_TC358870XBG_1_VFBGA80_(S1+S2+S3+S4)_TC358870XBG(NOK)_TC358870XBG(NOK)_U8.V_SpeedXP_auto_A8_En
0.000000e+00 (A)  X_U8.Xpartial.X_SpeedXP_auto_TC358870XBG_1_VFBGA80_(S1+S2+S3+S4)_TC358870XBG(NOK)_TC358870XBG(NOK)_U8.V_SpeedXP_auto_A9_En
0.000000e+00 (A)  X_U8.Xpartial.X_SpeedXP_auto_TC358870XBG_1_VFBGA80_(S1+S2+S3+S4)_TC358870XBG(NOK)_TC358870XBG(NOK)_U8.V_SpeedXP_auto_B5_En
0.000000e+00 (A)  X_U8.Xpartial.X_SpeedXP_auto_TC358870XBG_1_VFBGA80_(S1+S2+S3+S4)_TC358870XBG(NOK)_TC358870XBG(NOK)_U8.V_SpeedXP_auto_B6_En
0.000000e+00 (A)  X_U8.Xpartial.X_SpeedXP_auto_TC358870XBG_1_VFBGA80_(S1+S2+S3+S4)_TC358870XBG(NOK)_TC358870XBG(NOK)_U8.V_SpeedXP_auto_B7_En
0.000000e+00 (A)  X_U8.Xpartial.X_SpeedXP_auto_TC358870XBG_1_VFBGA80_(S1+S2+S3+S4)_TC358870XBG(NOK)_TC358870XBG(NOK)_U8.V_SpeedXP_auto_B8_En
0.000000e+00 (A)  X_U8.Xpartial.X_SpeedXP_auto_TC358870XBG_1_VFBGA80_(S1+S2+S3+S4)_TC358870XBG(NOK)_TC358870XBG(NOK)_U8.V_SpeedXP_auto_B9_En
0.000000e+00 (A)  X_U8.Xpartial.X_SpeedXP_auto_TC358870XBG_1_VFBGA80_(S1+S2+S3+S4)_TC358870XBG(NOK)_TC358870XBG(NOK)_U8.V_SpeedXP_auto_C1_En
0.000000e+00 (A)  X_U8.Xpartial.X_SpeedXP_auto_TC358870XBG_1_VFBGA80_(S1+S2+S3+S4)_TC358870XBG(NOK)_TC358870XBG(NOK)_U8.V_SpeedXP_auto_C2_En
0.000000e+00 (A)  X_U8.Xpartial.X_SpeedXP_auto_TC358870XBG_1_VFBGA80_(S1+S2+S3+S4)_TC358870XBG(NOK)_TC358870XBG(NOK)_U8.V_SpeedXP_auto_D10_En
0.000000e+00 (A)  X_U8.Xpartial.X_SpeedXP_auto_TC358870XBG_1_VFBGA80_(S1+S2+S3+S4)_TC358870XBG(NOK)_TC358870XBG(NOK)_U8.V_SpeedXP_auto_D1_En
0.000000e+00 (A)  X_U8.Xpartial.X_SpeedXP_auto_TC358870XBG_1_VFBGA80_(S1+S2+S3+S4)_TC358870XBG(NOK)_TC358870XBG(NOK)_U8.V_SpeedXP_auto_D2_En
0.000000e+00 (A)  X_U8.Xpartial.X_SpeedXP_auto_TC358870XBG_1_VFBGA80_(S1+S2+S3+S4)_TC358870XBG(NOK)_TC358870XBG(NOK)_U8.V_SpeedXP_auto_D9_En
0.000000e+00 (A)  X_U8.Xpartial.X_SpeedXP_auto_TC358870XBG_1_VFBGA80_(S1+S2+S3+S4)_TC358870XBG(NOK)_TC358870XBG(NOK)_U8.V_SpeedXP_auto_E10_En
0.000000e+00 (A)  X_U8.Xpartial.X_SpeedXP_auto_TC358870XBG_1_VFBGA80_(S1+S2+S3+S4)_TC358870XBG(NOK)_TC358870XBG(NOK)_U8.V_SpeedXP_auto_E1_En
0.000000e+00 (A)  X_U8.Xpartial.X_SpeedXP_auto_TC358870XBG_1_VFBGA80_(S1+S2+S3+S4)_TC358870XBG(NOK)_TC358870XBG(NOK)_U8.V_SpeedXP_auto_E2_En
0.000000e+00 (A)  X_U8.Xpartial.X_SpeedXP_auto_TC358870XBG_1_VFBGA80_(S1+S2+S3+S4)_TC358870XBG(NOK)_TC358870XBG(NOK)_U8.V_SpeedXP_auto_E9_En
0.000000e+00 (A)  X_U8.Xpartial.X_SpeedXP_auto_TC358870XBG_1_VFBGA80_(S1+S2+S3+S4)_TC358870XBG(NOK)_TC358870XBG(NOK)_U8.V_SpeedXP_auto_F10_En
0.000000e+00 (A)  X_U8.Xpartial.X_SpeedXP_auto_TC358870XBG_1_VFBGA80_(S1+S2+S3+S4)_TC358870XBG(NOK)_TC358870XBG(NOK)_U8.V_SpeedXP_auto_F1_En
0.000000e+00 (A)  X_U8.Xpartial.X_SpeedXP_auto_TC358870XBG_1_VFBGA80_(S1+S2+S3+S4)_TC358870XBG(NOK)_TC358870XBG(NOK)_U8.V_SpeedXP_auto_F2_En
0.000000e+00 (A)  X_U8.Xpartial.X_SpeedXP_auto_TC358870XBG_1_VFBGA80_(S1+S2+S3+S4)_TC358870XBG(NOK)_TC358870XBG(NOK)_U8.V_SpeedXP_auto_F9_En
0.000000e+00 (A)  X_U8.Xpartial.X_SpeedXP_auto_TC358870XBG_1_VFBGA80_(S1+S2+S3+S4)_TC358870XBG(NOK)_TC358870XBG(NOK)_U8.V_SpeedXP_auto_G10_En
0.000000e+00 (A)  X_U8.Xpartial.X_SpeedXP_auto_TC358870XBG_1_VFBGA80_(S1+S2+S3+S4)_TC358870XBG(NOK)_TC358870XBG(NOK)_U8.V_SpeedXP_auto_G9_En
0.000000e+00 (A)  X_U8.Xpartial.X_SpeedXP_auto_TC358870XBG_1_VFBGA80_(S1+S2+S3+S4)_TC358870XBG(NOK)_TC358870XBG(NOK)_U8.V_SpeedXP_auto_H10_En
0.000000e+00 (A)  X_U8.Xpartial.X_SpeedXP_auto_TC358870XBG_1_VFBGA80_(S1+S2+S3+S4)_TC358870XBG(NOK)_TC358870XBG(NOK)_U8.V_SpeedXP_auto_H9_En
0.000000e+00 (A)  X_U8.Xpartial.X_SpeedXP_auto_TC358870XBG_1_VFBGA80_(S1+S2+S3+S4)_TC358870XBG(NOK)_TC358870XBG(NOK)_U8.V_SpeedXP_auto_K8_En
-7.500000e-12 (A)  X_U8.Xpartial.X_SpeedXP_auto_TC358870XBG_1_VFBGA80_(S1+S2+S3+S4)_TC358870XBG(NOK)_TC358870XBG(NOK)_U8.Vpwr_A7
-7.500000e-12 (A)  X_U8.Xpartial.X_SpeedXP_auto_TC358870XBG_1_VFBGA80_(S1+S2+S3+S4)_TC358870XBG(NOK)_TC358870XBG(NOK)_U8.Vpwr_A8
-7.500000e-12 (A)  X_U8.Xpartial.X_SpeedXP_auto_TC358870XBG_1_VFBGA80_(S1+S2+S3+S4)_TC358870XBG(NOK)_TC358870XBG(NOK)_U8.Vpwr_A9
-2.500000e-12 (A)  X_U8.Xpartial.X_SpeedXP_auto_TC358870XBG_1_VFBGA80_(S1+S2+S3+S4)_TC358870XBG(NOK)_TC358870XBG(NOK)_U8.Vpwr_B7
-2.500000e-12 (A)  X_U8.Xpartial.X_SpeedXP_auto_TC358870XBG_1_VFBGA80_(S1+S2+S3+S4)_TC358870XBG(NOK)_TC358870XBG(NOK)_U8.Vpwr_B8
-2.500000e-12 (A)  X_U8.Xpartial.X_SpeedXP_auto_TC358870XBG_1_VFBGA80_(S1+S2+S3+S4)_TC358870XBG(NOK)_TC358870XBG(NOK)_U8.Vpwr_B9
-1.000005e-10 (A)  xvia0.lnode2086::mipi_dsi1_data0_n
5.000000e-12 (A)  xvia0.lnode2326::mipi_dsi1_data0_p
-1.025006e-10 (A)  Xvia0.VRLNode2086::MIPI_DSI1_DATA0_N
5.000000e-12 (A)  Xvia0.VRLNode2326::MIPI_DSI1_DATA0_P
-1.575007e-10 (A)  xvia1.lnode1780::mipi_dsi1_data1_n
5.000000e-12 (A)  xvia1.lnode2014::mipi_dsi1_data1_p
-1.600008e-10 (A)  Xvia1.VRLNode1780::MIPI_DSI1_DATA1_N
5.000000e-12 (A)  Xvia1.VRLNode2014::MIPI_DSI1_DATA1_P
-2.025007e-10 (A)  xvia2.lnode883::mipi_dsi1_clk_n
5.000000e-12 (A)  xvia2.lnode992::mipi_dsi1_clk_p
-2.050007e-10 (A)  Xvia2.VRLNode883::MIPI_DSI1_CLK_N
5.000000e-12 (A)  Xvia2.VRLNode992::MIPI_DSI1_CLK_P
