0.000000e+00 (V)  __Gnd
2.500000e+00 (V)  FILLETpad~polygon0103::mipi_dsi1_data2_n
1.001612e-10 (V)  FILLETpad~polygon0110::mipi_dsi1_data1_p
2.500000e+00 (V)  FILLETpad~polygon0115::mipi_dsi1_data0_n
2.500000e+00 (V)  FILLETpad~polygon0118::mipi_dsi1_data3_n
1.000000e-10 (V)  FILLETpad~polygon0121::mipi_dsi1_clk_n
1.000000e-10 (V)  FILLETpad~polygon0122::mipi_dsi1_data2_p
1.000000e-10 (V)  FILLETpad~polygon0123::mipi_dsi1_data1_p
2.500000e+00 (V)  FILLETpad~polygon0124::mipi_dsi1_data0_n
1.000000e-10 (V)  FILLETpad~polygon0125::mipi_dsi1_data3_p
2.500000e+00 (V)  FILLETpad~polygon0128::mipi_dsi1_data2_n
2.500000e+00 (V)  FILLETpad~polygon0129::mipi_dsi1_data1_n
1.000000e-10 (V)  FILLETpad~polygon0130::mipi_dsi1_data0_p
2.500000e+00 (V)  FILLETpad~polygon0324::mipi_dsi1_data1_n
2.500000e+00 (V)  FILLETpad~polygon0326::mipi_dsi1_data2_n
1.001629e-10 (V)  FILLETpad~polygon0330::mipi_dsi1_data1_p
2.500000e+00 (V)  FILLETpad~polygon0332::mipi_dsi1_data3_n
2.500000e+00 (V)  FILLETpad~polygon0333::mipi_dsi1_data0_n
2.500000e+00 (V)  FILLETpad~polygon0337::mipi_dsi1_clk_p
1.002031e-10 (V)  FILLETpad~polygon0340::mipi_dsi1_data3_p
1.004355e-10 (V)  FILLETpad~polygon0341::mipi_dsi1_data0_p
1.001114e-10 (V)  FILLETpad~polygon0342::mipi_dsi1_clk_n
1.005265e-10 (V)  FILLETpad~polygon0405::mipi_dsi1_data2_p
2.500000e+00 (V)  FILLETpad~polygon0419::mipi_dsi1_data3_n
2.500000e+00 (V)  FILLETpad~polygon0422::mipi_dsi1_data2_n
2.500000e+00 (V)  FILLETpad~polygon0423::mipi_dsi1_data0_n
1.006226e-10 (V)  FILLETpad~polygon0429::mipi_dsi1_data0_p
1.006278e-10 (V)  FILLETpad~polygon0431::mipi_dsi1_data1_p
1.006272e-10 (V)  FILLETpad~polygon0432::mipi_dsi1_data3_p
2.500000e+00 (V)  FILLETpad~polygon0435::mipi_dsi1_clk_p
1.006213e-10 (V)  FILLETpad~polygon0438::mipi_dsi1_data2_p
2.500000e+00 (V)  FILLETpad~polygon0443::mipi_dsi1_data1_n
1.006289e-10 (V)  FILLETpad~polygon0447::mipi_dsi1_clk_n
1.005247e-10 (V)  FILLETpad~polygon088::mipi_dsi1_data2_p
2.500000e+00 (V)  FILLETpad~polygon094::mipi_dsi1_data3_n
1.004337e-10 (V)  FILLETpad~polygon095::mipi_dsi1_data0_p
1.002013e-10 (V)  FILLETpad~polygon097::mipi_dsi1_data3_p
2.500000e+00 (V)  FILLETpad~polygon098::mipi_dsi1_data1_n
1.001096e-10 (V)  FILLETpad~polygon099::mipi_dsi1_clk_n
1.100000e+00 (V)  IPGPWR_VCC_1V1
1.200000e+00 (V)  IPGPWR_VCC_1V2
1.800000e+00 (V)  IPGPWR_VCC_1V8
3.300000e+00 (V)  IPGPWR_VCC_3V3
5.000000e+00 (V)  IPGPWR_VCC_5V
5.000000e+00 (V)  IPGPWR_VCC_5V5
2.500000e+00 (V)  Node1002::MIPI_DSI1_CLK_P
2.500000e+00 (V)  Node1003::MIPI_DSI1_CLK_P
2.500000e+00 (V)  Node1005::MIPI_DSI1_CLK_P
1.006272e-10 (V)  Node101!!A8_Auto_797::MIPI_DSI1_DATA1_P
2.500000e+00 (V)  Node1015::MIPI_DSI1_CLK_P
2.500000e+00 (V)  Node1015_Auto_575::MIPI_DSI1_CLK_P
2.500000e+00 (V)  Node1017::MIPI_DSI1_CLK_P
2.500000e+00 (V)  Node1017_Auto_525::MIPI_DSI1_CLK_P
2.500000e+00 (V)  Node1018::MIPI_DSI1_CLK_P
2.500000e+00 (V)  Node1018_Auto_567::MIPI_DSI1_CLK_P
2.500000e+00 (V)  Node1018_Auto_572::MIPI_DSI1_CLK_P
2.500000e+00 (V)  Node1018_Auto_573::MIPI_DSI1_CLK_P
2.500000e+00 (V)  Node1020::MIPI_DSI1_CLK_P
2.500000e+00 (V)  Node1028::MIPI_DSI1_CLK_P
2.500000e+00 (V)  Node1031::MIPI_DSI1_CLK_P
2.500000e+00 (V)  Node1031_Auto_519::MIPI_DSI1_CLK_P
2.500000e+00 (V)  Node1031_Auto_520::MIPI_DSI1_CLK_P
2.500000e+00 (V)  Node1031_Auto_560::MIPI_DSI1_CLK_P
2.500000e+00 (V)  Node1031_Auto_561::MIPI_DSI1_CLK_P
2.500000e+00 (V)  Node1031_Auto_563::MIPI_DSI1_CLK_P
2.500000e+00 (V)  Node1031_Auto_577::MIPI_DSI1_CLK_P
2.500000e+00 (V)  Node1031_Auto_580::MIPI_DSI1_CLK_P
0.000000e+00 (V)  Node104!!F9::MIPI_DSI0_CLK_N
2.500000e+00 (V)  Node1040::MIPI_DSI1_CLK_P
2.500000e+00 (V)  Node1040_Auto_521::MIPI_DSI1_CLK_P
2.500000e+00 (V)  Node1040_Auto_522::MIPI_DSI1_CLK_P
2.500000e+00 (V)  Node1040_Auto_558::MIPI_DSI1_CLK_P
2.500000e+00 (V)  Node1040_Auto_559::MIPI_DSI1_CLK_P
2.500000e+00 (V)  Node1040_Auto_562::MIPI_DSI1_CLK_P
2.500000e+00 (V)  Node1040_Auto_578::MIPI_DSI1_CLK_P
2.500000e+00 (V)  Node1040_Auto_581::MIPI_DSI1_CLK_P
2.500000e+00 (V)  Node1043::MIPI_DSI1_CLK_P
2.500000e+00 (V)  Node1046::MIPI_DSI1_CLK_P
2.500000e+00 (V)  Node1047::MIPI_DSI1_CLK_P
2.500000e+00 (V)  Node1048::MIPI_DSI1_CLK_P
0.000000e+00 (V)  Node105!!D9::MIPI_DSI0_DATA3_N
2.500000e+00 (V)  Node1051::MIPI_DSI1_CLK_P
2.500000e+00 (V)  Node1054::MIPI_DSI1_CLK_P
2.500000e+00 (V)  Node1054_Auto_540::MIPI_DSI1_CLK_P
2.500000e+00 (V)  Node1054_Auto_548::MIPI_DSI1_CLK_P
2.500000e+00 (V)  Node1058::MIPI_DSI1_CLK_P
0.000000e+00 (V)  Node106!!E9::MIPI_DSI0_DATA2_N
2.500000e+00 (V)  Node1063::MIPI_DSI1_CLK_P
2.500000e+00 (V)  Node1063_Auto_539::MIPI_DSI1_CLK_P
2.500000e+00 (V)  Node1063_Auto_552::MIPI_DSI1_CLK_P
2.500000e+00 (V)  Node1066::MIPI_DSI1_CLK_P
2.500000e+00 (V)  Node1069::MIPI_DSI1_CLK_P
0.000000e+00 (V)  Node107!!G9::MIPI_DSI0_DATA1_N
2.500000e+00 (V)  Node1071::MIPI_DSI1_CLK_P
2.500000e+00 (V)  Node1071_Auto_591::MIPI_DSI1_CLK_P
2.500000e+00 (V)  Node1071_Auto_592::MIPI_DSI1_CLK_P
2.500000e+00 (V)  Node1071_Auto_602::MIPI_DSI1_CLK_P
2.500000e+00 (V)  Node1071_Auto_603::MIPI_DSI1_CLK_P
2.500000e+00 (V)  Node1073::MIPI_DSI1_CLK_P
2.500000e+00 (V)  Node1073_Auto_1735::MIPI_DSI1_CLK_P
2.500000e+00 (V)  Node1073_Auto_1736::MIPI_DSI1_CLK_P
2.500000e+00 (V)  Node1073_Auto_1743::MIPI_DSI1_CLK_P
2.500000e+00 (V)  Node1073_Auto_1744::MIPI_DSI1_CLK_P
2.500000e+00 (V)  Node1073_Auto_1751::MIPI_DSI1_CLK_P
2.500000e+00 (V)  Node1073_Auto_1765::MIPI_DSI1_CLK_P
2.500000e+00 (V)  Node1073_Auto_1773::MIPI_DSI1_CLK_P
2.500000e+00 (V)  Node1073_Auto_1774::MIPI_DSI1_CLK_P
2.500000e+00 (V)  Node1073_Auto_1787::MIPI_DSI1_CLK_P
2.500000e+00 (V)  Node1073_Auto_1788::MIPI_DSI1_CLK_P
2.500000e+00 (V)  Node1073_Auto_1800::MIPI_DSI1_CLK_P
2.500000e+00 (V)  Node1073_Auto_1804::MIPI_DSI1_CLK_P
2.500000e+00 (V)  Node1073_Auto_1809::MIPI_DSI1_CLK_P
2.500000e+00 (V)  Node1074::MIPI_DSI1_CLK_P
2.500000e+00 (V)  Node1076::MIPI_DSI1_CLK_P
2.500000e+00 (V)  Node1076_Auto_1761::MIPI_DSI1_CLK_P
2.500000e+00 (V)  Node1076_Auto_1762::MIPI_DSI1_CLK_P
2.500000e+00 (V)  Node1076_Auto_1771::MIPI_DSI1_CLK_P
2.500000e+00 (V)  Node1076_Auto_1797::MIPI_DSI1_CLK_P
2.500000e+00 (V)  Node1076_Auto_1829::MIPI_DSI1_CLK_P
2.500000e+00 (V)  Node1078::MIPI_DSI1_CLK_P
0.000000e+00 (V)  Node108!!H9::MIPI_DSI0_DATA0_N
2.500000e+00 (V)  Node1080::MIPI_DSI1_CLK_P
2.500000e+00 (V)  Node1080_Auto_900::MIPI_DSI1_CLK_P
2.500000e+00 (V)  Node1080_Auto_901::MIPI_DSI1_CLK_P
2.500000e+00 (V)  Node1080_Auto_916::MIPI_DSI1_CLK_P
2.500000e+00 (V)  Node1080_Auto_917::MIPI_DSI1_CLK_P
2.500000e+00 (V)  Node1081!!15::MIPI_DSI1_CLK_P
2.500000e+00 (V)  Node1083::MIPI_DSI1_CLK_P
2.500000e+00 (V)  Node1083_Auto_2183::MIPI_DSI1_CLK_P
2.500000e+00 (V)  Node1084::MIPI_DSI1_CLK_P
2.500000e+00 (V)  Node1085::MIPI_DSI1_CLK_P
2.500000e+00 (V)  Node1085_Auto_2489::MIPI_DSI1_CLK_P
2.500000e+00 (V)  Node1087::MIPI_DSI1_CLK_P
2.500000e+00 (V)  Node1088::MIPI_DSI1_CLK_P
2.500000e+00 (V)  Node1088_Auto_2494::MIPI_DSI1_CLK_P
2.500000e+00 (V)  Node1088_Auto_2499::MIPI_DSI1_CLK_P
0.000000e+00 (V)  Node109!!F10::MIPI_DSI0_CLK_P
2.500000e+00 (V)  Node1090::MIPI_DSI1_CLK_P
2.500000e+00 (V)  Node1092::MIPI_DSI1_CLK_P
2.500000e+00 (V)  Node1092_Auto_2581::MIPI_DSI1_CLK_P
2.500000e+00 (V)  Node1092_Auto_2584::MIPI_DSI1_CLK_P
2.500000e+00 (V)  Node1092_Auto_2623::MIPI_DSI1_CLK_P
2.500000e+00 (V)  Node1092_Auto_2628::MIPI_DSI1_CLK_P
2.500000e+00 (V)  Node1093::MIPI_DSI1_CLK_P
2.500000e+00 (V)  Node1096::MIPI_DSI1_CLK_P
2.500000e+00 (V)  Node1096_Auto_2509::MIPI_DSI1_CLK_P
2.500000e+00 (V)  Node1096_Auto_2510::MIPI_DSI1_CLK_P
2.500000e+00 (V)  Node1096_Auto_2614::MIPI_DSI1_CLK_P
2.500000e+00 (V)  Node1097::MIPI_DSI1_CLK_P
2.500000e+00 (V)  Node1099::MIPI_DSI1_CLK_P
0.000000e+00 (V)  Node11!!B4::VCC_HDMIRX_IN
0.000000e+00 (V)  Node110!!D10::MIPI_DSI0_DATA3_P
2.500000e+00 (V)  Node1103::MIPI_DSI1_CLK_P
2.500000e+00 (V)  Node1106::MIPI_DSI1_CLK_P
2.500000e+00 (V)  Node1106_Auto_2852::MIPI_DSI1_CLK_P
0.000000e+00 (V)  Node111!!E10::MIPI_DSI0_DATA2_P
2.500000e+00 (V)  Node1114::MIPI_DSI1_CLK_P
2.500000e+00 (V)  Node1117::MIPI_DSI1_CLK_P
0.000000e+00 (V)  Node112!!G10::MIPI_DSI0_DATA1_P
2.500000e+00 (V)  Node1128::MIPI_DSI1_CLK_P
2.500000e+00 (V)  Node1133::MIPI_DSI1_DATA3_N
2.500000e+00 (V)  Node1133_Auto_801::MIPI_DSI1_DATA3_N
2.500000e+00 (V)  Node1135::MIPI_DSI1_DATA3_N
2.500000e+00 (V)  Node1135_Auto_892::MIPI_DSI1_DATA3_N
2.500000e+00 (V)  Node1135_Auto_893::MIPI_DSI1_DATA3_N
2.500000e+00 (V)  Node1135_Auto_910::MIPI_DSI1_DATA3_N
2.500000e+00 (V)  Node1135_Auto_911::MIPI_DSI1_DATA3_N
2.500000e+00 (V)  Node1135_Auto_926::MIPI_DSI1_DATA3_N
2.500000e+00 (V)  Node1135_Auto_927::MIPI_DSI1_DATA3_N
2.500000e+00 (V)  Node1135_Auto_936::MIPI_DSI1_DATA3_N
2.500000e+00 (V)  Node1135_Auto_937::MIPI_DSI1_DATA3_N
2.500000e+00 (V)  Node1135_Auto_944::MIPI_DSI1_DATA3_N
2.500000e+00 (V)  Node1135_Auto_945::MIPI_DSI1_DATA3_N
2.500000e+00 (V)  Node1135_Auto_951::MIPI_DSI1_DATA3_N
2.500000e+00 (V)  Node1135_Auto_957::MIPI_DSI1_DATA3_N
2.500000e+00 (V)  Node1135_Auto_959::MIPI_DSI1_DATA3_N
2.500000e+00 (V)  Node1136::MIPI_DSI1_DATA3_N
2.500000e+00 (V)  Node1138::MIPI_DSI1_DATA3_N
2.500000e+00 (V)  Node1138_Auto_1819::MIPI_DSI1_DATA3_N
2.500000e+00 (V)  Node1138_Auto_1820::MIPI_DSI1_DATA3_N
2.500000e+00 (V)  Node1138_Auto_1822::MIPI_DSI1_DATA3_N
2.500000e+00 (V)  Node1138_Auto_1823::MIPI_DSI1_DATA3_N
2.500000e+00 (V)  Node1138_Auto_1825::MIPI_DSI1_DATA3_N
2.500000e+00 (V)  Node1138_Auto_1827::MIPI_DSI1_DATA3_N
2.500000e+00 (V)  Node1140::MIPI_DSI1_DATA3_N
2.500000e+00 (V)  Node1141::MIPI_DSI1_DATA3_N
2.500000e+00 (V)  Node1141_Auto_1741::MIPI_DSI1_DATA3_N
2.500000e+00 (V)  Node1141_Auto_1742::MIPI_DSI1_DATA3_N
2.500000e+00 (V)  Node1141_Auto_1749::MIPI_DSI1_DATA3_N
2.500000e+00 (V)  Node1141_Auto_1750::MIPI_DSI1_DATA3_N
2.500000e+00 (V)  Node1141_Auto_1754::MIPI_DSI1_DATA3_N
2.500000e+00 (V)  Node1141_Auto_1768::MIPI_DSI1_DATA3_N
2.500000e+00 (V)  Node1141_Auto_1779::MIPI_DSI1_DATA3_N
2.500000e+00 (V)  Node1141_Auto_1780::MIPI_DSI1_DATA3_N
2.500000e+00 (V)  Node1141_Auto_1783::MIPI_DSI1_DATA3_N
2.500000e+00 (V)  Node1141_Auto_1785::MIPI_DSI1_DATA3_N
2.500000e+00 (V)  Node1141_Auto_1793::MIPI_DSI1_DATA3_N
2.500000e+00 (V)  Node1141_Auto_1794::MIPI_DSI1_DATA3_N
2.500000e+00 (V)  Node1141_Auto_1796::MIPI_DSI1_DATA3_N
2.500000e+00 (V)  Node1141_Auto_1803::MIPI_DSI1_DATA3_N
2.500000e+00 (V)  Node1141_Auto_1807::MIPI_DSI1_DATA3_N
2.500000e+00 (V)  Node1141_Auto_1812::MIPI_DSI1_DATA3_N
2.500000e+00 (V)  Node1141_Auto_1828::MIPI_DSI1_DATA3_N
2.500000e+00 (V)  Node1143::MIPI_DSI1_DATA3_N
2.500000e+00 (V)  Node1145::MIPI_DSI1_DATA3_N
2.500000e+00 (V)  Node1145_Auto_753::MIPI_DSI1_DATA3_N
2.500000e+00 (V)  Node1147::MIPI_DSI1_DATA3_N
2.500000e+00 (V)  Node1151::MIPI_DSI1_DATA3_N
2.500000e+00 (V)  Node1151_Auto_754::MIPI_DSI1_DATA3_N
2.500000e+00 (V)  Node1153::MIPI_DSI1_DATA3_N
2.500000e+00 (V)  Node1155::MIPI_DSI1_DATA3_N
2.500000e+00 (V)  Node1155_Auto_755::MIPI_DSI1_DATA3_N
2.500000e+00 (V)  Node1155_Auto_756::MIPI_DSI1_DATA3_N
2.500000e+00 (V)  Node1158::MIPI_DSI1_DATA3_N
2.500000e+00 (V)  Node1169::MIPI_DSI1_DATA3_N
2.500000e+00 (V)  Node1169_Auto_2854::MIPI_DSI1_DATA3_N
2.500000e+00 (V)  Node1171::MIPI_DSI1_DATA3_N
2.500000e+00 (V)  Node1191::MIPI_DSI1_DATA3_N
2.500000e+00 (V)  Node1191_Auto_2858::MIPI_DSI1_DATA3_N
2.500000e+00 (V)  Node1191_Auto_2859::MIPI_DSI1_DATA3_N
2.500000e+00 (V)  Node1194::MIPI_DSI1_DATA3_N
2.500000e+00 (V)  Node1195::MIPI_DSI1_DATA3_N
2.500000e+00 (V)  Node1195_Auto_2860::MIPI_DSI1_DATA3_N
2.500000e+00 (V)  Node1198::MIPI_DSI1_DATA3_N
2.500000e+00 (V)  Node1201::MIPI_DSI1_DATA3_N
2.500000e+00 (V)  Node1203::MIPI_DSI1_DATA3_N
2.500000e+00 (V)  Node1204::MIPI_DSI1_DATA3_N
2.500000e+00 (V)  Node1205::MIPI_DSI1_DATA3_N
2.500000e+00 (V)  Node1206::MIPI_DSI1_DATA3_N
1.001827e-10 (V)  Node1215::MIPI_DSI1_DATA3_P
1.001818e-10 (V)  Node1215_Auto_2853::MIPI_DSI1_DATA3_P
1.001653e-10 (V)  Node1218::MIPI_DSI1_DATA3_P
1.001623e-10 (V)  Node1221::MIPI_DSI1_DATA3_P
1.001554e-10 (V)  Node1224::MIPI_DSI1_DATA3_P
1.001576e-10 (V)  Node1224_Auto_2857::MIPI_DSI1_DATA3_P
1.001473e-10 (V)  Node1232::MIPI_DSI1_DATA3_P
1.001452e-10 (V)  Node1232_Auto_2856::MIPI_DSI1_DATA3_P
1.001405e-10 (V)  Node1235::MIPI_DSI1_DATA3_P
1.001324e-10 (V)  Node1243::MIPI_DSI1_DATA3_P
1.001272e-10 (V)  Node1246::MIPI_DSI1_DATA3_P
1.001318e-10 (V)  Node1246_Auto_2855::MIPI_DSI1_DATA3_P
1.001191e-10 (V)  Node1254::MIPI_DSI1_DATA3_P
1.001144e-10 (V)  Node1257::MIPI_DSI1_DATA3_P
1.001105e-10 (V)  Node1260::MIPI_DSI1_DATA3_P
1.001058e-10 (V)  Node1262::MIPI_DSI1_DATA3_P
1.001038e-10 (V)  Node1264::MIPI_DSI1_DATA3_P
1.001033e-10 (V)  Node1264_Auto_2861::MIPI_DSI1_DATA3_P
1.000647e-10 (V)  Node1264_Auto_2862::MIPI_DSI1_DATA3_P
1.000637e-10 (V)  Node1267::MIPI_DSI1_DATA3_P
1.000553e-10 (V)  Node1270::MIPI_DSI1_DATA3_P
1.000532e-10 (V)  Node1270_Auto_2863::MIPI_DSI1_DATA3_P
1.000312e-10 (V)  Node1270_Auto_2864::MIPI_DSI1_DATA3_P
1.000285e-10 (V)  Node1272::MIPI_DSI1_DATA3_P
1.000258e-10 (V)  Node1272_Auto_2865::MIPI_DSI1_DATA3_P
1.000224e-10 (V)  Node1272_Auto_2866::MIPI_DSI1_DATA3_P
1.000197e-10 (V)  Node1273::MIPI_DSI1_DATA3_P
1.000170e-10 (V)  Node1273_Auto_2867::MIPI_DSI1_DATA3_P
1.000120e-10 (V)  Node1274::MIPI_DSI1_DATA3_P
1.000109e-10 (V)  Node1275::MIPI_DSI1_DATA3_P
1.006119e-10 (V)  Node1280::MIPI_DSI1_DATA3_P
1.005592e-10 (V)  Node1280_Auto_890::MIPI_DSI1_DATA3_P
1.006015e-10 (V)  Node1280_Auto_908::MIPI_DSI1_DATA3_P
1.005981e-10 (V)  Node1280_Auto_909::MIPI_DSI1_DATA3_P
1.005964e-10 (V)  Node1280_Auto_924::MIPI_DSI1_DATA3_P
1.005937e-10 (V)  Node1280_Auto_925::MIPI_DSI1_DATA3_P
1.005932e-10 (V)  Node1280_Auto_934::MIPI_DSI1_DATA3_P
1.005908e-10 (V)  Node1280_Auto_935::MIPI_DSI1_DATA3_P
1.005900e-10 (V)  Node1280_Auto_942::MIPI_DSI1_DATA3_P
1.005863e-10 (V)  Node1280_Auto_943::MIPI_DSI1_DATA3_P
1.005615e-10 (V)  Node1280_Auto_949::MIPI_DSI1_DATA3_P
1.005706e-10 (V)  Node1280_Auto_955::MIPI_DSI1_DATA3_P
1.005729e-10 (V)  Node1280_Auto_958::MIPI_DSI1_DATA3_P
1.005569e-10 (V)  Node1281::MIPI_DSI1_DATA3_P
1.005567e-10 (V)  Node1282::MIPI_DSI1_DATA3_P
1.005542e-10 (V)  Node1282_Auto_894::MIPI_DSI1_DATA3_P
1.005532e-10 (V)  Node1283::MIPI_DSI1_DATA3_P
1.005479e-10 (V)  Node1283_Auto_1817::MIPI_DSI1_DATA3_P
1.005334e-10 (V)  Node1283_Auto_1818::MIPI_DSI1_DATA3_P
1.005506e-10 (V)  Node1283_Auto_1821::MIPI_DSI1_DATA3_P
1.005307e-10 (V)  Node1283_Auto_1824::MIPI_DSI1_DATA3_P
1.004947e-10 (V)  Node1285::MIPI_DSI1_DATA3_P
1.004929e-10 (V)  Node1286::MIPI_DSI1_DATA3_P
1.004073e-10 (V)  Node1286_Auto_1739::MIPI_DSI1_DATA3_P
1.004053e-10 (V)  Node1286_Auto_1740::MIPI_DSI1_DATA3_P
1.004312e-10 (V)  Node1286_Auto_1747::MIPI_DSI1_DATA3_P
1.004284e-10 (V)  Node1286_Auto_1748::MIPI_DSI1_DATA3_P
1.004025e-10 (V)  Node1286_Auto_1753::MIPI_DSI1_DATA3_P
1.004106e-10 (V)  Node1286_Auto_1767::MIPI_DSI1_DATA3_P
1.003771e-10 (V)  Node1286_Auto_1777::MIPI_DSI1_DATA3_P
1.003733e-10 (V)  Node1286_Auto_1778::MIPI_DSI1_DATA3_P
1.003697e-10 (V)  Node1286_Auto_1782::MIPI_DSI1_DATA3_P
1.003670e-10 (V)  Node1286_Auto_1784::MIPI_DSI1_DATA3_P
1.004438e-10 (V)  Node1286_Auto_1791::MIPI_DSI1_DATA3_P
1.004406e-10 (V)  Node1286_Auto_1792::MIPI_DSI1_DATA3_P
1.004470e-10 (V)  Node1286_Auto_1795::MIPI_DSI1_DATA3_P
1.003817e-10 (V)  Node1286_Auto_1802::MIPI_DSI1_DATA3_P
1.003837e-10 (V)  Node1286_Auto_1806::MIPI_DSI1_DATA3_P
1.004391e-10 (V)  Node1286_Auto_1811::MIPI_DSI1_DATA3_P
1.002801e-10 (V)  Node1288::MIPI_DSI1_DATA3_P
1.002765e-10 (V)  Node1290::MIPI_DSI1_DATA3_P
1.002281e-10 (V)  Node1292::MIPI_DSI1_DATA3_P
1.002256e-10 (V)  Node1296::MIPI_DSI1_DATA3_P
1.002234e-10 (V)  Node1298::MIPI_DSI1_DATA3_P
1.002198e-10 (V)  Node1300::MIPI_DSI1_DATA3_P
1.002106e-10 (V)  Node1302::MIPI_DSI1_DATA3_P
1.002069e-10 (V)  Node1303::MIPI_DSI1_DATA3_P
2.500000e+00 (V)  Node1309::MIPI_DSI1_DATA2_N
2.500000e+00 (V)  Node1309_Auto_789::MIPI_DSI1_DATA2_N
2.500000e+00 (V)  Node1311::MIPI_DSI1_DATA2_N
2.500000e+00 (V)  Node1311_Auto_906::MIPI_DSI1_DATA2_N
2.500000e+00 (V)  Node1311_Auto_907::MIPI_DSI1_DATA2_N
2.500000e+00 (V)  Node1311_Auto_922::MIPI_DSI1_DATA2_N
2.500000e+00 (V)  Node1311_Auto_923::MIPI_DSI1_DATA2_N
2.500000e+00 (V)  Node1311_Auto_932::MIPI_DSI1_DATA2_N
2.500000e+00 (V)  Node1311_Auto_933::MIPI_DSI1_DATA2_N
2.500000e+00 (V)  Node1311_Auto_940::MIPI_DSI1_DATA2_N
2.500000e+00 (V)  Node1311_Auto_941::MIPI_DSI1_DATA2_N
2.500000e+00 (V)  Node1312::MIPI_DSI1_DATA2_N
2.500000e+00 (V)  Node1313::MIPI_DSI1_DATA2_N
2.500000e+00 (V)  Node1313_Auto_947::MIPI_DSI1_DATA2_N
2.500000e+00 (V)  Node1313_Auto_954::MIPI_DSI1_DATA2_N
2.500000e+00 (V)  Node1314::MIPI_DSI1_DATA2_N
2.500000e+00 (V)  Node1316::MIPI_DSI1_DATA2_N
2.500000e+00 (V)  Node1316_Auto_1815::MIPI_DSI1_DATA2_N
2.500000e+00 (V)  Node1316_Auto_1816::MIPI_DSI1_DATA2_N
2.500000e+00 (V)  Node1317::MIPI_DSI1_DATA2_N
2.500000e+00 (V)  Node1317_Auto_2123::MIPI_DSI1_DATA2_N
2.500000e+00 (V)  Node1318::MIPI_DSI1_DATA2_N
2.500000e+00 (V)  Node1325::MIPI_DSI1_DATA2_N
2.500000e+00 (V)  Node1325_Auto_2869::MIPI_DSI1_DATA2_N
2.500000e+00 (V)  Node1325_Auto_2871::MIPI_DSI1_DATA2_N
2.500000e+00 (V)  Node1325_Auto_2873::MIPI_DSI1_DATA2_N
2.500000e+00 (V)  Node1325_Auto_2874::MIPI_DSI1_DATA2_N
2.500000e+00 (V)  Node1327::MIPI_DSI1_DATA2_N
2.500000e+00 (V)  Node1327_Auto_2875::MIPI_DSI1_DATA2_N
2.500000e+00 (V)  Node1327_Auto_2877::MIPI_DSI1_DATA2_N
2.500000e+00 (V)  Node1329::MIPI_DSI1_DATA2_N
2.500000e+00 (V)  Node1338::MIPI_DSI1_DATA2_N
2.500000e+00 (V)  Node1341::MIPI_DSI1_DATA2_N
2.500000e+00 (V)  Node1341_Auto_2880::MIPI_DSI1_DATA2_N
2.500000e+00 (V)  Node1341_Auto_2892::MIPI_DSI1_DATA2_N
2.500000e+00 (V)  Node1349::MIPI_DSI1_DATA2_N
2.500000e+00 (V)  Node1349_Auto_2882::MIPI_DSI1_DATA2_N
2.500000e+00 (V)  Node1349_Auto_2893::MIPI_DSI1_DATA2_N
2.500000e+00 (V)  Node1349_Auto_2895::MIPI_DSI1_DATA2_N
2.500000e+00 (V)  Node1352::MIPI_DSI1_DATA2_N
2.500000e+00 (V)  Node1361::MIPI_DSI1_DATA2_N
2.500000e+00 (V)  Node1364::MIPI_DSI1_DATA2_N
2.500000e+00 (V)  Node1364_Auto_2887::MIPI_DSI1_DATA2_N
2.500000e+00 (V)  Node1364_Auto_2888::MIPI_DSI1_DATA2_N
2.500000e+00 (V)  Node1364_Auto_2897::MIPI_DSI1_DATA2_N
2.500000e+00 (V)  Node1367::MIPI_DSI1_DATA2_N
2.500000e+00 (V)  Node1369::MIPI_DSI1_DATA2_N
2.500000e+00 (V)  Node1371::MIPI_DSI1_DATA2_N
2.500000e+00 (V)  Node1371_Auto_2129::MIPI_DSI1_DATA2_N
2.500000e+00 (V)  Node1371_Auto_2130::MIPI_DSI1_DATA2_N
2.500000e+00 (V)  Node1374::MIPI_DSI1_DATA2_N
2.500000e+00 (V)  Node1375::MIPI_DSI1_DATA2_N
2.500000e+00 (V)  Node1375_Auto_2126::MIPI_DSI1_DATA2_N
2.500000e+00 (V)  Node1378::MIPI_DSI1_DATA2_N
2.500000e+00 (V)  Node1381::MIPI_DSI1_DATA2_N
2.500000e+00 (V)  Node1384::MIPI_DSI1_DATA2_N
2.500000e+00 (V)  Node1393::MIPI_DSI1_DATA2_N
2.500000e+00 (V)  Node1396::MIPI_DSI1_DATA2_N
0.000000e+00 (V)  Node14!!F2::HDMI_DATA2_N
2.500000e+00 (V)  Node1403::MIPI_DSI1_DATA2_N
2.500000e+00 (V)  Node1403_Auto_2131::MIPI_DSI1_DATA2_N
2.500000e+00 (V)  Node1405::MIPI_DSI1_DATA2_N
2.500000e+00 (V)  Node1405_Auto_2134::MIPI_DSI1_DATA2_N
2.500000e+00 (V)  Node1407::MIPI_DSI1_DATA2_N
2.500000e+00 (V)  Node1408::MIPI_DSI1_DATA2_N
2.500000e+00 (V)  Node1408_Auto_2476::MIPI_DSI1_DATA2_N
2.500000e+00 (V)  Node1408_Auto_2477::MIPI_DSI1_DATA2_N
2.500000e+00 (V)  Node1408_Auto_2535::MIPI_DSI1_DATA2_N
2.500000e+00 (V)  Node1410::MIPI_DSI1_DATA2_N
2.500000e+00 (V)  Node1419::MIPI_DSI1_DATA2_N
2.500000e+00 (V)  Node1421::MIPI_DSI1_DATA2_N
2.500000e+00 (V)  Node1430::MIPI_DSI1_DATA2_N
2.500000e+00 (V)  Node1432::MIPI_DSI1_DATA2_N
2.500000e+00 (V)  Node1441::MIPI_DSI1_DATA2_N
2.500000e+00 (V)  Node1443::MIPI_DSI1_DATA2_N
2.500000e+00 (V)  Node1452::MIPI_DSI1_DATA2_N
2.500000e+00 (V)  Node1454::MIPI_DSI1_DATA2_N
2.500000e+00 (V)  Node1463::MIPI_DSI1_DATA2_N
2.500000e+00 (V)  Node1465::MIPI_DSI1_DATA2_N
2.500000e+00 (V)  Node1474::MIPI_DSI1_DATA2_N
2.500000e+00 (V)  Node1476::MIPI_DSI1_DATA2_N
2.500000e+00 (V)  Node1485::MIPI_DSI1_DATA2_N
2.500000e+00 (V)  Node1487::MIPI_DSI1_DATA2_N
2.500000e+00 (V)  Node1496::MIPI_DSI1_DATA2_N
2.500000e+00 (V)  Node1498::MIPI_DSI1_DATA2_N
0.000000e+00 (V)  Node15!!2::HDMI_DATA2_N
2.500000e+00 (V)  Node1507::MIPI_DSI1_DATA2_N
2.500000e+00 (V)  Node1507_Auto_2593::MIPI_DSI1_DATA2_N
2.500000e+00 (V)  Node1507_Auto_2594::MIPI_DSI1_DATA2_N
2.500000e+00 (V)  Node1509::MIPI_DSI1_DATA2_N
2.500000e+00 (V)  Node1518::MIPI_DSI1_DATA2_N
2.500000e+00 (V)  Node1518_Auto_2615::MIPI_DSI1_DATA2_N
2.500000e+00 (V)  Node1518_Auto_2617::MIPI_DSI1_DATA2_N
2.500000e+00 (V)  Node1521::MIPI_DSI1_DATA2_N
2.500000e+00 (V)  Node1522::MIPI_DSI1_DATA2_N
2.500000e+00 (V)  Node1522_Auto_2466::MIPI_DSI1_DATA2_N
2.500000e+00 (V)  Node1522_Auto_2467::MIPI_DSI1_DATA2_N
2.500000e+00 (V)  Node1522_Auto_2484::MIPI_DSI1_DATA2_N
2.500000e+00 (V)  Node1522_Auto_2511::MIPI_DSI1_DATA2_N
2.500000e+00 (V)  Node1522_Auto_2516::MIPI_DSI1_DATA2_N
2.500000e+00 (V)  Node1522_Auto_2519::MIPI_DSI1_DATA2_N
2.500000e+00 (V)  Node1522_Auto_2520::MIPI_DSI1_DATA2_N
2.500000e+00 (V)  Node1522_Auto_2523::MIPI_DSI1_DATA2_N
2.500000e+00 (V)  Node1522_Auto_2524::MIPI_DSI1_DATA2_N
2.500000e+00 (V)  Node1522_Auto_2527::MIPI_DSI1_DATA2_N
2.500000e+00 (V)  Node1524::MIPI_DSI1_DATA2_N
2.500000e+00 (V)  Node1524_Auto_2180::MIPI_DSI1_DATA2_N
2.500000e+00 (V)  Node1525!!12_Auto_2193::MIPI_DSI1_DATA2_N
2.500000e+00 (V)  Node1525!!12_Auto_2194::MIPI_DSI1_DATA2_N
1.006054e-10 (V)  Node1526::MIPI_DSI1_DATA2_P
1.005950e-10 (V)  Node1526_Auto_904::MIPI_DSI1_DATA2_P
1.005916e-10 (V)  Node1526_Auto_905::MIPI_DSI1_DATA2_P
1.005899e-10 (V)  Node1526_Auto_920::MIPI_DSI1_DATA2_P
1.005872e-10 (V)  Node1526_Auto_921::MIPI_DSI1_DATA2_P
1.005867e-10 (V)  Node1526_Auto_930::MIPI_DSI1_DATA2_P
1.005843e-10 (V)  Node1526_Auto_931::MIPI_DSI1_DATA2_P
1.005835e-10 (V)  Node1526_Auto_938::MIPI_DSI1_DATA2_P
1.005797e-10 (V)  Node1526_Auto_939::MIPI_DSI1_DATA2_P
1.005664e-10 (V)  Node1526_Auto_960::MIPI_DSI1_DATA2_P
1.005641e-10 (V)  Node1527::MIPI_DSI1_DATA2_P
1.005635e-10 (V)  Node1528::MIPI_DSI1_DATA2_P
1.005544e-10 (V)  Node1529::MIPI_DSI1_DATA2_P
1.005539e-10 (V)  Node1530::MIPI_DSI1_DATA2_P
1.005516e-10 (V)  Node1530_Auto_888::MIPI_DSI1_DATA2_P
1.005509e-10 (V)  Node1531::MIPI_DSI1_DATA2_P
1.005364e-10 (V)  Node1532::MIPI_DSI1_DATA2_P
1.005339e-10 (V)  Node1532_Auto_2124::MIPI_DSI1_DATA2_P
1.005310e-10 (V)  Node1534::MIPI_DSI1_DATA2_P
1.005067e-10 (V)  Node1548::MIPI_DSI1_DATA2_P
1.005037e-10 (V)  Node1549::MIPI_DSI1_DATA2_P
1.005032e-10 (V)  Node1549_Auto_2870::MIPI_DSI1_DATA2_P
1.005006e-10 (V)  Node1550::MIPI_DSI1_DATA2_P
1.004976e-10 (V)  Node1551::MIPI_DSI1_DATA2_P
1.004948e-10 (V)  Node1551_Auto_2876::MIPI_DSI1_DATA2_P
1.004779e-10 (V)  Node1554::MIPI_DSI1_DATA2_P
1.004738e-10 (V)  Node1558::MIPI_DSI1_DATA2_P
1.004697e-10 (V)  Node1563::MIPI_DSI1_DATA2_P
1.004495e-10 (V)  Node1566::MIPI_DSI1_DATA2_P
1.004528e-10 (V)  Node1566_Auto_2878::MIPI_DSI1_DATA2_P
1.004508e-10 (V)  Node1566_Auto_2891::MIPI_DSI1_DATA2_P
1.004229e-10 (V)  Node1574::MIPI_DSI1_DATA2_P
1.004188e-10 (V)  Node1574_Auto_2883::MIPI_DSI1_DATA2_P
1.004019e-10 (V)  Node1574_Auto_2884::MIPI_DSI1_DATA2_P
1.004209e-10 (V)  Node1574_Auto_2890::MIPI_DSI1_DATA2_P
1.003969e-10 (V)  Node1577::MIPI_DSI1_DATA2_P
1.003888e-10 (V)  Node1586::MIPI_DSI1_DATA2_P
1.003627e-10 (V)  Node1589::MIPI_DSI1_DATA2_P
1.003670e-10 (V)  Node1589_Auto_2885::MIPI_DSI1_DATA2_P
1.003839e-10 (V)  Node1589_Auto_2886::MIPI_DSI1_DATA2_P
1.003647e-10 (V)  Node1589_Auto_2889::MIPI_DSI1_DATA2_P
1.003538e-10 (V)  Node1592::MIPI_DSI1_DATA2_P
1.003518e-10 (V)  Node1592_Auto_2125::MIPI_DSI1_DATA2_P
1.003497e-10 (V)  Node1594::MIPI_DSI1_DATA2_P
1.003420e-10 (V)  Node1596::MIPI_DSI1_DATA2_P
1.003415e-10 (V)  Node1596_Auto_2128::MIPI_DSI1_DATA2_P
1.003220e-10 (V)  Node1599::MIPI_DSI1_DATA2_P
0.000000e+00 (V)  Node16!!3::HDMI_DATA2_N
1.003202e-10 (V)  Node1600::MIPI_DSI1_DATA2_P
1.003164e-10 (V)  Node1600_Auto_2127::MIPI_DSI1_DATA2_P
1.002893e-10 (V)  Node1604::MIPI_DSI1_DATA2_P
1.002758e-10 (V)  Node1604_Auto_2132::MIPI_DSI1_DATA2_P
1.002731e-10 (V)  Node1606::MIPI_DSI1_DATA2_P
1.002705e-10 (V)  Node1606_Auto_2133::MIPI_DSI1_DATA2_P
1.002650e-10 (V)  Node1608::MIPI_DSI1_DATA2_P
1.002610e-10 (V)  Node1611::MIPI_DSI1_DATA2_P
1.002530e-10 (V)  Node1614::MIPI_DSI1_DATA2_P
1.002423e-10 (V)  Node1622::MIPI_DSI1_DATA2_P
1.002343e-10 (V)  Node1625::MIPI_DSI1_DATA2_P
1.002156e-10 (V)  Node1636::MIPI_DSI1_DATA2_P
1.002116e-10 (V)  Node1639::MIPI_DSI1_DATA2_P
1.002049e-10 (V)  Node1644::MIPI_DSI1_DATA2_P
1.002026e-10 (V)  Node1644_Auto_2135::MIPI_DSI1_DATA2_P
1.001969e-10 (V)  Node1647::MIPI_DSI1_DATA2_P
1.001862e-10 (V)  Node1655::MIPI_DSI1_DATA2_P
1.001805e-10 (V)  Node1658::MIPI_DSI1_DATA2_P
1.001699e-10 (V)  Node1666::MIPI_DSI1_DATA2_P
1.001642e-10 (V)  Node1669::MIPI_DSI1_DATA2_P
1.001602e-10 (V)  Node1672::MIPI_DSI1_DATA2_P
1.001599e-10 (V)  Node1672_Auto_2542::MIPI_DSI1_DATA2_P
1.001571e-10 (V)  Node1672_Auto_2543::MIPI_DSI1_DATA2_P
1.001561e-10 (V)  Node1672_Auto_2552::MIPI_DSI1_DATA2_P
1.001504e-10 (V)  Node1672_Auto_2553::MIPI_DSI1_DATA2_P
1.001494e-10 (V)  Node1675::MIPI_DSI1_DATA2_P
1.001460e-10 (V)  Node1676::MIPI_DSI1_DATA2_P
1.001433e-10 (V)  Node1676_Auto_2478::MIPI_DSI1_DATA2_P
1.001412e-10 (V)  Node1676_Auto_2479::MIPI_DSI1_DATA2_P
1.001370e-10 (V)  Node1676_Auto_2529::MIPI_DSI1_DATA2_P
1.001393e-10 (V)  Node1676_Auto_2536::MIPI_DSI1_DATA2_P
1.000750e-10 (V)  Node1676_Auto_2554::MIPI_DSI1_DATA2_P
1.000692e-10 (V)  Node1676_Auto_2555::MIPI_DSI1_DATA2_P
1.001089e-10 (V)  Node1676_Auto_2595::MIPI_DSI1_DATA2_P
1.001031e-10 (V)  Node1676_Auto_2596::MIPI_DSI1_DATA2_P
1.000920e-10 (V)  Node1676_Auto_2601::MIPI_DSI1_DATA2_P
1.000862e-10 (V)  Node1676_Auto_2602::MIPI_DSI1_DATA2_P
1.001259e-10 (V)  Node1676_Auto_2607::MIPI_DSI1_DATA2_P
1.001201e-10 (V)  Node1676_Auto_2608::MIPI_DSI1_DATA2_P
1.000581e-10 (V)  Node1676_Auto_2616::MIPI_DSI1_DATA2_P
1.000390e-10 (V)  Node1679::MIPI_DSI1_DATA2_P
1.000372e-10 (V)  Node1680::MIPI_DSI1_DATA2_P
1.000246e-10 (V)  Node1680_Auto_2468::MIPI_DSI1_DATA2_P
1.000225e-10 (V)  Node1680_Auto_2469::MIPI_DSI1_DATA2_P
1.000204e-10 (V)  Node1680_Auto_2470::MIPI_DSI1_DATA2_P
1.000324e-10 (V)  Node1680_Auto_2517::MIPI_DSI1_DATA2_P
1.000348e-10 (V)  Node1680_Auto_2518::MIPI_DSI1_DATA2_P
1.000299e-10 (V)  Node1680_Auto_2525::MIPI_DSI1_DATA2_P
1.000321e-10 (V)  Node1680_Auto_2526::MIPI_DSI1_DATA2_P
1.000272e-10 (V)  Node1680_Auto_2528::MIPI_DSI1_DATA2_P
1.000177e-10 (V)  Node1682::MIPI_DSI1_DATA2_P
1.000150e-10 (V)  Node1682_Auto_2181::MIPI_DSI1_DATA2_P
1.000115e-10 (V)  Node1683::MIPI_DSI1_DATA2_P
1.000095e-10 (V)  Node1684::MIPI_DSI1_DATA2_P
1.000014e-10 (V)  Node1685!!11_Auto_2195::MIPI_DSI1_DATA2_P
1.000085e-10 (V)  Node1685!!11_Auto_2196::MIPI_DSI1_DATA2_P
2.500000e+00 (V)  Node1688::MIPI_DSI1_DATA1_N
2.500000e+00 (V)  Node1688_Auto_796::MIPI_DSI1_DATA1_N
2.500000e+00 (V)  Node1690::MIPI_DSI1_DATA1_N
2.500000e+00 (V)  Node1690_Auto_898::MIPI_DSI1_DATA1_N
2.500000e+00 (V)  Node1690_Auto_899::MIPI_DSI1_DATA1_N
2.500000e+00 (V)  Node1690_Auto_914::MIPI_DSI1_DATA1_N
2.500000e+00 (V)  Node1690_Auto_915::MIPI_DSI1_DATA1_N
2.500000e+00 (V)  Node1692::MIPI_DSI1_DATA1_N
2.500000e+00 (V)  Node1693::MIPI_DSI1_DATA1_N
2.500000e+00 (V)  Node1693_Auto_1759::MIPI_DSI1_DATA1_N
2.500000e+00 (V)  Node1693_Auto_1760::MIPI_DSI1_DATA1_N
2.500000e+00 (V)  Node1693_Auto_1770::MIPI_DSI1_DATA1_N
2.500000e+00 (V)  Node1695::MIPI_DSI1_DATA1_N
2.500000e+00 (V)  Node1696::MIPI_DSI1_DATA1_N
2.500000e+00 (V)  Node1696_Auto_1786::MIPI_DSI1_DATA1_N
2.500000e+00 (V)  Node1697::MIPI_DSI1_DATA1_N
2.500000e+00 (V)  Node1697_Auto_1808::MIPI_DSI1_DATA1_N
2.500000e+00 (V)  Node1699::MIPI_DSI1_DATA1_N
0.000000e+00 (V)  Node17!!9::HDMI_DATA2_N
2.500000e+00 (V)  Node1700::MIPI_DSI1_DATA1_N
2.500000e+00 (V)  Node1703::MIPI_DSI1_DATA1_N
2.500000e+00 (V)  Node1706::MIPI_DSI1_DATA1_N
2.500000e+00 (V)  Node1706_Auto_110::MIPI_DSI1_DATA1_N
2.500000e+00 (V)  Node1714::MIPI_DSI1_DATA1_N
2.500000e+00 (V)  Node1714_Auto_105::MIPI_DSI1_DATA1_N
2.500000e+00 (V)  Node1714_Auto_116::MIPI_DSI1_DATA1_N
2.500000e+00 (V)  Node1717::MIPI_DSI1_DATA1_N
2.500000e+00 (V)  Node1720::MIPI_DSI1_DATA1_N
2.500000e+00 (V)  Node1720_Auto_1734::MIPI_DSI1_DATA1_N
2.500000e+00 (V)  Node1722::MIPI_DSI1_DATA1_N
2.500000e+00 (V)  Node1723::MIPI_DSI1_DATA1_N
2.500000e+00 (V)  Node1726::MIPI_DSI1_DATA1_N
2.500000e+00 (V)  Node1729::MIPI_DSI1_DATA1_N
2.500000e+00 (V)  Node1729_Auto_107::MIPI_DSI1_DATA1_N
2.500000e+00 (V)  Node1729_Auto_98::MIPI_DSI1_DATA1_N
2.500000e+00 (V)  Node1737::MIPI_DSI1_DATA1_N
2.500000e+00 (V)  Node1737_Auto_101::MIPI_DSI1_DATA1_N
2.500000e+00 (V)  Node1737_Auto_108::MIPI_DSI1_DATA1_N
2.500000e+00 (V)  Node1740::MIPI_DSI1_DATA1_N
2.500000e+00 (V)  Node1743::MIPI_DSI1_DATA1_N
2.500000e+00 (V)  Node1743_Auto_1799::MIPI_DSI1_DATA1_N
2.500000e+00 (V)  Node1745::MIPI_DSI1_DATA1_N
2.500000e+00 (V)  Node1746::MIPI_DSI1_DATA1_N
2.500000e+00 (V)  Node1747::MIPI_DSI1_DATA1_N
2.500000e+00 (V)  Node1747_Auto_598::MIPI_DSI1_DATA1_N
2.500000e+00 (V)  Node1747_Auto_600::MIPI_DSI1_DATA1_N
2.500000e+00 (V)  Node1749::MIPI_DSI1_DATA1_N
2.500000e+00 (V)  Node1749_Auto_585::MIPI_DSI1_DATA1_N
2.500000e+00 (V)  Node1749_Auto_586::MIPI_DSI1_DATA1_N
2.500000e+00 (V)  Node1749_Auto_589::MIPI_DSI1_DATA1_N
2.500000e+00 (V)  Node1751::MIPI_DSI1_DATA1_N
2.500000e+00 (V)  Node1751_Auto_183::MIPI_DSI1_DATA1_N
2.500000e+00 (V)  Node1751_Auto_184::MIPI_DSI1_DATA1_N
2.500000e+00 (V)  Node1751_Auto_185::MIPI_DSI1_DATA1_N
2.500000e+00 (V)  Node1754::MIPI_DSI1_DATA1_N
2.500000e+00 (V)  Node1774::MIPI_DSI1_DATA1_N
2.500000e+00 (V)  Node1776::MIPI_DSI1_DATA1_N
2.500000e+00 (V)  Node1777::MIPI_DSI1_DATA1_N
2.500000e+00 (V)  Node1783::MIPI_DSI1_DATA1_N
2.500000e+00 (V)  Node1783_Auto_2546::MIPI_DSI1_DATA1_N
2.500000e+00 (V)  Node1783_Auto_2547::MIPI_DSI1_DATA1_N
2.500000e+00 (V)  Node1785::MIPI_DSI1_DATA1_N
2.500000e+00 (V)  Node1786::MIPI_DSI1_DATA1_N
2.500000e+00 (V)  Node1786_Auto_2534::MIPI_DSI1_DATA1_N
2.500000e+00 (V)  Node1786_Auto_2558::MIPI_DSI1_DATA1_N
2.500000e+00 (V)  Node1786_Auto_2559::MIPI_DSI1_DATA1_N
2.500000e+00 (V)  Node1786_Auto_2562::MIPI_DSI1_DATA1_N
2.500000e+00 (V)  Node1786_Auto_2563::MIPI_DSI1_DATA1_N
2.500000e+00 (V)  Node1786_Auto_2566::MIPI_DSI1_DATA1_N
2.500000e+00 (V)  Node1786_Auto_2567::MIPI_DSI1_DATA1_N
2.500000e+00 (V)  Node1786_Auto_2570::MIPI_DSI1_DATA1_N
2.500000e+00 (V)  Node1786_Auto_2571::MIPI_DSI1_DATA1_N
2.500000e+00 (V)  Node1786_Auto_2574::MIPI_DSI1_DATA1_N
2.500000e+00 (V)  Node1786_Auto_2575::MIPI_DSI1_DATA1_N
2.500000e+00 (V)  Node1786_Auto_2579::MIPI_DSI1_DATA1_N
2.500000e+00 (V)  Node1786_Auto_2589::MIPI_DSI1_DATA1_N
2.500000e+00 (V)  Node1786_Auto_2590::MIPI_DSI1_DATA1_N
2.500000e+00 (V)  Node1786_Auto_2599::MIPI_DSI1_DATA1_N
2.500000e+00 (V)  Node1786_Auto_2600::MIPI_DSI1_DATA1_N
2.500000e+00 (V)  Node1786_Auto_2605::MIPI_DSI1_DATA1_N
2.500000e+00 (V)  Node1786_Auto_2606::MIPI_DSI1_DATA1_N
2.500000e+00 (V)  Node1786_Auto_2611::MIPI_DSI1_DATA1_N
2.500000e+00 (V)  Node1786_Auto_2612::MIPI_DSI1_DATA1_N
2.500000e+00 (V)  Node1786_Auto_2621::MIPI_DSI1_DATA1_N
2.500000e+00 (V)  Node1786_Auto_2627::MIPI_DSI1_DATA1_N
2.500000e+00 (V)  Node1789::MIPI_DSI1_DATA1_N
2.500000e+00 (V)  Node1790::MIPI_DSI1_DATA1_N
2.500000e+00 (V)  Node1790_Auto_2500::MIPI_DSI1_DATA1_N
2.500000e+00 (V)  Node1792::MIPI_DSI1_DATA1_N
2.500000e+00 (V)  Node1792_Auto_2480::MIPI_DSI1_DATA1_N
2.500000e+00 (V)  Node1792_Auto_2481::MIPI_DSI1_DATA1_N
2.500000e+00 (V)  Node1792_Auto_2486::MIPI_DSI1_DATA1_N
2.500000e+00 (V)  Node1792_Auto_2487::MIPI_DSI1_DATA1_N
2.500000e+00 (V)  Node1792_Auto_2490::MIPI_DSI1_DATA1_N
2.500000e+00 (V)  Node1793::MIPI_DSI1_DATA1_N
2.500000e+00 (V)  Node1794::MIPI_DSI1_DATA1_N
2.500000e+00 (V)  Node1794_Auto_2514::MIPI_DSI1_DATA1_N
2.500000e+00 (V)  Node1794_Auto_2522::MIPI_DSI1_DATA1_N
2.500000e+00 (V)  Node1795!!14_Auto_2189::MIPI_DSI1_DATA1_N
2.500000e+00 (V)  Node1795!!14_Auto_2190::MIPI_DSI1_DATA1_N
0.000000e+00 (V)  Node18!!F1::HDMI_DATA2_P
0.000000e+00 (V)  Node180!!H10::MIPI_DSI0_DATA0_P
0.000000e+00 (V)  Node181!!J3::INT
0.000000e+00 (V)  Node182!!K4::I2C_SCL
0.000000e+00 (V)  Node183!!K3::I2C_SDA
0.000000e+00 (V)  Node184!!2::RESETN
0.000000e+00 (V)  Node185!!2::RESETN
0.000000e+00 (V)  Node186!!2::RESETN
0.000000e+00 (V)  Node187!!1::RESETN
0.000000e+00 (V)  Node188!!K8::RESETN
0.000000e+00 (V)  Node19!!1::HDMI_DATA2_P
1.006120e-10 (V)  Node1906::MIPI_DSI1_DATA1_P
1.006016e-10 (V)  Node1906_Auto_896::MIPI_DSI1_DATA1_P
1.005981e-10 (V)  Node1906_Auto_897::MIPI_DSI1_DATA1_P
1.005977e-10 (V)  Node1906_Auto_912::MIPI_DSI1_DATA1_P
1.005950e-10 (V)  Node1906_Auto_913::MIPI_DSI1_DATA1_P
1.005945e-10 (V)  Node1908::MIPI_DSI1_DATA1_P
1.005927e-10 (V)  Node1909::MIPI_DSI1_DATA1_P
1.005872e-10 (V)  Node1909_Auto_1757::MIPI_DSI1_DATA1_P
1.005840e-10 (V)  Node1909_Auto_1758::MIPI_DSI1_DATA1_P
1.005909e-10 (V)  Node1909_Auto_1769::MIPI_DSI1_DATA1_P
1.005161e-10 (V)  Node1911::MIPI_DSI1_DATA1_P
1.005124e-10 (V)  Node1913::MIPI_DSI1_DATA1_P
1.005045e-10 (V)  Node1915::MIPI_DSI1_DATA1_P
1.005016e-10 (V)  Node1919::MIPI_DSI1_DATA1_P
1.004711e-10 (V)  Node1922::MIPI_DSI1_DATA1_P
1.004732e-10 (V)  Node1922_Auto_111::MIPI_DSI1_DATA1_P
1.005008e-10 (V)  Node1922_Auto_112::MIPI_DSI1_DATA1_P
1.004680e-10 (V)  Node1923::MIPI_DSI1_DATA1_P
1.004650e-10 (V)  Node1924::MIPI_DSI1_DATA1_P
1.004619e-10 (V)  Node1925::MIPI_DSI1_DATA1_P
1.004467e-10 (V)  Node1930::MIPI_DSI1_DATA1_P
1.004446e-10 (V)  Node1930_Auto_104::MIPI_DSI1_DATA1_P
1.004170e-10 (V)  Node1930_Auto_94::MIPI_DSI1_DATA1_P
1.004167e-10 (V)  Node1933::MIPI_DSI1_DATA1_P
1.004139e-10 (V)  Node1936::MIPI_DSI1_DATA1_P
1.004118e-10 (V)  Node1938::MIPI_DSI1_DATA1_P
1.004089e-10 (V)  Node1942::MIPI_DSI1_DATA1_P
1.003759e-10 (V)  Node1945::MIPI_DSI1_DATA1_P
1.003805e-10 (V)  Node1945_Auto_106::MIPI_DSI1_DATA1_P
1.003779e-10 (V)  Node1945_Auto_113::MIPI_DSI1_DATA1_P
1.004081e-10 (V)  Node1945_Auto_95::MIPI_DSI1_DATA1_P
1.003515e-10 (V)  Node1953::MIPI_DSI1_DATA1_P
1.003193e-10 (V)  Node1953_Auto_103::MIPI_DSI1_DATA1_P
1.003470e-10 (V)  Node1953_Auto_109::MIPI_DSI1_DATA1_P
1.003185e-10 (V)  Node1956::MIPI_DSI1_DATA1_P
1.003162e-10 (V)  Node1959::MIPI_DSI1_DATA1_P
1.003116e-10 (V)  Node1961::MIPI_DSI1_DATA1_P
1.003080e-10 (V)  Node1963::MIPI_DSI1_DATA1_P
1.003029e-10 (V)  Node1963_Auto_601::MIPI_DSI1_DATA1_P
1.002738e-10 (V)  Node1965::MIPI_DSI1_DATA1_P
1.002752e-10 (V)  Node1965_Auto_587::MIPI_DSI1_DATA1_P
1.002781e-10 (V)  Node1965_Auto_588::MIPI_DSI1_DATA1_P
1.002811e-10 (V)  Node1965_Auto_590::MIPI_DSI1_DATA1_P
1.002702e-10 (V)  Node1967::MIPI_DSI1_DATA1_P
1.002559e-10 (V)  Node1969::MIPI_DSI1_DATA1_P
1.002519e-10 (V)  Node1973::MIPI_DSI1_DATA1_P
1.002448e-10 (V)  Node1976::MIPI_DSI1_DATA1_P
1.002367e-10 (V)  Node1984::MIPI_DSI1_DATA1_P
1.002297e-10 (V)  Node1987::MIPI_DSI1_DATA1_P
1.002215e-10 (V)  Node1995::MIPI_DSI1_DATA1_P
1.002135e-10 (V)  Node1998::MIPI_DSI1_DATA1_P
1.002145e-10 (V)  Node1998_Auto_55::MIPI_DSI1_DATA1_P
0.000000e+00 (V)  Node20!!1::HDMI_DATA2_P
1.002053e-10 (V)  Node2006::MIPI_DSI1_DATA1_P
1.002043e-10 (V)  Node2006_Auto_56::MIPI_DSI1_DATA1_P
1.001973e-10 (V)  Node2009::MIPI_DSI1_DATA1_P
1.001941e-10 (V)  Node2012::MIPI_DSI1_DATA1_P
1.001796e-10 (V)  Node2012_Auto_181::MIPI_DSI1_DATA1_P
1.001767e-10 (V)  Node2012_Auto_182::MIPI_DSI1_DATA1_P
1.001885e-10 (V)  Node2012_Auto_186::MIPI_DSI1_DATA1_P
1.001587e-10 (V)  Node2017::MIPI_DSI1_DATA1_P
1.001562e-10 (V)  Node2018::MIPI_DSI1_DATA1_P
1.001512e-10 (V)  Node2020::MIPI_DSI1_DATA1_P
1.001511e-10 (V)  Node2021::MIPI_DSI1_DATA1_P
1.001471e-10 (V)  Node2021_Auto_2544::MIPI_DSI1_DATA1_P
1.001443e-10 (V)  Node2021_Auto_2545::MIPI_DSI1_DATA1_P
1.001430e-10 (V)  Node2023::MIPI_DSI1_DATA1_P
1.001414e-10 (V)  Node2023_Auto_2475::MIPI_DSI1_DATA1_P
1.001393e-10 (V)  Node2024::MIPI_DSI1_DATA1_P
1.001360e-10 (V)  Node2024_Auto_2531::MIPI_DSI1_DATA1_P
1.001383e-10 (V)  Node2024_Auto_2533::MIPI_DSI1_DATA1_P
1.000738e-10 (V)  Node2024_Auto_2556::MIPI_DSI1_DATA1_P
1.000680e-10 (V)  Node2024_Auto_2557::MIPI_DSI1_DATA1_P
1.001334e-10 (V)  Node2024_Auto_2560::MIPI_DSI1_DATA1_P
1.001275e-10 (V)  Node2024_Auto_2561::MIPI_DSI1_DATA1_P
1.000824e-10 (V)  Node2024_Auto_2564::MIPI_DSI1_DATA1_P
1.000765e-10 (V)  Node2024_Auto_2565::MIPI_DSI1_DATA1_P
1.001164e-10 (V)  Node2024_Auto_2568::MIPI_DSI1_DATA1_P
1.001105e-10 (V)  Node2024_Auto_2569::MIPI_DSI1_DATA1_P
1.000994e-10 (V)  Node2024_Auto_2572::MIPI_DSI1_DATA1_P
1.000935e-10 (V)  Node2024_Auto_2573::MIPI_DSI1_DATA1_P
1.000596e-10 (V)  Node2024_Auto_2577::MIPI_DSI1_DATA1_P
1.000639e-10 (V)  Node2024_Auto_2591::MIPI_DSI1_DATA1_P
1.000618e-10 (V)  Node2024_Auto_2592::MIPI_DSI1_DATA1_P
1.001078e-10 (V)  Node2024_Auto_2597::MIPI_DSI1_DATA1_P
1.001020e-10 (V)  Node2024_Auto_2598::MIPI_DSI1_DATA1_P
1.000908e-10 (V)  Node2024_Auto_2603::MIPI_DSI1_DATA1_P
1.000850e-10 (V)  Node2024_Auto_2604::MIPI_DSI1_DATA1_P
1.001248e-10 (V)  Node2024_Auto_2609::MIPI_DSI1_DATA1_P
1.001190e-10 (V)  Node2024_Auto_2610::MIPI_DSI1_DATA1_P
1.000547e-10 (V)  Node2024_Auto_2618::MIPI_DSI1_DATA1_P
1.000356e-10 (V)  Node2024_Auto_2619::MIPI_DSI1_DATA1_P
1.000353e-10 (V)  Node2027::MIPI_DSI1_DATA1_P
1.000334e-10 (V)  Node2028::MIPI_DSI1_DATA1_P
1.000206e-10 (V)  Node2030::MIPI_DSI1_DATA1_P
1.000248e-10 (V)  Node2030_Auto_2482::MIPI_DSI1_DATA1_P
1.000285e-10 (V)  Node2030_Auto_2483::MIPI_DSI1_DATA1_P
1.000311e-10 (V)  Node2030_Auto_2485::MIPI_DSI1_DATA1_P
1.000230e-10 (V)  Node2030_Auto_2515::MIPI_DSI1_DATA1_P
1.000201e-10 (V)  Node2031::MIPI_DSI1_DATA1_P
1.000152e-10 (V)  Node2032::MIPI_DSI1_DATA1_P
1.000150e-10 (V)  Node2032_Auto_2179::MIPI_DSI1_DATA1_P
1.000179e-10 (V)  Node2032_Auto_2521::MIPI_DSI1_DATA1_P
1.000115e-10 (V)  Node2033::MIPI_DSI1_DATA1_P
1.000095e-10 (V)  Node2034::MIPI_DSI1_DATA1_P
1.000014e-10 (V)  Node2035!!13_Auto_2191::MIPI_DSI1_DATA1_P
1.000085e-10 (V)  Node2035!!13_Auto_2192::MIPI_DSI1_DATA1_P
2.500000e+00 (V)  Node2038::MIPI_DSI1_DATA0_N
2.500000e+00 (V)  Node2038_Auto_798::MIPI_DSI1_DATA0_N
2.500000e+00 (V)  Node2040::MIPI_DSI1_DATA0_N
2.500000e+00 (V)  Node2041::MIPI_DSI1_DATA0_N
2.500000e+00 (V)  Node2042::MIPI_DSI1_DATA0_N
2.500000e+00 (V)  Node2042_Auto_895::MIPI_DSI1_DATA0_N
2.500000e+00 (V)  Node2043::MIPI_DSI1_DATA0_N
2.500000e+00 (V)  Node2043_Auto_1755::MIPI_DSI1_DATA0_N
2.500000e+00 (V)  Node2043_Auto_1756::MIPI_DSI1_DATA0_N
2.500000e+00 (V)  Node2045::MIPI_DSI1_DATA0_N
2.500000e+00 (V)  Node2046::MIPI_DSI1_DATA0_N
2.500000e+00 (V)  Node2046_Auto_1813::MIPI_DSI1_DATA0_N
2.500000e+00 (V)  Node2048::MIPI_DSI1_DATA0_N
2.500000e+00 (V)  Node2050::MIPI_DSI1_DATA0_N
2.500000e+00 (V)  Node2050_Auto_69::MIPI_DSI1_DATA0_N
2.500000e+00 (V)  Node2058::MIPI_DSI1_DATA0_N
2.500000e+00 (V)  Node2058_Auto_64::MIPI_DSI1_DATA0_N
2.500000e+00 (V)  Node2058_Auto_65::MIPI_DSI1_DATA0_N
2.500000e+00 (V)  Node2060::MIPI_DSI1_DATA0_N
2.500000e+00 (V)  Node2063::MIPI_DSI1_DATA0_N
2.500000e+00 (V)  Node2065::MIPI_DSI1_DATA0_N
2.500000e+00 (V)  Node2067::MIPI_DSI1_DATA0_N
2.500000e+00 (V)  Node2067_Auto_60::MIPI_DSI1_DATA0_N
2.500000e+00 (V)  Node2072::MIPI_DSI1_DATA0_N
2.500000e+00 (V)  Node2073::MIPI_DSI1_DATA0_N
2.500000e+00 (V)  Node2074::MIPI_DSI1_DATA0_N
2.500000e+00 (V)  Node2075::MIPI_DSI1_DATA0_N
2.500000e+00 (V)  Node2075_Auto_63::MIPI_DSI1_DATA0_N
2.500000e+00 (V)  Node2077::MIPI_DSI1_DATA0_N
2.500000e+00 (V)  Node2080::MIPI_DSI1_DATA0_N
2.500000e+00 (V)  Node2080_Auto_377::MIPI_DSI1_DATA0_N
2.500000e+00 (V)  Node2080_Auto_379::MIPI_DSI1_DATA0_N
2.500000e+00 (V)  Node2082::MIPI_DSI1_DATA0_N
2.500000e+00 (V)  Node2083::MIPI_DSI1_DATA0_N
2.500000e+00 (V)  Node2092::MIPI_DSI1_DATA0_N
2.500000e+00 (V)  Node2092_Auto_2136::MIPI_DSI1_DATA0_N
2.500000e+00 (V)  Node2092_Auto_2138::MIPI_DSI1_DATA0_N
2.500000e+00 (V)  Node2094::MIPI_DSI1_DATA0_N
2.500000e+00 (V)  Node2095::MIPI_DSI1_DATA0_N
2.500000e+00 (V)  Node2095_Auto_2139::MIPI_DSI1_DATA0_N
2.500000e+00 (V)  Node2098::MIPI_DSI1_DATA0_N
0.000000e+00 (V)  Node21!!10::HDMI_DATA2_P
2.500000e+00 (V)  Node2101::MIPI_DSI1_DATA0_N
2.500000e+00 (V)  Node2101_Auto_2157::MIPI_DSI1_DATA0_N
2.500000e+00 (V)  Node2101_Auto_2158::MIPI_DSI1_DATA0_N
2.500000e+00 (V)  Node2101_Auto_2166::MIPI_DSI1_DATA0_N
2.500000e+00 (V)  Node2104::MIPI_DSI1_DATA0_N
2.500000e+00 (V)  Node2112::MIPI_DSI1_DATA0_N
2.500000e+00 (V)  Node2115::MIPI_DSI1_DATA0_N
2.500000e+00 (V)  Node2115_Auto_2146::MIPI_DSI1_DATA0_N
2.500000e+00 (V)  Node2115_Auto_2152::MIPI_DSI1_DATA0_N
2.500000e+00 (V)  Node2115_Auto_2164::MIPI_DSI1_DATA0_N
2.500000e+00 (V)  Node2123::MIPI_DSI1_DATA0_N
2.500000e+00 (V)  Node2123_Auto_2145::MIPI_DSI1_DATA0_N
2.500000e+00 (V)  Node2123_Auto_2153::MIPI_DSI1_DATA0_N
2.500000e+00 (V)  Node2126::MIPI_DSI1_DATA0_N
2.500000e+00 (V)  Node2134::MIPI_DSI1_DATA0_N
2.500000e+00 (V)  Node2137::MIPI_DSI1_DATA0_N
2.500000e+00 (V)  Node2137_Auto_2143::MIPI_DSI1_DATA0_N
2.500000e+00 (V)  Node2137_Auto_2156::MIPI_DSI1_DATA0_N
2.500000e+00 (V)  Node2142::MIPI_DSI1_DATA0_N
2.500000e+00 (V)  Node2142_Auto_2167::MIPI_DSI1_DATA0_N
2.500000e+00 (V)  Node2142_Auto_2168::MIPI_DSI1_DATA0_N
2.500000e+00 (V)  Node2144::MIPI_DSI1_DATA0_N
2.500000e+00 (V)  Node2147::MIPI_DSI1_DATA0_N
2.500000e+00 (V)  Node2147_Auto_2173::MIPI_DSI1_DATA0_N
2.500000e+00 (V)  Node2150::MIPI_DSI1_DATA0_N
2.500000e+00 (V)  Node2151::MIPI_DSI1_DATA0_N
2.500000e+00 (V)  Node2153::MIPI_DSI1_DATA0_N
2.500000e+00 (V)  Node2154::MIPI_DSI1_DATA0_N
2.500000e+00 (V)  Node2155::MIPI_DSI1_DATA0_N
2.500000e+00 (V)  Node2157::MIPI_DSI1_DATA0_N
2.500000e+00 (V)  Node2157_Auto_2175::MIPI_DSI1_DATA0_N
2.500000e+00 (V)  Node2157_Auto_2178::MIPI_DSI1_DATA0_N
2.500000e+00 (V)  Node2160::MIPI_DSI1_DATA0_N
2.500000e+00 (V)  Node2162::MIPI_DSI1_DATA0_N
2.500000e+00 (V)  Node2162_Auto_2631::MIPI_DSI1_DATA0_N
2.500000e+00 (V)  Node2162_Auto_2632::MIPI_DSI1_DATA0_N
2.500000e+00 (V)  Node2163::MIPI_DSI1_DATA0_N
2.500000e+00 (V)  Node2164::MIPI_DSI1_DATA0_N
2.500000e+00 (V)  Node2164_Auto_2502::MIPI_DSI1_DATA0_N
2.500000e+00 (V)  Node2164_Auto_2503::MIPI_DSI1_DATA0_N
2.500000e+00 (V)  Node2164_Auto_2504::MIPI_DSI1_DATA0_N
2.500000e+00 (V)  Node2164_Auto_2505::MIPI_DSI1_DATA0_N
2.500000e+00 (V)  Node2165!!18_Auto_2187::MIPI_DSI1_DATA0_N
2.500000e+00 (V)  Node2165!!18_Auto_2188::MIPI_DSI1_DATA0_N
1.004187e-10 (V)  Node2168::MIPI_DSI1_DATA0_P
1.004160e-10 (V)  Node2168_Auto_2137::MIPI_DSI1_DATA0_P
1.004073e-10 (V)  Node2170::MIPI_DSI1_DATA0_P
1.004055e-10 (V)  Node2171::MIPI_DSI1_DATA0_P
1.004050e-10 (V)  Node2171_Auto_2140::MIPI_DSI1_DATA0_P
1.003896e-10 (V)  Node2171_Auto_2141::MIPI_DSI1_DATA0_P
1.003886e-10 (V)  Node2174::MIPI_DSI1_DATA0_P
1.003802e-10 (V)  Node2177::MIPI_DSI1_DATA0_P
1.003774e-10 (V)  Node2177_Auto_2150::MIPI_DSI1_DATA0_P
1.003379e-10 (V)  Node2177_Auto_2151::MIPI_DSI1_DATA0_P
1.003259e-10 (V)  Node2180::MIPI_DSI1_DATA0_P
1.003177e-10 (V)  Node2188::MIPI_DSI1_DATA0_P
1.002636e-10 (V)  Node2191::MIPI_DSI1_DATA0_P
1.003057e-10 (V)  Node2191_Auto_2148::MIPI_DSI1_DATA0_P
1.002662e-10 (V)  Node2191_Auto_2149::MIPI_DSI1_DATA0_P
1.002367e-10 (V)  Node2199::MIPI_DSI1_DATA0_P
1.002363e-10 (V)  Node2199_Auto_2159::MIPI_DSI1_DATA0_P
1.002338e-10 (V)  Node2199_Auto_2161::MIPI_DSI1_DATA0_P
0.000000e+00 (V)  Node22!!D1::HDMI_DATA0_P
1.001943e-10 (V)  Node2202::MIPI_DSI1_DATA0_P
1.001862e-10 (V)  Node2210::MIPI_DSI1_DATA0_P
1.001438e-10 (V)  Node2213::MIPI_DSI1_DATA0_P
1.001441e-10 (V)  Node2213_Auto_2160::MIPI_DSI1_DATA0_P
1.001467e-10 (V)  Node2213_Auto_2162::MIPI_DSI1_DATA0_P
1.001317e-10 (V)  Node2218::MIPI_DSI1_DATA0_P
1.000970e-10 (V)  Node2220::MIPI_DSI1_DATA0_P
1.000947e-10 (V)  Node2223::MIPI_DSI1_DATA0_P
1.000920e-10 (V)  Node2223_Auto_2174::MIPI_DSI1_DATA0_P
1.000910e-10 (V)  Node2226::MIPI_DSI1_DATA0_P
1.000882e-10 (V)  Node2227::MIPI_DSI1_DATA0_P
1.000871e-10 (V)  Node2227_Auto_2171::MIPI_DSI1_DATA0_P
1.000851e-10 (V)  Node2227_Auto_2172::MIPI_DSI1_DATA0_P
1.000824e-10 (V)  Node2229::MIPI_DSI1_DATA0_P
1.000797e-10 (V)  Node2229_Auto_2471::MIPI_DSI1_DATA0_P
1.000773e-10 (V)  Node2229_Auto_2472::MIPI_DSI1_DATA0_P
1.000731e-10 (V)  Node2230::MIPI_DSI1_DATA0_P
1.000715e-10 (V)  Node2230_Auto_2169::MIPI_DSI1_DATA0_P
1.000683e-10 (V)  Node2230_Auto_2170::MIPI_DSI1_DATA0_P
1.000667e-10 (V)  Node2231::MIPI_DSI1_DATA0_P
1.000499e-10 (V)  Node2233::MIPI_DSI1_DATA0_P
1.000598e-10 (V)  Node2233_Auto_2176::MIPI_DSI1_DATA0_P
1.000625e-10 (V)  Node2233_Auto_2177::MIPI_DSI1_DATA0_P
1.000469e-10 (V)  Node2236::MIPI_DSI1_DATA0_P
1.000234e-10 (V)  Node2238::MIPI_DSI1_DATA0_P
1.000258e-10 (V)  Node2238_Auto_2506::MIPI_DSI1_DATA0_P
1.000229e-10 (V)  Node2239::MIPI_DSI1_DATA0_P
1.000129e-10 (V)  Node2240::MIPI_DSI1_DATA0_P
1.000164e-10 (V)  Node2240_Auto_2498::MIPI_DSI1_DATA0_P
1.000204e-10 (V)  Node2240_Auto_2501::MIPI_DSI1_DATA0_P
1.000092e-10 (V)  Node2242::MIPI_DSI1_DATA0_P
1.000014e-10 (V)  Node2243!!17_Auto_2185::MIPI_DSI1_DATA0_P
1.000085e-10 (V)  Node2243!!17_Auto_2186::MIPI_DSI1_DATA0_P
1.006073e-10 (V)  Node2247::MIPI_DSI1_DATA0_P
1.005970e-10 (V)  Node2248::MIPI_DSI1_DATA0_P
1.005967e-10 (V)  Node2249::MIPI_DSI1_DATA0_P
1.005932e-10 (V)  Node2250::MIPI_DSI1_DATA0_P
1.005901e-10 (V)  Node2252::MIPI_DSI1_DATA0_P
1.005890e-10 (V)  Node2253::MIPI_DSI1_DATA0_P
1.005773e-10 (V)  Node2253_Auto_1814::MIPI_DSI1_DATA0_P
1.005750e-10 (V)  Node2256::MIPI_DSI1_DATA0_P
1.005693e-10 (V)  Node2259::MIPI_DSI1_DATA0_P
1.005639e-10 (V)  Node2262::MIPI_DSI1_DATA0_P
1.005645e-10 (V)  Node2262_Auto_67::MIPI_DSI1_DATA0_P
1.005670e-10 (V)  Node2262_Auto_70::MIPI_DSI1_DATA0_P
1.005558e-10 (V)  Node2270::MIPI_DSI1_DATA0_P
1.005555e-10 (V)  Node2270_Auto_66::MIPI_DSI1_DATA0_P
1.005531e-10 (V)  Node2270_Auto_71::MIPI_DSI1_DATA0_P
1.005520e-10 (V)  Node2272::MIPI_DSI1_DATA0_P
1.005437e-10 (V)  Node2275::MIPI_DSI1_DATA0_P
1.005417e-10 (V)  Node2275_Auto_55::MIPI_DSI1_DATA0_P
1.005368e-10 (V)  Node2275_Auto_56::MIPI_DSI1_DATA0_P
1.005363e-10 (V)  Node2277::MIPI_DSI1_DATA0_P
1.005288e-10 (V)  Node2281::MIPI_DSI1_DATA0_P
1.005234e-10 (V)  Node2284::MIPI_DSI1_DATA0_P
1.005240e-10 (V)  Node2284_Auto_58::MIPI_DSI1_DATA0_P
1.005264e-10 (V)  Node2284_Auto_61::MIPI_DSI1_DATA0_P
1.005153e-10 (V)  Node2292::MIPI_DSI1_DATA0_P
1.005150e-10 (V)  Node2292_Auto_57::MIPI_DSI1_DATA0_P
1.005126e-10 (V)  Node2292_Auto_62::MIPI_DSI1_DATA0_P
1.005115e-10 (V)  Node2294::MIPI_DSI1_DATA0_P
1.005032e-10 (V)  Node2297::MIPI_DSI1_DATA0_P
1.005012e-10 (V)  Node2297_Auto_378::MIPI_DSI1_DATA0_P
0.000000e+00 (V)  Node23!!1::HDMI_DATA0_P
1.004814e-10 (V)  Node2300::MIPI_DSI1_DATA0_P
1.004784e-10 (V)  Node2303::MIPI_DSI1_DATA0_P
1.004694e-10 (V)  Node2306::MIPI_DSI1_DATA0_P
1.004696e-10 (V)  Node2306_Auto_369::MIPI_DSI1_DATA0_P
1.004758e-10 (V)  Node2306_Auto_370::MIPI_DSI1_DATA0_P
1.004613e-10 (V)  Node2314::MIPI_DSI1_DATA0_P
1.004552e-10 (V)  Node2317::MIPI_DSI1_DATA0_P
1.004482e-10 (V)  Node2320::MIPI_DSI1_DATA0_P
1.004430e-10 (V)  Node2322::MIPI_DSI1_DATA0_P
1.004392e-10 (V)  Node2323::MIPI_DSI1_DATA0_P
0.000000e+00 (V)  Node2327!!5::MIPI_DSI0_CLK_N
0.000000e+00 (V)  Node24!!7::HDMI_DATA0_P
0.000000e+00 (V)  Node2417!!1::MIPI_DSI0_DATA3_N
0.000000e+00 (V)  Node2474!!9::MIPI_DSI0_DATA2_N
0.000000e+00 (V)  Node2495!!7::MIPI_DSI0_DATA1_N
0.000000e+00 (V)  Node25!!10::HDMI_DATA0_P
0.000000e+00 (V)  Node26!!E1::HDMI_DATA1_P
0.000000e+00 (V)  Node2642!!3::MIPI_DSI0_DATA0_N
0.000000e+00 (V)  Node27!!4::HDMI_DATA1_P
0.000000e+00 (V)  Node270!!K9::N284871
0.000000e+00 (V)  Node273!!K2::N284174
0.000000e+00 (V)  Node275!!K1::N284159
0.000000e+00 (V)  Node277!!J1::N284077
0.000000e+00 (V)  Node2788!!6::MIPI_DSI0_CLK_P
0.000000e+00 (V)  Node279!!19::HDP
0.000000e+00 (V)  Node28!!4::HDMI_DATA1_P
0.000000e+00 (V)  Node282!!B3::SDA
0.000000e+00 (V)  Node283!!16::SDA
0.000000e+00 (V)  Node288!!15::SCL
0.000000e+00 (V)  Node29!!7::HDMI_DATA1_P
0.000000e+00 (V)  Node290!!A3::SCL
0.000000e+00 (V)  Node2947!!2::MIPI_DSI0_DATA3_P
0.000000e+00 (V)  Node30!!D2::HDMI_DATA0_N
0.000000e+00 (V)  Node3002!!10::MIPI_DSI0_DATA2_P
0.000000e+00 (V)  Node3030!!8::MIPI_DSI0_DATA1_P
0.000000e+00 (V)  Node307!!A1::N27399713
0.000000e+00 (V)  Node31!!2::HDMI_DATA0_N
0.000000e+00 (V)  Node319!!A2::N279408
0.000000e+00 (V)  Node32!!9::HDMI_DATA0_N
0.000000e+00 (V)  Node320!!A4::N2739972
0.000000e+00 (V)  Node33!!9::HDMI_DATA0_N
0.000000e+00 (V)  Node337!!14
0.000000e+00 (V)  Node338!!13
0.000000e+00 (V)  Node34!!C1::HDMI_CLK_P
0.000000e+00 (V)  Node341!!G6
0.000000e+00 (V)  Node3411!!4::MIPI_DSI0_DATA0_P
0.000000e+00 (V)  Node342!!J2
0.000000e+00 (V)  Node343!!K5
0.000000e+00 (V)  Node344!!J5
0.000000e+00 (V)  Node345!!J6
0.000000e+00 (V)  Node346!!J8
0.000000e+00 (V)  Node347!!J9
0.000000e+00 (V)  Node348!!K7
0.000000e+00 (V)  Node349!!J4
0.000000e+00 (V)  Node35!!4::HDMI_CLK_P
0.000000e+00 (V)  Node36!!7::HDMI_CLK_P
0.000000e+00 (V)  Node37!!10::HDMI_CLK_P
0.000000e+00 (V)  Node38!!E2::HDMI_DATA1_N
0.000000e+00 (V)  Node39!!5::HDMI_DATA1_N
0.000000e+00 (V)  Node40!!6::HDMI_DATA1_N
0.000000e+00 (V)  Node4007!!32::PWM
0.000000e+00 (V)  Node4066!!29::RESX
0.000000e+00 (V)  Node41!!6::HDMI_DATA1_N
0.000000e+00 (V)  Node42!!C2::HDMI_CLK_N
0.000000e+00 (V)  Node4274!!20::N271809
0.000000e+00 (V)  Node4275!!21::N271809
0.000000e+00 (V)  Node4276!!22::N271809
0.000000e+00 (V)  Node4281!!23::N271809
0.000000e+00 (V)  Node43!!5::HDMI_CLK_N
0.000000e+00 (V)  Node44!!12::HDMI_CLK_N
0.000000e+00 (V)  Node45!!6::HDMI_CLK_N
0.000000e+00 (V)  Node4737!!2::HDP
0.000000e+00 (V)  Node4774!!39::VCC_LED_AB
0.000000e+00 (V)  Node4775!!40::VCC_LED_AB
0.000000e+00 (V)  Node4783!!1::N2739972
0.000000e+00 (V)  Node4785!!P4
0.000000e+00 (V)  Node4786!!P3
0.000000e+00 (V)  Node4787!!P2
0.000000e+00 (V)  Node4788!!P1
0.000000e+00 (V)  Node4789!!31
0.000000e+00 (V)  Node4790!!30
2.500000e+00 (V)  Node64!!A7_Auto_794::MIPI_DSI1_CLK_P
1.006206e-10 (V)  Node68!!A6_Auto_792::MIPI_DSI1_DATA2_P
1.001191e-10 (V)  Node886::MIPI_DSI1_CLK_N
1.001354e-10 (V)  Node888::MIPI_DSI1_CLK_N
1.001391e-10 (V)  Node890::MIPI_DSI1_CLK_N
1.001396e-10 (V)  Node890_Auto_515::MIPI_DSI1_CLK_N
1.001689e-10 (V)  Node890_Auto_516::MIPI_DSI1_CLK_N
1.001699e-10 (V)  Node893::MIPI_DSI1_CLK_N
1.001738e-10 (V)  Node894::MIPI_DSI1_CLK_N
1.001748e-10 (V)  Node894_Auto_513::MIPI_DSI1_CLK_N
1.001809e-10 (V)  Node896::MIPI_DSI1_CLK_N
0.000000e+00 (V)  Node9!!18::VCC_HDMIRX_IN
1.002026e-10 (V)  Node906::MIPI_DSI1_CLK_N
1.002036e-10 (V)  Node906_Auto_574::MIPI_DSI1_CLK_N
1.002184e-10 (V)  Node908::MIPI_DSI1_CLK_N
1.002207e-10 (V)  Node908_Auto_526::MIPI_DSI1_CLK_N
1.002212e-10 (V)  Node909::MIPI_DSI1_CLK_N
1.002292e-10 (V)  Node909_Auto_565::MIPI_DSI1_CLK_N
1.002218e-10 (V)  Node909_Auto_566::MIPI_DSI1_CLK_N
1.002325e-10 (V)  Node911::MIPI_DSI1_CLK_N
1.002400e-10 (V)  Node919::MIPI_DSI1_CLK_N
1.002728e-10 (V)  Node922::MIPI_DSI1_CLK_N
1.002530e-10 (V)  Node922_Auto_517::MIPI_DSI1_CLK_N
1.002508e-10 (V)  Node922_Auto_518::MIPI_DSI1_CLK_N
1.002434e-10 (V)  Node922_Auto_564::MIPI_DSI1_CLK_N
1.002678e-10 (V)  Node922_Auto_576::MIPI_DSI1_CLK_N
1.002706e-10 (V)  Node922_Auto_583::MIPI_DSI1_CLK_N
1.002964e-10 (V)  Node931::MIPI_DSI1_CLK_N
1.003174e-10 (V)  Node931_Auto_523::MIPI_DSI1_CLK_N
1.003197e-10 (V)  Node931_Auto_524::MIPI_DSI1_CLK_N
1.003271e-10 (V)  Node931_Auto_554::MIPI_DSI1_CLK_N
1.003292e-10 (V)  Node931_Auto_556::MIPI_DSI1_CLK_N
1.003027e-10 (V)  Node931_Auto_579::MIPI_DSI1_CLK_N
1.002999e-10 (V)  Node931_Auto_582::MIPI_DSI1_CLK_N
1.003298e-10 (V)  Node934::MIPI_DSI1_CLK_N
1.003373e-10 (V)  Node942::MIPI_DSI1_CLK_N
1.003424e-10 (V)  Node945::MIPI_DSI1_CLK_N
1.003404e-10 (V)  Node945_Auto_545::MIPI_DSI1_CLK_N
1.003382e-10 (V)  Node945_Auto_549::MIPI_DSI1_CLK_N
1.003782e-10 (V)  Node960::MIPI_DSI1_CLK_N
1.003925e-10 (V)  Node962::MIPI_DSI1_CLK_N
1.003887e-10 (V)  Node962_Auto_593::MIPI_DSI1_CLK_N
1.003850e-10 (V)  Node962_Auto_594::MIPI_DSI1_CLK_N
1.003835e-10 (V)  Node962_Auto_604::MIPI_DSI1_CLK_N
1.003784e-10 (V)  Node962_Auto_605::MIPI_DSI1_CLK_N
1.004725e-10 (V)  Node964::MIPI_DSI1_CLK_N
1.004329e-10 (V)  Node964_Auto_1737::MIPI_DSI1_CLK_N
1.004308e-10 (V)  Node964_Auto_1738::MIPI_DSI1_CLK_N
1.004567e-10 (V)  Node964_Auto_1745::MIPI_DSI1_CLK_N
1.004540e-10 (V)  Node964_Auto_1746::MIPI_DSI1_CLK_N
1.004280e-10 (V)  Node964_Auto_1752::MIPI_DSI1_CLK_N
1.004361e-10 (V)  Node964_Auto_1766::MIPI_DSI1_CLK_N
1.004026e-10 (V)  Node964_Auto_1775::MIPI_DSI1_CLK_N
1.003988e-10 (V)  Node964_Auto_1776::MIPI_DSI1_CLK_N
1.003952e-10 (V)  Node964_Auto_1781::MIPI_DSI1_CLK_N
1.004693e-10 (V)  Node964_Auto_1789::MIPI_DSI1_CLK_N
1.004661e-10 (V)  Node964_Auto_1790::MIPI_DSI1_CLK_N
1.004072e-10 (V)  Node964_Auto_1801::MIPI_DSI1_CLK_N
1.004093e-10 (V)  Node964_Auto_1805::MIPI_DSI1_CLK_N
1.004646e-10 (V)  Node964_Auto_1810::MIPI_DSI1_CLK_N
1.004763e-10 (V)  Node965::MIPI_DSI1_CLK_N
1.005648e-10 (V)  Node967::MIPI_DSI1_CLK_N
1.005539e-10 (V)  Node967_Auto_1763::MIPI_DSI1_CLK_N
1.005508e-10 (V)  Node967_Auto_1764::MIPI_DSI1_CLK_N
1.005576e-10 (V)  Node967_Auto_1772::MIPI_DSI1_CLK_N
1.005617e-10 (V)  Node967_Auto_1798::MIPI_DSI1_CLK_N
1.004828e-10 (V)  Node967_Auto_1830::MIPI_DSI1_CLK_N
1.004769e-10 (V)  Node967_Auto_1832::MIPI_DSI1_CLK_N
1.005686e-10 (V)  Node968::MIPI_DSI1_CLK_N
1.005724e-10 (V)  Node969::MIPI_DSI1_CLK_N
1.005940e-10 (V)  Node971::MIPI_DSI1_CLK_N
1.005836e-10 (V)  Node971_Auto_902::MIPI_DSI1_CLK_N
1.005801e-10 (V)  Node971_Auto_903::MIPI_DSI1_CLK_N
1.005785e-10 (V)  Node971_Auto_918::MIPI_DSI1_CLK_N
1.005758e-10 (V)  Node971_Auto_919::MIPI_DSI1_CLK_N
1.005753e-10 (V)  Node971_Auto_928::MIPI_DSI1_CLK_N
1.005729e-10 (V)  Node971_Auto_929::MIPI_DSI1_CLK_N
1.006177e-10 (V)  Node972::MIPI_DSI1_CLK_N
1.006092e-10 (V)  Node972_Auto_793::MIPI_DSI1_CLK_N
1.000014e-10 (V)  Node973!!16_Auto_2184::MIPI_DSI1_CLK_N
1.000085e-10 (V)  Node974::MIPI_DSI1_CLK_N
1.000122e-10 (V)  Node976::MIPI_DSI1_CLK_N
1.000139e-10 (V)  Node976_Auto_2491::MIPI_DSI1_CLK_N
1.000162e-10 (V)  Node976_Auto_2492::MIPI_DSI1_CLK_N
1.000217e-10 (V)  Node976_Auto_2496::MIPI_DSI1_CLK_N
1.000182e-10 (V)  Node976_Auto_2497::MIPI_DSI1_CLK_N
1.000257e-10 (V)  Node978::MIPI_DSI1_CLK_N
1.000594e-10 (V)  Node980::MIPI_DSI1_CLK_N
1.000572e-10 (V)  Node980_Auto_2585::MIPI_DSI1_CLK_N
1.000332e-10 (V)  Node980_Auto_2625::MIPI_DSI1_CLK_N
1.000284e-10 (V)  Node980_Auto_2626::MIPI_DSI1_CLK_N
1.000522e-10 (V)  Node980_Auto_2629::MIPI_DSI1_CLK_N
1.000612e-10 (V)  Node981::MIPI_DSI1_CLK_N
1.000760e-10 (V)  Node984::MIPI_DSI1_CLK_N
1.000724e-10 (V)  Node984_Auto_2507::MIPI_DSI1_CLK_N
1.000683e-10 (V)  Node984_Auto_2508::MIPI_DSI1_CLK_N
1.000791e-10 (V)  Node985::MIPI_DSI1_CLK_N
1.000801e-10 (V)  Node985_Auto_2549::MIPI_DSI1_CLK_N
1.000851e-10 (V)  Node985_Auto_2550::MIPI_DSI1_CLK_N
1.000933e-10 (V)  Node988::MIPI_DSI1_CLK_N
2.500000e+00 (V)  Node995::MIPI_DSI1_CLK_P
2.500000e+00 (V)  Node995_Auto_511::MIPI_DSI1_CLK_P
2.500000e+00 (V)  Node995_Auto_512::MIPI_DSI1_CLK_P
2.500000e+00 (V)  Node998::MIPI_DSI1_CLK_P
2.500000e+00 (V)  Node999::MIPI_DSI1_CLK_P
2.500000e+00 (V)  Node999_Auto_514::MIPI_DSI1_CLK_P
2.500000e+00 (V)  Trace1058#BP0::MIPI_DSI1_DATA2_N
2.500000e+00 (V)  Trace1063#BP0::MIPI_DSI1_DATA2_N
2.500000e+00 (V)  Trace1067#BP0::MIPI_DSI1_DATA2_N
2.500000e+00 (V)  Trace1067#BP1::MIPI_DSI1_DATA2_N
2.500000e+00 (V)  Trace1067#BP1_Auto_2473::MIPI_DSI1_DATA2_N
2.500000e+00 (V)  Trace1067#BP1_Auto_2474::MIPI_DSI1_DATA2_N
2.500000e+00 (V)  Trace1067#BP1_Auto_2540::MIPI_DSI1_DATA2_N
2.500000e+00 (V)  Trace1067#BP1_Auto_2541::MIPI_DSI1_DATA2_N
2.500000e+00 (V)  Trace1067#BP1_Auto_2548::MIPI_DSI1_DATA2_N
1.005180e-10 (V)  Trace1208#BP0::MIPI_DSI1_DATA2_P
1.005180e-10 (V)  Trace1208#BP1::MIPI_DSI1_DATA2_P
1.005177e-10 (V)  Trace1208#BP1_Auto_2872::MIPI_DSI1_DATA2_P
1.003138e-10 (V)  Trace1262#BP0::MIPI_DSI1_DATA2_P
1.003102e-10 (V)  Trace1262#BP1::MIPI_DSI1_DATA2_P
1.002339e-10 (V)  Trace1286#BP0::MIPI_DSI1_DATA2_P
1.002282e-10 (V)  Trace1290#BP0::MIPI_DSI1_DATA2_P
1.002230e-10 (V)  Trace1294#BP0::MIPI_DSI1_DATA2_P
1.002056e-10 (V)  Trace1304#BP0::MIPI_DSI1_DATA2_P
1.001764e-10 (V)  Trace1666#BP0::MIPI_DSI1_DATA1_P
1.001738e-10 (V)  Trace1666#BP0_Auto_160::MIPI_DSI1_DATA1_P
2.500000e+00 (V)  Trace1755#BP0::MIPI_DSI1_DATA0_N
2.500000e+00 (V)  Trace1756#BP0::MIPI_DSI1_DATA0_N
2.500000e+00 (V)  Trace1761#BP0::MIPI_DSI1_DATA0_N
2.500000e+00 (V)  Trace1762#BP0::MIPI_DSI1_DATA0_N
1.004200e-10 (V)  Trace1816#BP0::MIPI_DSI1_DATA0_P
0.000000e+00 (V)  X_C80.Xpartial.X_SpeedXP_auto_CAP_NP_C0603_100N_100N_C80_C80.nd_en_2
1.000000e-10 (V)  X_CH1.Xpartial.X_SpeedXP_auto_WP7B-P040VA1-R8000_WP7B-P040VA1-R8000_WP7B-P040VA1-R8000_WP7B-P040VA1-R8000_CH1.B_SpeedXP_auto_11.Output0
1.000000e-10 (V)  X_CH1.Xpartial.X_SpeedXP_auto_WP7B-P040VA1-R8000_WP7B-P040VA1-R8000_WP7B-P040VA1-R8000_WP7B-P040VA1-R8000_CH1.B_SpeedXP_auto_11.Output1
2.500000e+00 (V)  X_CH1.Xpartial.X_SpeedXP_auto_WP7B-P040VA1-R8000_WP7B-P040VA1-R8000_WP7B-P040VA1-R8000_WP7B-P040VA1-R8000_CH1.B_SpeedXP_auto_12.Output0
2.500000e+00 (V)  X_CH1.Xpartial.X_SpeedXP_auto_WP7B-P040VA1-R8000_WP7B-P040VA1-R8000_WP7B-P040VA1-R8000_WP7B-P040VA1-R8000_CH1.B_SpeedXP_auto_12.Output1
1.000000e-10 (V)  X_CH1.Xpartial.X_SpeedXP_auto_WP7B-P040VA1-R8000_WP7B-P040VA1-R8000_WP7B-P040VA1-R8000_WP7B-P040VA1-R8000_CH1.B_SpeedXP_auto_13.Output0
1.000000e-10 (V)  X_CH1.Xpartial.X_SpeedXP_auto_WP7B-P040VA1-R8000_WP7B-P040VA1-R8000_WP7B-P040VA1-R8000_WP7B-P040VA1-R8000_CH1.B_SpeedXP_auto_13.Output1
2.500000e+00 (V)  X_CH1.Xpartial.X_SpeedXP_auto_WP7B-P040VA1-R8000_WP7B-P040VA1-R8000_WP7B-P040VA1-R8000_WP7B-P040VA1-R8000_CH1.B_SpeedXP_auto_14.Output0
2.500000e+00 (V)  X_CH1.Xpartial.X_SpeedXP_auto_WP7B-P040VA1-R8000_WP7B-P040VA1-R8000_WP7B-P040VA1-R8000_WP7B-P040VA1-R8000_CH1.B_SpeedXP_auto_14.Output1
2.500000e+00 (V)  X_CH1.Xpartial.X_SpeedXP_auto_WP7B-P040VA1-R8000_WP7B-P040VA1-R8000_WP7B-P040VA1-R8000_WP7B-P040VA1-R8000_CH1.B_SpeedXP_auto_15.Output0
2.500000e+00 (V)  X_CH1.Xpartial.X_SpeedXP_auto_WP7B-P040VA1-R8000_WP7B-P040VA1-R8000_WP7B-P040VA1-R8000_WP7B-P040VA1-R8000_CH1.B_SpeedXP_auto_15.Output1
1.000000e-10 (V)  X_CH1.Xpartial.X_SpeedXP_auto_WP7B-P040VA1-R8000_WP7B-P040VA1-R8000_WP7B-P040VA1-R8000_WP7B-P040VA1-R8000_CH1.B_SpeedXP_auto_16.Output0
1.000000e-10 (V)  X_CH1.Xpartial.X_SpeedXP_auto_WP7B-P040VA1-R8000_WP7B-P040VA1-R8000_WP7B-P040VA1-R8000_WP7B-P040VA1-R8000_CH1.B_SpeedXP_auto_16.Output1
1.000000e-10 (V)  X_CH1.Xpartial.X_SpeedXP_auto_WP7B-P040VA1-R8000_WP7B-P040VA1-R8000_WP7B-P040VA1-R8000_WP7B-P040VA1-R8000_CH1.B_SpeedXP_auto_17.Output0
1.000000e-10 (V)  X_CH1.Xpartial.X_SpeedXP_auto_WP7B-P040VA1-R8000_WP7B-P040VA1-R8000_WP7B-P040VA1-R8000_WP7B-P040VA1-R8000_CH1.B_SpeedXP_auto_17.Output1
2.500000e+00 (V)  X_CH1.Xpartial.X_SpeedXP_auto_WP7B-P040VA1-R8000_WP7B-P040VA1-R8000_WP7B-P040VA1-R8000_WP7B-P040VA1-R8000_CH1.B_SpeedXP_auto_18.Output0
2.500000e+00 (V)  X_CH1.Xpartial.X_SpeedXP_auto_WP7B-P040VA1-R8000_WP7B-P040VA1-R8000_WP7B-P040VA1-R8000_WP7B-P040VA1-R8000_CH1.B_SpeedXP_auto_18.Output1
1.000000e-10 (V)  X_CH1.Xpartial.X_SpeedXP_auto_WP7B-P040VA1-R8000_WP7B-P040VA1-R8000_WP7B-P040VA1-R8000_WP7B-P040VA1-R8000_CH1.B_SpeedXP_auto_19.Output0
1.000000e-10 (V)  X_CH1.Xpartial.X_SpeedXP_auto_WP7B-P040VA1-R8000_WP7B-P040VA1-R8000_WP7B-P040VA1-R8000_WP7B-P040VA1-R8000_CH1.B_SpeedXP_auto_19.Output1
2.500000e+00 (V)  X_CH1.Xpartial.X_SpeedXP_auto_WP7B-P040VA1-R8000_WP7B-P040VA1-R8000_WP7B-P040VA1-R8000_WP7B-P040VA1-R8000_CH1.B_SpeedXP_auto_20.Output0
2.500000e+00 (V)  X_CH1.Xpartial.X_SpeedXP_auto_WP7B-P040VA1-R8000_WP7B-P040VA1-R8000_WP7B-P040VA1-R8000_WP7B-P040VA1-R8000_CH1.B_SpeedXP_auto_20.Output1
1.000000e+00 (V)  X_CH1.Xpartial.X_SpeedXP_auto_WP7B-P040VA1-R8000_WP7B-P040VA1-R8000_WP7B-P040VA1-R8000_WP7B-P040VA1-R8000_CH1.nd_en_1
1.000000e+00 (V)  X_CH1.Xpartial.X_SpeedXP_auto_WP7B-P040VA1-R8000_WP7B-P040VA1-R8000_WP7B-P040VA1-R8000_WP7B-P040VA1-R8000_CH1.nd_en_10
1.000000e+00 (V)  X_CH1.Xpartial.X_SpeedXP_auto_WP7B-P040VA1-R8000_WP7B-P040VA1-R8000_WP7B-P040VA1-R8000_WP7B-P040VA1-R8000_CH1.nd_en_11
1.000000e+00 (V)  X_CH1.Xpartial.X_SpeedXP_auto_WP7B-P040VA1-R8000_WP7B-P040VA1-R8000_WP7B-P040VA1-R8000_WP7B-P040VA1-R8000_CH1.nd_en_12
1.000000e+00 (V)  X_CH1.Xpartial.X_SpeedXP_auto_WP7B-P040VA1-R8000_WP7B-P040VA1-R8000_WP7B-P040VA1-R8000_WP7B-P040VA1-R8000_CH1.nd_en_13
1.000000e+00 (V)  X_CH1.Xpartial.X_SpeedXP_auto_WP7B-P040VA1-R8000_WP7B-P040VA1-R8000_WP7B-P040VA1-R8000_WP7B-P040VA1-R8000_CH1.nd_en_14
1.000000e+00 (V)  X_CH1.Xpartial.X_SpeedXP_auto_WP7B-P040VA1-R8000_WP7B-P040VA1-R8000_WP7B-P040VA1-R8000_WP7B-P040VA1-R8000_CH1.nd_en_15
1.000000e+00 (V)  X_CH1.Xpartial.X_SpeedXP_auto_WP7B-P040VA1-R8000_WP7B-P040VA1-R8000_WP7B-P040VA1-R8000_WP7B-P040VA1-R8000_CH1.nd_en_16
1.000000e+00 (V)  X_CH1.Xpartial.X_SpeedXP_auto_WP7B-P040VA1-R8000_WP7B-P040VA1-R8000_WP7B-P040VA1-R8000_WP7B-P040VA1-R8000_CH1.nd_en_17
1.000000e+00 (V)  X_CH1.Xpartial.X_SpeedXP_auto_WP7B-P040VA1-R8000_WP7B-P040VA1-R8000_WP7B-P040VA1-R8000_WP7B-P040VA1-R8000_CH1.nd_en_18
1.000000e+00 (V)  X_CH1.Xpartial.X_SpeedXP_auto_WP7B-P040VA1-R8000_WP7B-P040VA1-R8000_WP7B-P040VA1-R8000_WP7B-P040VA1-R8000_CH1.nd_en_19
1.000000e+00 (V)  X_CH1.Xpartial.X_SpeedXP_auto_WP7B-P040VA1-R8000_WP7B-P040VA1-R8000_WP7B-P040VA1-R8000_WP7B-P040VA1-R8000_CH1.nd_en_2
1.000000e+00 (V)  X_CH1.Xpartial.X_SpeedXP_auto_WP7B-P040VA1-R8000_WP7B-P040VA1-R8000_WP7B-P040VA1-R8000_WP7B-P040VA1-R8000_CH1.nd_en_20
1.000000e+00 (V)  X_CH1.Xpartial.X_SpeedXP_auto_WP7B-P040VA1-R8000_WP7B-P040VA1-R8000_WP7B-P040VA1-R8000_WP7B-P040VA1-R8000_CH1.nd_en_3
1.000000e+00 (V)  X_CH1.Xpartial.X_SpeedXP_auto_WP7B-P040VA1-R8000_WP7B-P040VA1-R8000_WP7B-P040VA1-R8000_WP7B-P040VA1-R8000_CH1.nd_en_4
1.000000e+00 (V)  X_CH1.Xpartial.X_SpeedXP_auto_WP7B-P040VA1-R8000_WP7B-P040VA1-R8000_WP7B-P040VA1-R8000_WP7B-P040VA1-R8000_CH1.nd_en_5
1.000000e+00 (V)  X_CH1.Xpartial.X_SpeedXP_auto_WP7B-P040VA1-R8000_WP7B-P040VA1-R8000_WP7B-P040VA1-R8000_WP7B-P040VA1-R8000_CH1.nd_en_6
1.000000e+00 (V)  X_CH1.Xpartial.X_SpeedXP_auto_WP7B-P040VA1-R8000_WP7B-P040VA1-R8000_WP7B-P040VA1-R8000_WP7B-P040VA1-R8000_CH1.nd_en_7
1.000000e+00 (V)  X_CH1.Xpartial.X_SpeedXP_auto_WP7B-P040VA1-R8000_WP7B-P040VA1-R8000_WP7B-P040VA1-R8000_WP7B-P040VA1-R8000_CH1.nd_en_8
1.000000e+00 (V)  X_CH1.Xpartial.X_SpeedXP_auto_WP7B-P040VA1-R8000_WP7B-P040VA1-R8000_WP7B-P040VA1-R8000_WP7B-P040VA1-R8000_CH1.nd_en_9
0.000000e+00 (V)  X_CH1.Xpartial.X_SpeedXP_auto_WP7B-P040VA1-R8000_WP7B-P040VA1-R8000_WP7B-P040VA1-R8000_WP7B-P040VA1-R8000_CH1.nd_in_1
0.000000e+00 (V)  X_CH1.Xpartial.X_SpeedXP_auto_WP7B-P040VA1-R8000_WP7B-P040VA1-R8000_WP7B-P040VA1-R8000_WP7B-P040VA1-R8000_CH1.nd_in_10
0.000000e+00 (V)  X_CH1.Xpartial.X_SpeedXP_auto_WP7B-P040VA1-R8000_WP7B-P040VA1-R8000_WP7B-P040VA1-R8000_WP7B-P040VA1-R8000_CH1.nd_in_11
1.000000e+00 (V)  X_CH1.Xpartial.X_SpeedXP_auto_WP7B-P040VA1-R8000_WP7B-P040VA1-R8000_WP7B-P040VA1-R8000_WP7B-P040VA1-R8000_CH1.nd_in_12
0.000000e+00 (V)  X_CH1.Xpartial.X_SpeedXP_auto_WP7B-P040VA1-R8000_WP7B-P040VA1-R8000_WP7B-P040VA1-R8000_WP7B-P040VA1-R8000_CH1.nd_in_13
1.000000e+00 (V)  X_CH1.Xpartial.X_SpeedXP_auto_WP7B-P040VA1-R8000_WP7B-P040VA1-R8000_WP7B-P040VA1-R8000_WP7B-P040VA1-R8000_CH1.nd_in_14
1.000000e+00 (V)  X_CH1.Xpartial.X_SpeedXP_auto_WP7B-P040VA1-R8000_WP7B-P040VA1-R8000_WP7B-P040VA1-R8000_WP7B-P040VA1-R8000_CH1.nd_in_15
0.000000e+00 (V)  X_CH1.Xpartial.X_SpeedXP_auto_WP7B-P040VA1-R8000_WP7B-P040VA1-R8000_WP7B-P040VA1-R8000_WP7B-P040VA1-R8000_CH1.nd_in_16
0.000000e+00 (V)  X_CH1.Xpartial.X_SpeedXP_auto_WP7B-P040VA1-R8000_WP7B-P040VA1-R8000_WP7B-P040VA1-R8000_WP7B-P040VA1-R8000_CH1.nd_in_17
1.000000e+00 (V)  X_CH1.Xpartial.X_SpeedXP_auto_WP7B-P040VA1-R8000_WP7B-P040VA1-R8000_WP7B-P040VA1-R8000_WP7B-P040VA1-R8000_CH1.nd_in_18
0.000000e+00 (V)  X_CH1.Xpartial.X_SpeedXP_auto_WP7B-P040VA1-R8000_WP7B-P040VA1-R8000_WP7B-P040VA1-R8000_WP7B-P040VA1-R8000_CH1.nd_in_19
0.000000e+00 (V)  X_CH1.Xpartial.X_SpeedXP_auto_WP7B-P040VA1-R8000_WP7B-P040VA1-R8000_WP7B-P040VA1-R8000_WP7B-P040VA1-R8000_CH1.nd_in_2
1.000000e+00 (V)  X_CH1.Xpartial.X_SpeedXP_auto_WP7B-P040VA1-R8000_WP7B-P040VA1-R8000_WP7B-P040VA1-R8000_WP7B-P040VA1-R8000_CH1.nd_in_20
0.000000e+00 (V)  X_CH1.Xpartial.X_SpeedXP_auto_WP7B-P040VA1-R8000_WP7B-P040VA1-R8000_WP7B-P040VA1-R8000_WP7B-P040VA1-R8000_CH1.nd_in_3
0.000000e+00 (V)  X_CH1.Xpartial.X_SpeedXP_auto_WP7B-P040VA1-R8000_WP7B-P040VA1-R8000_WP7B-P040VA1-R8000_WP7B-P040VA1-R8000_CH1.nd_in_4
0.000000e+00 (V)  X_CH1.Xpartial.X_SpeedXP_auto_WP7B-P040VA1-R8000_WP7B-P040VA1-R8000_WP7B-P040VA1-R8000_WP7B-P040VA1-R8000_CH1.nd_in_5
0.000000e+00 (V)  X_CH1.Xpartial.X_SpeedXP_auto_WP7B-P040VA1-R8000_WP7B-P040VA1-R8000_WP7B-P040VA1-R8000_WP7B-P040VA1-R8000_CH1.nd_in_6
0.000000e+00 (V)  X_CH1.Xpartial.X_SpeedXP_auto_WP7B-P040VA1-R8000_WP7B-P040VA1-R8000_WP7B-P040VA1-R8000_WP7B-P040VA1-R8000_CH1.nd_in_7
0.000000e+00 (V)  X_CH1.Xpartial.X_SpeedXP_auto_WP7B-P040VA1-R8000_WP7B-P040VA1-R8000_WP7B-P040VA1-R8000_WP7B-P040VA1-R8000_CH1.nd_in_8
0.000000e+00 (V)  X_CH1.Xpartial.X_SpeedXP_auto_WP7B-P040VA1-R8000_WP7B-P040VA1-R8000_WP7B-P040VA1-R8000_WP7B-P040VA1-R8000_CH1.nd_in_9
5.000000e-01 (V)  X_CH1.Xpartial.X_SpeedXP_auto_WP7B-P040VA1-R8000_WP7B-P040VA1-R8000_WP7B-P040VA1-R8000_WP7B-P040VA1-R8000_CH1.nd_out_of_in_11
5.000000e-01 (V)  X_CH1.Xpartial.X_SpeedXP_auto_WP7B-P040VA1-R8000_WP7B-P040VA1-R8000_WP7B-P040VA1-R8000_WP7B-P040VA1-R8000_CH1.nd_out_of_in_12
5.000000e-01 (V)  X_CH1.Xpartial.X_SpeedXP_auto_WP7B-P040VA1-R8000_WP7B-P040VA1-R8000_WP7B-P040VA1-R8000_WP7B-P040VA1-R8000_CH1.nd_out_of_in_13
5.000000e-01 (V)  X_CH1.Xpartial.X_SpeedXP_auto_WP7B-P040VA1-R8000_WP7B-P040VA1-R8000_WP7B-P040VA1-R8000_WP7B-P040VA1-R8000_CH1.nd_out_of_in_14
5.000000e-01 (V)  X_CH1.Xpartial.X_SpeedXP_auto_WP7B-P040VA1-R8000_WP7B-P040VA1-R8000_WP7B-P040VA1-R8000_WP7B-P040VA1-R8000_CH1.nd_out_of_in_15
5.000000e-01 (V)  X_CH1.Xpartial.X_SpeedXP_auto_WP7B-P040VA1-R8000_WP7B-P040VA1-R8000_WP7B-P040VA1-R8000_WP7B-P040VA1-R8000_CH1.nd_out_of_in_16
5.000000e-01 (V)  X_CH1.Xpartial.X_SpeedXP_auto_WP7B-P040VA1-R8000_WP7B-P040VA1-R8000_WP7B-P040VA1-R8000_WP7B-P040VA1-R8000_CH1.nd_out_of_in_17
5.000000e-01 (V)  X_CH1.Xpartial.X_SpeedXP_auto_WP7B-P040VA1-R8000_WP7B-P040VA1-R8000_WP7B-P040VA1-R8000_WP7B-P040VA1-R8000_CH1.nd_out_of_in_18
5.000000e-01 (V)  X_CH1.Xpartial.X_SpeedXP_auto_WP7B-P040VA1-R8000_WP7B-P040VA1-R8000_WP7B-P040VA1-R8000_WP7B-P040VA1-R8000_CH1.nd_out_of_in_19
5.000000e-01 (V)  X_CH1.Xpartial.X_SpeedXP_auto_WP7B-P040VA1-R8000_WP7B-P040VA1-R8000_WP7B-P040VA1-R8000_WP7B-P040VA1-R8000_CH1.nd_out_of_in_20
2.500000e+00 (V)  X_CH1.Xpartial.X_SpeedXP_auto_WP7B-P040VA1-R8000_WP7B-P040VA1-R8000_WP7B-P040VA1-R8000_WP7B-P040VA1-R8000_CH1.Power_11
2.500000e+00 (V)  X_CH1.Xpartial.X_SpeedXP_auto_WP7B-P040VA1-R8000_WP7B-P040VA1-R8000_WP7B-P040VA1-R8000_WP7B-P040VA1-R8000_CH1.Power_12
2.500000e+00 (V)  X_CH1.Xpartial.X_SpeedXP_auto_WP7B-P040VA1-R8000_WP7B-P040VA1-R8000_WP7B-P040VA1-R8000_WP7B-P040VA1-R8000_CH1.Power_13
2.500000e+00 (V)  X_CH1.Xpartial.X_SpeedXP_auto_WP7B-P040VA1-R8000_WP7B-P040VA1-R8000_WP7B-P040VA1-R8000_WP7B-P040VA1-R8000_CH1.Power_14
2.500000e+00 (V)  X_CH1.Xpartial.X_SpeedXP_auto_WP7B-P040VA1-R8000_WP7B-P040VA1-R8000_WP7B-P040VA1-R8000_WP7B-P040VA1-R8000_CH1.Power_15
2.500000e+00 (V)  X_CH1.Xpartial.X_SpeedXP_auto_WP7B-P040VA1-R8000_WP7B-P040VA1-R8000_WP7B-P040VA1-R8000_WP7B-P040VA1-R8000_CH1.Power_16
2.500000e+00 (V)  X_CH1.Xpartial.X_SpeedXP_auto_WP7B-P040VA1-R8000_WP7B-P040VA1-R8000_WP7B-P040VA1-R8000_WP7B-P040VA1-R8000_CH1.Power_17
2.500000e+00 (V)  X_CH1.Xpartial.X_SpeedXP_auto_WP7B-P040VA1-R8000_WP7B-P040VA1-R8000_WP7B-P040VA1-R8000_WP7B-P040VA1-R8000_CH1.Power_18
2.500000e+00 (V)  X_CH1.Xpartial.X_SpeedXP_auto_WP7B-P040VA1-R8000_WP7B-P040VA1-R8000_WP7B-P040VA1-R8000_WP7B-P040VA1-R8000_CH1.Power_19
2.500000e+00 (V)  X_CH1.Xpartial.X_SpeedXP_auto_WP7B-P040VA1-R8000_WP7B-P040VA1-R8000_WP7B-P040VA1-R8000_WP7B-P040VA1-R8000_CH1.Power_20
0.000000e+00 (V)  X_D5.Xpartial.X_SpeedXP_auto_TVS/ESD_SOD-323_H3V3HD3U_H3V3HD3U_D5.nd_en_1
1.000000e+00 (V)  X_ESD1.Xpartial.X_SpeedXP_auto_IP4292CZ10_DFN2510A-10_IP4292CZ10-TBR_115_IP4292CZ10-TBR_115_ESD1_ESD1.nd_en_1
0.000000e+00 (V)  X_ESD1.Xpartial.X_SpeedXP_auto_IP4292CZ10_DFN2510A-10_IP4292CZ10-TBR_115_IP4292CZ10-TBR_115_ESD1_ESD1.nd_en_10
1.000000e+00 (V)  X_ESD1.Xpartial.X_SpeedXP_auto_IP4292CZ10_DFN2510A-10_IP4292CZ10-TBR_115_IP4292CZ10-TBR_115_ESD1_ESD1.nd_en_2
1.000000e+00 (V)  X_ESD1.Xpartial.X_SpeedXP_auto_IP4292CZ10_DFN2510A-10_IP4292CZ10-TBR_115_IP4292CZ10-TBR_115_ESD1_ESD1.nd_en_4
1.000000e+00 (V)  X_ESD1.Xpartial.X_SpeedXP_auto_IP4292CZ10_DFN2510A-10_IP4292CZ10-TBR_115_IP4292CZ10-TBR_115_ESD1_ESD1.nd_en_5
0.000000e+00 (V)  X_ESD1.Xpartial.X_SpeedXP_auto_IP4292CZ10_DFN2510A-10_IP4292CZ10-TBR_115_IP4292CZ10-TBR_115_ESD1_ESD1.nd_en_6
0.000000e+00 (V)  X_ESD1.Xpartial.X_SpeedXP_auto_IP4292CZ10_DFN2510A-10_IP4292CZ10-TBR_115_IP4292CZ10-TBR_115_ESD1_ESD1.nd_en_7
0.000000e+00 (V)  X_ESD1.Xpartial.X_SpeedXP_auto_IP4292CZ10_DFN2510A-10_IP4292CZ10-TBR_115_IP4292CZ10-TBR_115_ESD1_ESD1.nd_en_9
0.000000e+00 (V)  X_ESD1.Xpartial.X_SpeedXP_auto_IP4292CZ10_DFN2510A-10_IP4292CZ10-TBR_115_IP4292CZ10-TBR_115_ESD1_ESD1.nd_in_1
0.000000e+00 (V)  X_ESD1.Xpartial.X_SpeedXP_auto_IP4292CZ10_DFN2510A-10_IP4292CZ10-TBR_115_IP4292CZ10-TBR_115_ESD1_ESD1.nd_in_2
0.000000e+00 (V)  X_ESD1.Xpartial.X_SpeedXP_auto_IP4292CZ10_DFN2510A-10_IP4292CZ10-TBR_115_IP4292CZ10-TBR_115_ESD1_ESD1.nd_in_4
0.000000e+00 (V)  X_ESD1.Xpartial.X_SpeedXP_auto_IP4292CZ10_DFN2510A-10_IP4292CZ10-TBR_115_IP4292CZ10-TBR_115_ESD1_ESD1.nd_in_5
1.000000e+00 (V)  X_ESD2.Xpartial.X_SpeedXP_auto_IP4292CZ10_DFN2510A-10_IP4292CZ10-TBR_115_IP4292CZ10-TBR_115_ESD2_ESD2.nd_en_1
0.000000e+00 (V)  X_ESD2.Xpartial.X_SpeedXP_auto_IP4292CZ10_DFN2510A-10_IP4292CZ10-TBR_115_IP4292CZ10-TBR_115_ESD2_ESD2.nd_en_10
1.000000e+00 (V)  X_ESD2.Xpartial.X_SpeedXP_auto_IP4292CZ10_DFN2510A-10_IP4292CZ10-TBR_115_IP4292CZ10-TBR_115_ESD2_ESD2.nd_en_2
1.000000e+00 (V)  X_ESD2.Xpartial.X_SpeedXP_auto_IP4292CZ10_DFN2510A-10_IP4292CZ10-TBR_115_IP4292CZ10-TBR_115_ESD2_ESD2.nd_en_4
1.000000e+00 (V)  X_ESD2.Xpartial.X_SpeedXP_auto_IP4292CZ10_DFN2510A-10_IP4292CZ10-TBR_115_IP4292CZ10-TBR_115_ESD2_ESD2.nd_en_5
0.000000e+00 (V)  X_ESD2.Xpartial.X_SpeedXP_auto_IP4292CZ10_DFN2510A-10_IP4292CZ10-TBR_115_IP4292CZ10-TBR_115_ESD2_ESD2.nd_en_6
0.000000e+00 (V)  X_ESD2.Xpartial.X_SpeedXP_auto_IP4292CZ10_DFN2510A-10_IP4292CZ10-TBR_115_IP4292CZ10-TBR_115_ESD2_ESD2.nd_en_7
0.000000e+00 (V)  X_ESD2.Xpartial.X_SpeedXP_auto_IP4292CZ10_DFN2510A-10_IP4292CZ10-TBR_115_IP4292CZ10-TBR_115_ESD2_ESD2.nd_en_9
0.000000e+00 (V)  X_ESD2.Xpartial.X_SpeedXP_auto_IP4292CZ10_DFN2510A-10_IP4292CZ10-TBR_115_IP4292CZ10-TBR_115_ESD2_ESD2.nd_in_1
0.000000e+00 (V)  X_ESD2.Xpartial.X_SpeedXP_auto_IP4292CZ10_DFN2510A-10_IP4292CZ10-TBR_115_IP4292CZ10-TBR_115_ESD2_ESD2.nd_in_2
0.000000e+00 (V)  X_ESD2.Xpartial.X_SpeedXP_auto_IP4292CZ10_DFN2510A-10_IP4292CZ10-TBR_115_IP4292CZ10-TBR_115_ESD2_ESD2.nd_in_4
0.000000e+00 (V)  X_ESD2.Xpartial.X_SpeedXP_auto_IP4292CZ10_DFN2510A-10_IP4292CZ10-TBR_115_IP4292CZ10-TBR_115_ESD2_ESD2.nd_in_5
0.000000e+00 (V)  X_HDMI1.Xpartial.X_SpeedXP_auto_HDMI-A_HDMI-001S_HDMI-001S_HDMI-001S_HDMI1.nd_en_1
0.000000e+00 (V)  X_HDMI1.Xpartial.X_SpeedXP_auto_HDMI-A_HDMI-001S_HDMI-001S_HDMI-001S_HDMI1.nd_en_10
0.000000e+00 (V)  X_HDMI1.Xpartial.X_SpeedXP_auto_HDMI-A_HDMI-001S_HDMI-001S_HDMI-001S_HDMI1.nd_en_12
0.000000e+00 (V)  X_HDMI1.Xpartial.X_SpeedXP_auto_HDMI-A_HDMI-001S_HDMI-001S_HDMI-001S_HDMI1.nd_en_3
0.000000e+00 (V)  X_HDMI1.Xpartial.X_SpeedXP_auto_HDMI-A_HDMI-001S_HDMI-001S_HDMI-001S_HDMI1.nd_en_4
0.000000e+00 (V)  X_HDMI1.Xpartial.X_SpeedXP_auto_HDMI-A_HDMI-001S_HDMI-001S_HDMI-001S_HDMI1.nd_en_6
0.000000e+00 (V)  X_HDMI1.Xpartial.X_SpeedXP_auto_HDMI-A_HDMI-001S_HDMI-001S_HDMI-001S_HDMI1.nd_en_7
0.000000e+00 (V)  X_HDMI1.Xpartial.X_SpeedXP_auto_HDMI-A_HDMI-001S_HDMI-001S_HDMI-001S_HDMI1.nd_en_9
0.000000e+00 (V)  X_R24.Xpartial.X_SpeedXP_auto_RES_R0603_10K_10K_R24_R24.nd_en_2
1.000000e+00 (V)  X_R25.Xpartial.X_SpeedXP_auto_RES_R0603_1K_1K_R25_R25.nd_en_1
0.000000e+00 (V)  X_R25.Xpartial.X_SpeedXP_auto_RES_R0603_1K_1K_R25_R25.nd_in_1
0.000000e+00 (V)  X_SW1.Xpartial.X_SpeedXP_auto_SWITCH-2P_SMD4030_1_6N_1_6N_SW1.nd_en_2
1.006272e-10 (V)  X_U8.Xpartial.X_SpeedXP_auto_TC358870XBG_1_VFBGA80_(S1+S2+S3+S4)_TC358870XBG(NOK)_TC358870XBG(NOK)_U8.B_SpeedXP_auto_A5.Output0
1.006272e-10 (V)  X_U8.Xpartial.X_SpeedXP_auto_TC358870XBG_1_VFBGA80_(S1+S2+S3+S4)_TC358870XBG(NOK)_TC358870XBG(NOK)_U8.B_SpeedXP_auto_A5.Output1
1.006213e-10 (V)  X_U8.Xpartial.X_SpeedXP_auto_TC358870XBG_1_VFBGA80_(S1+S2+S3+S4)_TC358870XBG(NOK)_TC358870XBG(NOK)_U8.B_SpeedXP_auto_A6.Output0
1.006213e-10 (V)  X_U8.Xpartial.X_SpeedXP_auto_TC358870XBG_1_VFBGA80_(S1+S2+S3+S4)_TC358870XBG(NOK)_TC358870XBG(NOK)_U8.B_SpeedXP_auto_A6.Output1
2.500000e+00 (V)  X_U8.Xpartial.X_SpeedXP_auto_TC358870XBG_1_VFBGA80_(S1+S2+S3+S4)_TC358870XBG(NOK)_TC358870XBG(NOK)_U8.B_SpeedXP_auto_A7.Output0
2.500000e+00 (V)  X_U8.Xpartial.X_SpeedXP_auto_TC358870XBG_1_VFBGA80_(S1+S2+S3+S4)_TC358870XBG(NOK)_TC358870XBG(NOK)_U8.B_SpeedXP_auto_A7.Output1
1.006278e-10 (V)  X_U8.Xpartial.X_SpeedXP_auto_TC358870XBG_1_VFBGA80_(S1+S2+S3+S4)_TC358870XBG(NOK)_TC358870XBG(NOK)_U8.B_SpeedXP_auto_A8.Output0
1.006278e-10 (V)  X_U8.Xpartial.X_SpeedXP_auto_TC358870XBG_1_VFBGA80_(S1+S2+S3+S4)_TC358870XBG(NOK)_TC358870XBG(NOK)_U8.B_SpeedXP_auto_A8.Output1
1.006226e-10 (V)  X_U8.Xpartial.X_SpeedXP_auto_TC358870XBG_1_VFBGA80_(S1+S2+S3+S4)_TC358870XBG(NOK)_TC358870XBG(NOK)_U8.B_SpeedXP_auto_A9.Output0
1.006226e-10 (V)  X_U8.Xpartial.X_SpeedXP_auto_TC358870XBG_1_VFBGA80_(S1+S2+S3+S4)_TC358870XBG(NOK)_TC358870XBG(NOK)_U8.B_SpeedXP_auto_A9.Output1
2.500000e+00 (V)  X_U8.Xpartial.X_SpeedXP_auto_TC358870XBG_1_VFBGA80_(S1+S2+S3+S4)_TC358870XBG(NOK)_TC358870XBG(NOK)_U8.B_SpeedXP_auto_B5.Output0
2.500000e+00 (V)  X_U8.Xpartial.X_SpeedXP_auto_TC358870XBG_1_VFBGA80_(S1+S2+S3+S4)_TC358870XBG(NOK)_TC358870XBG(NOK)_U8.B_SpeedXP_auto_B5.Output1
2.500000e+00 (V)  X_U8.Xpartial.X_SpeedXP_auto_TC358870XBG_1_VFBGA80_(S1+S2+S3+S4)_TC358870XBG(NOK)_TC358870XBG(NOK)_U8.B_SpeedXP_auto_B6.Output0
2.500000e+00 (V)  X_U8.Xpartial.X_SpeedXP_auto_TC358870XBG_1_VFBGA80_(S1+S2+S3+S4)_TC358870XBG(NOK)_TC358870XBG(NOK)_U8.B_SpeedXP_auto_B6.Output1
1.006289e-10 (V)  X_U8.Xpartial.X_SpeedXP_auto_TC358870XBG_1_VFBGA80_(S1+S2+S3+S4)_TC358870XBG(NOK)_TC358870XBG(NOK)_U8.B_SpeedXP_auto_B7.Output0
1.006289e-10 (V)  X_U8.Xpartial.X_SpeedXP_auto_TC358870XBG_1_VFBGA80_(S1+S2+S3+S4)_TC358870XBG(NOK)_TC358870XBG(NOK)_U8.B_SpeedXP_auto_B7.Output1
2.500000e+00 (V)  X_U8.Xpartial.X_SpeedXP_auto_TC358870XBG_1_VFBGA80_(S1+S2+S3+S4)_TC358870XBG(NOK)_TC358870XBG(NOK)_U8.B_SpeedXP_auto_B8.Output0
2.500000e+00 (V)  X_U8.Xpartial.X_SpeedXP_auto_TC358870XBG_1_VFBGA80_(S1+S2+S3+S4)_TC358870XBG(NOK)_TC358870XBG(NOK)_U8.B_SpeedXP_auto_B8.Output1
2.500000e+00 (V)  X_U8.Xpartial.X_SpeedXP_auto_TC358870XBG_1_VFBGA80_(S1+S2+S3+S4)_TC358870XBG(NOK)_TC358870XBG(NOK)_U8.B_SpeedXP_auto_B9.Output0
2.500000e+00 (V)  X_U8.Xpartial.X_SpeedXP_auto_TC358870XBG_1_VFBGA80_(S1+S2+S3+S4)_TC358870XBG(NOK)_TC358870XBG(NOK)_U8.B_SpeedXP_auto_B9.Output1
0.000000e+00 (V)  X_U8.Xpartial.X_SpeedXP_auto_TC358870XBG_1_VFBGA80_(S1+S2+S3+S4)_TC358870XBG(NOK)_TC358870XBG(NOK)_U8.nd_en_A4
0.000000e+00 (V)  X_U8.Xpartial.X_SpeedXP_auto_TC358870XBG_1_VFBGA80_(S1+S2+S3+S4)_TC358870XBG(NOK)_TC358870XBG(NOK)_U8.nd_en_A5
0.000000e+00 (V)  X_U8.Xpartial.X_SpeedXP_auto_TC358870XBG_1_VFBGA80_(S1+S2+S3+S4)_TC358870XBG(NOK)_TC358870XBG(NOK)_U8.nd_en_A6
0.000000e+00 (V)  X_U8.Xpartial.X_SpeedXP_auto_TC358870XBG_1_VFBGA80_(S1+S2+S3+S4)_TC358870XBG(NOK)_TC358870XBG(NOK)_U8.nd_en_A7
0.000000e+00 (V)  X_U8.Xpartial.X_SpeedXP_auto_TC358870XBG_1_VFBGA80_(S1+S2+S3+S4)_TC358870XBG(NOK)_TC358870XBG(NOK)_U8.nd_en_A8
0.000000e+00 (V)  X_U8.Xpartial.X_SpeedXP_auto_TC358870XBG_1_VFBGA80_(S1+S2+S3+S4)_TC358870XBG(NOK)_TC358870XBG(NOK)_U8.nd_en_A9
0.000000e+00 (V)  X_U8.Xpartial.X_SpeedXP_auto_TC358870XBG_1_VFBGA80_(S1+S2+S3+S4)_TC358870XBG(NOK)_TC358870XBG(NOK)_U8.nd_en_B5
0.000000e+00 (V)  X_U8.Xpartial.X_SpeedXP_auto_TC358870XBG_1_VFBGA80_(S1+S2+S3+S4)_TC358870XBG(NOK)_TC358870XBG(NOK)_U8.nd_en_B6
0.000000e+00 (V)  X_U8.Xpartial.X_SpeedXP_auto_TC358870XBG_1_VFBGA80_(S1+S2+S3+S4)_TC358870XBG(NOK)_TC358870XBG(NOK)_U8.nd_en_B7
0.000000e+00 (V)  X_U8.Xpartial.X_SpeedXP_auto_TC358870XBG_1_VFBGA80_(S1+S2+S3+S4)_TC358870XBG(NOK)_TC358870XBG(NOK)_U8.nd_en_B8
0.000000e+00 (V)  X_U8.Xpartial.X_SpeedXP_auto_TC358870XBG_1_VFBGA80_(S1+S2+S3+S4)_TC358870XBG(NOK)_TC358870XBG(NOK)_U8.nd_en_B9
0.000000e+00 (V)  X_U8.Xpartial.X_SpeedXP_auto_TC358870XBG_1_VFBGA80_(S1+S2+S3+S4)_TC358870XBG(NOK)_TC358870XBG(NOK)_U8.nd_en_C1
0.000000e+00 (V)  X_U8.Xpartial.X_SpeedXP_auto_TC358870XBG_1_VFBGA80_(S1+S2+S3+S4)_TC358870XBG(NOK)_TC358870XBG(NOK)_U8.nd_en_C2
0.000000e+00 (V)  X_U8.Xpartial.X_SpeedXP_auto_TC358870XBG_1_VFBGA80_(S1+S2+S3+S4)_TC358870XBG(NOK)_TC358870XBG(NOK)_U8.nd_en_D1
0.000000e+00 (V)  X_U8.Xpartial.X_SpeedXP_auto_TC358870XBG_1_VFBGA80_(S1+S2+S3+S4)_TC358870XBG(NOK)_TC358870XBG(NOK)_U8.nd_en_D10
0.000000e+00 (V)  X_U8.Xpartial.X_SpeedXP_auto_TC358870XBG_1_VFBGA80_(S1+S2+S3+S4)_TC358870XBG(NOK)_TC358870XBG(NOK)_U8.nd_en_D2
0.000000e+00 (V)  X_U8.Xpartial.X_SpeedXP_auto_TC358870XBG_1_VFBGA80_(S1+S2+S3+S4)_TC358870XBG(NOK)_TC358870XBG(NOK)_U8.nd_en_D9
0.000000e+00 (V)  X_U8.Xpartial.X_SpeedXP_auto_TC358870XBG_1_VFBGA80_(S1+S2+S3+S4)_TC358870XBG(NOK)_TC358870XBG(NOK)_U8.nd_en_E1
0.000000e+00 (V)  X_U8.Xpartial.X_SpeedXP_auto_TC358870XBG_1_VFBGA80_(S1+S2+S3+S4)_TC358870XBG(NOK)_TC358870XBG(NOK)_U8.nd_en_E10
0.000000e+00 (V)  X_U8.Xpartial.X_SpeedXP_auto_TC358870XBG_1_VFBGA80_(S1+S2+S3+S4)_TC358870XBG(NOK)_TC358870XBG(NOK)_U8.nd_en_E2
0.000000e+00 (V)  X_U8.Xpartial.X_SpeedXP_auto_TC358870XBG_1_VFBGA80_(S1+S2+S3+S4)_TC358870XBG(NOK)_TC358870XBG(NOK)_U8.nd_en_E9
0.000000e+00 (V)  X_U8.Xpartial.X_SpeedXP_auto_TC358870XBG_1_VFBGA80_(S1+S2+S3+S4)_TC358870XBG(NOK)_TC358870XBG(NOK)_U8.nd_en_F1
0.000000e+00 (V)  X_U8.Xpartial.X_SpeedXP_auto_TC358870XBG_1_VFBGA80_(S1+S2+S3+S4)_TC358870XBG(NOK)_TC358870XBG(NOK)_U8.nd_en_F10
0.000000e+00 (V)  X_U8.Xpartial.X_SpeedXP_auto_TC358870XBG_1_VFBGA80_(S1+S2+S3+S4)_TC358870XBG(NOK)_TC358870XBG(NOK)_U8.nd_en_F2
0.000000e+00 (V)  X_U8.Xpartial.X_SpeedXP_auto_TC358870XBG_1_VFBGA80_(S1+S2+S3+S4)_TC358870XBG(NOK)_TC358870XBG(NOK)_U8.nd_en_F9
0.000000e+00 (V)  X_U8.Xpartial.X_SpeedXP_auto_TC358870XBG_1_VFBGA80_(S1+S2+S3+S4)_TC358870XBG(NOK)_TC358870XBG(NOK)_U8.nd_en_G10
0.000000e+00 (V)  X_U8.Xpartial.X_SpeedXP_auto_TC358870XBG_1_VFBGA80_(S1+S2+S3+S4)_TC358870XBG(NOK)_TC358870XBG(NOK)_U8.nd_en_G9
0.000000e+00 (V)  X_U8.Xpartial.X_SpeedXP_auto_TC358870XBG_1_VFBGA80_(S1+S2+S3+S4)_TC358870XBG(NOK)_TC358870XBG(NOK)_U8.nd_en_H10
0.000000e+00 (V)  X_U8.Xpartial.X_SpeedXP_auto_TC358870XBG_1_VFBGA80_(S1+S2+S3+S4)_TC358870XBG(NOK)_TC358870XBG(NOK)_U8.nd_en_H9
0.000000e+00 (V)  X_U8.Xpartial.X_SpeedXP_auto_TC358870XBG_1_VFBGA80_(S1+S2+S3+S4)_TC358870XBG(NOK)_TC358870XBG(NOK)_U8.nd_en_K8
0.000000e+00 (V)  X_U8.Xpartial.X_SpeedXP_auto_TC358870XBG_1_VFBGA80_(S1+S2+S3+S4)_TC358870XBG(NOK)_TC358870XBG(NOK)_U8.nd_in_A5
0.000000e+00 (V)  X_U8.Xpartial.X_SpeedXP_auto_TC358870XBG_1_VFBGA80_(S1+S2+S3+S4)_TC358870XBG(NOK)_TC358870XBG(NOK)_U8.nd_in_A6
0.000000e+00 (V)  X_U8.Xpartial.X_SpeedXP_auto_TC358870XBG_1_VFBGA80_(S1+S2+S3+S4)_TC358870XBG(NOK)_TC358870XBG(NOK)_U8.nd_in_A7
0.000000e+00 (V)  X_U8.Xpartial.X_SpeedXP_auto_TC358870XBG_1_VFBGA80_(S1+S2+S3+S4)_TC358870XBG(NOK)_TC358870XBG(NOK)_U8.nd_in_A8
0.000000e+00 (V)  X_U8.Xpartial.X_SpeedXP_auto_TC358870XBG_1_VFBGA80_(S1+S2+S3+S4)_TC358870XBG(NOK)_TC358870XBG(NOK)_U8.nd_in_A9
0.000000e+00 (V)  X_U8.Xpartial.X_SpeedXP_auto_TC358870XBG_1_VFBGA80_(S1+S2+S3+S4)_TC358870XBG(NOK)_TC358870XBG(NOK)_U8.nd_in_B5
0.000000e+00 (V)  X_U8.Xpartial.X_SpeedXP_auto_TC358870XBG_1_VFBGA80_(S1+S2+S3+S4)_TC358870XBG(NOK)_TC358870XBG(NOK)_U8.nd_in_B6
0.000000e+00 (V)  X_U8.Xpartial.X_SpeedXP_auto_TC358870XBG_1_VFBGA80_(S1+S2+S3+S4)_TC358870XBG(NOK)_TC358870XBG(NOK)_U8.nd_in_B7
0.000000e+00 (V)  X_U8.Xpartial.X_SpeedXP_auto_TC358870XBG_1_VFBGA80_(S1+S2+S3+S4)_TC358870XBG(NOK)_TC358870XBG(NOK)_U8.nd_in_B8
0.000000e+00 (V)  X_U8.Xpartial.X_SpeedXP_auto_TC358870XBG_1_VFBGA80_(S1+S2+S3+S4)_TC358870XBG(NOK)_TC358870XBG(NOK)_U8.nd_in_B9
0.000000e+00 (V)  X_U8.Xpartial.X_SpeedXP_auto_TC358870XBG_1_VFBGA80_(S1+S2+S3+S4)_TC358870XBG(NOK)_TC358870XBG(NOK)_U8.nd_out_of_in_A5
0.000000e+00 (V)  X_U8.Xpartial.X_SpeedXP_auto_TC358870XBG_1_VFBGA80_(S1+S2+S3+S4)_TC358870XBG(NOK)_TC358870XBG(NOK)_U8.nd_out_of_in_A6
1.000000e+00 (V)  X_U8.Xpartial.X_SpeedXP_auto_TC358870XBG_1_VFBGA80_(S1+S2+S3+S4)_TC358870XBG(NOK)_TC358870XBG(NOK)_U8.nd_out_of_in_A7
0.000000e+00 (V)  X_U8.Xpartial.X_SpeedXP_auto_TC358870XBG_1_VFBGA80_(S1+S2+S3+S4)_TC358870XBG(NOK)_TC358870XBG(NOK)_U8.nd_out_of_in_A8
0.000000e+00 (V)  X_U8.Xpartial.X_SpeedXP_auto_TC358870XBG_1_VFBGA80_(S1+S2+S3+S4)_TC358870XBG(NOK)_TC358870XBG(NOK)_U8.nd_out_of_in_A9
1.000000e+00 (V)  X_U8.Xpartial.X_SpeedXP_auto_TC358870XBG_1_VFBGA80_(S1+S2+S3+S4)_TC358870XBG(NOK)_TC358870XBG(NOK)_U8.nd_out_of_in_B5
1.000000e+00 (V)  X_U8.Xpartial.X_SpeedXP_auto_TC358870XBG_1_VFBGA80_(S1+S2+S3+S4)_TC358870XBG(NOK)_TC358870XBG(NOK)_U8.nd_out_of_in_B6
0.000000e+00 (V)  X_U8.Xpartial.X_SpeedXP_auto_TC358870XBG_1_VFBGA80_(S1+S2+S3+S4)_TC358870XBG(NOK)_TC358870XBG(NOK)_U8.nd_out_of_in_B7
1.000000e+00 (V)  X_U8.Xpartial.X_SpeedXP_auto_TC358870XBG_1_VFBGA80_(S1+S2+S3+S4)_TC358870XBG(NOK)_TC358870XBG(NOK)_U8.nd_out_of_in_B8
1.000000e+00 (V)  X_U8.Xpartial.X_SpeedXP_auto_TC358870XBG_1_VFBGA80_(S1+S2+S3+S4)_TC358870XBG(NOK)_TC358870XBG(NOK)_U8.nd_out_of_in_B9
2.500000e+00 (V)  X_U8.Xpartial.X_SpeedXP_auto_TC358870XBG_1_VFBGA80_(S1+S2+S3+S4)_TC358870XBG(NOK)_TC358870XBG(NOK)_U8.Power_A5
2.500000e+00 (V)  X_U8.Xpartial.X_SpeedXP_auto_TC358870XBG_1_VFBGA80_(S1+S2+S3+S4)_TC358870XBG(NOK)_TC358870XBG(NOK)_U8.Power_A6
2.500000e+00 (V)  X_U8.Xpartial.X_SpeedXP_auto_TC358870XBG_1_VFBGA80_(S1+S2+S3+S4)_TC358870XBG(NOK)_TC358870XBG(NOK)_U8.Power_A7
2.500000e+00 (V)  X_U8.Xpartial.X_SpeedXP_auto_TC358870XBG_1_VFBGA80_(S1+S2+S3+S4)_TC358870XBG(NOK)_TC358870XBG(NOK)_U8.Power_A8
2.500000e+00 (V)  X_U8.Xpartial.X_SpeedXP_auto_TC358870XBG_1_VFBGA80_(S1+S2+S3+S4)_TC358870XBG(NOK)_TC358870XBG(NOK)_U8.Power_A9
2.500000e+00 (V)  X_U8.Xpartial.X_SpeedXP_auto_TC358870XBG_1_VFBGA80_(S1+S2+S3+S4)_TC358870XBG(NOK)_TC358870XBG(NOK)_U8.Power_B5
2.500000e+00 (V)  X_U8.Xpartial.X_SpeedXP_auto_TC358870XBG_1_VFBGA80_(S1+S2+S3+S4)_TC358870XBG(NOK)_TC358870XBG(NOK)_U8.Power_B6
2.500000e+00 (V)  X_U8.Xpartial.X_SpeedXP_auto_TC358870XBG_1_VFBGA80_(S1+S2+S3+S4)_TC358870XBG(NOK)_TC358870XBG(NOK)_U8.Power_B7
2.500000e+00 (V)  X_U8.Xpartial.X_SpeedXP_auto_TC358870XBG_1_VFBGA80_(S1+S2+S3+S4)_TC358870XBG(NOK)_TC358870XBG(NOK)_U8.Power_B8
2.500000e+00 (V)  X_U8.Xpartial.X_SpeedXP_auto_TC358870XBG_1_VFBGA80_(S1+S2+S3+S4)_TC358870XBG(NOK)_TC358870XBG(NOK)_U8.Power_B9
2.500000e+00 (V)  Xvia0.Node2087::MIPI_DSI1_DATA0_Ntmp
1.004355e-10 (V)  Xvia0.Node2166::MIPI_DSI1_DATA0_Ptmp
2.500000e+00 (V)  Xvia1.Node1781::MIPI_DSI1_DATA1_Ntmp
1.001629e-10 (V)  Xvia1.Node2015::MIPI_DSI1_DATA1_Ptmp
2.500000e+00 (V)  Xvia2.Node1322::MIPI_DSI1_DATA2_Ntmp
1.005265e-10 (V)  Xvia2.Node1542::MIPI_DSI1_DATA2_Ptmp
2.500000e+00 (V)  Xvia3.Node1162::MIPI_DSI1_DATA3_Ntmp
1.002031e-10 (V)  Xvia3.Node1208::MIPI_DSI1_DATA3_Ptmp
2.500000e+00 (V)  Xvia4.Node1130::MIPI_DSI1_CLK_Ptmp
1.001114e-10 (V)  Xvia4.Node991::MIPI_DSI1_CLK_Ntmp
-1.100000e-12 (A)  V_PWR_VCC_1V1
-1.200000e-12 (A)  V_PWR_VCC_1V2
-1.800000e-12 (A)  V_PWR_VCC_1V8
-3.300000e-12 (A)  V_PWR_VCC_3V3
-5.000000e-12 (A)  V_PWR_VCC_5V
-5.000000e-12 (A)  V_PWR_VCC_5V5
-5.000000e-12 (A)  V_X_CH1.Xpartial.X_SpeedXP_auto_WP7B-P040VA1-R8000_WP7B-P040VA1-R8000_WP7B-P040VA1-R8000_WP7B-P040VA1-R8000_CH1.B_SpeedXP_auto_11.L_pkg
-5.000000e-12 (A)  V_X_CH1.Xpartial.X_SpeedXP_auto_WP7B-P040VA1-R8000_WP7B-P040VA1-R8000_WP7B-P040VA1-R8000_WP7B-P040VA1-R8000_CH1.B_SpeedXP_auto_11.R_pkg
3.125010e-10 (A)  V_X_CH1.Xpartial.X_SpeedXP_auto_WP7B-P040VA1-R8000_WP7B-P040VA1-R8000_WP7B-P040VA1-R8000_WP7B-P040VA1-R8000_CH1.B_SpeedXP_auto_12.L_pkg
3.150010e-10 (A)  V_X_CH1.Xpartial.X_SpeedXP_auto_WP7B-P040VA1-R8000_WP7B-P040VA1-R8000_WP7B-P040VA1-R8000_WP7B-P040VA1-R8000_CH1.B_SpeedXP_auto_12.R_pkg
-5.000000e-12 (A)  V_X_CH1.Xpartial.X_SpeedXP_auto_WP7B-P040VA1-R8000_WP7B-P040VA1-R8000_WP7B-P040VA1-R8000_WP7B-P040VA1-R8000_CH1.B_SpeedXP_auto_13.L_pkg
-5.000000e-12 (A)  V_X_CH1.Xpartial.X_SpeedXP_auto_WP7B-P040VA1-R8000_WP7B-P040VA1-R8000_WP7B-P040VA1-R8000_WP7B-P040VA1-R8000_CH1.B_SpeedXP_auto_13.R_pkg
2.700015e-10 (A)  V_X_CH1.Xpartial.X_SpeedXP_auto_WP7B-P040VA1-R8000_WP7B-P040VA1-R8000_WP7B-P040VA1-R8000_WP7B-P040VA1-R8000_CH1.B_SpeedXP_auto_14.L_pkg
2.725015e-10 (A)  V_X_CH1.Xpartial.X_SpeedXP_auto_WP7B-P040VA1-R8000_WP7B-P040VA1-R8000_WP7B-P040VA1-R8000_WP7B-P040VA1-R8000_CH1.B_SpeedXP_auto_14.R_pkg
2.950016e-10 (A)  V_X_CH1.Xpartial.X_SpeedXP_auto_WP7B-P040VA1-R8000_WP7B-P040VA1-R8000_WP7B-P040VA1-R8000_WP7B-P040VA1-R8000_CH1.B_SpeedXP_auto_15.L_pkg
2.975017e-10 (A)  V_X_CH1.Xpartial.X_SpeedXP_auto_WP7B-P040VA1-R8000_WP7B-P040VA1-R8000_WP7B-P040VA1-R8000_WP7B-P040VA1-R8000_CH1.B_SpeedXP_auto_15.R_pkg
-5.000000e-12 (A)  V_X_CH1.Xpartial.X_SpeedXP_auto_WP7B-P040VA1-R8000_WP7B-P040VA1-R8000_WP7B-P040VA1-R8000_WP7B-P040VA1-R8000_CH1.B_SpeedXP_auto_16.L_pkg
-5.000000e-12 (A)  V_X_CH1.Xpartial.X_SpeedXP_auto_WP7B-P040VA1-R8000_WP7B-P040VA1-R8000_WP7B-P040VA1-R8000_WP7B-P040VA1-R8000_CH1.B_SpeedXP_auto_16.R_pkg
-5.000000e-12 (A)  V_X_CH1.Xpartial.X_SpeedXP_auto_WP7B-P040VA1-R8000_WP7B-P040VA1-R8000_WP7B-P040VA1-R8000_WP7B-P040VA1-R8000_CH1.B_SpeedXP_auto_17.L_pkg
-5.000000e-12 (A)  V_X_CH1.Xpartial.X_SpeedXP_auto_WP7B-P040VA1-R8000_WP7B-P040VA1-R8000_WP7B-P040VA1-R8000_WP7B-P040VA1-R8000_CH1.B_SpeedXP_auto_17.R_pkg
2.450014e-10 (A)  V_X_CH1.Xpartial.X_SpeedXP_auto_WP7B-P040VA1-R8000_WP7B-P040VA1-R8000_WP7B-P040VA1-R8000_WP7B-P040VA1-R8000_CH1.B_SpeedXP_auto_18.L_pkg
2.475015e-10 (A)  V_X_CH1.Xpartial.X_SpeedXP_auto_WP7B-P040VA1-R8000_WP7B-P040VA1-R8000_WP7B-P040VA1-R8000_WP7B-P040VA1-R8000_CH1.B_SpeedXP_auto_18.R_pkg
-5.000000e-12 (A)  V_X_CH1.Xpartial.X_SpeedXP_auto_WP7B-P040VA1-R8000_WP7B-P040VA1-R8000_WP7B-P040VA1-R8000_WP7B-P040VA1-R8000_CH1.B_SpeedXP_auto_19.L_pkg
-5.000000e-12 (A)  V_X_CH1.Xpartial.X_SpeedXP_auto_WP7B-P040VA1-R8000_WP7B-P040VA1-R8000_WP7B-P040VA1-R8000_WP7B-P040VA1-R8000_CH1.B_SpeedXP_auto_19.R_pkg
1.950011e-10 (A)  V_X_CH1.Xpartial.X_SpeedXP_auto_WP7B-P040VA1-R8000_WP7B-P040VA1-R8000_WP7B-P040VA1-R8000_WP7B-P040VA1-R8000_CH1.B_SpeedXP_auto_20.L_pkg
1.975012e-10 (A)  V_X_CH1.Xpartial.X_SpeedXP_auto_WP7B-P040VA1-R8000_WP7B-P040VA1-R8000_WP7B-P040VA1-R8000_WP7B-P040VA1-R8000_CH1.B_SpeedXP_auto_20.R_pkg
5.000000e-12 (A)  V_X_U8.Xpartial.X_SpeedXP_auto_TC358870XBG_1_VFBGA80_(S1+S2+S3+S4)_TC358870XBG(NOK)_TC358870XBG(NOK)_U8.B_SpeedXP_auto_A5.L_pkg
5.000000e-12 (A)  V_X_U8.Xpartial.X_SpeedXP_auto_TC358870XBG_1_VFBGA80_(S1+S2+S3+S4)_TC358870XBG(NOK)_TC358870XBG(NOK)_U8.B_SpeedXP_auto_A5.R_pkg
5.000000e-12 (A)  V_X_U8.Xpartial.X_SpeedXP_auto_TC358870XBG_1_VFBGA80_(S1+S2+S3+S4)_TC358870XBG(NOK)_TC358870XBG(NOK)_U8.B_SpeedXP_auto_A6.L_pkg
5.000000e-12 (A)  V_X_U8.Xpartial.X_SpeedXP_auto_TC358870XBG_1_VFBGA80_(S1+S2+S3+S4)_TC358870XBG(NOK)_TC358870XBG(NOK)_U8.B_SpeedXP_auto_A6.R_pkg
-1.000000e-11 (A)  V_X_U8.Xpartial.X_SpeedXP_auto_TC358870XBG_1_VFBGA80_(S1+S2+S3+S4)_TC358870XBG(NOK)_TC358870XBG(NOK)_U8.B_SpeedXP_auto_A7.L_pkg
-7.499973e-12 (A)  V_X_U8.Xpartial.X_SpeedXP_auto_TC358870XBG_1_VFBGA80_(S1+S2+S3+S4)_TC358870XBG(NOK)_TC358870XBG(NOK)_U8.B_SpeedXP_auto_A7.R_pkg
5.000000e-12 (A)  V_X_U8.Xpartial.X_SpeedXP_auto_TC358870XBG_1_VFBGA80_(S1+S2+S3+S4)_TC358870XBG(NOK)_TC358870XBG(NOK)_U8.B_SpeedXP_auto_A8.L_pkg
5.000000e-12 (A)  V_X_U8.Xpartial.X_SpeedXP_auto_TC358870XBG_1_VFBGA80_(S1+S2+S3+S4)_TC358870XBG(NOK)_TC358870XBG(NOK)_U8.B_SpeedXP_auto_A8.R_pkg
5.000000e-12 (A)  V_X_U8.Xpartial.X_SpeedXP_auto_TC358870XBG_1_VFBGA80_(S1+S2+S3+S4)_TC358870XBG(NOK)_TC358870XBG(NOK)_U8.B_SpeedXP_auto_A9.L_pkg
5.000000e-12 (A)  V_X_U8.Xpartial.X_SpeedXP_auto_TC358870XBG_1_VFBGA80_(S1+S2+S3+S4)_TC358870XBG(NOK)_TC358870XBG(NOK)_U8.B_SpeedXP_auto_A9.R_pkg
-1.000000e-11 (A)  V_X_U8.Xpartial.X_SpeedXP_auto_TC358870XBG_1_VFBGA80_(S1+S2+S3+S4)_TC358870XBG(NOK)_TC358870XBG(NOK)_U8.B_SpeedXP_auto_B5.L_pkg
-7.499973e-12 (A)  V_X_U8.Xpartial.X_SpeedXP_auto_TC358870XBG_1_VFBGA80_(S1+S2+S3+S4)_TC358870XBG(NOK)_TC358870XBG(NOK)_U8.B_SpeedXP_auto_B5.R_pkg
-1.000000e-11 (A)  V_X_U8.Xpartial.X_SpeedXP_auto_TC358870XBG_1_VFBGA80_(S1+S2+S3+S4)_TC358870XBG(NOK)_TC358870XBG(NOK)_U8.B_SpeedXP_auto_B6.L_pkg
-7.499973e-12 (A)  V_X_U8.Xpartial.X_SpeedXP_auto_TC358870XBG_1_VFBGA80_(S1+S2+S3+S4)_TC358870XBG(NOK)_TC358870XBG(NOK)_U8.B_SpeedXP_auto_B6.R_pkg
5.000000e-12 (A)  V_X_U8.Xpartial.X_SpeedXP_auto_TC358870XBG_1_VFBGA80_(S1+S2+S3+S4)_TC358870XBG(NOK)_TC358870XBG(NOK)_U8.B_SpeedXP_auto_B7.L_pkg
5.000000e-12 (A)  V_X_U8.Xpartial.X_SpeedXP_auto_TC358870XBG_1_VFBGA80_(S1+S2+S3+S4)_TC358870XBG(NOK)_TC358870XBG(NOK)_U8.B_SpeedXP_auto_B7.R_pkg
-1.000003e-11 (A)  V_X_U8.Xpartial.X_SpeedXP_auto_TC358870XBG_1_VFBGA80_(S1+S2+S3+S4)_TC358870XBG(NOK)_TC358870XBG(NOK)_U8.B_SpeedXP_auto_B8.L_pkg
-7.500028e-12 (A)  V_X_U8.Xpartial.X_SpeedXP_auto_TC358870XBG_1_VFBGA80_(S1+S2+S3+S4)_TC358870XBG(NOK)_TC358870XBG(NOK)_U8.B_SpeedXP_auto_B8.R_pkg
-1.000000e-11 (A)  V_X_U8.Xpartial.X_SpeedXP_auto_TC358870XBG_1_VFBGA80_(S1+S2+S3+S4)_TC358870XBG(NOK)_TC358870XBG(NOK)_U8.B_SpeedXP_auto_B9.L_pkg
-7.500001e-12 (A)  V_X_U8.Xpartial.X_SpeedXP_auto_TC358870XBG_1_VFBGA80_(S1+S2+S3+S4)_TC358870XBG(NOK)_TC358870XBG(NOK)_U8.B_SpeedXP_auto_B9.R_pkg
1.000003e-10 (A)  W_Trace1001_Auto_2880::MIPI_DSI1_DATA2_N~0
1.075003e-10 (A)  W_Trace1010::MIPI_DSI1_DATA2_N~0
-1.175004e-10 (A)  W_Trace1012_Auto_2895::MIPI_DSI1_DATA2_N~0
-1.200004e-10 (A)  W_Trace1014::MIPI_DSI1_DATA2_N~0
1.225004e-10 (A)  W_Trace1024_Auto_2897::MIPI_DSI1_DATA2_N~0
1.325004e-10 (A)  W_Trace1028::MIPI_DSI1_DATA2_N~0
1.375004e-10 (A)  W_Trace1032::MIPI_DSI1_DATA2_N~0
-1.400004e-10 (A)  W_Trace1034::MIPI_DSI1_DATA2_N~0
-1.450004e-10 (A)  W_Trace1034_Auto_2130::MIPI_DSI1_DATA2_N~0
-1.475005e-10 (A)  W_Trace1036::MIPI_DSI1_DATA2_N~0
-1.500005e-10 (A)  W_Trace1037::MIPI_DSI1_DATA2_N~0
1.550005e-10 (A)  W_Trace1042::MIPI_DSI1_DATA2_N~0
1.600006e-10 (A)  W_Trace1054::MIPI_DSI1_DATA2_N~0
-1.650006e-10 (A)  W_Trace1058::MIPI_DSI1_DATA2_N~0
1.675006e-10 (A)  W_Trace1062::MIPI_DSI1_DATA2_N~0
1.700006e-10 (A)  W_Trace1064::MIPI_DSI1_DATA2_N~0
-1.725006e-10 (A)  W_Trace1066#BP0::MIPI_DSI1_DATA2_N~0
-1.825006e-10 (A)  W_Trace1067#BP0::MIPI_DSI1_DATA2_N~0
-1.850006e-10 (A)  W_Trace1067#BP1::MIPI_DSI1_DATA2_N~0
-1.800007e-10 (A)  W_Trace1067_Auto_2134::MIPI_DSI1_DATA2_N~0
-2.000008e-10 (A)  W_Trace1069::MIPI_DSI1_DATA2_N~0
-2.025007e-10 (A)  W_Trace1071::MIPI_DSI1_DATA2_N~0
-2.075008e-10 (A)  W_Trace1071_Auto_2530::MIPI_DSI1_DATA2_N~0
2.125008e-10 (A)  W_Trace1080::MIPI_DSI1_DATA2_N~0
2.175008e-10 (A)  W_Trace1091::MIPI_DSI1_DATA2_N~0
2.225008e-10 (A)  W_Trace1102::MIPI_DSI1_DATA2_N~0
2.275008e-10 (A)  W_Trace1113::MIPI_DSI1_DATA2_N~0
2.325009e-10 (A)  W_Trace1124::MIPI_DSI1_DATA2_N~0
2.375009e-10 (A)  W_Trace1135::MIPI_DSI1_DATA2_N~0
2.425010e-10 (A)  W_Trace1146::MIPI_DSI1_DATA2_N~0
2.475010e-10 (A)  W_Trace1157::MIPI_DSI1_DATA2_N~0
2.525009e-10 (A)  W_Trace1168::MIPI_DSI1_DATA2_N~0
-2.550009e-10 (A)  W_Trace1170_Auto_2583::MIPI_DSI1_DATA2_N~0
2.625010e-10 (A)  W_Trace1179::MIPI_DSI1_DATA2_N~0
-2.650010e-10 (A)  W_Trace1181::MIPI_DSI1_DATA2_N~0
-2.700010e-10 (A)  W_Trace1181_Auto_2617::MIPI_DSI1_DATA2_N~0
2.750010e-10 (A)  W_Trace1183::MIPI_DSI1_DATA2_N~0
2.825010e-10 (A)  W_Trace1185_Auto_2513::MIPI_DSI1_DATA2_N~0
2.775010e-10 (A)  W_Trace1185_Auto_2520::MIPI_DSI1_DATA2_N~0
2.875010e-10 (A)  W_Trace1185_Auto_2524::MIPI_DSI1_DATA2_N~0
3.100011e-10 (A)  W_Trace1186_Auto_2180::MIPI_DSI1_DATA2_N~0
3.050011e-10 (A)  W_Trace1186_Auto_2194::MIPI_DSI1_DATA2_N~0
5.000000e-12 (A)  W_Trace1187::MIPI_DSI1_DATA2_P~0
5.000000e-12 (A)  W_Trace1188_Auto_905::MIPI_DSI1_DATA2_P~0
5.000000e-12 (A)  W_Trace1188_Auto_921::MIPI_DSI1_DATA2_P~0
5.000000e-12 (A)  W_Trace1188_Auto_931::MIPI_DSI1_DATA2_P~0
5.000000e-12 (A)  W_Trace1189::MIPI_DSI1_DATA2_P~0
5.000000e-12 (A)  W_Trace1191::MIPI_DSI1_DATA2_P~0
5.000000e-12 (A)  W_Trace1192_Auto_888::MIPI_DSI1_DATA2_P~0
5.000000e-12 (A)  W_Trace1194_Auto_2124::MIPI_DSI1_DATA2_P~0
-5.000000e-12 (A)  W_Trace1198::MIPI_DSI1_DATA2_P~0
5.000000e-12 (A)  W_Trace1208#BP0::MIPI_DSI1_DATA2_P~0
5.000000e-12 (A)  W_Trace1208#BP1::MIPI_DSI1_DATA2_P~0
-5.000000e-12 (A)  W_Trace1208::MIPI_DSI1_DATA2_P~0
5.000000e-12 (A)  W_Trace1210::MIPI_DSI1_DATA2_P~0
5.000000e-12 (A)  W_Trace1211::MIPI_DSI1_DATA2_P~0
5.000000e-12 (A)  W_Trace1213::MIPI_DSI1_DATA2_P~0
-5.000000e-12 (A)  W_Trace1218::MIPI_DSI1_DATA2_P~0
-5.000000e-12 (A)  W_Trace1223::MIPI_DSI1_DATA2_P~0
-5.000000e-12 (A)  W_Trace1225::MIPI_DSI1_DATA2_P~0
5.000000e-12 (A)  W_Trace1227::MIPI_DSI1_DATA2_P~0
5.000000e-12 (A)  W_Trace1236::MIPI_DSI1_DATA2_P~0
-5.000000e-12 (A)  W_Trace1246::MIPI_DSI1_DATA2_P~0
-5.000000e-12 (A)  W_Trace1248::MIPI_DSI1_DATA2_P~0
-5.000000e-12 (A)  W_Trace1252::MIPI_DSI1_DATA2_P~0
5.000000e-12 (A)  W_Trace1253::MIPI_DSI1_DATA2_P~0
5.000000e-12 (A)  W_Trace1255::MIPI_DSI1_DATA2_P~0
5.000000e-12 (A)  W_Trace1258::MIPI_DSI1_DATA2_P~0
5.000000e-12 (A)  W_Trace1260::MIPI_DSI1_DATA2_P~0
5.000000e-12 (A)  W_Trace1262#BP0::MIPI_DSI1_DATA2_P~0
5.000000e-12 (A)  W_Trace1262#BP1::MIPI_DSI1_DATA2_P~0
5.000000e-12 (A)  W_Trace1262_Auto_2127::MIPI_DSI1_DATA2_P~0
5.000000e-12 (A)  W_Trace1266_Auto_2132::MIPI_DSI1_DATA2_P~0
5.000000e-12 (A)  W_Trace1267::MIPI_DSI1_DATA2_P~0
-5.000000e-12 (A)  W_Trace1271::MIPI_DSI1_DATA2_P~0
-5.000000e-12 (A)  W_Trace1282::MIPI_DSI1_DATA2_P~0
5.000000e-12 (A)  W_Trace1286::MIPI_DSI1_DATA2_P~0
-5.000000e-12 (A)  W_Trace1290::MIPI_DSI1_DATA2_P~0
-5.000000e-12 (A)  W_Trace1294::MIPI_DSI1_DATA2_P~0
5.000000e-12 (A)  W_Trace1295::MIPI_DSI1_DATA2_P~0
-5.000000e-12 (A)  W_Trace1299::MIPI_DSI1_DATA2_P~0
5.000000e-12 (A)  W_Trace1304#BP0::MIPI_DSI1_DATA2_P~0
-5.000000e-12 (A)  W_Trace1304::MIPI_DSI1_DATA2_P~0
5.000000e-12 (A)  W_Trace1306::MIPI_DSI1_DATA2_P~0
-5.000000e-12 (A)  W_Trace1315::MIPI_DSI1_DATA2_P~0
-5.000000e-12 (A)  W_Trace1326::MIPI_DSI1_DATA2_P~0
-5.000000e-12 (A)  W_Trace1332::MIPI_DSI1_DATA2_P~0
5.000000e-12 (A)  W_Trace1334::MIPI_DSI1_DATA2_P~0
5.000000e-12 (A)  W_Trace1334_Auto_2543::MIPI_DSI1_DATA2_P~0
5.000000e-12 (A)  W_Trace1334_Auto_2553::MIPI_DSI1_DATA2_P~0
5.000000e-12 (A)  W_Trace1336::MIPI_DSI1_DATA2_P~0
5.000000e-12 (A)  W_Trace1338::MIPI_DSI1_DATA2_P~0
5.000000e-12 (A)  W_Trace1338_Auto_2529::MIPI_DSI1_DATA2_P~0
5.000000e-12 (A)  W_Trace1338_Auto_2532::MIPI_DSI1_DATA2_P~0
5.000000e-12 (A)  W_Trace1338_Auto_2555::MIPI_DSI1_DATA2_P~0
5.000000e-12 (A)  W_Trace1338_Auto_2596::MIPI_DSI1_DATA2_P~0
5.000000e-12 (A)  W_Trace1338_Auto_2602::MIPI_DSI1_DATA2_P~0
5.000000e-12 (A)  W_Trace1338_Auto_2608::MIPI_DSI1_DATA2_P~0
5.000000e-12 (A)  W_Trace1340::MIPI_DSI1_DATA2_P~0
5.000000e-12 (A)  W_Trace1342_Auto_2470::MIPI_DSI1_DATA2_P~0
-5.000000e-12 (A)  W_Trace1342_Auto_2526::MIPI_DSI1_DATA2_P~0
5.000000e-12 (A)  W_Trace1343::MIPI_DSI1_DATA2_P~0
5.000000e-12 (A)  W_Trace1344::MIPI_DSI1_DATA2_P~0
-5.000000e-12 (A)  W_Trace1345::MIPI_DSI1_DATA2_P~0
-5.000000e-12 (A)  W_Trace1345_Auto_2196::MIPI_DSI1_DATA2_P~0
1.250005e-11 (A)  W_Trace1348::MIPI_DSI1_DATA1_N~0
-1.500007e-11 (A)  W_Trace1350::MIPI_DSI1_DATA1_N~0
-2.500023e-11 (A)  W_Trace1351_Auto_899::MIPI_DSI1_DATA1_N~0
-3.000022e-11 (A)  W_Trace1351_Auto_915::MIPI_DSI1_DATA1_N~0
-3.250021e-11 (A)  W_Trace1353::MIPI_DSI1_DATA1_N~0
-4.500027e-11 (A)  W_Trace1356::MIPI_DSI1_DATA1_N~0
-4.750028e-11 (A)  W_Trace1357::MIPI_DSI1_DATA1_N~0
-5.250028e-11 (A)  W_Trace1359::MIPI_DSI1_DATA1_N~0
6.000032e-11 (A)  W_Trace1363::MIPI_DSI1_DATA1_N~0
6.750038e-11 (A)  W_Trace1374::MIPI_DSI1_DATA1_N~0
-7.500039e-11 (A)  W_Trace1376_Auto_116::MIPI_DSI1_DATA1_N~0
7.750041e-11 (A)  W_Trace1380::MIPI_DSI1_DATA1_N~0
8.750043e-11 (A)  W_Trace1386::MIPI_DSI1_DATA1_N~0
9.750048e-11 (A)  W_Trace1397::MIPI_DSI1_DATA1_N~0
-1.075006e-10 (A)  W_Trace1401::MIPI_DSI1_DATA1_N~0
1.325009e-10 (A)  W_Trace1409::MIPI_DSI1_DATA1_N~0
-1.200007e-10 (A)  W_Trace1409_Auto_597::MIPI_DSI1_DATA1_N~0
1.350009e-10 (A)  W_Trace1411::MIPI_DSI1_DATA1_N~0
-1.375009e-10 (A)  W_Trace1413::MIPI_DSI1_DATA1_N~0
-1.425010e-10 (A)  W_Trace1413_Auto_184::MIPI_DSI1_DATA1_N~0
1.475009e-10 (A)  W_Trace1434::MIPI_DSI1_DATA1_N~0
1.550010e-10 (A)  W_Trace1440::MIPI_DSI1_DATA1_N~0
1.625011e-10 (A)  W_Trace1442::MIPI_DSI1_DATA1_N~0
-1.650011e-10 (A)  W_Trace1443::MIPI_DSI1_DATA1_N~0
-1.700011e-10 (A)  W_Trace1443_Auto_2547::MIPI_DSI1_DATA1_N~0
-1.725011e-10 (A)  W_Trace1445::MIPI_DSI1_DATA1_N~0
-2.300013e-10 (A)  W_Trace1447#BP0_Auto_2621::MIPI_DSI1_DATA1_N~0
2.325014e-10 (A)  W_Trace1449_Auto_2500::MIPI_DSI1_DATA1_N~0
2.500014e-10 (A)  W_Trace1451::MIPI_DSI1_DATA1_N~0
2.425013e-10 (A)  W_Trace1451_Auto_2486::MIPI_DSI1_DATA1_N~0
2.375013e-10 (A)  W_Trace1451_Auto_2488::MIPI_DSI1_DATA1_N~0
-2.525014e-10 (A)  W_Trace1452::MIPI_DSI1_DATA1_N~0
2.575014e-10 (A)  W_Trace1453_Auto_2522::MIPI_DSI1_DATA1_N~0
2.675015e-10 (A)  W_Trace1454::MIPI_DSI1_DATA1_N~0
5.000000e-12 (A)  W_Trace1558::MIPI_DSI1_DATA1_P~0
5.000000e-12 (A)  W_Trace1559_Auto_897::MIPI_DSI1_DATA1_P~0
5.000000e-12 (A)  W_Trace1559_Auto_913::MIPI_DSI1_DATA1_P~0
5.000000e-12 (A)  W_Trace1561::MIPI_DSI1_DATA1_P~0
5.000000e-12 (A)  W_Trace1563::MIPI_DSI1_DATA1_P~0
-5.000000e-12 (A)  W_Trace1565::MIPI_DSI1_DATA1_P~0
-5.000000e-12 (A)  W_Trace1571::MIPI_DSI1_DATA1_P~0
-5.000000e-12 (A)  W_Trace1573::MIPI_DSI1_DATA1_P~0
-5.000000e-12 (A)  W_Trace1573_Auto_112::MIPI_DSI1_DATA1_P~0
5.000000e-12 (A)  W_Trace1575::MIPI_DSI1_DATA1_P~0
-5.000000e-12 (A)  W_Trace1582::MIPI_DSI1_DATA1_P~0
5.000000e-12 (A)  W_Trace1584_Auto_94::MIPI_DSI1_DATA1_P~0
5.000000e-12 (A)  W_Trace1584_Auto_99::MIPI_DSI1_DATA1_P~0
-5.000000e-12 (A)  W_Trace1588::MIPI_DSI1_DATA1_P~0
-5.000000e-12 (A)  W_Trace1594::MIPI_DSI1_DATA1_P~0
-5.000000e-12 (A)  W_Trace1596_Auto_95::MIPI_DSI1_DATA1_P~0
-5.000000e-12 (A)  W_Trace1596_Auto_96::MIPI_DSI1_DATA1_P~0
-5.000000e-12 (A)  W_Trace1605::MIPI_DSI1_DATA1_P~0
5.000000e-12 (A)  W_Trace1607_Auto_102::MIPI_DSI1_DATA1_P~0
5.000000e-12 (A)  W_Trace1607_Auto_103::MIPI_DSI1_DATA1_P~0
-5.000000e-12 (A)  W_Trace1611::MIPI_DSI1_DATA1_P~0
-5.000000e-12 (A)  W_Trace1615::MIPI_DSI1_DATA1_P~0
-5.000000e-12 (A)  W_Trace1617::MIPI_DSI1_DATA1_P~0
-5.000000e-12 (A)  W_Trace1619::MIPI_DSI1_DATA1_P~0
-5.000000e-12 (A)  W_Trace1625::MIPI_DSI1_DATA1_P~0
-5.000000e-12 (A)  W_Trace1636::MIPI_DSI1_DATA1_P~0
-5.000000e-12 (A)  W_Trace1647::MIPI_DSI1_DATA1_P~0
-5.000000e-12 (A)  W_Trace1649::MIPI_DSI1_DATA1_P~0
-5.000000e-12 (A)  W_Trace1658#BP0::MIPI_DSI1_DATA1_P~0
5.000000e-12 (A)  W_Trace1660::MIPI_DSI1_DATA1_P~0
-5.000000e-12 (A)  W_Trace1664::MIPI_DSI1_DATA1_P~0
5.000000e-12 (A)  W_Trace1666#BP0_Auto_160::MIPI_DSI1_DATA1_P~0
5.000000e-12 (A)  W_Trace1666_Auto_182::MIPI_DSI1_DATA1_P~0
5.000000e-12 (A)  W_Trace1666_Auto_186::MIPI_DSI1_DATA1_P~0
5.000000e-12 (A)  W_Trace1668::MIPI_DSI1_DATA1_P~0
5.000000e-12 (A)  W_Trace1672::MIPI_DSI1_DATA1_P~0
5.000000e-12 (A)  W_Trace1673_Auto_2538::MIPI_DSI1_DATA1_P~0
5.000000e-12 (A)  W_Trace1675::MIPI_DSI1_DATA1_P~0
5.000000e-12 (A)  W_Trace1677::MIPI_DSI1_DATA1_P~0
5.000000e-12 (A)  W_Trace1677_Auto_2619::MIPI_DSI1_DATA1_P~0
5.000000e-12 (A)  W_Trace1679::MIPI_DSI1_DATA1_P~0
-5.000000e-12 (A)  W_Trace1681_Auto_2512::MIPI_DSI1_DATA1_P~0
5.000000e-12 (A)  W_Trace1682::MIPI_DSI1_DATA1_P~0
5.000000e-12 (A)  W_Trace1684::MIPI_DSI1_DATA1_P~0
-5.000000e-12 (A)  W_Trace1686::MIPI_DSI1_DATA1_P~0
-5.000000e-12 (A)  W_Trace1686_Auto_2192::MIPI_DSI1_DATA1_P~0
1.250003e-11 (A)  W_Trace1689::MIPI_DSI1_DATA0_N~0
-1.500001e-11 (A)  W_Trace1691::MIPI_DSI1_DATA0_N~0
-2.250003e-11 (A)  W_Trace1693::MIPI_DSI1_DATA0_N~0
-3.500002e-11 (A)  W_Trace1695_Auto_1756::MIPI_DSI1_DATA0_N~0
-3.750003e-11 (A)  W_Trace1697::MIPI_DSI1_DATA0_N~0
-4.000003e-11 (A)  W_Trace1699::MIPI_DSI1_DATA0_N~0
4.750005e-11 (A)  W_Trace1701::MIPI_DSI1_DATA0_N~0
-5.000003e-11 (A)  W_Trace1702::MIPI_DSI1_DATA0_N~0
-5.250009e-11 (A)  W_Trace1710::MIPI_DSI1_DATA0_N~0
-5.750015e-11 (A)  W_Trace1710_Auto_65::MIPI_DSI1_DATA0_N~0
6.000016e-11 (A)  W_Trace1714::MIPI_DSI1_DATA0_N~0
-7.000026e-11 (A)  W_Trace1719::MIPI_DSI1_DATA0_N~0
-7.750030e-11 (A)  W_Trace1726::MIPI_DSI1_DATA0_N~0
-8.000037e-11 (A)  W_Trace1727::MIPI_DSI1_DATA0_N~0
8.500039e-11 (A)  W_Trace1731::MIPI_DSI1_DATA0_N~0
-9.000039e-11 (A)  W_Trace1733_Auto_379::MIPI_DSI1_DATA0_N~0
-9.750033e-11 (A)  W_Trace1735::MIPI_DSI1_DATA0_N~0
-1.050005e-10 (A)  W_Trace1742::MIPI_DSI1_DATA0_N~0
-1.075005e-10 (A)  W_Trace1743::MIPI_DSI1_DATA0_N~0
-1.125005e-10 (A)  W_Trace1743_Auto_2138::MIPI_DSI1_DATA0_N~0
-1.150005e-10 (A)  W_Trace1745::MIPI_DSI1_DATA0_N~0
-1.175005e-10 (A)  W_Trace1747::MIPI_DSI1_DATA0_N~0
1.225005e-10 (A)  W_Trace1751::MIPI_DSI1_DATA0_N~0
-1.250005e-10 (A)  W_Trace1753::MIPI_DSI1_DATA0_N~0
-1.325005e-10 (A)  W_Trace1753_Auto_2166::MIPI_DSI1_DATA0_N~0
-1.350005e-10 (A)  W_Trace1755::MIPI_DSI1_DATA0_N~0
1.375006e-10 (A)  W_Trace1756::MIPI_DSI1_DATA0_N~0
1.400006e-10 (A)  W_Trace1761::MIPI_DSI1_DATA0_N~0
-1.450007e-10 (A)  W_Trace1762#BP0::MIPI_DSI1_DATA0_N~0
1.425007e-10 (A)  W_Trace1762::MIPI_DSI1_DATA0_N~0
1.550008e-10 (A)  W_Trace1764::MIPI_DSI1_DATA0_N~0
1.475007e-10 (A)  W_Trace1764_Auto_2164::MIPI_DSI1_DATA0_N~0
1.575008e-10 (A)  W_Trace1773::MIPI_DSI1_DATA0_N~0
-1.600008e-10 (A)  W_Trace1775::MIPI_DSI1_DATA0_N~0
-1.650008e-10 (A)  W_Trace1775_Auto_2145::MIPI_DSI1_DATA0_N~0
-1.675009e-10 (A)  W_Trace1777::MIPI_DSI1_DATA0_N~0
1.750009e-10 (A)  W_Trace1786::MIPI_DSI1_DATA0_N~0
1.700009e-10 (A)  W_Trace1786_Auto_2143::MIPI_DSI1_DATA0_N~0
1.775009e-10 (A)  W_Trace1792::MIPI_DSI1_DATA0_N~0
-1.800008e-10 (A)  W_Trace1793::MIPI_DSI1_DATA0_N~0
-1.850009e-10 (A)  W_Trace1793_Auto_2168::MIPI_DSI1_DATA0_N~0
-1.875009e-10 (A)  W_Trace1795::MIPI_DSI1_DATA0_N~0
-1.900010e-10 (A)  W_Trace1798::MIPI_DSI1_DATA0_N~0
-1.950010e-10 (A)  W_Trace1801::MIPI_DSI1_DATA0_N~0
2.100011e-10 (A)  W_Trace1806::MIPI_DSI1_DATA0_N~0
-2.125011e-10 (A)  W_Trace1808::MIPI_DSI1_DATA0_N~0
2.200013e-10 (A)  W_Trace1812::MIPI_DSI1_DATA0_N~0
2.150012e-10 (A)  W_Trace1812_Auto_2632::MIPI_DSI1_DATA0_N~0
-2.225013e-10 (A)  W_Trace1813::MIPI_DSI1_DATA0_N~0
2.350014e-10 (A)  W_Trace1814::MIPI_DSI1_DATA0_N~0
2.275014e-10 (A)  W_Trace1814_Auto_2504::MIPI_DSI1_DATA0_N~0
2.425014e-10 (A)  W_Trace1815::MIPI_DSI1_DATA0_N~0
2.375014e-10 (A)  W_Trace1815_Auto_2188::MIPI_DSI1_DATA0_N~0
5.000000e-12 (A)  W_Trace1816::MIPI_DSI1_DATA0_P~0
-5.000000e-12 (A)  W_Trace1817::MIPI_DSI1_DATA0_P~0
5.000000e-12 (A)  W_Trace1818::MIPI_DSI1_DATA0_P~0
5.000000e-12 (A)  W_Trace1820::MIPI_DSI1_DATA0_P~0
5.000000e-12 (A)  W_Trace1822::MIPI_DSI1_DATA0_P~0
5.000000e-12 (A)  W_Trace1822_Auto_2141::MIPI_DSI1_DATA0_P~0
5.000000e-12 (A)  W_Trace1824::MIPI_DSI1_DATA0_P~0
5.000000e-12 (A)  W_Trace1828::MIPI_DSI1_DATA0_P~0
-5.000000e-12 (A)  W_Trace1837::MIPI_DSI1_DATA0_P~0
-5.000000e-12 (A)  W_Trace1839_Auto_2147::MIPI_DSI1_DATA0_P~0
5.000000e-12 (A)  W_Trace1841::MIPI_DSI1_DATA0_P~0
5.000000e-12 (A)  W_Trace1850_Auto_2144::MIPI_DSI1_DATA0_P~0
-5.000000e-12 (A)  W_Trace1859::MIPI_DSI1_DATA0_P~0
-5.000000e-12 (A)  W_Trace1861_Auto_2142::MIPI_DSI1_DATA0_P~0
-5.000000e-12 (A)  W_Trace1866::MIPI_DSI1_DATA0_P~0
-5.000000e-12 (A)  W_Trace1872::MIPI_DSI1_DATA0_P~0
5.000000e-12 (A)  W_Trace1875_Auto_2174::MIPI_DSI1_DATA0_P~0
5.000000e-12 (A)  W_Trace1876::MIPI_DSI1_DATA0_P~0
5.000000e-12 (A)  W_Trace1878::MIPI_DSI1_DATA0_P~0
5.000000e-12 (A)  W_Trace1878_Auto_2172::MIPI_DSI1_DATA0_P~0
5.000000e-12 (A)  W_Trace1879::MIPI_DSI1_DATA0_P~0
5.000000e-12 (A)  W_Trace1880::MIPI_DSI1_DATA0_P~0
5.000000e-12 (A)  W_Trace1880_Auto_2170::MIPI_DSI1_DATA0_P~0
-5.000000e-12 (A)  W_Trace1881_Auto_2177::MIPI_DSI1_DATA0_P~0
-5.000000e-12 (A)  W_Trace1885::MIPI_DSI1_DATA0_P~0
5.000000e-12 (A)  W_Trace1888::MIPI_DSI1_DATA0_P~0
-5.000000e-12 (A)  W_Trace1891::MIPI_DSI1_DATA0_P~0
-5.000000e-12 (A)  W_Trace1892::MIPI_DSI1_DATA0_P~0
-5.000000e-12 (A)  W_Trace1892_Auto_2186::MIPI_DSI1_DATA0_P~0
5.000000e-12 (A)  W_Trace1898::MIPI_DSI1_DATA0_P~0
5.000000e-12 (A)  W_Trace1902::MIPI_DSI1_DATA0_P~0
5.000000e-12 (A)  W_Trace1904_Auto_1814::MIPI_DSI1_DATA0_P~0
-5.000000e-12 (A)  W_Trace1908::MIPI_DSI1_DATA0_P~0
-5.000000e-12 (A)  W_Trace1910::MIPI_DSI1_DATA0_P~0
-5.000000e-12 (A)  W_Trace1910_Auto_68::MIPI_DSI1_DATA0_P~0
-5.000000e-12 (A)  W_Trace1919::MIPI_DSI1_DATA0_P~0
5.000000e-12 (A)  W_Trace1921::MIPI_DSI1_DATA0_P~0
5.000000e-12 (A)  W_Trace1921_Auto_71::MIPI_DSI1_DATA0_P~0
-5.000000e-12 (A)  W_Trace1924::MIPI_DSI1_DATA0_P~0
5.000000e-12 (A)  W_Trace1926::MIPI_DSI1_DATA0_P~0
5.000000e-12 (A)  W_Trace1926_Auto_56::MIPI_DSI1_DATA0_P~0
-5.000000e-12 (A)  W_Trace1930::MIPI_DSI1_DATA0_P~0
-5.000000e-12 (A)  W_Trace1932::MIPI_DSI1_DATA0_P~0
-5.000000e-12 (A)  W_Trace1932_Auto_59::MIPI_DSI1_DATA0_P~0
-5.000000e-12 (A)  W_Trace1941::MIPI_DSI1_DATA0_P~0
5.000000e-12 (A)  W_Trace1943::MIPI_DSI1_DATA0_P~0
5.000000e-12 (A)  W_Trace1943_Auto_62::MIPI_DSI1_DATA0_P~0
-5.000000e-12 (A)  W_Trace1946::MIPI_DSI1_DATA0_P~0
5.000000e-12 (A)  W_Trace1948::MIPI_DSI1_DATA0_P~0
-5.000000e-12 (A)  W_Trace1952::MIPI_DSI1_DATA0_P~0
-5.000000e-12 (A)  W_Trace1954::MIPI_DSI1_DATA0_P~0
-5.000000e-12 (A)  W_Trace1954_Auto_370::MIPI_DSI1_DATA0_P~0
-5.000000e-12 (A)  W_Trace1963::MIPI_DSI1_DATA0_P~0
-5.000000e-12 (A)  W_Trace1969::MIPI_DSI1_DATA0_P~0
5.000000e-12 (A)  W_Trace1973::MIPI_DSI1_DATA0_P~0
5.000000e-12 (A)  W_Trace551::MIPI_DSI1_CLK_N~0
5.000000e-12 (A)  W_Trace555::MIPI_DSI1_CLK_N~0
-5.000000e-12 (A)  W_Trace557::MIPI_DSI1_CLK_N~0
-5.000000e-12 (A)  W_Trace557_Auto_516::MIPI_DSI1_CLK_N~0
-5.000000e-12 (A)  W_Trace559::MIPI_DSI1_CLK_N~0
-5.000000e-12 (A)  W_Trace561::MIPI_DSI1_CLK_N~0
-5.000000e-12 (A)  W_Trace562::MIPI_DSI1_CLK_N~0
-5.000000e-12 (A)  W_Trace573::MIPI_DSI1_CLK_N~0
-5.000000e-12 (A)  W_Trace574_Auto_526::MIPI_DSI1_CLK_N~0
-5.000000e-12 (A)  W_Trace575::MIPI_DSI1_CLK_N~0
5.000000e-12 (A)  W_Trace584::MIPI_DSI1_CLK_N~0
5.000000e-12 (A)  W_Trace586::MIPI_DSI1_CLK_N~0
-5.000000e-12 (A)  W_Trace588::MIPI_DSI1_CLK_N~0
-5.000000e-12 (A)  W_Trace598::MIPI_DSI1_CLK_N~0
-5.000000e-12 (A)  W_Trace598_Auto_556::MIPI_DSI1_CLK_N~0
5.000000e-12 (A)  W_Trace607::MIPI_DSI1_CLK_N~0
5.000000e-12 (A)  W_Trace610::MIPI_DSI1_CLK_N~0
5.000000e-12 (A)  W_Trace610_Auto_549::MIPI_DSI1_CLK_N~0
-5.000000e-12 (A)  W_Trace611::MIPI_DSI1_CLK_N~0
5.000000e-12 (A)  W_Trace627::MIPI_DSI1_CLK_N~0
5.000000e-12 (A)  W_Trace627_Auto_599::MIPI_DSI1_CLK_N~0
5.000000e-12 (A)  W_Trace627_Auto_605::MIPI_DSI1_CLK_N~0
5.000000e-12 (A)  W_Trace628_Auto_1790::MIPI_DSI1_CLK_N~0
-5.000000e-12 (A)  W_Trace630::MIPI_DSI1_CLK_N~0
5.000000e-12 (A)  W_Trace632_Auto_1832::MIPI_DSI1_CLK_N~0
-5.000000e-12 (A)  W_Trace633::MIPI_DSI1_CLK_N~0
5.000000e-12 (A)  W_Trace636_Auto_903::MIPI_DSI1_CLK_N~0
5.000000e-12 (A)  W_Trace636_Auto_919::MIPI_DSI1_CLK_N~0
5.000000e-12 (A)  W_Trace636_Auto_929::MIPI_DSI1_CLK_N~0
5.000000e-12 (A)  W_Trace637::MIPI_DSI1_CLK_N~0
-5.000000e-12 (A)  W_Trace638::MIPI_DSI1_CLK_N~0
-5.000000e-12 (A)  W_Trace639::MIPI_DSI1_CLK_N~0
5.000000e-12 (A)  W_Trace641::MIPI_DSI1_CLK_N~0
-5.000000e-12 (A)  W_Trace643::MIPI_DSI1_CLK_N~0
5.000000e-12 (A)  W_Trace644_Auto_2626::MIPI_DSI1_CLK_N~0
-5.000000e-12 (A)  W_Trace646::MIPI_DSI1_CLK_N~0
5.000000e-12 (A)  W_Trace648::MIPI_DSI1_CLK_N~0
-5.000000e-12 (A)  W_Trace650::MIPI_DSI1_CLK_N~0
-5.000000e-12 (A)  W_Trace652::MIPI_DSI1_CLK_N~0
-5.000000e-12 (A)  W_Trace652_Auto_2550::MIPI_DSI1_CLK_N~0
-5.000000e-12 (A)  W_Trace654::MIPI_DSI1_CLK_N~0
2.175012e-10 (A)  W_Trace659::MIPI_DSI1_CLK_P~0
2.150011e-10 (A)  W_Trace661#BP0::MIPI_DSI1_CLK_P~0
2.100011e-10 (A)  W_Trace661#BP0_Auto_512::MIPI_DSI1_CLK_P~0
2.075010e-10 (A)  W_Trace663::MIPI_DSI1_CLK_P~0
2.050010e-10 (A)  W_Trace665::MIPI_DSI1_CLK_P~0
2.000010e-10 (A)  W_Trace667::MIPI_DSI1_CLK_P~0
-1.950010e-10 (A)  W_Trace679::MIPI_DSI1_CLK_P~0
1.900009e-10 (A)  W_Trace681_Auto_575::MIPI_DSI1_CLK_P~0
1.875009e-10 (A)  W_Trace682::MIPI_DSI1_CLK_P~0
1.800008e-10 (A)  W_Trace683_Auto_567::MIPI_DSI1_CLK_P~0
1.750007e-10 (A)  W_Trace683_Auto_573::MIPI_DSI1_CLK_P~0
1.725007e-10 (A)  W_Trace685::MIPI_DSI1_CLK_P~0
-1.525005e-10 (A)  W_Trace694::MIPI_DSI1_CLK_P~0
-1.700007e-10 (A)  W_Trace694_Auto_561::MIPI_DSI1_CLK_P~0
-1.650006e-10 (A)  W_Trace694_Auto_563::MIPI_DSI1_CLK_P~0
-1.500005e-10 (A)  W_Trace704::MIPI_DSI1_CLK_P~0
1.475005e-10 (A)  W_Trace706::MIPI_DSI1_CLK_P~0
1.300005e-10 (A)  W_Trace706_Auto_558::MIPI_DSI1_CLK_P~0
1.350005e-10 (A)  W_Trace706_Auto_562::MIPI_DSI1_CLK_P~0
1.275004e-10 (A)  W_Trace708::MIPI_DSI1_CLK_P~0
-1.200004e-10 (A)  W_Trace715::MIPI_DSI1_CLK_P~0
-1.125004e-10 (A)  W_Trace716::MIPI_DSI1_CLK_P~0
-1.175004e-10 (A)  W_Trace716_Auto_543::MIPI_DSI1_CLK_P~0
-1.100004e-10 (A)  W_Trace722::MIPI_DSI1_CLK_P~0
-1.075004e-10 (A)  W_Trace727::MIPI_DSI1_CLK_P~0
1.050004e-10 (A)  W_Trace730::MIPI_DSI1_CLK_P~0
1.000004e-10 (A)  W_Trace730_Auto_552::MIPI_DSI1_CLK_P~0
-9.750045e-11 (A)  W_Trace733::MIPI_DSI1_CLK_P~0
-8.500038e-11 (A)  W_Trace735::MIPI_DSI1_CLK_P~0
-9.000044e-11 (A)  W_Trace735_Auto_595::MIPI_DSI1_CLK_P~0
-9.500047e-11 (A)  W_Trace735_Auto_596::MIPI_DSI1_CLK_P~0
-5.000019e-11 (A)  W_Trace736::MIPI_DSI1_CLK_P~0
-5.500019e-11 (A)  W_Trace736_Auto_1788::MIPI_DSI1_CLK_P~0
4.750018e-11 (A)  W_Trace738::MIPI_DSI1_CLK_P~0
-3.000010e-11 (A)  W_Trace742::MIPI_DSI1_CLK_P~0
-2.250007e-11 (A)  W_Trace744_Auto_901::MIPI_DSI1_CLK_P~0
-1.249998e-11 (A)  W_Trace745::MIPI_DSI1_CLK_P~0
2.875016e-10 (A)  W_Trace748_Auto_2183::MIPI_DSI1_CLK_P~0
2.825016e-10 (A)  W_Trace751::MIPI_DSI1_CLK_P~0
2.775015e-10 (A)  W_Trace752::MIPI_DSI1_CLK_P~0
2.700015e-10 (A)  W_Trace753_Auto_2494::MIPI_DSI1_CLK_P~0
2.550014e-10 (A)  W_Trace757::MIPI_DSI1_CLK_P~0
-2.450013e-10 (A)  W_Trace759::MIPI_DSI1_CLK_P~0
-2.525014e-10 (A)  W_Trace759_Auto_2614::MIPI_DSI1_CLK_P~0
2.425013e-10 (A)  W_Trace761::MIPI_DSI1_CLK_P~0
-2.375012e-10 (A)  W_Trace767::MIPI_DSI1_CLK_P~0
-2.350012e-10 (A)  W_Trace769_Auto_2852::MIPI_DSI1_CLK_P~0
-2.300013e-10 (A)  W_Trace778::MIPI_DSI1_CLK_P~0
-2.250012e-10 (A)  W_Trace792::MIPI_DSI1_CLK_P~0
1.250001e-11 (A)  W_Trace797::MIPI_DSI1_DATA3_N~0
-1.500003e-11 (A)  W_Trace799::MIPI_DSI1_DATA3_N~0
-2.500016e-11 (A)  W_Trace800_Auto_911::MIPI_DSI1_DATA3_N~0
-3.000010e-11 (A)  W_Trace800_Auto_927::MIPI_DSI1_DATA3_N~0
-3.500017e-11 (A)  W_Trace800_Auto_937::MIPI_DSI1_DATA3_N~0
5.500017e-11 (A)  W_Trace802::MIPI_DSI1_DATA3_N~0
-5.750019e-11 (A)  W_Trace803::MIPI_DSI1_DATA3_N~0
-7.250030e-11 (A)  W_Trace803_Auto_1827::MIPI_DSI1_DATA3_N~0
-7.500031e-11 (A)  W_Trace805::MIPI_DSI1_DATA3_N~0
-7.750033e-11 (A)  W_Trace807::MIPI_DSI1_DATA3_N~0
-8.750044e-11 (A)  W_Trace807_Auto_1794::MIPI_DSI1_DATA3_N~0
1.225006e-10 (A)  W_Trace809::MIPI_DSI1_DATA3_N~0
-1.250007e-10 (A)  W_Trace811::MIPI_DSI1_DATA3_N~0
1.300007e-10 (A)  W_Trace815::MIPI_DSI1_DATA3_N~0
-1.325007e-10 (A)  W_Trace816::MIPI_DSI1_DATA3_N~0
-1.375007e-10 (A)  W_Trace818::MIPI_DSI1_DATA3_N~0
-1.400007e-10 (A)  W_Trace821::MIPI_DSI1_DATA3_N~0
-1.475008e-10 (A)  W_Trace823::MIPI_DSI1_DATA3_N~0
1.550009e-10 (A)  W_Trace832::MIPI_DSI1_DATA3_N~0
-1.600009e-10 (A)  W_Trace834#BP0_Auto_2854::MIPI_DSI1_DATA3_N~0
1.625009e-10 (A)  W_Trace854::MIPI_DSI1_DATA3_N~0
-1.650009e-10 (A)  W_Trace856::MIPI_DSI1_DATA3_N~0
-1.700010e-10 (A)  W_Trace856_Auto_2859::MIPI_DSI1_DATA3_N~0
-1.725010e-10 (A)  W_Trace858::MIPI_DSI1_DATA3_N~0
-1.750010e-10 (A)  W_Trace860::MIPI_DSI1_DATA3_N~0
1.800010e-10 (A)  W_Trace864::MIPI_DSI1_DATA3_N~0
-1.900011e-10 (A)  W_Trace869::MIPI_DSI1_DATA3_N~0
-5.000000e-12 (A)  W_Trace877::MIPI_DSI1_DATA3_P~0
5.000000e-12 (A)  W_Trace879::MIPI_DSI1_DATA3_P~0
-5.000000e-12 (A)  W_Trace883::MIPI_DSI1_DATA3_P~0
-5.000000e-12 (A)  W_Trace894::MIPI_DSI1_DATA3_P~0
-5.000000e-12 (A)  W_Trace905::MIPI_DSI1_DATA3_P~0
-5.000000e-12 (A)  W_Trace907_Auto_2855::MIPI_DSI1_DATA3_P~0
-5.000000e-12 (A)  W_Trace916::MIPI_DSI1_DATA3_P~0
-5.000000e-12 (A)  W_Trace922::MIPI_DSI1_DATA3_P~0
-5.000000e-12 (A)  W_Trace926::MIPI_DSI1_DATA3_P~0
5.000000e-12 (A)  W_Trace928::MIPI_DSI1_DATA3_P~0
5.000000e-12 (A)  W_Trace928_Auto_2862::MIPI_DSI1_DATA3_P~0
-5.000000e-12 (A)  W_Trace932::MIPI_DSI1_DATA3_P~0
5.000000e-12 (A)  W_Trace934::MIPI_DSI1_DATA3_P~0
5.000000e-12 (A)  W_Trace934_Auto_2864::MIPI_DSI1_DATA3_P~0
5.000000e-12 (A)  W_Trace935::MIPI_DSI1_DATA3_P~0
5.000000e-12 (A)  W_Trace935_Auto_2866::MIPI_DSI1_DATA3_P~0
5.000000e-12 (A)  W_Trace936::MIPI_DSI1_DATA3_P~0
5.000000e-12 (A)  W_Trace937::MIPI_DSI1_DATA3_P~0
5.000000e-12 (A)  W_Trace943_Auto_909::MIPI_DSI1_DATA3_P~0
5.000000e-12 (A)  W_Trace943_Auto_925::MIPI_DSI1_DATA3_P~0
5.000000e-12 (A)  W_Trace943_Auto_935::MIPI_DSI1_DATA3_P~0
5.000000e-12 (A)  W_Trace944::MIPI_DSI1_DATA3_P~0
5.000000e-12 (A)  W_Trace945_Auto_894::MIPI_DSI1_DATA3_P~0
5.000000e-12 (A)  W_Trace948::MIPI_DSI1_DATA3_P~0
5.000000e-12 (A)  W_Trace950_Auto_1792::MIPI_DSI1_DATA3_P~0
-5.000000e-12 (A)  W_Trace952::MIPI_DSI1_DATA3_P~0
-5.000000e-12 (A)  W_Trace958::MIPI_DSI1_DATA3_P~0
-5.000000e-12 (A)  W_Trace962::MIPI_DSI1_DATA3_P~0
5.000000e-12 (A)  W_Trace966::MIPI_DSI1_DATA3_P~0
1.250001e-11 (A)  W_Trace971::MIPI_DSI1_DATA2_N~0
-1.500004e-11 (A)  W_Trace973::MIPI_DSI1_DATA2_N~0
-2.500008e-11 (A)  W_Trace974_Auto_907::MIPI_DSI1_DATA2_N~0
-3.000005e-11 (A)  W_Trace974_Auto_923::MIPI_DSI1_DATA2_N~0
-3.500009e-11 (A)  W_Trace974_Auto_933::MIPI_DSI1_DATA2_N~0
-4.250005e-11 (A)  W_Trace975::MIPI_DSI1_DATA2_N~0
5.250010e-11 (A)  W_Trace978::MIPI_DSI1_DATA2_N~0
-6.250006e-11 (A)  W_Trace980::MIPI_DSI1_DATA2_N~0
6.750010e-11 (A)  W_Trace983::MIPI_DSI1_DATA2_N~0
-7.500021e-11 (A)  W_Trace986::MIPI_DSI1_DATA2_N~0
-7.750019e-11 (A)  W_Trace988::MIPI_DSI1_DATA2_N~0
-8.750024e-11 (A)  W_Trace988_Auto_2871::MIPI_DSI1_DATA2_N~0
-9.000025e-11 (A)  W_Trace989::MIPI_DSI1_DATA2_N~0
-9.500026e-11 (A)  W_Trace989_Auto_2877::MIPI_DSI1_DATA2_N~0
9.750029e-11 (A)  W_Trace999::MIPI_DSI1_DATA2_N~0
1.300004e-10 (A)  WCPL_Trace1024::MIPI_DSI1_DATA2_N~0
-5.000000e-12 (A)  WCPL_Trace1024::MIPI_DSI1_DATA2_N~1
1.275004e-10 (A)  WCPL_Trace1024_Auto_2887::MIPI_DSI1_DATA2_N~0
-5.000000e-12 (A)  WCPL_Trace1024_Auto_2887::MIPI_DSI1_DATA2_N~1
5.000000e-12 (A)  WCPL_Trace1024_Auto_2887::MIPI_DSI1_DATA2_N~2
-1.125004e-10 (A)  WCPL_Trace1024_Auto_2887::MIPI_DSI1_DATA2_N~3
1.025003e-10 (A)  WCPL_Trace1024_Auto_2887::MIPI_DSI1_DATA2_N~4
-5.000000e-12 (A)  WCPL_Trace1024_Auto_2887::MIPI_DSI1_DATA2_N~5
5.000000e-12 (A)  WCPL_Trace1024_Auto_2887::MIPI_DSI1_DATA2_N~6
-9.250025e-11 (A)  WCPL_Trace1024_Auto_2887::MIPI_DSI1_DATA2_N~7
1.250004e-10 (A)  WCPL_Trace1024_Auto_2896::MIPI_DSI1_DATA2_N~0
-5.000000e-12 (A)  WCPL_Trace1024_Auto_2896::MIPI_DSI1_DATA2_N~1
5.000000e-12 (A)  WCPL_Trace1024_Auto_2896::MIPI_DSI1_DATA2_N~2
-1.150004e-10 (A)  WCPL_Trace1024_Auto_2896::MIPI_DSI1_DATA2_N~3
1.625005e-10 (A)  WCPL_Trace1056::MIPI_DSI1_DATA2_N~0
-1.575006e-10 (A)  WCPL_Trace1056::MIPI_DSI1_DATA2_N~1
-1.875007e-10 (A)  WCPL_Trace1067#BP1_Auto_2473::MIPI_DSI1_DATA2_N~0
5.000000e-12 (A)  WCPL_Trace1067#BP1_Auto_2473::MIPI_DSI1_DATA2_N~1
-1.925007e-10 (A)  WCPL_Trace1067#BP1_Auto_2548::MIPI_DSI1_DATA2_N~0
5.000000e-12 (A)  WCPL_Trace1067#BP1_Auto_2548::MIPI_DSI1_DATA2_N~1
-1.900007e-10 (A)  WCPL_Trace1067#BP1_Auto_2551::MIPI_DSI1_DATA2_N~0
5.000000e-12 (A)  WCPL_Trace1067#BP1_Auto_2551::MIPI_DSI1_DATA2_N~1
-2.150008e-10 (A)  WCPL_Trace1082::MIPI_DSI1_DATA2_N~0
5.000000e-12 (A)  WCPL_Trace1082::MIPI_DSI1_DATA2_N~1
-1.800012e-10 (A)  WCPL_Trace1082::MIPI_DSI1_DATA2_N~2
-2.250008e-10 (A)  WCPL_Trace1104::MIPI_DSI1_DATA2_N~0
5.000000e-12 (A)  WCPL_Trace1104::MIPI_DSI1_DATA2_N~1
-1.900012e-10 (A)  WCPL_Trace1104::MIPI_DSI1_DATA2_N~2
-2.350009e-10 (A)  WCPL_Trace1126::MIPI_DSI1_DATA2_N~0
5.000000e-12 (A)  WCPL_Trace1126::MIPI_DSI1_DATA2_N~1
-2.000013e-10 (A)  WCPL_Trace1126::MIPI_DSI1_DATA2_N~2
-2.450010e-10 (A)  WCPL_Trace1148::MIPI_DSI1_DATA2_N~0
5.000000e-12 (A)  WCPL_Trace1148::MIPI_DSI1_DATA2_N~1
-2.100013e-10 (A)  WCPL_Trace1148::MIPI_DSI1_DATA2_N~2
-2.600010e-10 (A)  WCPL_Trace1170_Auto_2588::MIPI_DSI1_DATA2_N~0
5.000000e-12 (A)  WCPL_Trace1170_Auto_2588::MIPI_DSI1_DATA2_N~1
-2.225013e-10 (A)  WCPL_Trace1170_Auto_2588::MIPI_DSI1_DATA2_N~2
-2.600014e-10 (A)  WCPL_Trace1170_Auto_2588::MIPI_DSI1_DATA2_N~3
5.000000e-12 (A)  WCPL_Trace1170_Auto_2588::MIPI_DSI1_DATA2_N~4
-2.575010e-10 (A)  WCPL_Trace1170_Auto_2593::MIPI_DSI1_DATA2_N~0
5.000000e-12 (A)  WCPL_Trace1170_Auto_2593::MIPI_DSI1_DATA2_N~1
-2.200013e-10 (A)  WCPL_Trace1170_Auto_2593::MIPI_DSI1_DATA2_N~2
-2.575014e-10 (A)  WCPL_Trace1170_Auto_2593::MIPI_DSI1_DATA2_N~3
2.950011e-10 (A)  WCPL_Trace1185::MIPI_DSI1_DATA2_N~0
-5.000000e-12 (A)  WCPL_Trace1185::MIPI_DSI1_DATA2_N~1
2.800010e-10 (A)  WCPL_Trace1185_Auto_2519::MIPI_DSI1_DATA2_N~0
-5.000000e-12 (A)  WCPL_Trace1185_Auto_2519::MIPI_DSI1_DATA2_N~1
5.000000e-12 (A)  WCPL_Trace1188_Auto_939::MIPI_DSI1_DATA2_P~0
-4.000007e-11 (A)  WCPL_Trace1188_Auto_939::MIPI_DSI1_DATA2_P~1
5.000000e-12 (A)  WCPL_Trace1188_Auto_939::MIPI_DSI1_DATA2_P~2
-4.000018e-11 (A)  WCPL_Trace1188_Auto_939::MIPI_DSI1_DATA2_P~3
5.000000e-12 (A)  WCPL_Trace1188_Auto_953::MIPI_DSI1_DATA2_P~0
-4.500007e-11 (A)  WCPL_Trace1188_Auto_953::MIPI_DSI1_DATA2_P~1
5.000000e-12 (A)  WCPL_Trace1188_Auto_953::MIPI_DSI1_DATA2_P~2
-4.250018e-11 (A)  WCPL_Trace1188_Auto_953::MIPI_DSI1_DATA2_P~3
5.000000e-12 (A)  WCPL_Trace1190::MIPI_DSI1_DATA2_P~0
-4.750005e-11 (A)  WCPL_Trace1190::MIPI_DSI1_DATA2_P~1
5.000000e-12 (A)  WCPL_Trace1190::MIPI_DSI1_DATA2_P~2
-4.500020e-11 (A)  WCPL_Trace1190::MIPI_DSI1_DATA2_P~3
5.000000e-12 (A)  WCPL_Trace1192::MIPI_DSI1_DATA2_P~0
-5.000007e-11 (A)  WCPL_Trace1192::MIPI_DSI1_DATA2_P~1
5.000000e-12 (A)  WCPL_Trace1192::MIPI_DSI1_DATA2_P~2
-4.750013e-11 (A)  WCPL_Trace1192::MIPI_DSI1_DATA2_P~3
5.000000e-12 (A)  WCPL_Trace1193::MIPI_DSI1_DATA2_P~0
-5.750009e-11 (A)  WCPL_Trace1193::MIPI_DSI1_DATA2_P~1
5.000000e-12 (A)  WCPL_Trace1193::MIPI_DSI1_DATA2_P~2
-6.500024e-11 (A)  WCPL_Trace1193::MIPI_DSI1_DATA2_P~3
5.000000e-12 (A)  WCPL_Trace1194::MIPI_DSI1_DATA2_P~0
-6.500008e-11 (A)  WCPL_Trace1194::MIPI_DSI1_DATA2_P~1
5.000000e-12 (A)  WCPL_Trace1208#BP1_Auto_2872::MIPI_DSI1_DATA2_P~0
-8.000019e-11 (A)  WCPL_Trace1208#BP1_Auto_2872::MIPI_DSI1_DATA2_P~1
5.000000e-12 (A)  WCPL_Trace1209::MIPI_DSI1_DATA2_P~0
-8.250016e-11 (A)  WCPL_Trace1209::MIPI_DSI1_DATA2_P~1
5.000000e-12 (A)  WCPL_Trace1210_Auto_2870::MIPI_DSI1_DATA2_P~0
-8.500016e-11 (A)  WCPL_Trace1210_Auto_2870::MIPI_DSI1_DATA2_P~1
5.000000e-12 (A)  WCPL_Trace1236_Auto_2890::MIPI_DSI1_DATA2_P~0
-1.100004e-10 (A)  WCPL_Trace1236_Auto_2890::MIPI_DSI1_DATA2_P~1
1.050003e-10 (A)  WCPL_Trace1236_Auto_2890::MIPI_DSI1_DATA2_P~2
-5.000000e-12 (A)  WCPL_Trace1236_Auto_2890::MIPI_DSI1_DATA2_P~3
5.000000e-12 (A)  WCPL_Trace1253_Auto_2125::MIPI_DSI1_DATA2_P~0
-1.350004e-10 (A)  WCPL_Trace1253_Auto_2125::MIPI_DSI1_DATA2_P~1
5.000000e-12 (A)  WCPL_Trace1258_Auto_2128::MIPI_DSI1_DATA2_P~0
-1.425004e-10 (A)  WCPL_Trace1258_Auto_2128::MIPI_DSI1_DATA2_P~1
5.000000e-12 (A)  WCPL_Trace1262::MIPI_DSI1_DATA2_P~0
-1.525005e-10 (A)  WCPL_Trace1262::MIPI_DSI1_DATA2_P~1
5.000000e-12 (A)  WCPL_Trace1266::MIPI_DSI1_DATA2_P~0
-1.750006e-10 (A)  WCPL_Trace1266::MIPI_DSI1_DATA2_P~1
5.000000e-12 (A)  WCPL_Trace1267_Auto_2133::MIPI_DSI1_DATA2_P~0
-1.775006e-10 (A)  WCPL_Trace1267_Auto_2133::MIPI_DSI1_DATA2_P~1
5.000000e-12 (A)  WCPL_Trace1284::MIPI_DSI1_DATA2_P~0
-5.000000e-12 (A)  WCPL_Trace1284::MIPI_DSI1_DATA2_P~1
5.000000e-12 (A)  WCPL_Trace1328::MIPI_DSI1_DATA2_P~0
-5.000000e-12 (A)  WCPL_Trace1328::MIPI_DSI1_DATA2_P~1
5.000000e-12 (A)  WCPL_Trace1328::MIPI_DSI1_DATA2_P~2
5.000000e-12 (A)  WCPL_Trace1334_Auto_2542::MIPI_DSI1_DATA2_P~0
-1.950007e-10 (A)  WCPL_Trace1334_Auto_2542::MIPI_DSI1_DATA2_P~1
5.000000e-12 (A)  WCPL_Trace1334_Auto_2542::MIPI_DSI1_DATA2_P~2
-1.675011e-10 (A)  WCPL_Trace1334_Auto_2542::MIPI_DSI1_DATA2_P~3
5.000000e-12 (A)  WCPL_Trace1334_Auto_2552::MIPI_DSI1_DATA2_P~0
-1.975008e-10 (A)  WCPL_Trace1334_Auto_2552::MIPI_DSI1_DATA2_P~1
5.000000e-12 (A)  WCPL_Trace1338_Auto_2478::MIPI_DSI1_DATA2_P~0
-2.050008e-10 (A)  WCPL_Trace1338_Auto_2478::MIPI_DSI1_DATA2_P~1
5.000000e-12 (A)  WCPL_Trace1338_Auto_2478::MIPI_DSI1_DATA2_P~2
5.000000e-12 (A)  WCPL_Trace1338_Auto_2536::MIPI_DSI1_DATA2_P~0
-2.100008e-10 (A)  WCPL_Trace1338_Auto_2536::MIPI_DSI1_DATA2_P~1
5.000000e-12 (A)  WCPL_Trace1338_Auto_2536::MIPI_DSI1_DATA2_P~2
-1.750012e-10 (A)  WCPL_Trace1338_Auto_2536::MIPI_DSI1_DATA2_P~3
5.000000e-12 (A)  WCPL_Trace1338_Auto_2554::MIPI_DSI1_DATA2_P~0
-2.500009e-10 (A)  WCPL_Trace1338_Auto_2554::MIPI_DSI1_DATA2_P~1
5.000000e-12 (A)  WCPL_Trace1338_Auto_2554::MIPI_DSI1_DATA2_P~2
-2.150012e-10 (A)  WCPL_Trace1338_Auto_2554::MIPI_DSI1_DATA2_P~3
5.000000e-12 (A)  WCPL_Trace1338_Auto_2595::MIPI_DSI1_DATA2_P~0
-2.300009e-10 (A)  WCPL_Trace1338_Auto_2595::MIPI_DSI1_DATA2_P~1
5.000000e-12 (A)  WCPL_Trace1338_Auto_2595::MIPI_DSI1_DATA2_P~2
-1.950012e-10 (A)  WCPL_Trace1338_Auto_2595::MIPI_DSI1_DATA2_P~3
5.000000e-12 (A)  WCPL_Trace1338_Auto_2601::MIPI_DSI1_DATA2_P~0
-2.400010e-10 (A)  WCPL_Trace1338_Auto_2601::MIPI_DSI1_DATA2_P~1
5.000000e-12 (A)  WCPL_Trace1338_Auto_2601::MIPI_DSI1_DATA2_P~2
-2.050012e-10 (A)  WCPL_Trace1338_Auto_2601::MIPI_DSI1_DATA2_P~3
5.000000e-12 (A)  WCPL_Trace1338_Auto_2607::MIPI_DSI1_DATA2_P~0
-2.200008e-10 (A)  WCPL_Trace1338_Auto_2607::MIPI_DSI1_DATA2_P~1
5.000000e-12 (A)  WCPL_Trace1338_Auto_2607::MIPI_DSI1_DATA2_P~2
-1.850012e-10 (A)  WCPL_Trace1338_Auto_2607::MIPI_DSI1_DATA2_P~3
5.000000e-12 (A)  WCPL_Trace1338_Auto_2616::MIPI_DSI1_DATA2_P~0
-2.675010e-10 (A)  WCPL_Trace1338_Auto_2616::MIPI_DSI1_DATA2_P~1
5.000000e-12 (A)  WCPL_Trace1338_Auto_2616::MIPI_DSI1_DATA2_P~2
-2.275013e-10 (A)  WCPL_Trace1338_Auto_2616::MIPI_DSI1_DATA2_P~3
-2.650014e-10 (A)  WCPL_Trace1338_Auto_2616::MIPI_DSI1_DATA2_P~4
5.000000e-12 (A)  WCPL_Trace1338_Auto_2616::MIPI_DSI1_DATA2_P~5
5.000000e-12 (A)  WCPL_Trace1342_Auto_2468::MIPI_DSI1_DATA2_P~0
-2.975011e-10 (A)  WCPL_Trace1342_Auto_2468::MIPI_DSI1_DATA2_P~1
5.000000e-12 (A)  WCPL_Trace1342_Auto_2468::MIPI_DSI1_DATA2_P~2
5.000000e-12 (A)  WCPL_Trace1342_Auto_2469::MIPI_DSI1_DATA2_P~0
-3.000011e-10 (A)  WCPL_Trace1342_Auto_2469::MIPI_DSI1_DATA2_P~1
5.000000e-12 (A)  WCPL_Trace1343_Auto_2181::MIPI_DSI1_DATA2_P~0
-3.025011e-10 (A)  WCPL_Trace1343_Auto_2181::MIPI_DSI1_DATA2_P~1
5.000000e-12 (A)  WCPL_Trace1343_Auto_2181::MIPI_DSI1_DATA2_P~2
-3.500023e-11 (A)  WCPL_Trace1355::MIPI_DSI1_DATA1_N~0
-3.500009e-11 (A)  WCPL_Trace1355::MIPI_DSI1_DATA1_N~1
5.000000e-12 (A)  WCPL_Trace1355::MIPI_DSI1_DATA1_N~2
-5.000031e-11 (A)  WCPL_Trace1357_Auto_1786::MIPI_DSI1_DATA1_N~0
-5.250021e-11 (A)  WCPL_Trace1357_Auto_1786::MIPI_DSI1_DATA1_N~1
5.000000e-12 (A)  WCPL_Trace1357_Auto_1786::MIPI_DSI1_DATA1_N~2
5.000000e-12 (A)  WCPL_Trace1357_Auto_1786::MIPI_DSI1_DATA1_N~3
-8.500042e-11 (A)  WCPL_Trace1357_Auto_1786::MIPI_DSI1_DATA1_N~4
-5.750033e-11 (A)  WCPL_Trace1360::MIPI_DSI1_DATA1_N~0
-6.000025e-11 (A)  WCPL_Trace1360::MIPI_DSI1_DATA1_N~1
5.000000e-12 (A)  WCPL_Trace1360::MIPI_DSI1_DATA1_N~2
5.000000e-12 (A)  WCPL_Trace1360::MIPI_DSI1_DATA1_N~3
-9.250045e-11 (A)  WCPL_Trace1360::MIPI_DSI1_DATA1_N~4
-7.250040e-11 (A)  WCPL_Trace1376_Auto_115::MIPI_DSI1_DATA1_N~0
6.250035e-11 (A)  WCPL_Trace1376_Auto_115::MIPI_DSI1_DATA1_N~1
-8.000040e-11 (A)  WCPL_Trace1382::MIPI_DSI1_DATA1_N~0
-6.500026e-11 (A)  WCPL_Trace1382::MIPI_DSI1_DATA1_N~1
5.000000e-12 (A)  WCPL_Trace1382::MIPI_DSI1_DATA1_N~2
5.000000e-12 (A)  WCPL_Trace1382::MIPI_DSI1_DATA1_N~3
-9.750047e-11 (A)  WCPL_Trace1382::MIPI_DSI1_DATA1_N~4
-8.500042e-11 (A)  WCPL_Trace1383::MIPI_DSI1_DATA1_N~0
-7.000033e-11 (A)  WCPL_Trace1383::MIPI_DSI1_DATA1_N~1
5.000000e-12 (A)  WCPL_Trace1383::MIPI_DSI1_DATA1_N~2
5.000000e-12 (A)  WCPL_Trace1383::MIPI_DSI1_DATA1_N~3
-1.025005e-10 (A)  WCPL_Trace1383::MIPI_DSI1_DATA1_N~4
-1.000006e-10 (A)  WCPL_Trace1399_Auto_100::MIPI_DSI1_DATA1_N~0
9.500047e-11 (A)  WCPL_Trace1399_Auto_100::MIPI_DSI1_DATA1_N~1
-5.000000e-12 (A)  WCPL_Trace1399_Auto_100::MIPI_DSI1_DATA1_N~2
-1.050006e-10 (A)  WCPL_Trace1399_Auto_101::MIPI_DSI1_DATA1_N~0
9.000042e-11 (A)  WCPL_Trace1399_Auto_101::MIPI_DSI1_DATA1_N~1
-1.100007e-10 (A)  WCPL_Trace1405::MIPI_DSI1_DATA1_N~0
-7.500037e-11 (A)  WCPL_Trace1405::MIPI_DSI1_DATA1_N~1
5.000000e-12 (A)  WCPL_Trace1405::MIPI_DSI1_DATA1_N~2
5.000000e-12 (A)  WCPL_Trace1405::MIPI_DSI1_DATA1_N~3
-1.075005e-10 (A)  WCPL_Trace1405::MIPI_DSI1_DATA1_N~4
-1.150007e-10 (A)  WCPL_Trace1406::MIPI_DSI1_DATA1_N~0
-8.000035e-11 (A)  WCPL_Trace1406::MIPI_DSI1_DATA1_N~1
5.000000e-12 (A)  WCPL_Trace1406::MIPI_DSI1_DATA1_N~2
5.000000e-12 (A)  WCPL_Trace1406::MIPI_DSI1_DATA1_N~3
-1.125005e-10 (A)  WCPL_Trace1406::MIPI_DSI1_DATA1_N~4
-1.175008e-10 (A)  WCPL_Trace1407::MIPI_DSI1_DATA1_N~0
-8.750041e-11 (A)  WCPL_Trace1407::MIPI_DSI1_DATA1_N~1
5.000000e-12 (A)  WCPL_Trace1407::MIPI_DSI1_DATA1_N~2
2.450013e-10 (A)  WCPL_Trace1451_Auto_2481::MIPI_DSI1_DATA1_N~0
-5.000000e-12 (A)  WCPL_Trace1451_Auto_2481::MIPI_DSI1_DATA1_N~1
2.725009e-10 (A)  WCPL_Trace1451_Auto_2481::MIPI_DSI1_DATA1_N~2
2.600014e-10 (A)  WCPL_Trace1453::MIPI_DSI1_DATA1_N~0
-5.000000e-12 (A)  WCPL_Trace1453::MIPI_DSI1_DATA1_N~1
2.900011e-10 (A)  WCPL_Trace1453::MIPI_DSI1_DATA1_N~2
-5.000000e-12 (A)  WCPL_Trace1453::MIPI_DSI1_DATA1_N~3
2.550014e-10 (A)  WCPL_Trace1453_Auto_2514::MIPI_DSI1_DATA1_N~0
-5.000000e-12 (A)  WCPL_Trace1453_Auto_2514::MIPI_DSI1_DATA1_N~1
2.850010e-10 (A)  WCPL_Trace1453_Auto_2514::MIPI_DSI1_DATA1_N~2
-5.000000e-12 (A)  WCPL_Trace1453_Auto_2514::MIPI_DSI1_DATA1_N~3
5.000000e-12 (A)  WCPL_Trace1563_Auto_1758::MIPI_DSI1_DATA1_P~0
-4.250027e-11 (A)  WCPL_Trace1563_Auto_1758::MIPI_DSI1_DATA1_P~1
-4.250012e-11 (A)  WCPL_Trace1563_Auto_1758::MIPI_DSI1_DATA1_P~2
5.000000e-12 (A)  WCPL_Trace1563_Auto_1758::MIPI_DSI1_DATA1_P~3
5.000000e-12 (A)  WCPL_Trace1567::MIPI_DSI1_DATA1_P~0
-5.500031e-11 (A)  WCPL_Trace1567::MIPI_DSI1_DATA1_P~1
-5.750025e-11 (A)  WCPL_Trace1567::MIPI_DSI1_DATA1_P~2
5.000000e-12 (A)  WCPL_Trace1567::MIPI_DSI1_DATA1_P~3
5.000000e-12 (A)  WCPL_Trace1567::MIPI_DSI1_DATA1_P~4
-9.000047e-11 (A)  WCPL_Trace1567::MIPI_DSI1_DATA1_P~5
5.000000e-12 (A)  WCPL_Trace1590::MIPI_DSI1_DATA1_P~0
-8.250042e-11 (A)  WCPL_Trace1590::MIPI_DSI1_DATA1_P~1
-6.750029e-11 (A)  WCPL_Trace1590::MIPI_DSI1_DATA1_P~2
5.000000e-12 (A)  WCPL_Trace1590::MIPI_DSI1_DATA1_P~3
5.000000e-12 (A)  WCPL_Trace1590::MIPI_DSI1_DATA1_P~4
-1.000004e-10 (A)  WCPL_Trace1590::MIPI_DSI1_DATA1_P~5
5.000000e-12 (A)  WCPL_Trace1607_Auto_109::MIPI_DSI1_DATA1_P~0
-1.025006e-10 (A)  WCPL_Trace1607_Auto_109::MIPI_DSI1_DATA1_P~1
9.250046e-11 (A)  WCPL_Trace1607_Auto_109::MIPI_DSI1_DATA1_P~2
-5.000000e-12 (A)  WCPL_Trace1607_Auto_109::MIPI_DSI1_DATA1_P~3
5.000000e-12 (A)  WCPL_Trace1607_Auto_109::MIPI_DSI1_DATA1_P~4
-7.000038e-11 (A)  WCPL_Trace1607_Auto_109::MIPI_DSI1_DATA1_P~5
6.500038e-11 (A)  WCPL_Trace1607_Auto_109::MIPI_DSI1_DATA1_P~6
-5.000000e-12 (A)  WCPL_Trace1607_Auto_109::MIPI_DSI1_DATA1_P~7
5.000000e-12 (A)  WCPL_Trace1613::MIPI_DSI1_DATA1_P~0
-1.125007e-10 (A)  WCPL_Trace1613::MIPI_DSI1_DATA1_P~1
-7.750037e-11 (A)  WCPL_Trace1613::MIPI_DSI1_DATA1_P~2
5.000000e-12 (A)  WCPL_Trace1613::MIPI_DSI1_DATA1_P~3
5.000000e-12 (A)  WCPL_Trace1613::MIPI_DSI1_DATA1_P~4
-1.100005e-10 (A)  WCPL_Trace1613::MIPI_DSI1_DATA1_P~5
5.000000e-12 (A)  WCPL_Trace1617_Auto_590::MIPI_DSI1_DATA1_P~0
-1.225008e-10 (A)  WCPL_Trace1617_Auto_590::MIPI_DSI1_DATA1_P~1
-9.250045e-11 (A)  WCPL_Trace1617_Auto_590::MIPI_DSI1_DATA1_P~2
5.000000e-12 (A)  WCPL_Trace1617_Auto_590::MIPI_DSI1_DATA1_P~3
5.000000e-12 (A)  WCPL_Trace1617_Auto_601::MIPI_DSI1_DATA1_P~0
-1.250008e-10 (A)  WCPL_Trace1617_Auto_601::MIPI_DSI1_DATA1_P~1
5.000000e-12 (A)  WCPL_Trace1621::MIPI_DSI1_DATA1_P~0
-1.400010e-10 (A)  WCPL_Trace1621::MIPI_DSI1_DATA1_P~1
5.000000e-12 (A)  WCPL_Trace1660_Auto_56::MIPI_DSI1_DATA1_P~0
-5.000000e-12 (A)  WCPL_Trace1660_Auto_56::MIPI_DSI1_DATA1_P~1
5.000000e-12 (A)  WCPL_Trace1660_Auto_56::MIPI_DSI1_DATA1_P~2
-5.000000e-12 (A)  WCPL_Trace1660_Auto_56::MIPI_DSI1_DATA1_P~3
5.000000e-12 (A)  WCPL_Trace1666#BP0::MIPI_DSI1_DATA1_P~0
-1.525010e-10 (A)  WCPL_Trace1666#BP0::MIPI_DSI1_DATA1_P~1
5.000000e-12 (A)  WCPL_Trace1666::MIPI_DSI1_DATA1_P~0
-1.450010e-10 (A)  WCPL_Trace1666::MIPI_DSI1_DATA1_P~1
5.000000e-12 (A)  WCPL_Trace1666_Auto_181::MIPI_DSI1_DATA1_P~0
-1.500010e-10 (A)  WCPL_Trace1666_Auto_181::MIPI_DSI1_DATA1_P~1
5.000000e-12 (A)  WCPL_Trace1677_Auto_2531::MIPI_DSI1_DATA1_P~0
-1.775012e-10 (A)  WCPL_Trace1677_Auto_2531::MIPI_DSI1_DATA1_P~1
5.000000e-12 (A)  WCPL_Trace1677_Auto_2561::MIPI_DSI1_DATA1_P~0
-1.825012e-10 (A)  WCPL_Trace1677_Auto_2561::MIPI_DSI1_DATA1_P~1
5.000000e-12 (A)  WCPL_Trace1677_Auto_2565::MIPI_DSI1_DATA1_P~0
-2.125012e-10 (A)  WCPL_Trace1677_Auto_2565::MIPI_DSI1_DATA1_P~1
5.000000e-12 (A)  WCPL_Trace1677_Auto_2569::MIPI_DSI1_DATA1_P~0
-1.925012e-10 (A)  WCPL_Trace1677_Auto_2569::MIPI_DSI1_DATA1_P~1
5.000000e-12 (A)  WCPL_Trace1677_Auto_2573::MIPI_DSI1_DATA1_P~0
-2.025012e-10 (A)  WCPL_Trace1677_Auto_2573::MIPI_DSI1_DATA1_P~1
5.000000e-12 (A)  WCPL_Trace1677_Auto_2577::MIPI_DSI1_DATA1_P~0
-2.250013e-10 (A)  WCPL_Trace1677_Auto_2577::MIPI_DSI1_DATA1_P~1
-2.625014e-10 (A)  WCPL_Trace1677_Auto_2577::MIPI_DSI1_DATA1_P~2
5.000000e-12 (A)  WCPL_Trace1677_Auto_2577::MIPI_DSI1_DATA1_P~3
5.000000e-12 (A)  WCPL_Trace1677_Auto_2582::MIPI_DSI1_DATA1_P~0
-2.175013e-10 (A)  WCPL_Trace1677_Auto_2582::MIPI_DSI1_DATA1_P~1
5.000000e-12 (A)  WCPL_Trace1677_Auto_2598::MIPI_DSI1_DATA1_P~0
-1.975013e-10 (A)  WCPL_Trace1677_Auto_2598::MIPI_DSI1_DATA1_P~1
5.000000e-12 (A)  WCPL_Trace1677_Auto_2604::MIPI_DSI1_DATA1_P~0
-2.075012e-10 (A)  WCPL_Trace1677_Auto_2604::MIPI_DSI1_DATA1_P~1
5.000000e-12 (A)  WCPL_Trace1677_Auto_2610::MIPI_DSI1_DATA1_P~0
-1.875012e-10 (A)  WCPL_Trace1677_Auto_2610::MIPI_DSI1_DATA1_P~1
-5.000000e-12 (A)  WCPL_Trace1683::MIPI_DSI1_DATA1_P~0
2.925011e-10 (A)  WCPL_Trace1683::MIPI_DSI1_DATA1_P~1
-5.000000e-12 (A)  WCPL_Trace1683::MIPI_DSI1_DATA1_P~2
-2.750002e-11 (A)  WCPL_Trace1694_Auto_895::MIPI_DSI1_DATA0_N~0
5.000000e-12 (A)  WCPL_Trace1694_Auto_895::MIPI_DSI1_DATA0_N~1
-2.750024e-11 (A)  WCPL_Trace1694_Auto_895::MIPI_DSI1_DATA0_N~2
-2.500007e-11 (A)  WCPL_Trace1694_Auto_895::MIPI_DSI1_DATA0_N~3
5.000000e-12 (A)  WCPL_Trace1694_Auto_895::MIPI_DSI1_DATA0_N~4
5.000000e-12 (A)  WCPL_Trace1694_Auto_895::MIPI_DSI1_DATA0_N~5
-2.750007e-11 (A)  WCPL_Trace1694_Auto_895::MIPI_DSI1_DATA0_N~6
5.000000e-12 (A)  WCPL_Trace1694_Auto_895::MIPI_DSI1_DATA0_N~7
-2.750013e-11 (A)  WCPL_Trace1694_Auto_895::MIPI_DSI1_DATA0_N~8
-3.000000e-11 (A)  WCPL_Trace1695::MIPI_DSI1_DATA0_N~0
5.000000e-12 (A)  WCPL_Trace1695::MIPI_DSI1_DATA0_N~1
-3.750025e-11 (A)  WCPL_Trace1695::MIPI_DSI1_DATA0_N~2
-3.750011e-11 (A)  WCPL_Trace1695::MIPI_DSI1_DATA0_N~3
5.000000e-12 (A)  WCPL_Trace1695::MIPI_DSI1_DATA0_N~4
4.500002e-11 (A)  WCPL_Trace1701_Auto_69::MIPI_DSI1_DATA0_N~0
-5.000000e-12 (A)  WCPL_Trace1701_Auto_69::MIPI_DSI1_DATA0_N~1
5.000000e-12 (A)  WCPL_Trace1701_Auto_69::MIPI_DSI1_DATA0_N~2
-5.500010e-11 (A)  WCPL_Trace1710_Auto_64::MIPI_DSI1_DATA0_N~0
6.750024e-11 (A)  WCPL_Trace1710_Auto_64::MIPI_DSI1_DATA0_N~1
6.500018e-11 (A)  WCPL_Trace1718_Auto_60::MIPI_DSI1_DATA0_N~0
-5.000000e-12 (A)  WCPL_Trace1718_Auto_60::MIPI_DSI1_DATA0_N~1
5.000000e-12 (A)  WCPL_Trace1718_Auto_60::MIPI_DSI1_DATA0_N~2
-8.250037e-11 (A)  WCPL_Trace1718_Auto_60::MIPI_DSI1_DATA0_N~3
-7.250029e-11 (A)  WCPL_Trace1724::MIPI_DSI1_DATA0_N~0
5.000000e-12 (A)  WCPL_Trace1724::MIPI_DSI1_DATA0_N~1
-7.500028e-11 (A)  WCPL_Trace1725::MIPI_DSI1_DATA0_N~0
5.000000e-12 (A)  WCPL_Trace1725::MIPI_DSI1_DATA0_N~1
1.500008e-10 (A)  WCPL_Trace1764_Auto_2163::MIPI_DSI1_DATA0_N~0
-5.000000e-12 (A)  WCPL_Trace1764_Auto_2163::MIPI_DSI1_DATA0_N~1
5.000000e-12 (A)  WCPL_Trace1764_Auto_2163::MIPI_DSI1_DATA0_N~2
-1.300005e-10 (A)  WCPL_Trace1764_Auto_2163::MIPI_DSI1_DATA0_N~3
1.725008e-10 (A)  WCPL_Trace1786_Auto_2156::MIPI_DSI1_DATA0_N~0
-5.000000e-12 (A)  WCPL_Trace1786_Auto_2156::MIPI_DSI1_DATA0_N~1
5.000000e-12 (A)  WCPL_Trace1786_Auto_2156::MIPI_DSI1_DATA0_N~2
-1.625008e-10 (A)  WCPL_Trace1786_Auto_2156::MIPI_DSI1_DATA0_N~3
1.525008e-10 (A)  WCPL_Trace1786_Auto_2156::MIPI_DSI1_DATA0_N~4
-5.000000e-12 (A)  WCPL_Trace1786_Auto_2156::MIPI_DSI1_DATA0_N~5
5.000000e-12 (A)  WCPL_Trace1786_Auto_2156::MIPI_DSI1_DATA0_N~6
-1.275005e-10 (A)  WCPL_Trace1786_Auto_2156::MIPI_DSI1_DATA0_N~7
2.075011e-10 (A)  WCPL_Trace1806_Auto_2178::MIPI_DSI1_DATA0_N~0
-5.000000e-12 (A)  WCPL_Trace1806_Auto_2178::MIPI_DSI1_DATA0_N~1
2.175012e-10 (A)  WCPL_Trace1812_Auto_2631::MIPI_DSI1_DATA0_N~0
-5.000000e-12 (A)  WCPL_Trace1812_Auto_2631::MIPI_DSI1_DATA0_N~1
2.325014e-10 (A)  WCPL_Trace1814_Auto_2502::MIPI_DSI1_DATA0_N~0
-5.000000e-12 (A)  WCPL_Trace1814_Auto_2502::MIPI_DSI1_DATA0_N~1
-5.000000e-12 (A)  WCPL_Trace1814_Auto_2502::MIPI_DSI1_DATA0_N~2
2.300013e-10 (A)  WCPL_Trace1814_Auto_2503::MIPI_DSI1_DATA0_N~0
-5.000000e-12 (A)  WCPL_Trace1814_Auto_2503::MIPI_DSI1_DATA0_N~1
2.250013e-10 (A)  WCPL_Trace1814_Auto_2505::MIPI_DSI1_DATA0_N~0
-5.000000e-12 (A)  WCPL_Trace1814_Auto_2505::MIPI_DSI1_DATA0_N~1
2.400014e-10 (A)  WCPL_Trace1815_Auto_2187::MIPI_DSI1_DATA0_N~0
-5.000000e-12 (A)  WCPL_Trace1815_Auto_2187::MIPI_DSI1_DATA0_N~1
-5.000000e-12 (A)  WCPL_Trace1815_Auto_2187::MIPI_DSI1_DATA0_N~2
2.925016e-10 (A)  WCPL_Trace1815_Auto_2187::MIPI_DSI1_DATA0_N~3
2.650015e-10 (A)  WCPL_Trace1815_Auto_2187::MIPI_DSI1_DATA0_N~4
-5.000000e-12 (A)  WCPL_Trace1815_Auto_2187::MIPI_DSI1_DATA0_N~5
3.075011e-10 (A)  WCPL_Trace1815_Auto_2187::MIPI_DSI1_DATA0_N~6
-5.000000e-12 (A)  WCPL_Trace1815_Auto_2187::MIPI_DSI1_DATA0_N~7
5.000000e-12 (A)  WCPL_Trace1818_Auto_2137::MIPI_DSI1_DATA0_P~0
-1.100005e-10 (A)  WCPL_Trace1818_Auto_2137::MIPI_DSI1_DATA0_P~1
5.000000e-12 (A)  WCPL_Trace1822_Auto_2140::MIPI_DSI1_DATA0_P~0
-1.200005e-10 (A)  WCPL_Trace1822_Auto_2140::MIPI_DSI1_DATA0_P~1
-5.000000e-12 (A)  WCPL_Trace1861_Auto_2160::MIPI_DSI1_DATA0_P~0
5.000000e-12 (A)  WCPL_Trace1861_Auto_2160::MIPI_DSI1_DATA0_P~1
5.000000e-12 (A)  WCPL_Trace1868::MIPI_DSI1_DATA0_P~0
-1.825009e-10 (A)  WCPL_Trace1868::MIPI_DSI1_DATA0_P~1
5.000000e-12 (A)  WCPL_Trace1875::MIPI_DSI1_DATA0_P~0
-1.925010e-10 (A)  WCPL_Trace1875::MIPI_DSI1_DATA0_P~1
2.050010e-10 (A)  WCPL_Trace1875::MIPI_DSI1_DATA0_P~2
-5.000000e-12 (A)  WCPL_Trace1875::MIPI_DSI1_DATA0_P~3
5.000000e-12 (A)  WCPL_Trace1878_Auto_2171::MIPI_DSI1_DATA0_P~0
-1.975010e-10 (A)  WCPL_Trace1878_Auto_2171::MIPI_DSI1_DATA0_P~1
5.000000e-12 (A)  WCPL_Trace1879_Auto_2471::MIPI_DSI1_DATA0_P~0
-2.000010e-10 (A)  WCPL_Trace1879_Auto_2471::MIPI_DSI1_DATA0_P~1
5.000000e-12 (A)  WCPL_Trace1880_Auto_2169::MIPI_DSI1_DATA0_P~0
-2.025010e-10 (A)  WCPL_Trace1880_Auto_2169::MIPI_DSI1_DATA0_P~1
-5.000000e-12 (A)  WCPL_Trace1889::MIPI_DSI1_DATA0_P~0
-5.000000e-12 (A)  WCPL_Trace1889::MIPI_DSI1_DATA0_P~1
2.725015e-10 (A)  WCPL_Trace1889::MIPI_DSI1_DATA0_P~2
2.350014e-10 (A)  WCPL_Trace1889::MIPI_DSI1_DATA0_P~3
5.000000e-12 (A)  WCPL_Trace1896::MIPI_DSI1_DATA0_P~0
-1.750005e-11 (A)  WCPL_Trace1896::MIPI_DSI1_DATA0_P~1
5.000000e-12 (A)  WCPL_Trace1896::MIPI_DSI1_DATA0_P~2
-1.750014e-11 (A)  WCPL_Trace1896::MIPI_DSI1_DATA0_P~3
-1.500000e-11 (A)  WCPL_Trace1896::MIPI_DSI1_DATA0_P~4
5.000000e-12 (A)  WCPL_Trace1896::MIPI_DSI1_DATA0_P~5
5.000000e-12 (A)  WCPL_Trace1896::MIPI_DSI1_DATA0_P~6
-1.750003e-11 (A)  WCPL_Trace1896::MIPI_DSI1_DATA0_P~7
5.000000e-12 (A)  WCPL_Trace1896::MIPI_DSI1_DATA0_P~8
-1.750008e-11 (A)  WCPL_Trace1896::MIPI_DSI1_DATA0_P~9
5.000000e-12 (A)  WCPL_Trace1897::MIPI_DSI1_DATA0_P~0
-2.000004e-11 (A)  WCPL_Trace1897::MIPI_DSI1_DATA0_P~1
5.000000e-12 (A)  WCPL_Trace1897::MIPI_DSI1_DATA0_P~2
-2.000016e-11 (A)  WCPL_Trace1897::MIPI_DSI1_DATA0_P~3
-1.750003e-11 (A)  WCPL_Trace1897::MIPI_DSI1_DATA0_P~4
5.000000e-12 (A)  WCPL_Trace1897::MIPI_DSI1_DATA0_P~5
5.000000e-12 (A)  WCPL_Trace1897::MIPI_DSI1_DATA0_P~6
-2.000005e-11 (A)  WCPL_Trace1897::MIPI_DSI1_DATA0_P~7
5.000000e-12 (A)  WCPL_Trace1897::MIPI_DSI1_DATA0_P~8
-2.000013e-11 (A)  WCPL_Trace1897::MIPI_DSI1_DATA0_P~9
5.000000e-12 (A)  WCPL_Trace1899::MIPI_DSI1_DATA0_P~0
-2.500003e-11 (A)  WCPL_Trace1899::MIPI_DSI1_DATA0_P~1
5.000000e-12 (A)  WCPL_Trace1899::MIPI_DSI1_DATA0_P~2
-2.250018e-11 (A)  WCPL_Trace1899::MIPI_DSI1_DATA0_P~3
-2.000007e-11 (A)  WCPL_Trace1899::MIPI_DSI1_DATA0_P~4
5.000000e-12 (A)  WCPL_Trace1899::MIPI_DSI1_DATA0_P~5
5.000000e-12 (A)  WCPL_Trace1899::MIPI_DSI1_DATA0_P~6
-2.250004e-11 (A)  WCPL_Trace1899::MIPI_DSI1_DATA0_P~7
5.000000e-12 (A)  WCPL_Trace1899::MIPI_DSI1_DATA0_P~8
-2.250012e-11 (A)  WCPL_Trace1899::MIPI_DSI1_DATA0_P~9
5.000000e-12 (A)  WCPL_Trace1900::MIPI_DSI1_DATA0_P~0
-3.250002e-11 (A)  WCPL_Trace1900::MIPI_DSI1_DATA0_P~1
5.000000e-12 (A)  WCPL_Trace1900::MIPI_DSI1_DATA0_P~2
-4.000022e-11 (A)  WCPL_Trace1900::MIPI_DSI1_DATA0_P~3
-4.000008e-11 (A)  WCPL_Trace1900::MIPI_DSI1_DATA0_P~4
5.000000e-12 (A)  WCPL_Trace1900::MIPI_DSI1_DATA0_P~5
5.000000e-12 (A)  WCPL_Trace1904::MIPI_DSI1_DATA0_P~0
-4.250005e-11 (A)  WCPL_Trace1904::MIPI_DSI1_DATA0_P~1
5.000000e-12 (A)  WCPL_Trace1926_Auto_55::MIPI_DSI1_DATA0_P~0
-6.250019e-11 (A)  WCPL_Trace1926_Auto_55::MIPI_DSI1_DATA0_P~1
5.000000e-12 (A)  WCPL_Trace1948_Auto_378::MIPI_DSI1_DATA0_P~0
-8.750041e-11 (A)  WCPL_Trace1948_Auto_378::MIPI_DSI1_DATA0_P~1
5.000000e-12 (A)  WCPL_Trace1965::MIPI_DSI1_DATA0_P~0
-5.000000e-12 (A)  WCPL_Trace1965::MIPI_DSI1_DATA0_P~1
5.000000e-12 (A)  WCPL_Trace1971::MIPI_DSI1_DATA0_P~0
-9.250038e-11 (A)  WCPL_Trace1971::MIPI_DSI1_DATA0_P~1
5.000000e-12 (A)  WCPL_Trace1972#BP0::MIPI_DSI1_DATA0_P~0
-9.500038e-11 (A)  WCPL_Trace1972#BP0::MIPI_DSI1_DATA0_P~1
-5.000000e-12 (A)  WCPL_Trace553::MIPI_DSI1_CLK_N~0
2.125011e-10 (A)  WCPL_Trace553::MIPI_DSI1_CLK_N~1
-5.000000e-12 (A)  WCPL_Trace557_Auto_515::MIPI_DSI1_CLK_N~0
2.025010e-10 (A)  WCPL_Trace557_Auto_515::MIPI_DSI1_CLK_N~1
-5.000000e-12 (A)  WCPL_Trace561_Auto_513::MIPI_DSI1_CLK_N~0
1.975010e-10 (A)  WCPL_Trace561_Auto_513::MIPI_DSI1_CLK_N~1
5.000000e-12 (A)  WCPL_Trace586_Auto_564::MIPI_DSI1_CLK_N~0
-5.000000e-12 (A)  WCPL_Trace586_Auto_564::MIPI_DSI1_CLK_N~1
1.775007e-10 (A)  WCPL_Trace586_Auto_564::MIPI_DSI1_CLK_N~2
-5.000000e-12 (A)  WCPL_Trace598_Auto_523::MIPI_DSI1_CLK_N~0
1.400005e-10 (A)  WCPL_Trace598_Auto_523::MIPI_DSI1_CLK_N~1
-1.600006e-10 (A)  WCPL_Trace598_Auto_523::MIPI_DSI1_CLK_N~2
5.000000e-12 (A)  WCPL_Trace598_Auto_523::MIPI_DSI1_CLK_N~3
-5.000000e-12 (A)  WCPL_Trace598_Auto_523::MIPI_DSI1_CLK_N~4
1.850009e-10 (A)  WCPL_Trace598_Auto_523::MIPI_DSI1_CLK_N~5
-5.000000e-12 (A)  WCPL_Trace598_Auto_571::MIPI_DSI1_CLK_N~0
1.375005e-10 (A)  WCPL_Trace598_Auto_571::MIPI_DSI1_CLK_N~1
-1.625006e-10 (A)  WCPL_Trace598_Auto_571::MIPI_DSI1_CLK_N~2
5.000000e-12 (A)  WCPL_Trace598_Auto_571::MIPI_DSI1_CLK_N~3
-5.000000e-12 (A)  WCPL_Trace598_Auto_571::MIPI_DSI1_CLK_N~4
1.825008e-10 (A)  WCPL_Trace598_Auto_571::MIPI_DSI1_CLK_N~5
-5.000000e-12 (A)  WCPL_Trace598_Auto_579::MIPI_DSI1_CLK_N~0
1.425005e-10 (A)  WCPL_Trace598_Auto_579::MIPI_DSI1_CLK_N~1
-1.575006e-10 (A)  WCPL_Trace598_Auto_579::MIPI_DSI1_CLK_N~2
5.000000e-12 (A)  WCPL_Trace598_Auto_579::MIPI_DSI1_CLK_N~3
-5.000000e-12 (A)  WCPL_Trace598_Auto_579::MIPI_DSI1_CLK_N~4
1.925009e-10 (A)  WCPL_Trace598_Auto_579::MIPI_DSI1_CLK_N~5
-5.000000e-12 (A)  WCPL_Trace598_Auto_582::MIPI_DSI1_CLK_N~0
1.450005e-10 (A)  WCPL_Trace598_Auto_582::MIPI_DSI1_CLK_N~1
-1.550006e-10 (A)  WCPL_Trace598_Auto_582::MIPI_DSI1_CLK_N~2
5.000000e-12 (A)  WCPL_Trace598_Auto_582::MIPI_DSI1_CLK_N~3
5.000000e-12 (A)  WCPL_Trace628::MIPI_DSI1_CLK_N~0
5.000000e-12 (A)  WCPL_Trace628::MIPI_DSI1_CLK_N~1
-8.250042e-11 (A)  WCPL_Trace628::MIPI_DSI1_CLK_N~2
5.000000e-12 (A)  WCPL_Trace628_Auto_1781::MIPI_DSI1_CLK_N~0
5.000000e-12 (A)  WCPL_Trace628_Auto_1781::MIPI_DSI1_CLK_N~1
-1.175006e-10 (A)  WCPL_Trace628_Auto_1781::MIPI_DSI1_CLK_N~2
5.000000e-12 (A)  WCPL_Trace634::MIPI_DSI1_CLK_N~0
5.000000e-12 (A)  WCPL_Trace634::MIPI_DSI1_CLK_N~1
-3.750008e-11 (A)  WCPL_Trace634::MIPI_DSI1_CLK_N~2
5.000000e-12 (A)  WCPL_Trace634::MIPI_DSI1_CLK_N~3
-3.750019e-11 (A)  WCPL_Trace634::MIPI_DSI1_CLK_N~4
-5.000000e-12 (A)  WCPL_Trace643_Auto_2491::MIPI_DSI1_CLK_N~0
2.800016e-10 (A)  WCPL_Trace643_Auto_2491::MIPI_DSI1_CLK_N~1
2.400013e-10 (A)  WCPL_Trace643_Auto_2491::MIPI_DSI1_CLK_N~2
-5.000000e-12 (A)  WCPL_Trace643_Auto_2491::MIPI_DSI1_CLK_N~3
-5.000000e-12 (A)  WCPL_Trace643_Auto_2495::MIPI_DSI1_CLK_N~0
2.750015e-10 (A)  WCPL_Trace643_Auto_2495::MIPI_DSI1_CLK_N~1
-5.000000e-12 (A)  WCPL_Trace652_Auto_2549::MIPI_DSI1_CLK_N~0
2.400013e-10 (A)  WCPL_Trace652_Auto_2549::MIPI_DSI1_CLK_N~1
1.250004e-10 (A)  WCPL_Trace711::MIPI_DSI1_CLK_P~0
1.300009e-10 (A)  WCPL_Trace711::MIPI_DSI1_CLK_P~1
-5.000000e-12 (A)  WCPL_Trace711::MIPI_DSI1_CLK_P~2
1.225004e-10 (A)  WCPL_Trace712::MIPI_DSI1_CLK_P~0
1.275008e-10 (A)  WCPL_Trace712::MIPI_DSI1_CLK_P~1
-5.000000e-12 (A)  WCPL_Trace712::MIPI_DSI1_CLK_P~2
1.025004e-10 (A)  WCPL_Trace730_Auto_539::MIPI_DSI1_CLK_P~0
-1.150004e-10 (A)  WCPL_Trace730_Auto_539::MIPI_DSI1_CLK_P~1
5.000000e-12 (A)  WCPL_Trace730_Auto_539::MIPI_DSI1_CLK_P~2
-5.000000e-12 (A)  WCPL_Trace730_Auto_539::MIPI_DSI1_CLK_P~3
1.325005e-10 (A)  WCPL_Trace730_Auto_539::MIPI_DSI1_CLK_P~4
-1.675006e-10 (A)  WCPL_Trace730_Auto_539::MIPI_DSI1_CLK_P~5
-6.250027e-11 (A)  WCPL_Trace736_Auto_1744::MIPI_DSI1_CLK_P~0
5.000000e-12 (A)  WCPL_Trace736_Auto_1744::MIPI_DSI1_CLK_P~1
5.000000e-12 (A)  WCPL_Trace736_Auto_1744::MIPI_DSI1_CLK_P~2
-9.500045e-11 (A)  WCPL_Trace736_Auto_1744::MIPI_DSI1_CLK_P~3
-7.250034e-11 (A)  WCPL_Trace736_Auto_1751::MIPI_DSI1_CLK_P~0
5.000000e-12 (A)  WCPL_Trace736_Auto_1751::MIPI_DSI1_CLK_P~1
5.000000e-12 (A)  WCPL_Trace736_Auto_1751::MIPI_DSI1_CLK_P~2
-1.050005e-10 (A)  WCPL_Trace736_Auto_1751::MIPI_DSI1_CLK_P~3
-8.250035e-11 (A)  WCPL_Trace736_Auto_1774::MIPI_DSI1_CLK_P~0
5.000000e-12 (A)  WCPL_Trace736_Auto_1774::MIPI_DSI1_CLK_P~1
5.000000e-12 (A)  WCPL_Trace736_Auto_1774::MIPI_DSI1_CLK_P~2
-1.150005e-10 (A)  WCPL_Trace736_Auto_1774::MIPI_DSI1_CLK_P~3
-3.250009e-11 (A)  WCPL_Trace740::MIPI_DSI1_CLK_P~0
5.000000e-12 (A)  WCPL_Trace740::MIPI_DSI1_CLK_P~1
-4.500014e-11 (A)  WCPL_Trace740_Auto_1829::MIPI_DSI1_CLK_P~0
5.000000e-12 (A)  WCPL_Trace740_Auto_1829::MIPI_DSI1_CLK_P~1
-2.750010e-11 (A)  WCPL_Trace744_Auto_917::MIPI_DSI1_CLK_P~0
5.000000e-12 (A)  WCPL_Trace744_Auto_917::MIPI_DSI1_CLK_P~1
5.000000e-12 (A)  WCPL_Trace744_Auto_917::MIPI_DSI1_CLK_P~2
-3.250008e-11 (A)  WCPL_Trace744_Auto_917::MIPI_DSI1_CLK_P~3
5.000000e-12 (A)  WCPL_Trace744_Auto_917::MIPI_DSI1_CLK_P~4
-3.250016e-11 (A)  WCPL_Trace744_Auto_917::MIPI_DSI1_CLK_P~5
2.900016e-10 (A)  WCPL_Trace748::MIPI_DSI1_CLK_P~0
2.625015e-10 (A)  WCPL_Trace748::MIPI_DSI1_CLK_P~1
2.850016e-10 (A)  WCPL_Trace749::MIPI_DSI1_CLK_P~0
2.475013e-10 (A)  WCPL_Trace749::MIPI_DSI1_CLK_P~1
-5.000000e-12 (A)  WCPL_Trace749::MIPI_DSI1_CLK_P~2
-2.675014e-10 (A)  WCPL_Trace755_Auto_2623::MIPI_DSI1_CLK_P~0
5.000000e-12 (A)  WCPL_Trace755_Auto_2623::MIPI_DSI1_CLK_P~1
-2.475014e-10 (A)  WCPL_Trace759_Auto_2509::MIPI_DSI1_CLK_P~0
5.000000e-12 (A)  WCPL_Trace759_Auto_2509::MIPI_DSI1_CLK_P~1
5.000000e-12 (A)  WCPL_Trace759_Auto_2509::MIPI_DSI1_CLK_P~2
-2.500014e-10 (A)  WCPL_Trace759_Auto_2613::MIPI_DSI1_CLK_P~0
5.000000e-12 (A)  WCPL_Trace759_Auto_2613::MIPI_DSI1_CLK_P~1
-2.325013e-10 (A)  WCPL_Trace769::MIPI_DSI1_CLK_P~0
2.275013e-10 (A)  WCPL_Trace769::MIPI_DSI1_CLK_P~1
-1.575009e-10 (A)  WCPL_Trace834#BP0::MIPI_DSI1_DATA3_N~0
5.000000e-12 (A)  WCPL_Trace834#BP0::MIPI_DSI1_DATA3_N~1
-1.675009e-10 (A)  WCPL_Trace856_Auto_2858::MIPI_DSI1_DATA3_N~0
5.000000e-12 (A)  WCPL_Trace856_Auto_2858::MIPI_DSI1_DATA3_N~1
-1.775010e-10 (A)  WCPL_Trace860_Auto_2860::MIPI_DSI1_DATA3_N~0
5.000000e-12 (A)  WCPL_Trace860_Auto_2860::MIPI_DSI1_DATA3_N~1
-1.825010e-10 (A)  WCPL_Trace866::MIPI_DSI1_DATA3_N~0
5.000000e-12 (A)  WCPL_Trace866::MIPI_DSI1_DATA3_N~1
-1.850010e-10 (A)  WCPL_Trace867::MIPI_DSI1_DATA3_N~0
5.000000e-12 (A)  WCPL_Trace867::MIPI_DSI1_DATA3_N~1
-1.875011e-10 (A)  WCPL_Trace868::MIPI_DSI1_DATA3_N~0
5.000000e-12 (A)  WCPL_Trace868::MIPI_DSI1_DATA3_N~1
-1.925011e-10 (A)  WCPL_Trace870::MIPI_DSI1_DATA3_N~0
5.000000e-12 (A)  WCPL_Trace870::MIPI_DSI1_DATA3_N~1
-5.000000e-12 (A)  WCPL_Trace885::MIPI_DSI1_DATA3_P~0
5.000000e-12 (A)  WCPL_Trace885::MIPI_DSI1_DATA3_P~1
-5.000000e-12 (A)  WCPL_Trace885_Auto_2857::MIPI_DSI1_DATA3_P~0
5.000000e-12 (A)  WCPL_Trace885_Auto_2857::MIPI_DSI1_DATA3_P~1
-5.000000e-12 (A)  WCPL_Trace885_Auto_2857::MIPI_DSI1_DATA3_P~2
5.000000e-12 (A)  WCPL_Trace885_Auto_2857::MIPI_DSI1_DATA3_P~3
5.000000e-12 (A)  WCPL_Trace943_Auto_890::MIPI_DSI1_DATA3_P~0
-5.000013e-11 (A)  WCPL_Trace943_Auto_890::MIPI_DSI1_DATA3_P~1
5.000000e-12 (A)  WCPL_Trace945::MIPI_DSI1_DATA3_P~0
-5.250013e-11 (A)  WCPL_Trace945::MIPI_DSI1_DATA3_P~1
5.000000e-12 (A)  WCPL_Trace946::MIPI_DSI1_DATA3_P~0
-6.000019e-11 (A)  WCPL_Trace946::MIPI_DSI1_DATA3_P~1
5.000000e-12 (A)  WCPL_Trace946_Auto_1824::MIPI_DSI1_DATA3_P~0
-7.000028e-11 (A)  WCPL_Trace946_Auto_1824::MIPI_DSI1_DATA3_P~1
5.000000e-12 (A)  WCPL_Trace950::MIPI_DSI1_DATA3_P~0
-8.000038e-11 (A)  WCPL_Trace950::MIPI_DSI1_DATA3_P~1
5.000000e-12 (A)  WCPL_Trace950_Auto_1784::MIPI_DSI1_DATA3_P~0
-1.200006e-10 (A)  WCPL_Trace950_Auto_1784::MIPI_DSI1_DATA3_P~1
5.000000e-12 (A)  WCPL_Trace954::MIPI_DSI1_DATA3_P~0
-1.275007e-10 (A)  WCPL_Trace954::MIPI_DSI1_DATA3_P~1
5.000000e-12 (A)  WCPL_Trace960::MIPI_DSI1_DATA3_P~0
-1.350007e-10 (A)  WCPL_Trace960::MIPI_DSI1_DATA3_P~1
5.000000e-12 (A)  WCPL_Trace964::MIPI_DSI1_DATA3_P~0
-1.425007e-10 (A)  WCPL_Trace964::MIPI_DSI1_DATA3_P~1
5.000000e-12 (A)  WCPL_Trace965#BP0::MIPI_DSI1_DATA3_P~0
-1.450007e-10 (A)  WCPL_Trace965#BP0::MIPI_DSI1_DATA3_P~1
-5.500010e-11 (A)  WCPL_Trace979::MIPI_DSI1_DATA2_N~0
5.000000e-12 (A)  WCPL_Trace979::MIPI_DSI1_DATA2_N~1
-6.250023e-11 (A)  WCPL_Trace979::MIPI_DSI1_DATA2_N~2
-6.000009e-11 (A)  WCPL_Trace979_Auto_1816::MIPI_DSI1_DATA2_N~0
5.000000e-12 (A)  WCPL_Trace979_Auto_1816::MIPI_DSI1_DATA2_N~1
-6.750027e-11 (A)  WCPL_Trace979_Auto_1816::MIPI_DSI1_DATA2_N~2
0.000000e+00 (A)  X_C80.Xpartial.X_SpeedXP_auto_CAP_NP_C0603_100N_100N_C80_C80.V_SpeedXP_auto_2_En
-5.050000e-11 (A)  X_CH1.Xpartial.X_SpeedXP_auto_WP7B-P040VA1-R8000_WP7B-P040VA1-R8000_WP7B-P040VA1-R8000_WP7B-P040VA1-R8000_CH1.B_SpeedXP_auto_11_OutOfIn
-5.050000e-11 (A)  X_CH1.Xpartial.X_SpeedXP_auto_WP7B-P040VA1-R8000_WP7B-P040VA1-R8000_WP7B-P040VA1-R8000_WP7B-P040VA1-R8000_CH1.B_SpeedXP_auto_12_OutOfIn
-5.050000e-11 (A)  X_CH1.Xpartial.X_SpeedXP_auto_WP7B-P040VA1-R8000_WP7B-P040VA1-R8000_WP7B-P040VA1-R8000_WP7B-P040VA1-R8000_CH1.B_SpeedXP_auto_13_OutOfIn
-5.050000e-11 (A)  X_CH1.Xpartial.X_SpeedXP_auto_WP7B-P040VA1-R8000_WP7B-P040VA1-R8000_WP7B-P040VA1-R8000_WP7B-P040VA1-R8000_CH1.B_SpeedXP_auto_14_OutOfIn
-5.050000e-11 (A)  X_CH1.Xpartial.X_SpeedXP_auto_WP7B-P040VA1-R8000_WP7B-P040VA1-R8000_WP7B-P040VA1-R8000_WP7B-P040VA1-R8000_CH1.B_SpeedXP_auto_15_OutOfIn
-5.050000e-11 (A)  X_CH1.Xpartial.X_SpeedXP_auto_WP7B-P040VA1-R8000_WP7B-P040VA1-R8000_WP7B-P040VA1-R8000_WP7B-P040VA1-R8000_CH1.B_SpeedXP_auto_16_OutOfIn
-5.050000e-11 (A)  X_CH1.Xpartial.X_SpeedXP_auto_WP7B-P040VA1-R8000_WP7B-P040VA1-R8000_WP7B-P040VA1-R8000_WP7B-P040VA1-R8000_CH1.B_SpeedXP_auto_17_OutOfIn
-5.050000e-11 (A)  X_CH1.Xpartial.X_SpeedXP_auto_WP7B-P040VA1-R8000_WP7B-P040VA1-R8000_WP7B-P040VA1-R8000_WP7B-P040VA1-R8000_CH1.B_SpeedXP_auto_18_OutOfIn
-5.050000e-11 (A)  X_CH1.Xpartial.X_SpeedXP_auto_WP7B-P040VA1-R8000_WP7B-P040VA1-R8000_WP7B-P040VA1-R8000_WP7B-P040VA1-R8000_CH1.B_SpeedXP_auto_19_OutOfIn
-5.050000e-11 (A)  X_CH1.Xpartial.X_SpeedXP_auto_WP7B-P040VA1-R8000_WP7B-P040VA1-R8000_WP7B-P040VA1-R8000_WP7B-P040VA1-R8000_CH1.B_SpeedXP_auto_20_OutOfIn
-1.000000e-12 (A)  X_CH1.Xpartial.X_SpeedXP_auto_WP7B-P040VA1-R8000_WP7B-P040VA1-R8000_WP7B-P040VA1-R8000_WP7B-P040VA1-R8000_CH1.V_SpeedXP_auto_10_En
-1.010000e-10 (A)  X_CH1.Xpartial.X_SpeedXP_auto_WP7B-P040VA1-R8000_WP7B-P040VA1-R8000_WP7B-P040VA1-R8000_WP7B-P040VA1-R8000_CH1.V_SpeedXP_auto_11_En
-1.010000e-10 (A)  X_CH1.Xpartial.X_SpeedXP_auto_WP7B-P040VA1-R8000_WP7B-P040VA1-R8000_WP7B-P040VA1-R8000_WP7B-P040VA1-R8000_CH1.V_SpeedXP_auto_12_En
-1.010000e-10 (A)  X_CH1.Xpartial.X_SpeedXP_auto_WP7B-P040VA1-R8000_WP7B-P040VA1-R8000_WP7B-P040VA1-R8000_WP7B-P040VA1-R8000_CH1.V_SpeedXP_auto_13_En
-1.010000e-10 (A)  X_CH1.Xpartial.X_SpeedXP_auto_WP7B-P040VA1-R8000_WP7B-P040VA1-R8000_WP7B-P040VA1-R8000_WP7B-P040VA1-R8000_CH1.V_SpeedXP_auto_14_En
-1.010000e-10 (A)  X_CH1.Xpartial.X_SpeedXP_auto_WP7B-P040VA1-R8000_WP7B-P040VA1-R8000_WP7B-P040VA1-R8000_WP7B-P040VA1-R8000_CH1.V_SpeedXP_auto_15_En
-1.010000e-10 (A)  X_CH1.Xpartial.X_SpeedXP_auto_WP7B-P040VA1-R8000_WP7B-P040VA1-R8000_WP7B-P040VA1-R8000_WP7B-P040VA1-R8000_CH1.V_SpeedXP_auto_16_En
-1.010000e-10 (A)  X_CH1.Xpartial.X_SpeedXP_auto_WP7B-P040VA1-R8000_WP7B-P040VA1-R8000_WP7B-P040VA1-R8000_WP7B-P040VA1-R8000_CH1.V_SpeedXP_auto_17_En
-1.010000e-10 (A)  X_CH1.Xpartial.X_SpeedXP_auto_WP7B-P040VA1-R8000_WP7B-P040VA1-R8000_WP7B-P040VA1-R8000_WP7B-P040VA1-R8000_CH1.V_SpeedXP_auto_18_En
-1.010000e-10 (A)  X_CH1.Xpartial.X_SpeedXP_auto_WP7B-P040VA1-R8000_WP7B-P040VA1-R8000_WP7B-P040VA1-R8000_WP7B-P040VA1-R8000_CH1.V_SpeedXP_auto_19_En
-1.000000e-12 (A)  X_CH1.Xpartial.X_SpeedXP_auto_WP7B-P040VA1-R8000_WP7B-P040VA1-R8000_WP7B-P040VA1-R8000_WP7B-P040VA1-R8000_CH1.V_SpeedXP_auto_1_En
-1.010000e-10 (A)  X_CH1.Xpartial.X_SpeedXP_auto_WP7B-P040VA1-R8000_WP7B-P040VA1-R8000_WP7B-P040VA1-R8000_WP7B-P040VA1-R8000_CH1.V_SpeedXP_auto_20_En
-1.000000e-12 (A)  X_CH1.Xpartial.X_SpeedXP_auto_WP7B-P040VA1-R8000_WP7B-P040VA1-R8000_WP7B-P040VA1-R8000_WP7B-P040VA1-R8000_CH1.V_SpeedXP_auto_2_En
-1.000000e-12 (A)  X_CH1.Xpartial.X_SpeedXP_auto_WP7B-P040VA1-R8000_WP7B-P040VA1-R8000_WP7B-P040VA1-R8000_WP7B-P040VA1-R8000_CH1.V_SpeedXP_auto_3_En
-1.000000e-12 (A)  X_CH1.Xpartial.X_SpeedXP_auto_WP7B-P040VA1-R8000_WP7B-P040VA1-R8000_WP7B-P040VA1-R8000_WP7B-P040VA1-R8000_CH1.V_SpeedXP_auto_4_En
-1.000000e-12 (A)  X_CH1.Xpartial.X_SpeedXP_auto_WP7B-P040VA1-R8000_WP7B-P040VA1-R8000_WP7B-P040VA1-R8000_WP7B-P040VA1-R8000_CH1.V_SpeedXP_auto_5_En
-1.000000e-12 (A)  X_CH1.Xpartial.X_SpeedXP_auto_WP7B-P040VA1-R8000_WP7B-P040VA1-R8000_WP7B-P040VA1-R8000_WP7B-P040VA1-R8000_CH1.V_SpeedXP_auto_6_En
-1.000000e-12 (A)  X_CH1.Xpartial.X_SpeedXP_auto_WP7B-P040VA1-R8000_WP7B-P040VA1-R8000_WP7B-P040VA1-R8000_WP7B-P040VA1-R8000_CH1.V_SpeedXP_auto_7_En
-1.000000e-12 (A)  X_CH1.Xpartial.X_SpeedXP_auto_WP7B-P040VA1-R8000_WP7B-P040VA1-R8000_WP7B-P040VA1-R8000_WP7B-P040VA1-R8000_CH1.V_SpeedXP_auto_8_En
-1.000000e-12 (A)  X_CH1.Xpartial.X_SpeedXP_auto_WP7B-P040VA1-R8000_WP7B-P040VA1-R8000_WP7B-P040VA1-R8000_WP7B-P040VA1-R8000_CH1.V_SpeedXP_auto_9_En
-7.500000e-12 (A)  X_CH1.Xpartial.X_SpeedXP_auto_WP7B-P040VA1-R8000_WP7B-P040VA1-R8000_WP7B-P040VA1-R8000_WP7B-P040VA1-R8000_CH1.Vpwr_11
-3.250011e-10 (A)  X_CH1.Xpartial.X_SpeedXP_auto_WP7B-P040VA1-R8000_WP7B-P040VA1-R8000_WP7B-P040VA1-R8000_WP7B-P040VA1-R8000_CH1.Vpwr_12
-7.500000e-12 (A)  X_CH1.Xpartial.X_SpeedXP_auto_WP7B-P040VA1-R8000_WP7B-P040VA1-R8000_WP7B-P040VA1-R8000_WP7B-P040VA1-R8000_CH1.Vpwr_13
-2.825016e-10 (A)  X_CH1.Xpartial.X_SpeedXP_auto_WP7B-P040VA1-R8000_WP7B-P040VA1-R8000_WP7B-P040VA1-R8000_WP7B-P040VA1-R8000_CH1.Vpwr_14
-3.075018e-10 (A)  X_CH1.Xpartial.X_SpeedXP_auto_WP7B-P040VA1-R8000_WP7B-P040VA1-R8000_WP7B-P040VA1-R8000_WP7B-P040VA1-R8000_CH1.Vpwr_15
-7.500000e-12 (A)  X_CH1.Xpartial.X_SpeedXP_auto_WP7B-P040VA1-R8000_WP7B-P040VA1-R8000_WP7B-P040VA1-R8000_WP7B-P040VA1-R8000_CH1.Vpwr_16
-7.500000e-12 (A)  X_CH1.Xpartial.X_SpeedXP_auto_WP7B-P040VA1-R8000_WP7B-P040VA1-R8000_WP7B-P040VA1-R8000_WP7B-P040VA1-R8000_CH1.Vpwr_17
-2.575015e-10 (A)  X_CH1.Xpartial.X_SpeedXP_auto_WP7B-P040VA1-R8000_WP7B-P040VA1-R8000_WP7B-P040VA1-R8000_WP7B-P040VA1-R8000_CH1.Vpwr_18
-7.500000e-12 (A)  X_CH1.Xpartial.X_SpeedXP_auto_WP7B-P040VA1-R8000_WP7B-P040VA1-R8000_WP7B-P040VA1-R8000_WP7B-P040VA1-R8000_CH1.Vpwr_19
-2.075012e-10 (A)  X_CH1.Xpartial.X_SpeedXP_auto_WP7B-P040VA1-R8000_WP7B-P040VA1-R8000_WP7B-P040VA1-R8000_WP7B-P040VA1-R8000_CH1.Vpwr_20
0.000000e+00 (A)  X_CH1.Xpartial.X_SpeedXP_auto_WP7B-P040VA1-R8000_WP7B-P040VA1-R8000_WP7B-P040VA1-R8000_WP7B-P040VA1-R8000_CH1.X_SpeedXP_auto_10_St.v1
0.000000e+00 (A)  X_CH1.Xpartial.X_SpeedXP_auto_WP7B-P040VA1-R8000_WP7B-P040VA1-R8000_WP7B-P040VA1-R8000_WP7B-P040VA1-R8000_CH1.X_SpeedXP_auto_11_St.v1
-1.010000e-10 (A)  X_CH1.Xpartial.X_SpeedXP_auto_WP7B-P040VA1-R8000_WP7B-P040VA1-R8000_WP7B-P040VA1-R8000_WP7B-P040VA1-R8000_CH1.X_SpeedXP_auto_12_St.v1
0.000000e+00 (A)  X_CH1.Xpartial.X_SpeedXP_auto_WP7B-P040VA1-R8000_WP7B-P040VA1-R8000_WP7B-P040VA1-R8000_WP7B-P040VA1-R8000_CH1.X_SpeedXP_auto_13_St.v1
-1.010000e-10 (A)  X_CH1.Xpartial.X_SpeedXP_auto_WP7B-P040VA1-R8000_WP7B-P040VA1-R8000_WP7B-P040VA1-R8000_WP7B-P040VA1-R8000_CH1.X_SpeedXP_auto_14_St.v1
-1.010000e-10 (A)  X_CH1.Xpartial.X_SpeedXP_auto_WP7B-P040VA1-R8000_WP7B-P040VA1-R8000_WP7B-P040VA1-R8000_WP7B-P040VA1-R8000_CH1.X_SpeedXP_auto_15_St.v1
0.000000e+00 (A)  X_CH1.Xpartial.X_SpeedXP_auto_WP7B-P040VA1-R8000_WP7B-P040VA1-R8000_WP7B-P040VA1-R8000_WP7B-P040VA1-R8000_CH1.X_SpeedXP_auto_16_St.v1
0.000000e+00 (A)  X_CH1.Xpartial.X_SpeedXP_auto_WP7B-P040VA1-R8000_WP7B-P040VA1-R8000_WP7B-P040VA1-R8000_WP7B-P040VA1-R8000_CH1.X_SpeedXP_auto_17_St.v1
-1.010000e-10 (A)  X_CH1.Xpartial.X_SpeedXP_auto_WP7B-P040VA1-R8000_WP7B-P040VA1-R8000_WP7B-P040VA1-R8000_WP7B-P040VA1-R8000_CH1.X_SpeedXP_auto_18_St.v1
0.000000e+00 (A)  X_CH1.Xpartial.X_SpeedXP_auto_WP7B-P040VA1-R8000_WP7B-P040VA1-R8000_WP7B-P040VA1-R8000_WP7B-P040VA1-R8000_CH1.X_SpeedXP_auto_19_St.v1
0.000000e+00 (A)  X_CH1.Xpartial.X_SpeedXP_auto_WP7B-P040VA1-R8000_WP7B-P040VA1-R8000_WP7B-P040VA1-R8000_WP7B-P040VA1-R8000_CH1.X_SpeedXP_auto_1_St.v1
-1.010000e-10 (A)  X_CH1.Xpartial.X_SpeedXP_auto_WP7B-P040VA1-R8000_WP7B-P040VA1-R8000_WP7B-P040VA1-R8000_WP7B-P040VA1-R8000_CH1.X_SpeedXP_auto_20_St.v1
0.000000e+00 (A)  X_CH1.Xpartial.X_SpeedXP_auto_WP7B-P040VA1-R8000_WP7B-P040VA1-R8000_WP7B-P040VA1-R8000_WP7B-P040VA1-R8000_CH1.X_SpeedXP_auto_2_St.v1
0.000000e+00 (A)  X_CH1.Xpartial.X_SpeedXP_auto_WP7B-P040VA1-R8000_WP7B-P040VA1-R8000_WP7B-P040VA1-R8000_WP7B-P040VA1-R8000_CH1.X_SpeedXP_auto_3_St.v1
0.000000e+00 (A)  X_CH1.Xpartial.X_SpeedXP_auto_WP7B-P040VA1-R8000_WP7B-P040VA1-R8000_WP7B-P040VA1-R8000_WP7B-P040VA1-R8000_CH1.X_SpeedXP_auto_4_St.v1
0.000000e+00 (A)  X_CH1.Xpartial.X_SpeedXP_auto_WP7B-P040VA1-R8000_WP7B-P040VA1-R8000_WP7B-P040VA1-R8000_WP7B-P040VA1-R8000_CH1.X_SpeedXP_auto_5_St.v1
0.000000e+00 (A)  X_CH1.Xpartial.X_SpeedXP_auto_WP7B-P040VA1-R8000_WP7B-P040VA1-R8000_WP7B-P040VA1-R8000_WP7B-P040VA1-R8000_CH1.X_SpeedXP_auto_6_St.v1
0.000000e+00 (A)  X_CH1.Xpartial.X_SpeedXP_auto_WP7B-P040VA1-R8000_WP7B-P040VA1-R8000_WP7B-P040VA1-R8000_WP7B-P040VA1-R8000_CH1.X_SpeedXP_auto_7_St.v1
0.000000e+00 (A)  X_CH1.Xpartial.X_SpeedXP_auto_WP7B-P040VA1-R8000_WP7B-P040VA1-R8000_WP7B-P040VA1-R8000_WP7B-P040VA1-R8000_CH1.X_SpeedXP_auto_8_St.v1
0.000000e+00 (A)  X_CH1.Xpartial.X_SpeedXP_auto_WP7B-P040VA1-R8000_WP7B-P040VA1-R8000_WP7B-P040VA1-R8000_WP7B-P040VA1-R8000_CH1.X_SpeedXP_auto_9_St.v1
0.000000e+00 (A)  X_D5.Xpartial.X_SpeedXP_auto_TVS/ESD_SOD-323_H3V3HD3U_H3V3HD3U_D5.V_SpeedXP_auto_1_En
0.000000e+00 (A)  X_ESD1.Xpartial.X_SpeedXP_auto_IP4292CZ10_DFN2510A-10_IP4292CZ10-TBR_115_IP4292CZ10-TBR_115_ESD1_ESD1.V_SpeedXP_auto_10_En
-1.000000e-12 (A)  X_ESD1.Xpartial.X_SpeedXP_auto_IP4292CZ10_DFN2510A-10_IP4292CZ10-TBR_115_IP4292CZ10-TBR_115_ESD1_ESD1.V_SpeedXP_auto_1_En
-1.000000e-12 (A)  X_ESD1.Xpartial.X_SpeedXP_auto_IP4292CZ10_DFN2510A-10_IP4292CZ10-TBR_115_IP4292CZ10-TBR_115_ESD1_ESD1.V_SpeedXP_auto_2_En
-1.000000e-12 (A)  X_ESD1.Xpartial.X_SpeedXP_auto_IP4292CZ10_DFN2510A-10_IP4292CZ10-TBR_115_IP4292CZ10-TBR_115_ESD1_ESD1.V_SpeedXP_auto_4_En
-1.000000e-12 (A)  X_ESD1.Xpartial.X_SpeedXP_auto_IP4292CZ10_DFN2510A-10_IP4292CZ10-TBR_115_IP4292CZ10-TBR_115_ESD1_ESD1.V_SpeedXP_auto_5_En
0.000000e+00 (A)  X_ESD1.Xpartial.X_SpeedXP_auto_IP4292CZ10_DFN2510A-10_IP4292CZ10-TBR_115_IP4292CZ10-TBR_115_ESD1_ESD1.V_SpeedXP_auto_6_En
0.000000e+00 (A)  X_ESD1.Xpartial.X_SpeedXP_auto_IP4292CZ10_DFN2510A-10_IP4292CZ10-TBR_115_IP4292CZ10-TBR_115_ESD1_ESD1.V_SpeedXP_auto_7_En
0.000000e+00 (A)  X_ESD1.Xpartial.X_SpeedXP_auto_IP4292CZ10_DFN2510A-10_IP4292CZ10-TBR_115_IP4292CZ10-TBR_115_ESD1_ESD1.V_SpeedXP_auto_9_En
0.000000e+00 (A)  X_ESD1.Xpartial.X_SpeedXP_auto_IP4292CZ10_DFN2510A-10_IP4292CZ10-TBR_115_IP4292CZ10-TBR_115_ESD1_ESD1.X_SpeedXP_auto_1_St.v1
0.000000e+00 (A)  X_ESD1.Xpartial.X_SpeedXP_auto_IP4292CZ10_DFN2510A-10_IP4292CZ10-TBR_115_IP4292CZ10-TBR_115_ESD1_ESD1.X_SpeedXP_auto_2_St.v1
0.000000e+00 (A)  X_ESD1.Xpartial.X_SpeedXP_auto_IP4292CZ10_DFN2510A-10_IP4292CZ10-TBR_115_IP4292CZ10-TBR_115_ESD1_ESD1.X_SpeedXP_auto_4_St.v1
0.000000e+00 (A)  X_ESD1.Xpartial.X_SpeedXP_auto_IP4292CZ10_DFN2510A-10_IP4292CZ10-TBR_115_IP4292CZ10-TBR_115_ESD1_ESD1.X_SpeedXP_auto_5_St.v1
0.000000e+00 (A)  X_ESD2.Xpartial.X_SpeedXP_auto_IP4292CZ10_DFN2510A-10_IP4292CZ10-TBR_115_IP4292CZ10-TBR_115_ESD2_ESD2.V_SpeedXP_auto_10_En
-1.000000e-12 (A)  X_ESD2.Xpartial.X_SpeedXP_auto_IP4292CZ10_DFN2510A-10_IP4292CZ10-TBR_115_IP4292CZ10-TBR_115_ESD2_ESD2.V_SpeedXP_auto_1_En
-1.000000e-12 (A)  X_ESD2.Xpartial.X_SpeedXP_auto_IP4292CZ10_DFN2510A-10_IP4292CZ10-TBR_115_IP4292CZ10-TBR_115_ESD2_ESD2.V_SpeedXP_auto_2_En
-1.000000e-12 (A)  X_ESD2.Xpartial.X_SpeedXP_auto_IP4292CZ10_DFN2510A-10_IP4292CZ10-TBR_115_IP4292CZ10-TBR_115_ESD2_ESD2.V_SpeedXP_auto_4_En
-1.000000e-12 (A)  X_ESD2.Xpartial.X_SpeedXP_auto_IP4292CZ10_DFN2510A-10_IP4292CZ10-TBR_115_IP4292CZ10-TBR_115_ESD2_ESD2.V_SpeedXP_auto_5_En
0.000000e+00 (A)  X_ESD2.Xpartial.X_SpeedXP_auto_IP4292CZ10_DFN2510A-10_IP4292CZ10-TBR_115_IP4292CZ10-TBR_115_ESD2_ESD2.V_SpeedXP_auto_6_En
0.000000e+00 (A)  X_ESD2.Xpartial.X_SpeedXP_auto_IP4292CZ10_DFN2510A-10_IP4292CZ10-TBR_115_IP4292CZ10-TBR_115_ESD2_ESD2.V_SpeedXP_auto_7_En
0.000000e+00 (A)  X_ESD2.Xpartial.X_SpeedXP_auto_IP4292CZ10_DFN2510A-10_IP4292CZ10-TBR_115_IP4292CZ10-TBR_115_ESD2_ESD2.V_SpeedXP_auto_9_En
0.000000e+00 (A)  X_ESD2.Xpartial.X_SpeedXP_auto_IP4292CZ10_DFN2510A-10_IP4292CZ10-TBR_115_IP4292CZ10-TBR_115_ESD2_ESD2.X_SpeedXP_auto_1_St.v1
0.000000e+00 (A)  X_ESD2.Xpartial.X_SpeedXP_auto_IP4292CZ10_DFN2510A-10_IP4292CZ10-TBR_115_IP4292CZ10-TBR_115_ESD2_ESD2.X_SpeedXP_auto_2_St.v1
0.000000e+00 (A)  X_ESD2.Xpartial.X_SpeedXP_auto_IP4292CZ10_DFN2510A-10_IP4292CZ10-TBR_115_IP4292CZ10-TBR_115_ESD2_ESD2.X_SpeedXP_auto_4_St.v1
0.000000e+00 (A)  X_ESD2.Xpartial.X_SpeedXP_auto_IP4292CZ10_DFN2510A-10_IP4292CZ10-TBR_115_IP4292CZ10-TBR_115_ESD2_ESD2.X_SpeedXP_auto_5_St.v1
0.000000e+00 (A)  X_HDMI1.Xpartial.X_SpeedXP_auto_HDMI-A_HDMI-001S_HDMI-001S_HDMI-001S_HDMI1.V_SpeedXP_auto_10_En
0.000000e+00 (A)  X_HDMI1.Xpartial.X_SpeedXP_auto_HDMI-A_HDMI-001S_HDMI-001S_HDMI-001S_HDMI1.V_SpeedXP_auto_12_En
0.000000e+00 (A)  X_HDMI1.Xpartial.X_SpeedXP_auto_HDMI-A_HDMI-001S_HDMI-001S_HDMI-001S_HDMI1.V_SpeedXP_auto_1_En
0.000000e+00 (A)  X_HDMI1.Xpartial.X_SpeedXP_auto_HDMI-A_HDMI-001S_HDMI-001S_HDMI-001S_HDMI1.V_SpeedXP_auto_3_En
0.000000e+00 (A)  X_HDMI1.Xpartial.X_SpeedXP_auto_HDMI-A_HDMI-001S_HDMI-001S_HDMI-001S_HDMI1.V_SpeedXP_auto_4_En
0.000000e+00 (A)  X_HDMI1.Xpartial.X_SpeedXP_auto_HDMI-A_HDMI-001S_HDMI-001S_HDMI-001S_HDMI1.V_SpeedXP_auto_6_En
0.000000e+00 (A)  X_HDMI1.Xpartial.X_SpeedXP_auto_HDMI-A_HDMI-001S_HDMI-001S_HDMI-001S_HDMI1.V_SpeedXP_auto_7_En
0.000000e+00 (A)  X_HDMI1.Xpartial.X_SpeedXP_auto_HDMI-A_HDMI-001S_HDMI-001S_HDMI-001S_HDMI1.V_SpeedXP_auto_9_En
0.000000e+00 (A)  X_R24.Xpartial.X_SpeedXP_auto_RES_R0603_10K_10K_R24_R24.V_SpeedXP_auto_2_En
-1.000000e-12 (A)  X_R25.Xpartial.X_SpeedXP_auto_RES_R0603_1K_1K_R25_R25.V_SpeedXP_auto_1_En
0.000000e+00 (A)  X_R25.Xpartial.X_SpeedXP_auto_RES_R0603_1K_1K_R25_R25.X_SpeedXP_auto_1_St.v1
0.000000e+00 (A)  X_SW1.Xpartial.X_SpeedXP_auto_SWITCH-2P_SMD4030_1_6N_1_6N_SW1.V_SpeedXP_auto_2_En
0.000000e+00 (A)  X_U8.Xpartial.X_SpeedXP_auto_TC358870XBG_1_VFBGA80_(S1+S2+S3+S4)_TC358870XBG(NOK)_TC358870XBG(NOK)_U8.B_SpeedXP_auto_A5_OutOfIn
0.000000e+00 (A)  X_U8.Xpartial.X_SpeedXP_auto_TC358870XBG_1_VFBGA80_(S1+S2+S3+S4)_TC358870XBG(NOK)_TC358870XBG(NOK)_U8.B_SpeedXP_auto_A6_OutOfIn
-1.010000e-10 (A)  X_U8.Xpartial.X_SpeedXP_auto_TC358870XBG_1_VFBGA80_(S1+S2+S3+S4)_TC358870XBG(NOK)_TC358870XBG(NOK)_U8.B_SpeedXP_auto_A7_OutOfIn
0.000000e+00 (A)  X_U8.Xpartial.X_SpeedXP_auto_TC358870XBG_1_VFBGA80_(S1+S2+S3+S4)_TC358870XBG(NOK)_TC358870XBG(NOK)_U8.B_SpeedXP_auto_A8_OutOfIn
0.000000e+00 (A)  X_U8.Xpartial.X_SpeedXP_auto_TC358870XBG_1_VFBGA80_(S1+S2+S3+S4)_TC358870XBG(NOK)_TC358870XBG(NOK)_U8.B_SpeedXP_auto_A9_OutOfIn
-1.010000e-10 (A)  X_U8.Xpartial.X_SpeedXP_auto_TC358870XBG_1_VFBGA80_(S1+S2+S3+S4)_TC358870XBG(NOK)_TC358870XBG(NOK)_U8.B_SpeedXP_auto_B5_OutOfIn
-1.010000e-10 (A)  X_U8.Xpartial.X_SpeedXP_auto_TC358870XBG_1_VFBGA80_(S1+S2+S3+S4)_TC358870XBG(NOK)_TC358870XBG(NOK)_U8.B_SpeedXP_auto_B6_OutOfIn
0.000000e+00 (A)  X_U8.Xpartial.X_SpeedXP_auto_TC358870XBG_1_VFBGA80_(S1+S2+S3+S4)_TC358870XBG(NOK)_TC358870XBG(NOK)_U8.B_SpeedXP_auto_B7_OutOfIn
-1.010000e-10 (A)  X_U8.Xpartial.X_SpeedXP_auto_TC358870XBG_1_VFBGA80_(S1+S2+S3+S4)_TC358870XBG(NOK)_TC358870XBG(NOK)_U8.B_SpeedXP_auto_B8_OutOfIn
-1.010000e-10 (A)  X_U8.Xpartial.X_SpeedXP_auto_TC358870XBG_1_VFBGA80_(S1+S2+S3+S4)_TC358870XBG(NOK)_TC358870XBG(NOK)_U8.B_SpeedXP_auto_B9_OutOfIn
0.000000e+00 (A)  X_U8.Xpartial.X_SpeedXP_auto_TC358870XBG_1_VFBGA80_(S1+S2+S3+S4)_TC358870XBG(NOK)_TC358870XBG(NOK)_U8.V_SpeedXP_auto_A4_En
0.000000e+00 (A)  X_U8.Xpartial.X_SpeedXP_auto_TC358870XBG_1_VFBGA80_(S1+S2+S3+S4)_TC358870XBG(NOK)_TC358870XBG(NOK)_U8.V_SpeedXP_auto_A5_En
0.000000e+00 (A)  X_U8.Xpartial.X_SpeedXP_auto_TC358870XBG_1_VFBGA80_(S1+S2+S3+S4)_TC358870XBG(NOK)_TC358870XBG(NOK)_U8.V_SpeedXP_auto_A6_En
0.000000e+00 (A)  X_U8.Xpartial.X_SpeedXP_auto_TC358870XBG_1_VFBGA80_(S1+S2+S3+S4)_TC358870XBG(NOK)_TC358870XBG(NOK)_U8.V_SpeedXP_auto_A7_En
0.000000e+00 (A)  X_U8.Xpartial.X_SpeedXP_auto_TC358870XBG_1_VFBGA80_(S1+S2+S3+S4)_TC358870XBG(NOK)_TC358870XBG(NOK)_U8.V_SpeedXP_auto_A8_En
0.000000e+00 (A)  X_U8.Xpartial.X_SpeedXP_auto_TC358870XBG_1_VFBGA80_(S1+S2+S3+S4)_TC358870XBG(NOK)_TC358870XBG(NOK)_U8.V_SpeedXP_auto_A9_En
0.000000e+00 (A)  X_U8.Xpartial.X_SpeedXP_auto_TC358870XBG_1_VFBGA80_(S1+S2+S3+S4)_TC358870XBG(NOK)_TC358870XBG(NOK)_U8.V_SpeedXP_auto_B5_En
0.000000e+00 (A)  X_U8.Xpartial.X_SpeedXP_auto_TC358870XBG_1_VFBGA80_(S1+S2+S3+S4)_TC358870XBG(NOK)_TC358870XBG(NOK)_U8.V_SpeedXP_auto_B6_En
0.000000e+00 (A)  X_U8.Xpartial.X_SpeedXP_auto_TC358870XBG_1_VFBGA80_(S1+S2+S3+S4)_TC358870XBG(NOK)_TC358870XBG(NOK)_U8.V_SpeedXP_auto_B7_En
0.000000e+00 (A)  X_U8.Xpartial.X_SpeedXP_auto_TC358870XBG_1_VFBGA80_(S1+S2+S3+S4)_TC358870XBG(NOK)_TC358870XBG(NOK)_U8.V_SpeedXP_auto_B8_En
0.000000e+00 (A)  X_U8.Xpartial.X_SpeedXP_auto_TC358870XBG_1_VFBGA80_(S1+S2+S3+S4)_TC358870XBG(NOK)_TC358870XBG(NOK)_U8.V_SpeedXP_auto_B9_En
0.000000e+00 (A)  X_U8.Xpartial.X_SpeedXP_auto_TC358870XBG_1_VFBGA80_(S1+S2+S3+S4)_TC358870XBG(NOK)_TC358870XBG(NOK)_U8.V_SpeedXP_auto_C1_En
0.000000e+00 (A)  X_U8.Xpartial.X_SpeedXP_auto_TC358870XBG_1_VFBGA80_(S1+S2+S3+S4)_TC358870XBG(NOK)_TC358870XBG(NOK)_U8.V_SpeedXP_auto_C2_En
0.000000e+00 (A)  X_U8.Xpartial.X_SpeedXP_auto_TC358870XBG_1_VFBGA80_(S1+S2+S3+S4)_TC358870XBG(NOK)_TC358870XBG(NOK)_U8.V_SpeedXP_auto_D10_En
0.000000e+00 (A)  X_U8.Xpartial.X_SpeedXP_auto_TC358870XBG_1_VFBGA80_(S1+S2+S3+S4)_TC358870XBG(NOK)_TC358870XBG(NOK)_U8.V_SpeedXP_auto_D1_En
0.000000e+00 (A)  X_U8.Xpartial.X_SpeedXP_auto_TC358870XBG_1_VFBGA80_(S1+S2+S3+S4)_TC358870XBG(NOK)_TC358870XBG(NOK)_U8.V_SpeedXP_auto_D2_En
0.000000e+00 (A)  X_U8.Xpartial.X_SpeedXP_auto_TC358870XBG_1_VFBGA80_(S1+S2+S3+S4)_TC358870XBG(NOK)_TC358870XBG(NOK)_U8.V_SpeedXP_auto_D9_En
0.000000e+00 (A)  X_U8.Xpartial.X_SpeedXP_auto_TC358870XBG_1_VFBGA80_(S1+S2+S3+S4)_TC358870XBG(NOK)_TC358870XBG(NOK)_U8.V_SpeedXP_auto_E10_En
0.000000e+00 (A)  X_U8.Xpartial.X_SpeedXP_auto_TC358870XBG_1_VFBGA80_(S1+S2+S3+S4)_TC358870XBG(NOK)_TC358870XBG(NOK)_U8.V_SpeedXP_auto_E1_En
0.000000e+00 (A)  X_U8.Xpartial.X_SpeedXP_auto_TC358870XBG_1_VFBGA80_(S1+S2+S3+S4)_TC358870XBG(NOK)_TC358870XBG(NOK)_U8.V_SpeedXP_auto_E2_En
0.000000e+00 (A)  X_U8.Xpartial.X_SpeedXP_auto_TC358870XBG_1_VFBGA80_(S1+S2+S3+S4)_TC358870XBG(NOK)_TC358870XBG(NOK)_U8.V_SpeedXP_auto_E9_En
0.000000e+00 (A)  X_U8.Xpartial.X_SpeedXP_auto_TC358870XBG_1_VFBGA80_(S1+S2+S3+S4)_TC358870XBG(NOK)_TC358870XBG(NOK)_U8.V_SpeedXP_auto_F10_En
0.000000e+00 (A)  X_U8.Xpartial.X_SpeedXP_auto_TC358870XBG_1_VFBGA80_(S1+S2+S3+S4)_TC358870XBG(NOK)_TC358870XBG(NOK)_U8.V_SpeedXP_auto_F1_En
0.000000e+00 (A)  X_U8.Xpartial.X_SpeedXP_auto_TC358870XBG_1_VFBGA80_(S1+S2+S3+S4)_TC358870XBG(NOK)_TC358870XBG(NOK)_U8.V_SpeedXP_auto_F2_En
0.000000e+00 (A)  X_U8.Xpartial.X_SpeedXP_auto_TC358870XBG_1_VFBGA80_(S1+S2+S3+S4)_TC358870XBG(NOK)_TC358870XBG(NOK)_U8.V_SpeedXP_auto_F9_En
0.000000e+00 (A)  X_U8.Xpartial.X_SpeedXP_auto_TC358870XBG_1_VFBGA80_(S1+S2+S3+S4)_TC358870XBG(NOK)_TC358870XBG(NOK)_U8.V_SpeedXP_auto_G10_En
0.000000e+00 (A)  X_U8.Xpartial.X_SpeedXP_auto_TC358870XBG_1_VFBGA80_(S1+S2+S3+S4)_TC358870XBG(NOK)_TC358870XBG(NOK)_U8.V_SpeedXP_auto_G9_En
0.000000e+00 (A)  X_U8.Xpartial.X_SpeedXP_auto_TC358870XBG_1_VFBGA80_(S1+S2+S3+S4)_TC358870XBG(NOK)_TC358870XBG(NOK)_U8.V_SpeedXP_auto_H10_En
0.000000e+00 (A)  X_U8.Xpartial.X_SpeedXP_auto_TC358870XBG_1_VFBGA80_(S1+S2+S3+S4)_TC358870XBG(NOK)_TC358870XBG(NOK)_U8.V_SpeedXP_auto_H9_En
0.000000e+00 (A)  X_U8.Xpartial.X_SpeedXP_auto_TC358870XBG_1_VFBGA80_(S1+S2+S3+S4)_TC358870XBG(NOK)_TC358870XBG(NOK)_U8.V_SpeedXP_auto_K8_En
-7.500000e-12 (A)  X_U8.Xpartial.X_SpeedXP_auto_TC358870XBG_1_VFBGA80_(S1+S2+S3+S4)_TC358870XBG(NOK)_TC358870XBG(NOK)_U8.Vpwr_A5
-7.500000e-12 (A)  X_U8.Xpartial.X_SpeedXP_auto_TC358870XBG_1_VFBGA80_(S1+S2+S3+S4)_TC358870XBG(NOK)_TC358870XBG(NOK)_U8.Vpwr_A6
-2.500000e-12 (A)  X_U8.Xpartial.X_SpeedXP_auto_TC358870XBG_1_VFBGA80_(S1+S2+S3+S4)_TC358870XBG(NOK)_TC358870XBG(NOK)_U8.Vpwr_A7
-7.500000e-12 (A)  X_U8.Xpartial.X_SpeedXP_auto_TC358870XBG_1_VFBGA80_(S1+S2+S3+S4)_TC358870XBG(NOK)_TC358870XBG(NOK)_U8.Vpwr_A8
-7.500000e-12 (A)  X_U8.Xpartial.X_SpeedXP_auto_TC358870XBG_1_VFBGA80_(S1+S2+S3+S4)_TC358870XBG(NOK)_TC358870XBG(NOK)_U8.Vpwr_A9
-2.500000e-12 (A)  X_U8.Xpartial.X_SpeedXP_auto_TC358870XBG_1_VFBGA80_(S1+S2+S3+S4)_TC358870XBG(NOK)_TC358870XBG(NOK)_U8.Vpwr_B5
-2.500000e-12 (A)  X_U8.Xpartial.X_SpeedXP_auto_TC358870XBG_1_VFBGA80_(S1+S2+S3+S4)_TC358870XBG(NOK)_TC358870XBG(NOK)_U8.Vpwr_B6
-7.500000e-12 (A)  X_U8.Xpartial.X_SpeedXP_auto_TC358870XBG_1_VFBGA80_(S1+S2+S3+S4)_TC358870XBG(NOK)_TC358870XBG(NOK)_U8.Vpwr_B7
-2.500000e-12 (A)  X_U8.Xpartial.X_SpeedXP_auto_TC358870XBG_1_VFBGA80_(S1+S2+S3+S4)_TC358870XBG(NOK)_TC358870XBG(NOK)_U8.Vpwr_B8
-2.500000e-12 (A)  X_U8.Xpartial.X_SpeedXP_auto_TC358870XBG_1_VFBGA80_(S1+S2+S3+S4)_TC358870XBG(NOK)_TC358870XBG(NOK)_U8.Vpwr_B9
-1.000004e-10 (A)  xvia0.lnode2086::mipi_dsi1_data0_n
5.000000e-12 (A)  xvia0.lnode2326::mipi_dsi1_data0_p
-1.025004e-10 (A)  Xvia0.VRLNode2086::MIPI_DSI1_DATA0_N
5.000000e-12 (A)  Xvia0.VRLNode2326::MIPI_DSI1_DATA0_P
-1.575011e-10 (A)  xvia1.lnode1780::mipi_dsi1_data1_n
5.000000e-12 (A)  xvia1.lnode2014::mipi_dsi1_data1_p
-1.600011e-10 (A)  Xvia1.VRLNode1780::MIPI_DSI1_DATA1_N
5.000000e-12 (A)  Xvia1.VRLNode2014::MIPI_DSI1_DATA1_P
-7.000012e-11 (A)  xvia2.lnode1321::mipi_dsi1_data2_n
5.000000e-12 (A)  xvia2.lnode1541::mipi_dsi1_data2_p
-7.250014e-11 (A)  Xvia2.VRLNode1321::MIPI_DSI1_DATA2_N
5.000000e-12 (A)  Xvia2.VRLNode1541::MIPI_DSI1_DATA2_P
-1.500008e-10 (A)  xvia3.lnode1161::mipi_dsi1_data3_n
5.000000e-12 (A)  xvia3.lnode1306::mipi_dsi1_data3_p
-1.525008e-10 (A)  Xvia3.VRLNode1161::MIPI_DSI1_DATA3_N
5.000000e-12 (A)  Xvia3.VRLNode1306::MIPI_DSI1_DATA3_P
5.000000e-12 (A)  xvia4.lnode883::mipi_dsi1_clk_n
-2.200012e-10 (A)  xvia4.lnode992::mipi_dsi1_clk_p
5.000000e-12 (A)  Xvia4.VRLNode883::MIPI_DSI1_CLK_N
-2.225012e-10 (A)  Xvia4.VRLNode992::MIPI_DSI1_CLK_P
