0.000000e+00 (V)  __Gnd
2.500000e+00 (V)  FILLETpad~polygon0103::mipi_dsi1_data2_n
2.500000e+00 (V)  FILLETpad~polygon0110::mipi_dsi1_data1_p
2.500000e+00 (V)  FILLETpad~polygon0115::mipi_dsi1_data0_n
2.500000e+00 (V)  FILLETpad~polygon0121::mipi_dsi1_clk_n
1.000000e-10 (V)  FILLETpad~polygon0122::mipi_dsi1_data2_p
2.500000e+00 (V)  FILLETpad~polygon0123::mipi_dsi1_data1_p
2.500000e+00 (V)  FILLETpad~polygon0124::mipi_dsi1_data0_n
2.500000e+00 (V)  FILLETpad~polygon0128::mipi_dsi1_data2_n
1.000000e-10 (V)  FILLETpad~polygon0129::mipi_dsi1_data1_n
1.000000e-10 (V)  FILLETpad~polygon0130::mipi_dsi1_data0_p
1.001569e-10 (V)  FILLETpad~polygon0324::mipi_dsi1_data1_n
2.500000e+00 (V)  FILLETpad~polygon0326::mipi_dsi1_data2_n
2.500000e+00 (V)  FILLETpad~polygon0330::mipi_dsi1_data1_p
2.500000e+00 (V)  FILLETpad~polygon0333::mipi_dsi1_data0_n
1.001419e-10 (V)  FILLETpad~polygon0337::mipi_dsi1_clk_p
1.004355e-10 (V)  FILLETpad~polygon0341::mipi_dsi1_data0_p
2.500000e+00 (V)  FILLETpad~polygon0342::mipi_dsi1_clk_n
1.005265e-10 (V)  FILLETpad~polygon0405::mipi_dsi1_data2_p
2.500000e+00 (V)  FILLETpad~polygon0422::mipi_dsi1_data2_n
2.500000e+00 (V)  FILLETpad~polygon0423::mipi_dsi1_data0_n
1.006226e-10 (V)  FILLETpad~polygon0429::mipi_dsi1_data0_p
2.500000e+00 (V)  FILLETpad~polygon0431::mipi_dsi1_data1_p
1.006169e-10 (V)  FILLETpad~polygon0435::mipi_dsi1_clk_p
1.006213e-10 (V)  FILLETpad~polygon0438::mipi_dsi1_data2_p
1.006374e-10 (V)  FILLETpad~polygon0443::mipi_dsi1_data1_n
2.500000e+00 (V)  FILLETpad~polygon0447::mipi_dsi1_clk_n
1.005247e-10 (V)  FILLETpad~polygon088::mipi_dsi1_data2_p
1.004337e-10 (V)  FILLETpad~polygon095::mipi_dsi1_data0_p
1.001552e-10 (V)  FILLETpad~polygon098::mipi_dsi1_data1_n
2.500000e+00 (V)  FILLETpad~polygon099::mipi_dsi1_clk_n
1.100000e+00 (V)  IPGPWR_VCC_1V1
1.200000e+00 (V)  IPGPWR_VCC_1V2
1.800000e+00 (V)  IPGPWR_VCC_1V8
3.300000e+00 (V)  IPGPWR_VCC_3V3
5.000000e+00 (V)  IPGPWR_VCC_5V
5.000000e+00 (V)  IPGPWR_VCC_5V5
1.002021e-10 (V)  Node1002::MIPI_DSI1_CLK_P
1.002039e-10 (V)  Node1003::MIPI_DSI1_CLK_P
1.002101e-10 (V)  Node1005::MIPI_DSI1_CLK_P
2.500000e+00 (V)  Node101!!A8_Auto_1086::MIPI_DSI1_DATA1_P
1.002176e-10 (V)  Node1015::MIPI_DSI1_CLK_P
1.002323e-10 (V)  Node1015_Auto_501::MIPI_DSI1_CLK_P
1.002329e-10 (V)  Node1017::MIPI_DSI1_CLK_P
1.002334e-10 (V)  Node1017_Auto_451::MIPI_DSI1_CLK_P
1.002357e-10 (V)  Node1018::MIPI_DSI1_CLK_P
1.002431e-10 (V)  Node1018_Auto_493::MIPI_DSI1_CLK_P
1.002441e-10 (V)  Node1018_Auto_498::MIPI_DSI1_CLK_P
1.002475e-10 (V)  Node1018_Auto_499::MIPI_DSI1_CLK_P
1.002485e-10 (V)  Node1020::MIPI_DSI1_CLK_P
1.002722e-10 (V)  Node1028::MIPI_DSI1_CLK_P
1.003047e-10 (V)  Node1031::MIPI_DSI1_CLK_P
1.002870e-10 (V)  Node1031_Auto_445::MIPI_DSI1_CLK_P
1.002847e-10 (V)  Node1031_Auto_446::MIPI_DSI1_CLK_P
1.002763e-10 (V)  Node1031_Auto_484::MIPI_DSI1_CLK_P
1.002742e-10 (V)  Node1031_Auto_486::MIPI_DSI1_CLK_P
1.002773e-10 (V)  Node1031_Auto_489::MIPI_DSI1_CLK_P
1.003017e-10 (V)  Node1031_Auto_503::MIPI_DSI1_CLK_P
1.003045e-10 (V)  Node1031_Auto_506::MIPI_DSI1_CLK_P
0.000000e+00 (V)  Node104!!F9::MIPI_DSI0_CLK_N
1.003121e-10 (V)  Node1040::MIPI_DSI1_CLK_P
1.003311e-10 (V)  Node1040_Auto_447::MIPI_DSI1_CLK_P
1.003334e-10 (V)  Node1040_Auto_448::MIPI_DSI1_CLK_P
1.003443e-10 (V)  Node1040_Auto_482::MIPI_DSI1_CLK_P
1.003421e-10 (V)  Node1040_Auto_483::MIPI_DSI1_CLK_P
1.003408e-10 (V)  Node1040_Auto_488::MIPI_DSI1_CLK_P
1.003163e-10 (V)  Node1040_Auto_504::MIPI_DSI1_CLK_P
1.003135e-10 (V)  Node1040_Auto_507::MIPI_DSI1_CLK_P
1.003458e-10 (V)  Node1043::MIPI_DSI1_CLK_P
1.003547e-10 (V)  Node1046::MIPI_DSI1_CLK_P
1.003577e-10 (V)  Node1047::MIPI_DSI1_CLK_P
1.003606e-10 (V)  Node1048::MIPI_DSI1_CLK_P
0.000000e+00 (V)  Node105!!D9::MIPI_DSI0_DATA3_N
1.003695e-10 (V)  Node1051::MIPI_DSI1_CLK_P
1.003746e-10 (V)  Node1054::MIPI_DSI1_CLK_P
1.003742e-10 (V)  Node1054_Auto_471::MIPI_DSI1_CLK_P
1.003721e-10 (V)  Node1054_Auto_474::MIPI_DSI1_CLK_P
1.003799e-10 (V)  Node1058::MIPI_DSI1_CLK_P
0.000000e+00 (V)  Node106!!E9::MIPI_DSI0_DATA2_N
1.003821e-10 (V)  Node1063::MIPI_DSI1_CLK_P
1.003842e-10 (V)  Node1063_Auto_470::MIPI_DSI1_CLK_P
1.003863e-10 (V)  Node1063_Auto_476::MIPI_DSI1_CLK_P
1.003877e-10 (V)  Node1066::MIPI_DSI1_CLK_P
1.003992e-10 (V)  Node1069::MIPI_DSI1_CLK_P
0.000000e+00 (V)  Node107!!G9::MIPI_DSI0_DATA1_N
1.004118e-10 (V)  Node1071::MIPI_DSI1_CLK_P
1.004107e-10 (V)  Node1071_Auto_533::MIPI_DSI1_CLK_P
1.004069e-10 (V)  Node1071_Auto_534::MIPI_DSI1_CLK_P
1.004055e-10 (V)  Node1071_Auto_550::MIPI_DSI1_CLK_P
1.004004e-10 (V)  Node1071_Auto_551::MIPI_DSI1_CLK_P
1.004871e-10 (V)  Node1073::MIPI_DSI1_CLK_P
1.004495e-10 (V)  Node1073_Auto_637::MIPI_DSI1_CLK_P
1.004474e-10 (V)  Node1073_Auto_638::MIPI_DSI1_CLK_P
1.004733e-10 (V)  Node1073_Auto_641::MIPI_DSI1_CLK_P
1.004706e-10 (V)  Node1073_Auto_642::MIPI_DSI1_CLK_P
1.004446e-10 (V)  Node1073_Auto_645::MIPI_DSI1_CLK_P
1.004527e-10 (V)  Node1073_Auto_657::MIPI_DSI1_CLK_P
1.004192e-10 (V)  Node1073_Auto_663::MIPI_DSI1_CLK_P
1.004154e-10 (V)  Node1073_Auto_664::MIPI_DSI1_CLK_P
1.004859e-10 (V)  Node1073_Auto_669::MIPI_DSI1_CLK_P
1.004827e-10 (V)  Node1073_Auto_670::MIPI_DSI1_CLK_P
1.004238e-10 (V)  Node1073_Auto_676::MIPI_DSI1_CLK_P
1.004258e-10 (V)  Node1073_Auto_678::MIPI_DSI1_CLK_P
1.004812e-10 (V)  Node1073_Auto_681::MIPI_DSI1_CLK_P
1.004889e-10 (V)  Node1074::MIPI_DSI1_CLK_P
1.005768e-10 (V)  Node1076::MIPI_DSI1_CLK_P
1.005659e-10 (V)  Node1076_Auto_653::MIPI_DSI1_CLK_P
1.005628e-10 (V)  Node1076_Auto_654::MIPI_DSI1_CLK_P
1.005696e-10 (V)  Node1076_Auto_661::MIPI_DSI1_CLK_P
1.005738e-10 (V)  Node1076_Auto_673::MIPI_DSI1_CLK_P
1.004948e-10 (V)  Node1076_Auto_685::MIPI_DSI1_CLK_P
1.005804e-10 (V)  Node1078::MIPI_DSI1_CLK_P
0.000000e+00 (V)  Node108!!H9::MIPI_DSI0_DATA0_N
1.006010e-10 (V)  Node1080::MIPI_DSI1_CLK_P
1.005907e-10 (V)  Node1080_Auto_1317::MIPI_DSI1_CLK_P
1.005872e-10 (V)  Node1080_Auto_1318::MIPI_DSI1_CLK_P
1.005856e-10 (V)  Node1080_Auto_1329::MIPI_DSI1_CLK_P
1.005829e-10 (V)  Node1080_Auto_1330::MIPI_DSI1_CLK_P
1.000000e-10 (V)  Node1081!!15::MIPI_DSI1_CLK_P
1.000071e-10 (V)  Node1083::MIPI_DSI1_CLK_P
1.000102e-10 (V)  Node1083_Auto_2014::MIPI_DSI1_CLK_P
1.000109e-10 (V)  Node1084::MIPI_DSI1_CLK_P
1.000147e-10 (V)  Node1085::MIPI_DSI1_CLK_P
1.000174e-10 (V)  Node1085_Auto_2262::MIPI_DSI1_CLK_P
1.000197e-10 (V)  Node1087::MIPI_DSI1_CLK_P
1.000197e-10 (V)  Node1088::MIPI_DSI1_CLK_P
1.000252e-10 (V)  Node1088_Auto_2267::MIPI_DSI1_CLK_P
1.000218e-10 (V)  Node1088_Auto_2272::MIPI_DSI1_CLK_P
0.000000e+00 (V)  Node109!!F10::MIPI_DSI0_CLK_P
1.000265e-10 (V)  Node1090::MIPI_DSI1_CLK_P
1.000596e-10 (V)  Node1092::MIPI_DSI1_CLK_P
1.000554e-10 (V)  Node1092_Auto_2354::MIPI_DSI1_CLK_P
1.000576e-10 (V)  Node1092_Auto_2357::MIPI_DSI1_CLK_P
1.000314e-10 (V)  Node1092_Auto_2396::MIPI_DSI1_CLK_P
1.000504e-10 (V)  Node1092_Auto_2401::MIPI_DSI1_CLK_P
1.000635e-10 (V)  Node1093::MIPI_DSI1_CLK_P
1.000767e-10 (V)  Node1096::MIPI_DSI1_CLK_P
1.000751e-10 (V)  Node1096_Auto_2282::MIPI_DSI1_CLK_P
1.000710e-10 (V)  Node1096_Auto_2283::MIPI_DSI1_CLK_P
1.000640e-10 (V)  Node1096_Auto_2387::MIPI_DSI1_CLK_P
1.000778e-10 (V)  Node1097::MIPI_DSI1_CLK_P
1.000828e-10 (V)  Node1099::MIPI_DSI1_CLK_P
0.000000e+00 (V)  Node11!!B4::VCC_HDMIRX_IN
0.000000e+00 (V)  Node110!!D10::MIPI_DSI0_DATA3_P
1.000868e-10 (V)  Node1103::MIPI_DSI1_CLK_P
1.000924e-10 (V)  Node1106::MIPI_DSI1_CLK_P
1.000874e-10 (V)  Node1106_Auto_2821::MIPI_DSI1_CLK_P
0.000000e+00 (V)  Node111!!E10::MIPI_DSI0_DATA2_P
1.001006e-10 (V)  Node1114::MIPI_DSI1_CLK_P
1.001056e-10 (V)  Node1117::MIPI_DSI1_CLK_P
0.000000e+00 (V)  Node112!!G10::MIPI_DSI0_DATA1_P
1.001401e-10 (V)  Node1128::MIPI_DSI1_CLK_P
0.000000e+00 (V)  Node1207!!20::MIPI_DSI1_DATA3_N
0.000000e+00 (V)  Node1276!!19::MIPI_DSI1_DATA3_P
2.500000e+00 (V)  Node1309::MIPI_DSI1_DATA2_N
2.500000e+00 (V)  Node1309_Auto_1091::MIPI_DSI1_DATA2_N
2.500000e+00 (V)  Node1311::MIPI_DSI1_DATA2_N
2.500000e+00 (V)  Node1311_Auto_1323::MIPI_DSI1_DATA2_N
2.500000e+00 (V)  Node1311_Auto_1324::MIPI_DSI1_DATA2_N
2.500000e+00 (V)  Node1311_Auto_1335::MIPI_DSI1_DATA2_N
2.500000e+00 (V)  Node1311_Auto_1336::MIPI_DSI1_DATA2_N
2.500000e+00 (V)  Node1311_Auto_1341::MIPI_DSI1_DATA2_N
2.500000e+00 (V)  Node1311_Auto_1342::MIPI_DSI1_DATA2_N
2.500000e+00 (V)  Node1311_Auto_1345::MIPI_DSI1_DATA2_N
2.500000e+00 (V)  Node1311_Auto_1346::MIPI_DSI1_DATA2_N
2.500000e+00 (V)  Node1312::MIPI_DSI1_DATA2_N
2.500000e+00 (V)  Node1313::MIPI_DSI1_DATA2_N
2.500000e+00 (V)  Node1313_Auto_1348::MIPI_DSI1_DATA2_N
2.500000e+00 (V)  Node1313_Auto_1350::MIPI_DSI1_DATA2_N
2.500000e+00 (V)  Node1314::MIPI_DSI1_DATA2_N
2.500000e+00 (V)  Node1316::MIPI_DSI1_DATA2_N
2.500000e+00 (V)  Node1316_Auto_1952::MIPI_DSI1_DATA2_N
2.500000e+00 (V)  Node1316_Auto_1953::MIPI_DSI1_DATA2_N
2.500000e+00 (V)  Node1317::MIPI_DSI1_DATA2_N
2.500000e+00 (V)  Node1317_Auto_1954::MIPI_DSI1_DATA2_N
2.500000e+00 (V)  Node1318::MIPI_DSI1_DATA2_N
2.500000e+00 (V)  Node1325::MIPI_DSI1_DATA2_N
2.500000e+00 (V)  Node1325_Auto_2823::MIPI_DSI1_DATA2_N
2.500000e+00 (V)  Node1325_Auto_2825::MIPI_DSI1_DATA2_N
2.500000e+00 (V)  Node1325_Auto_2827::MIPI_DSI1_DATA2_N
2.500000e+00 (V)  Node1325_Auto_2828::MIPI_DSI1_DATA2_N
2.500000e+00 (V)  Node1327::MIPI_DSI1_DATA2_N
2.500000e+00 (V)  Node1327_Auto_2829::MIPI_DSI1_DATA2_N
2.500000e+00 (V)  Node1327_Auto_2831::MIPI_DSI1_DATA2_N
2.500000e+00 (V)  Node1329::MIPI_DSI1_DATA2_N
2.500000e+00 (V)  Node1338::MIPI_DSI1_DATA2_N
2.500000e+00 (V)  Node1341::MIPI_DSI1_DATA2_N
2.500000e+00 (V)  Node1341_Auto_2834::MIPI_DSI1_DATA2_N
2.500000e+00 (V)  Node1341_Auto_2846::MIPI_DSI1_DATA2_N
2.500000e+00 (V)  Node1349::MIPI_DSI1_DATA2_N
2.500000e+00 (V)  Node1349_Auto_2836::MIPI_DSI1_DATA2_N
2.500000e+00 (V)  Node1349_Auto_2847::MIPI_DSI1_DATA2_N
2.500000e+00 (V)  Node1349_Auto_2849::MIPI_DSI1_DATA2_N
2.500000e+00 (V)  Node1352::MIPI_DSI1_DATA2_N
2.500000e+00 (V)  Node1361::MIPI_DSI1_DATA2_N
2.500000e+00 (V)  Node1364::MIPI_DSI1_DATA2_N
2.500000e+00 (V)  Node1364_Auto_2841::MIPI_DSI1_DATA2_N
2.500000e+00 (V)  Node1364_Auto_2842::MIPI_DSI1_DATA2_N
2.500000e+00 (V)  Node1364_Auto_2851::MIPI_DSI1_DATA2_N
2.500000e+00 (V)  Node1367::MIPI_DSI1_DATA2_N
2.500000e+00 (V)  Node1369::MIPI_DSI1_DATA2_N
2.500000e+00 (V)  Node1371::MIPI_DSI1_DATA2_N
2.500000e+00 (V)  Node1371_Auto_1960::MIPI_DSI1_DATA2_N
2.500000e+00 (V)  Node1371_Auto_1961::MIPI_DSI1_DATA2_N
2.500000e+00 (V)  Node1374::MIPI_DSI1_DATA2_N
2.500000e+00 (V)  Node1375::MIPI_DSI1_DATA2_N
2.500000e+00 (V)  Node1375_Auto_1957::MIPI_DSI1_DATA2_N
2.500000e+00 (V)  Node1378::MIPI_DSI1_DATA2_N
2.500000e+00 (V)  Node1381::MIPI_DSI1_DATA2_N
2.500000e+00 (V)  Node1384::MIPI_DSI1_DATA2_N
2.500000e+00 (V)  Node1393::MIPI_DSI1_DATA2_N
2.500000e+00 (V)  Node1396::MIPI_DSI1_DATA2_N
0.000000e+00 (V)  Node14!!F2::HDMI_DATA2_N
2.500000e+00 (V)  Node1403::MIPI_DSI1_DATA2_N
2.500000e+00 (V)  Node1403_Auto_1962::MIPI_DSI1_DATA2_N
2.500000e+00 (V)  Node1405::MIPI_DSI1_DATA2_N
2.500000e+00 (V)  Node1405_Auto_1965::MIPI_DSI1_DATA2_N
2.500000e+00 (V)  Node1407::MIPI_DSI1_DATA2_N
2.500000e+00 (V)  Node1408::MIPI_DSI1_DATA2_N
2.500000e+00 (V)  Node1408_Auto_2249::MIPI_DSI1_DATA2_N
2.500000e+00 (V)  Node1408_Auto_2250::MIPI_DSI1_DATA2_N
2.500000e+00 (V)  Node1408_Auto_2308::MIPI_DSI1_DATA2_N
2.500000e+00 (V)  Node1410::MIPI_DSI1_DATA2_N
2.500000e+00 (V)  Node1419::MIPI_DSI1_DATA2_N
2.500000e+00 (V)  Node1421::MIPI_DSI1_DATA2_N
2.500000e+00 (V)  Node1430::MIPI_DSI1_DATA2_N
2.500000e+00 (V)  Node1432::MIPI_DSI1_DATA2_N
2.500000e+00 (V)  Node1441::MIPI_DSI1_DATA2_N
2.500000e+00 (V)  Node1443::MIPI_DSI1_DATA2_N
2.500000e+00 (V)  Node1452::MIPI_DSI1_DATA2_N
2.500000e+00 (V)  Node1454::MIPI_DSI1_DATA2_N
2.500000e+00 (V)  Node1463::MIPI_DSI1_DATA2_N
2.500000e+00 (V)  Node1465::MIPI_DSI1_DATA2_N
2.500000e+00 (V)  Node1474::MIPI_DSI1_DATA2_N
2.500000e+00 (V)  Node1476::MIPI_DSI1_DATA2_N
2.500000e+00 (V)  Node1485::MIPI_DSI1_DATA2_N
2.500000e+00 (V)  Node1487::MIPI_DSI1_DATA2_N
2.500000e+00 (V)  Node1496::MIPI_DSI1_DATA2_N
2.500000e+00 (V)  Node1498::MIPI_DSI1_DATA2_N
0.000000e+00 (V)  Node15!!2::HDMI_DATA2_N
2.500000e+00 (V)  Node1507::MIPI_DSI1_DATA2_N
2.500000e+00 (V)  Node1507_Auto_2366::MIPI_DSI1_DATA2_N
2.500000e+00 (V)  Node1507_Auto_2367::MIPI_DSI1_DATA2_N
2.500000e+00 (V)  Node1509::MIPI_DSI1_DATA2_N
2.500000e+00 (V)  Node1518::MIPI_DSI1_DATA2_N
2.500000e+00 (V)  Node1518_Auto_2388::MIPI_DSI1_DATA2_N
2.500000e+00 (V)  Node1518_Auto_2390::MIPI_DSI1_DATA2_N
2.500000e+00 (V)  Node1521::MIPI_DSI1_DATA2_N
2.500000e+00 (V)  Node1522::MIPI_DSI1_DATA2_N
2.500000e+00 (V)  Node1522_Auto_2239::MIPI_DSI1_DATA2_N
2.500000e+00 (V)  Node1522_Auto_2240::MIPI_DSI1_DATA2_N
2.500000e+00 (V)  Node1522_Auto_2257::MIPI_DSI1_DATA2_N
2.500000e+00 (V)  Node1522_Auto_2284::MIPI_DSI1_DATA2_N
2.500000e+00 (V)  Node1522_Auto_2289::MIPI_DSI1_DATA2_N
2.500000e+00 (V)  Node1522_Auto_2292::MIPI_DSI1_DATA2_N
2.500000e+00 (V)  Node1522_Auto_2293::MIPI_DSI1_DATA2_N
2.500000e+00 (V)  Node1522_Auto_2296::MIPI_DSI1_DATA2_N
2.500000e+00 (V)  Node1522_Auto_2297::MIPI_DSI1_DATA2_N
2.500000e+00 (V)  Node1522_Auto_2300::MIPI_DSI1_DATA2_N
2.500000e+00 (V)  Node1524::MIPI_DSI1_DATA2_N
2.500000e+00 (V)  Node1524_Auto_2011::MIPI_DSI1_DATA2_N
2.500000e+00 (V)  Node1525!!12_Auto_2024::MIPI_DSI1_DATA2_N
2.500000e+00 (V)  Node1525!!12_Auto_2025::MIPI_DSI1_DATA2_N
1.006054e-10 (V)  Node1526::MIPI_DSI1_DATA2_P
1.005950e-10 (V)  Node1526_Auto_1321::MIPI_DSI1_DATA2_P
1.005916e-10 (V)  Node1526_Auto_1322::MIPI_DSI1_DATA2_P
1.005899e-10 (V)  Node1526_Auto_1333::MIPI_DSI1_DATA2_P
1.005872e-10 (V)  Node1526_Auto_1334::MIPI_DSI1_DATA2_P
1.005867e-10 (V)  Node1526_Auto_1339::MIPI_DSI1_DATA2_P
1.005843e-10 (V)  Node1526_Auto_1340::MIPI_DSI1_DATA2_P
1.005835e-10 (V)  Node1526_Auto_1343::MIPI_DSI1_DATA2_P
1.005797e-10 (V)  Node1526_Auto_1344::MIPI_DSI1_DATA2_P
1.005664e-10 (V)  Node1526_Auto_1351::MIPI_DSI1_DATA2_P
1.005641e-10 (V)  Node1527::MIPI_DSI1_DATA2_P
1.005635e-10 (V)  Node1528::MIPI_DSI1_DATA2_P
1.005544e-10 (V)  Node1529::MIPI_DSI1_DATA2_P
1.005539e-10 (V)  Node1530::MIPI_DSI1_DATA2_P
1.005516e-10 (V)  Node1530_Auto_1311::MIPI_DSI1_DATA2_P
1.005509e-10 (V)  Node1531::MIPI_DSI1_DATA2_P
1.005364e-10 (V)  Node1532::MIPI_DSI1_DATA2_P
1.005339e-10 (V)  Node1532_Auto_1955::MIPI_DSI1_DATA2_P
1.005310e-10 (V)  Node1534::MIPI_DSI1_DATA2_P
1.005067e-10 (V)  Node1548::MIPI_DSI1_DATA2_P
1.005037e-10 (V)  Node1549::MIPI_DSI1_DATA2_P
1.005032e-10 (V)  Node1549_Auto_2824::MIPI_DSI1_DATA2_P
1.005006e-10 (V)  Node1550::MIPI_DSI1_DATA2_P
1.004976e-10 (V)  Node1551::MIPI_DSI1_DATA2_P
1.004948e-10 (V)  Node1551_Auto_2830::MIPI_DSI1_DATA2_P
1.004779e-10 (V)  Node1554::MIPI_DSI1_DATA2_P
1.004738e-10 (V)  Node1558::MIPI_DSI1_DATA2_P
1.004697e-10 (V)  Node1563::MIPI_DSI1_DATA2_P
1.004495e-10 (V)  Node1566::MIPI_DSI1_DATA2_P
1.004528e-10 (V)  Node1566_Auto_2832::MIPI_DSI1_DATA2_P
1.004508e-10 (V)  Node1566_Auto_2845::MIPI_DSI1_DATA2_P
1.004229e-10 (V)  Node1574::MIPI_DSI1_DATA2_P
1.004188e-10 (V)  Node1574_Auto_2837::MIPI_DSI1_DATA2_P
1.004019e-10 (V)  Node1574_Auto_2838::MIPI_DSI1_DATA2_P
1.004209e-10 (V)  Node1574_Auto_2844::MIPI_DSI1_DATA2_P
1.003969e-10 (V)  Node1577::MIPI_DSI1_DATA2_P
1.003888e-10 (V)  Node1586::MIPI_DSI1_DATA2_P
1.003627e-10 (V)  Node1589::MIPI_DSI1_DATA2_P
1.003670e-10 (V)  Node1589_Auto_2839::MIPI_DSI1_DATA2_P
1.003839e-10 (V)  Node1589_Auto_2840::MIPI_DSI1_DATA2_P
1.003647e-10 (V)  Node1589_Auto_2843::MIPI_DSI1_DATA2_P
1.003538e-10 (V)  Node1592::MIPI_DSI1_DATA2_P
1.003518e-10 (V)  Node1592_Auto_1956::MIPI_DSI1_DATA2_P
1.003497e-10 (V)  Node1594::MIPI_DSI1_DATA2_P
1.003420e-10 (V)  Node1596::MIPI_DSI1_DATA2_P
1.003415e-10 (V)  Node1596_Auto_1959::MIPI_DSI1_DATA2_P
1.003220e-10 (V)  Node1599::MIPI_DSI1_DATA2_P
0.000000e+00 (V)  Node16!!3::HDMI_DATA2_N
1.003202e-10 (V)  Node1600::MIPI_DSI1_DATA2_P
1.003164e-10 (V)  Node1600_Auto_1958::MIPI_DSI1_DATA2_P
1.002893e-10 (V)  Node1604::MIPI_DSI1_DATA2_P
1.002758e-10 (V)  Node1604_Auto_1963::MIPI_DSI1_DATA2_P
1.002731e-10 (V)  Node1606::MIPI_DSI1_DATA2_P
1.002705e-10 (V)  Node1606_Auto_1964::MIPI_DSI1_DATA2_P
1.002650e-10 (V)  Node1608::MIPI_DSI1_DATA2_P
1.002610e-10 (V)  Node1611::MIPI_DSI1_DATA2_P
1.002530e-10 (V)  Node1614::MIPI_DSI1_DATA2_P
1.002423e-10 (V)  Node1622::MIPI_DSI1_DATA2_P
1.002343e-10 (V)  Node1625::MIPI_DSI1_DATA2_P
1.002156e-10 (V)  Node1636::MIPI_DSI1_DATA2_P
1.002116e-10 (V)  Node1639::MIPI_DSI1_DATA2_P
1.002049e-10 (V)  Node1644::MIPI_DSI1_DATA2_P
1.002026e-10 (V)  Node1644_Auto_1966::MIPI_DSI1_DATA2_P
1.001969e-10 (V)  Node1647::MIPI_DSI1_DATA2_P
1.001862e-10 (V)  Node1655::MIPI_DSI1_DATA2_P
1.001805e-10 (V)  Node1658::MIPI_DSI1_DATA2_P
1.001699e-10 (V)  Node1666::MIPI_DSI1_DATA2_P
1.001642e-10 (V)  Node1669::MIPI_DSI1_DATA2_P
1.001602e-10 (V)  Node1672::MIPI_DSI1_DATA2_P
1.001599e-10 (V)  Node1672_Auto_2315::MIPI_DSI1_DATA2_P
1.001571e-10 (V)  Node1672_Auto_2316::MIPI_DSI1_DATA2_P
1.001561e-10 (V)  Node1672_Auto_2325::MIPI_DSI1_DATA2_P
1.001504e-10 (V)  Node1672_Auto_2326::MIPI_DSI1_DATA2_P
1.001494e-10 (V)  Node1675::MIPI_DSI1_DATA2_P
1.001460e-10 (V)  Node1676::MIPI_DSI1_DATA2_P
1.001433e-10 (V)  Node1676_Auto_2251::MIPI_DSI1_DATA2_P
1.001412e-10 (V)  Node1676_Auto_2252::MIPI_DSI1_DATA2_P
1.001370e-10 (V)  Node1676_Auto_2302::MIPI_DSI1_DATA2_P
1.001393e-10 (V)  Node1676_Auto_2309::MIPI_DSI1_DATA2_P
1.000750e-10 (V)  Node1676_Auto_2327::MIPI_DSI1_DATA2_P
1.000692e-10 (V)  Node1676_Auto_2328::MIPI_DSI1_DATA2_P
1.001089e-10 (V)  Node1676_Auto_2368::MIPI_DSI1_DATA2_P
1.001031e-10 (V)  Node1676_Auto_2369::MIPI_DSI1_DATA2_P
1.000920e-10 (V)  Node1676_Auto_2374::MIPI_DSI1_DATA2_P
1.000862e-10 (V)  Node1676_Auto_2375::MIPI_DSI1_DATA2_P
1.001259e-10 (V)  Node1676_Auto_2380::MIPI_DSI1_DATA2_P
1.001201e-10 (V)  Node1676_Auto_2381::MIPI_DSI1_DATA2_P
1.000581e-10 (V)  Node1676_Auto_2389::MIPI_DSI1_DATA2_P
1.000390e-10 (V)  Node1679::MIPI_DSI1_DATA2_P
1.000372e-10 (V)  Node1680::MIPI_DSI1_DATA2_P
1.000246e-10 (V)  Node1680_Auto_2241::MIPI_DSI1_DATA2_P
1.000225e-10 (V)  Node1680_Auto_2242::MIPI_DSI1_DATA2_P
1.000204e-10 (V)  Node1680_Auto_2243::MIPI_DSI1_DATA2_P
1.000324e-10 (V)  Node1680_Auto_2290::MIPI_DSI1_DATA2_P
1.000348e-10 (V)  Node1680_Auto_2291::MIPI_DSI1_DATA2_P
1.000299e-10 (V)  Node1680_Auto_2298::MIPI_DSI1_DATA2_P
1.000321e-10 (V)  Node1680_Auto_2299::MIPI_DSI1_DATA2_P
1.000272e-10 (V)  Node1680_Auto_2301::MIPI_DSI1_DATA2_P
1.000177e-10 (V)  Node1682::MIPI_DSI1_DATA2_P
1.000150e-10 (V)  Node1682_Auto_2012::MIPI_DSI1_DATA2_P
1.000115e-10 (V)  Node1683::MIPI_DSI1_DATA2_P
1.000095e-10 (V)  Node1684::MIPI_DSI1_DATA2_P
1.000014e-10 (V)  Node1685!!11_Auto_2026::MIPI_DSI1_DATA2_P
1.000085e-10 (V)  Node1685!!11_Auto_2027::MIPI_DSI1_DATA2_P
1.006241e-10 (V)  Node1688::MIPI_DSI1_DATA1_N
1.006177e-10 (V)  Node1688_Auto_1087::MIPI_DSI1_DATA1_N
1.006024e-10 (V)  Node1690::MIPI_DSI1_DATA1_N
1.005921e-10 (V)  Node1690_Auto_1315::MIPI_DSI1_DATA1_N
1.005886e-10 (V)  Node1690_Auto_1316::MIPI_DSI1_DATA1_N
1.005872e-10 (V)  Node1690_Auto_1327::MIPI_DSI1_DATA1_N
1.005845e-10 (V)  Node1690_Auto_1328::MIPI_DSI1_DATA1_N
1.005842e-10 (V)  Node1692::MIPI_DSI1_DATA1_N
1.005802e-10 (V)  Node1693::MIPI_DSI1_DATA1_N
1.005724e-10 (V)  Node1693_Auto_651::MIPI_DSI1_DATA1_N
1.005693e-10 (V)  Node1693_Auto_652::MIPI_DSI1_DATA1_N
1.005761e-10 (V)  Node1693_Auto_660::MIPI_DSI1_DATA1_N
1.005013e-10 (V)  Node1695::MIPI_DSI1_DATA1_N
1.004975e-10 (V)  Node1696::MIPI_DSI1_DATA1_N
1.004968e-10 (V)  Node1696_Auto_668::MIPI_DSI1_DATA1_N
1.004936e-10 (V)  Node1697::MIPI_DSI1_DATA1_N
1.004926e-10 (V)  Node1697_Auto_680::MIPI_DSI1_DATA1_N
1.004847e-10 (V)  Node1699::MIPI_DSI1_DATA1_N
0.000000e+00 (V)  Node17!!9::HDMI_DATA2_N
1.004820e-10 (V)  Node1700::MIPI_DSI1_DATA1_N
1.004737e-10 (V)  Node1703::MIPI_DSI1_DATA1_N
1.004439e-10 (V)  Node1706::MIPI_DSI1_DATA1_N
1.004715e-10 (V)  Node1706_Auto_86::MIPI_DSI1_DATA1_N
1.004357e-10 (V)  Node1714::MIPI_DSI1_DATA1_N
1.004081e-10 (V)  Node1714_Auto_81::MIPI_DSI1_DATA1_N
1.004059e-10 (V)  Node1714_Auto_92::MIPI_DSI1_DATA1_N
1.004052e-10 (V)  Node1717::MIPI_DSI1_DATA1_N
1.003980e-10 (V)  Node1720::MIPI_DSI1_DATA1_N
1.003947e-10 (V)  Node1720_Auto_636::MIPI_DSI1_DATA1_N
1.003926e-10 (V)  Node1722::MIPI_DSI1_DATA1_N
1.003899e-10 (V)  Node1723::MIPI_DSI1_DATA1_N
1.003816e-10 (V)  Node1726::MIPI_DSI1_DATA1_N
1.003486e-10 (V)  Node1729::MIPI_DSI1_DATA1_N
1.003788e-10 (V)  Node1729_Auto_74::MIPI_DSI1_DATA1_N
1.003511e-10 (V)  Node1729_Auto_83::MIPI_DSI1_DATA1_N
1.003405e-10 (V)  Node1737::MIPI_DSI1_DATA1_N
1.003103e-10 (V)  Node1737_Auto_77::MIPI_DSI1_DATA1_N
1.003379e-10 (V)  Node1737_Auto_84::MIPI_DSI1_DATA1_N
1.003075e-10 (V)  Node1740::MIPI_DSI1_DATA1_N
1.002991e-10 (V)  Node1743::MIPI_DSI1_DATA1_N
1.002971e-10 (V)  Node1743_Auto_675::MIPI_DSI1_DATA1_N
1.002925e-10 (V)  Node1745::MIPI_DSI1_DATA1_N
1.002887e-10 (V)  Node1746::MIPI_DSI1_DATA1_N
1.002849e-10 (V)  Node1747::MIPI_DSI1_DATA1_N
1.002788e-10 (V)  Node1747_Auto_542::MIPI_DSI1_DATA1_N
1.002839e-10 (V)  Node1747_Auto_546::MIPI_DSI1_DATA1_N
1.002497e-10 (V)  Node1749::MIPI_DSI1_DATA1_N
1.002511e-10 (V)  Node1749_Auto_527::MIPI_DSI1_DATA1_N
1.002540e-10 (V)  Node1749_Auto_528::MIPI_DSI1_DATA1_N
1.002570e-10 (V)  Node1749_Auto_531::MIPI_DSI1_DATA1_N
1.002420e-10 (V)  Node1751::MIPI_DSI1_DATA1_N
1.002410e-10 (V)  Node1751_Auto_177::MIPI_DSI1_DATA1_N
1.002268e-10 (V)  Node1751_Auto_178::MIPI_DSI1_DATA1_N
1.002017e-10 (V)  Node1751_Auto_179::MIPI_DSI1_DATA1_N
1.001961e-10 (V)  Node1754::MIPI_DSI1_DATA1_N
1.001816e-10 (V)  Node1774::MIPI_DSI1_DATA1_N
1.001787e-10 (V)  Node1776::MIPI_DSI1_DATA1_N
1.001760e-10 (V)  Node1777::MIPI_DSI1_DATA1_N
1.001428e-10 (V)  Node1783::MIPI_DSI1_DATA1_N
1.001414e-10 (V)  Node1783_Auto_2319::MIPI_DSI1_DATA1_N
1.001386e-10 (V)  Node1783_Auto_2320::MIPI_DSI1_DATA1_N
1.001383e-10 (V)  Node1785::MIPI_DSI1_DATA1_N
1.001366e-10 (V)  Node1786::MIPI_DSI1_DATA1_N
1.001344e-10 (V)  Node1786_Auto_2307::MIPI_DSI1_DATA1_N
1.000722e-10 (V)  Node1786_Auto_2331::MIPI_DSI1_DATA1_N
1.000663e-10 (V)  Node1786_Auto_2332::MIPI_DSI1_DATA1_N
1.001318e-10 (V)  Node1786_Auto_2335::MIPI_DSI1_DATA1_N
1.001259e-10 (V)  Node1786_Auto_2336::MIPI_DSI1_DATA1_N
1.000808e-10 (V)  Node1786_Auto_2339::MIPI_DSI1_DATA1_N
1.000749e-10 (V)  Node1786_Auto_2340::MIPI_DSI1_DATA1_N
1.001148e-10 (V)  Node1786_Auto_2343::MIPI_DSI1_DATA1_N
1.001089e-10 (V)  Node1786_Auto_2344::MIPI_DSI1_DATA1_N
1.000978e-10 (V)  Node1786_Auto_2347::MIPI_DSI1_DATA1_N
1.000919e-10 (V)  Node1786_Auto_2348::MIPI_DSI1_DATA1_N
1.000580e-10 (V)  Node1786_Auto_2352::MIPI_DSI1_DATA1_N
1.000623e-10 (V)  Node1786_Auto_2362::MIPI_DSI1_DATA1_N
1.000602e-10 (V)  Node1786_Auto_2363::MIPI_DSI1_DATA1_N
1.001062e-10 (V)  Node1786_Auto_2372::MIPI_DSI1_DATA1_N
1.001004e-10 (V)  Node1786_Auto_2373::MIPI_DSI1_DATA1_N
1.000892e-10 (V)  Node1786_Auto_2378::MIPI_DSI1_DATA1_N
1.000834e-10 (V)  Node1786_Auto_2379::MIPI_DSI1_DATA1_N
1.001232e-10 (V)  Node1786_Auto_2384::MIPI_DSI1_DATA1_N
1.001174e-10 (V)  Node1786_Auto_2385::MIPI_DSI1_DATA1_N
1.000340e-10 (V)  Node1786_Auto_2394::MIPI_DSI1_DATA1_N
1.000531e-10 (V)  Node1786_Auto_2400::MIPI_DSI1_DATA1_N
1.000326e-10 (V)  Node1789::MIPI_DSI1_DATA1_N
1.000288e-10 (V)  Node1790::MIPI_DSI1_DATA1_N
1.000323e-10 (V)  Node1790_Auto_2273::MIPI_DSI1_DATA1_N
1.000170e-10 (V)  Node1792::MIPI_DSI1_DATA1_N
1.000185e-10 (V)  Node1792_Auto_2253::MIPI_DSI1_DATA1_N
1.000222e-10 (V)  Node1792_Auto_2254::MIPI_DSI1_DATA1_N
1.000248e-10 (V)  Node1792_Auto_2259::MIPI_DSI1_DATA1_N
1.000253e-10 (V)  Node1792_Auto_2260::MIPI_DSI1_DATA1_N
1.000276e-10 (V)  Node1792_Auto_2263::MIPI_DSI1_DATA1_N
1.000165e-10 (V)  Node1793::MIPI_DSI1_DATA1_N
1.000116e-10 (V)  Node1794::MIPI_DSI1_DATA1_N
1.000142e-10 (V)  Node1794_Auto_2287::MIPI_DSI1_DATA1_N
1.000138e-10 (V)  Node1794_Auto_2295::MIPI_DSI1_DATA1_N
1.000014e-10 (V)  Node1795!!14_Auto_2020::MIPI_DSI1_DATA1_N
1.000085e-10 (V)  Node1795!!14_Auto_2021::MIPI_DSI1_DATA1_N
0.000000e+00 (V)  Node18!!F1::HDMI_DATA2_P
0.000000e+00 (V)  Node180!!H10::MIPI_DSI0_DATA0_P
0.000000e+00 (V)  Node181!!J3::INT
0.000000e+00 (V)  Node182!!K4::I2C_SCL
0.000000e+00 (V)  Node183!!K3::I2C_SDA
0.000000e+00 (V)  Node184!!2::RESETN
0.000000e+00 (V)  Node185!!2::RESETN
0.000000e+00 (V)  Node186!!2::RESETN
0.000000e+00 (V)  Node187!!1::RESETN
0.000000e+00 (V)  Node188!!K8::RESETN
0.000000e+00 (V)  Node19!!1::HDMI_DATA2_P
2.500000e+00 (V)  Node1906::MIPI_DSI1_DATA1_P
2.500000e+00 (V)  Node1906_Auto_1313::MIPI_DSI1_DATA1_P
2.500000e+00 (V)  Node1906_Auto_1314::MIPI_DSI1_DATA1_P
2.500000e+00 (V)  Node1906_Auto_1325::MIPI_DSI1_DATA1_P
2.500000e+00 (V)  Node1906_Auto_1326::MIPI_DSI1_DATA1_P
2.500000e+00 (V)  Node1908::MIPI_DSI1_DATA1_P
2.500000e+00 (V)  Node1909::MIPI_DSI1_DATA1_P
2.500000e+00 (V)  Node1909_Auto_649::MIPI_DSI1_DATA1_P
2.500000e+00 (V)  Node1909_Auto_650::MIPI_DSI1_DATA1_P
2.500000e+00 (V)  Node1909_Auto_659::MIPI_DSI1_DATA1_P
2.500000e+00 (V)  Node1911::MIPI_DSI1_DATA1_P
2.500000e+00 (V)  Node1913::MIPI_DSI1_DATA1_P
2.500000e+00 (V)  Node1915::MIPI_DSI1_DATA1_P
2.500000e+00 (V)  Node1919::MIPI_DSI1_DATA1_P
2.500000e+00 (V)  Node1922::MIPI_DSI1_DATA1_P
2.500000e+00 (V)  Node1922_Auto_87::MIPI_DSI1_DATA1_P
2.500000e+00 (V)  Node1922_Auto_88::MIPI_DSI1_DATA1_P
2.500000e+00 (V)  Node1923::MIPI_DSI1_DATA1_P
2.500000e+00 (V)  Node1924::MIPI_DSI1_DATA1_P
2.500000e+00 (V)  Node1925::MIPI_DSI1_DATA1_P
2.500000e+00 (V)  Node1930::MIPI_DSI1_DATA1_P
2.500000e+00 (V)  Node1930_Auto_70::MIPI_DSI1_DATA1_P
2.500000e+00 (V)  Node1930_Auto_80::MIPI_DSI1_DATA1_P
2.500000e+00 (V)  Node1933::MIPI_DSI1_DATA1_P
2.500000e+00 (V)  Node1936::MIPI_DSI1_DATA1_P
2.500000e+00 (V)  Node1938::MIPI_DSI1_DATA1_P
2.500000e+00 (V)  Node1942::MIPI_DSI1_DATA1_P
2.500000e+00 (V)  Node1945::MIPI_DSI1_DATA1_P
2.500000e+00 (V)  Node1945_Auto_71::MIPI_DSI1_DATA1_P
2.500000e+00 (V)  Node1945_Auto_82::MIPI_DSI1_DATA1_P
2.500000e+00 (V)  Node1945_Auto_89::MIPI_DSI1_DATA1_P
2.500000e+00 (V)  Node1953::MIPI_DSI1_DATA1_P
2.500000e+00 (V)  Node1953_Auto_79::MIPI_DSI1_DATA1_P
2.500000e+00 (V)  Node1953_Auto_85::MIPI_DSI1_DATA1_P
2.500000e+00 (V)  Node1956::MIPI_DSI1_DATA1_P
2.500000e+00 (V)  Node1959::MIPI_DSI1_DATA1_P
2.500000e+00 (V)  Node1961::MIPI_DSI1_DATA1_P
2.500000e+00 (V)  Node1963::MIPI_DSI1_DATA1_P
2.500000e+00 (V)  Node1963_Auto_547::MIPI_DSI1_DATA1_P
2.500000e+00 (V)  Node1965::MIPI_DSI1_DATA1_P
2.500000e+00 (V)  Node1965_Auto_529::MIPI_DSI1_DATA1_P
2.500000e+00 (V)  Node1965_Auto_530::MIPI_DSI1_DATA1_P
2.500000e+00 (V)  Node1965_Auto_532::MIPI_DSI1_DATA1_P
2.500000e+00 (V)  Node1967::MIPI_DSI1_DATA1_P
2.500000e+00 (V)  Node1969::MIPI_DSI1_DATA1_P
2.500000e+00 (V)  Node1973::MIPI_DSI1_DATA1_P
2.500000e+00 (V)  Node1976::MIPI_DSI1_DATA1_P
2.500000e+00 (V)  Node1984::MIPI_DSI1_DATA1_P
2.500000e+00 (V)  Node1987::MIPI_DSI1_DATA1_P
2.500000e+00 (V)  Node1995::MIPI_DSI1_DATA1_P
2.500000e+00 (V)  Node1998::MIPI_DSI1_DATA1_P
2.500000e+00 (V)  Node1998_Auto_59::MIPI_DSI1_DATA1_P
0.000000e+00 (V)  Node20!!1::HDMI_DATA2_P
2.500000e+00 (V)  Node2006::MIPI_DSI1_DATA1_P
2.500000e+00 (V)  Node2006_Auto_60::MIPI_DSI1_DATA1_P
2.500000e+00 (V)  Node2009::MIPI_DSI1_DATA1_P
2.500000e+00 (V)  Node2012::MIPI_DSI1_DATA1_P
2.500000e+00 (V)  Node2012_Auto_175::MIPI_DSI1_DATA1_P
2.500000e+00 (V)  Node2012_Auto_176::MIPI_DSI1_DATA1_P
2.500000e+00 (V)  Node2012_Auto_180::MIPI_DSI1_DATA1_P
2.500000e+00 (V)  Node2017::MIPI_DSI1_DATA1_P
2.500000e+00 (V)  Node2018::MIPI_DSI1_DATA1_P
2.500000e+00 (V)  Node2020::MIPI_DSI1_DATA1_P
2.500000e+00 (V)  Node2021::MIPI_DSI1_DATA1_P
2.500000e+00 (V)  Node2021_Auto_2317::MIPI_DSI1_DATA1_P
2.500000e+00 (V)  Node2021_Auto_2318::MIPI_DSI1_DATA1_P
2.500000e+00 (V)  Node2023::MIPI_DSI1_DATA1_P
2.500000e+00 (V)  Node2023_Auto_2248::MIPI_DSI1_DATA1_P
2.500000e+00 (V)  Node2024::MIPI_DSI1_DATA1_P
2.500000e+00 (V)  Node2024_Auto_2304::MIPI_DSI1_DATA1_P
2.500000e+00 (V)  Node2024_Auto_2306::MIPI_DSI1_DATA1_P
2.500000e+00 (V)  Node2024_Auto_2329::MIPI_DSI1_DATA1_P
2.500000e+00 (V)  Node2024_Auto_2330::MIPI_DSI1_DATA1_P
2.500000e+00 (V)  Node2024_Auto_2333::MIPI_DSI1_DATA1_P
2.500000e+00 (V)  Node2024_Auto_2334::MIPI_DSI1_DATA1_P
2.500000e+00 (V)  Node2024_Auto_2337::MIPI_DSI1_DATA1_P
2.500000e+00 (V)  Node2024_Auto_2338::MIPI_DSI1_DATA1_P
2.500000e+00 (V)  Node2024_Auto_2341::MIPI_DSI1_DATA1_P
2.500000e+00 (V)  Node2024_Auto_2342::MIPI_DSI1_DATA1_P
2.500000e+00 (V)  Node2024_Auto_2345::MIPI_DSI1_DATA1_P
2.500000e+00 (V)  Node2024_Auto_2346::MIPI_DSI1_DATA1_P
2.500000e+00 (V)  Node2024_Auto_2350::MIPI_DSI1_DATA1_P
2.500000e+00 (V)  Node2024_Auto_2364::MIPI_DSI1_DATA1_P
2.500000e+00 (V)  Node2024_Auto_2365::MIPI_DSI1_DATA1_P
2.500000e+00 (V)  Node2024_Auto_2370::MIPI_DSI1_DATA1_P
2.500000e+00 (V)  Node2024_Auto_2371::MIPI_DSI1_DATA1_P
2.500000e+00 (V)  Node2024_Auto_2376::MIPI_DSI1_DATA1_P
2.500000e+00 (V)  Node2024_Auto_2377::MIPI_DSI1_DATA1_P
2.500000e+00 (V)  Node2024_Auto_2382::MIPI_DSI1_DATA1_P
2.500000e+00 (V)  Node2024_Auto_2383::MIPI_DSI1_DATA1_P
2.500000e+00 (V)  Node2024_Auto_2391::MIPI_DSI1_DATA1_P
2.500000e+00 (V)  Node2024_Auto_2392::MIPI_DSI1_DATA1_P
2.500000e+00 (V)  Node2027::MIPI_DSI1_DATA1_P
2.500000e+00 (V)  Node2028::MIPI_DSI1_DATA1_P
2.500000e+00 (V)  Node2030::MIPI_DSI1_DATA1_P
2.500000e+00 (V)  Node2030_Auto_2255::MIPI_DSI1_DATA1_P
2.500000e+00 (V)  Node2030_Auto_2256::MIPI_DSI1_DATA1_P
2.500000e+00 (V)  Node2030_Auto_2258::MIPI_DSI1_DATA1_P
2.500000e+00 (V)  Node2030_Auto_2288::MIPI_DSI1_DATA1_P
2.500000e+00 (V)  Node2031::MIPI_DSI1_DATA1_P
2.500000e+00 (V)  Node2032::MIPI_DSI1_DATA1_P
2.500000e+00 (V)  Node2032_Auto_2010::MIPI_DSI1_DATA1_P
2.500000e+00 (V)  Node2032_Auto_2294::MIPI_DSI1_DATA1_P
2.500000e+00 (V)  Node2033::MIPI_DSI1_DATA1_P
2.500000e+00 (V)  Node2034::MIPI_DSI1_DATA1_P
2.500000e+00 (V)  Node2035!!13_Auto_2022::MIPI_DSI1_DATA1_P
2.500000e+00 (V)  Node2035!!13_Auto_2023::MIPI_DSI1_DATA1_P
2.500000e+00 (V)  Node2038::MIPI_DSI1_DATA0_N
2.500000e+00 (V)  Node2038_Auto_1085::MIPI_DSI1_DATA0_N
2.500000e+00 (V)  Node2040::MIPI_DSI1_DATA0_N
2.500000e+00 (V)  Node2041::MIPI_DSI1_DATA0_N
2.500000e+00 (V)  Node2042::MIPI_DSI1_DATA0_N
2.500000e+00 (V)  Node2042_Auto_1312::MIPI_DSI1_DATA0_N
2.500000e+00 (V)  Node2043::MIPI_DSI1_DATA0_N
2.500000e+00 (V)  Node2043_Auto_647::MIPI_DSI1_DATA0_N
2.500000e+00 (V)  Node2043_Auto_648::MIPI_DSI1_DATA0_N
2.500000e+00 (V)  Node2045::MIPI_DSI1_DATA0_N
2.500000e+00 (V)  Node2046::MIPI_DSI1_DATA0_N
2.500000e+00 (V)  Node2046_Auto_683::MIPI_DSI1_DATA0_N
2.500000e+00 (V)  Node2048::MIPI_DSI1_DATA0_N
2.500000e+00 (V)  Node2050::MIPI_DSI1_DATA0_N
2.500000e+00 (V)  Node2050_Auto_86::MIPI_DSI1_DATA0_N
2.500000e+00 (V)  Node2058::MIPI_DSI1_DATA0_N
2.500000e+00 (V)  Node2058_Auto_81::MIPI_DSI1_DATA0_N
2.500000e+00 (V)  Node2058_Auto_82::MIPI_DSI1_DATA0_N
2.500000e+00 (V)  Node2060::MIPI_DSI1_DATA0_N
2.500000e+00 (V)  Node2063::MIPI_DSI1_DATA0_N
2.500000e+00 (V)  Node2065::MIPI_DSI1_DATA0_N
2.500000e+00 (V)  Node2067::MIPI_DSI1_DATA0_N
2.500000e+00 (V)  Node2067_Auto_77::MIPI_DSI1_DATA0_N
2.500000e+00 (V)  Node2072::MIPI_DSI1_DATA0_N
2.500000e+00 (V)  Node2073::MIPI_DSI1_DATA0_N
2.500000e+00 (V)  Node2074::MIPI_DSI1_DATA0_N
2.500000e+00 (V)  Node2075::MIPI_DSI1_DATA0_N
2.500000e+00 (V)  Node2075_Auto_80::MIPI_DSI1_DATA0_N
2.500000e+00 (V)  Node2077::MIPI_DSI1_DATA0_N
2.500000e+00 (V)  Node2080::MIPI_DSI1_DATA0_N
2.500000e+00 (V)  Node2080_Auto_374::MIPI_DSI1_DATA0_N
2.500000e+00 (V)  Node2080_Auto_376::MIPI_DSI1_DATA0_N
2.500000e+00 (V)  Node2082::MIPI_DSI1_DATA0_N
2.500000e+00 (V)  Node2083::MIPI_DSI1_DATA0_N
2.500000e+00 (V)  Node2092::MIPI_DSI1_DATA0_N
2.500000e+00 (V)  Node2092_Auto_1967::MIPI_DSI1_DATA0_N
2.500000e+00 (V)  Node2092_Auto_1969::MIPI_DSI1_DATA0_N
2.500000e+00 (V)  Node2094::MIPI_DSI1_DATA0_N
2.500000e+00 (V)  Node2095::MIPI_DSI1_DATA0_N
2.500000e+00 (V)  Node2095_Auto_1970::MIPI_DSI1_DATA0_N
2.500000e+00 (V)  Node2098::MIPI_DSI1_DATA0_N
0.000000e+00 (V)  Node21!!10::HDMI_DATA2_P
2.500000e+00 (V)  Node2101::MIPI_DSI1_DATA0_N
2.500000e+00 (V)  Node2101_Auto_1988::MIPI_DSI1_DATA0_N
2.500000e+00 (V)  Node2101_Auto_1989::MIPI_DSI1_DATA0_N
2.500000e+00 (V)  Node2101_Auto_1997::MIPI_DSI1_DATA0_N
2.500000e+00 (V)  Node2104::MIPI_DSI1_DATA0_N
2.500000e+00 (V)  Node2112::MIPI_DSI1_DATA0_N
2.500000e+00 (V)  Node2115::MIPI_DSI1_DATA0_N
2.500000e+00 (V)  Node2115_Auto_1977::MIPI_DSI1_DATA0_N
2.500000e+00 (V)  Node2115_Auto_1983::MIPI_DSI1_DATA0_N
2.500000e+00 (V)  Node2115_Auto_1995::MIPI_DSI1_DATA0_N
2.500000e+00 (V)  Node2123::MIPI_DSI1_DATA0_N
2.500000e+00 (V)  Node2123_Auto_1976::MIPI_DSI1_DATA0_N
2.500000e+00 (V)  Node2123_Auto_1984::MIPI_DSI1_DATA0_N
2.500000e+00 (V)  Node2126::MIPI_DSI1_DATA0_N
2.500000e+00 (V)  Node2134::MIPI_DSI1_DATA0_N
2.500000e+00 (V)  Node2137::MIPI_DSI1_DATA0_N
2.500000e+00 (V)  Node2137_Auto_1974::MIPI_DSI1_DATA0_N
2.500000e+00 (V)  Node2137_Auto_1987::MIPI_DSI1_DATA0_N
2.500000e+00 (V)  Node2142::MIPI_DSI1_DATA0_N
2.500000e+00 (V)  Node2142_Auto_1998::MIPI_DSI1_DATA0_N
2.500000e+00 (V)  Node2142_Auto_1999::MIPI_DSI1_DATA0_N
2.500000e+00 (V)  Node2144::MIPI_DSI1_DATA0_N
2.500000e+00 (V)  Node2147::MIPI_DSI1_DATA0_N
2.500000e+00 (V)  Node2147_Auto_2004::MIPI_DSI1_DATA0_N
2.500000e+00 (V)  Node2150::MIPI_DSI1_DATA0_N
2.500000e+00 (V)  Node2151::MIPI_DSI1_DATA0_N
2.500000e+00 (V)  Node2153::MIPI_DSI1_DATA0_N
2.500000e+00 (V)  Node2154::MIPI_DSI1_DATA0_N
2.500000e+00 (V)  Node2155::MIPI_DSI1_DATA0_N
2.500000e+00 (V)  Node2157::MIPI_DSI1_DATA0_N
2.500000e+00 (V)  Node2157_Auto_2006::MIPI_DSI1_DATA0_N
2.500000e+00 (V)  Node2157_Auto_2009::MIPI_DSI1_DATA0_N
2.500000e+00 (V)  Node2160::MIPI_DSI1_DATA0_N
2.500000e+00 (V)  Node2162::MIPI_DSI1_DATA0_N
2.500000e+00 (V)  Node2162_Auto_2404::MIPI_DSI1_DATA0_N
2.500000e+00 (V)  Node2162_Auto_2405::MIPI_DSI1_DATA0_N
2.500000e+00 (V)  Node2163::MIPI_DSI1_DATA0_N
2.500000e+00 (V)  Node2164::MIPI_DSI1_DATA0_N
2.500000e+00 (V)  Node2164_Auto_2275::MIPI_DSI1_DATA0_N
2.500000e+00 (V)  Node2164_Auto_2276::MIPI_DSI1_DATA0_N
2.500000e+00 (V)  Node2164_Auto_2277::MIPI_DSI1_DATA0_N
2.500000e+00 (V)  Node2164_Auto_2278::MIPI_DSI1_DATA0_N
2.500000e+00 (V)  Node2165!!18_Auto_2018::MIPI_DSI1_DATA0_N
2.500000e+00 (V)  Node2165!!18_Auto_2019::MIPI_DSI1_DATA0_N
1.004187e-10 (V)  Node2168::MIPI_DSI1_DATA0_P
1.004160e-10 (V)  Node2168_Auto_1968::MIPI_DSI1_DATA0_P
1.004073e-10 (V)  Node2170::MIPI_DSI1_DATA0_P
1.004055e-10 (V)  Node2171::MIPI_DSI1_DATA0_P
1.004050e-10 (V)  Node2171_Auto_1971::MIPI_DSI1_DATA0_P
1.003896e-10 (V)  Node2171_Auto_1972::MIPI_DSI1_DATA0_P
1.003886e-10 (V)  Node2174::MIPI_DSI1_DATA0_P
1.003802e-10 (V)  Node2177::MIPI_DSI1_DATA0_P
1.003774e-10 (V)  Node2177_Auto_1981::MIPI_DSI1_DATA0_P
1.003379e-10 (V)  Node2177_Auto_1982::MIPI_DSI1_DATA0_P
1.003259e-10 (V)  Node2180::MIPI_DSI1_DATA0_P
1.003177e-10 (V)  Node2188::MIPI_DSI1_DATA0_P
1.002636e-10 (V)  Node2191::MIPI_DSI1_DATA0_P
1.003057e-10 (V)  Node2191_Auto_1979::MIPI_DSI1_DATA0_P
1.002662e-10 (V)  Node2191_Auto_1980::MIPI_DSI1_DATA0_P
1.002367e-10 (V)  Node2199::MIPI_DSI1_DATA0_P
1.002363e-10 (V)  Node2199_Auto_1990::MIPI_DSI1_DATA0_P
1.002338e-10 (V)  Node2199_Auto_1992::MIPI_DSI1_DATA0_P
0.000000e+00 (V)  Node22!!D1::HDMI_DATA0_P
1.001943e-10 (V)  Node2202::MIPI_DSI1_DATA0_P
1.001862e-10 (V)  Node2210::MIPI_DSI1_DATA0_P
1.001438e-10 (V)  Node2213::MIPI_DSI1_DATA0_P
1.001441e-10 (V)  Node2213_Auto_1991::MIPI_DSI1_DATA0_P
1.001467e-10 (V)  Node2213_Auto_1993::MIPI_DSI1_DATA0_P
1.001317e-10 (V)  Node2218::MIPI_DSI1_DATA0_P
1.000970e-10 (V)  Node2220::MIPI_DSI1_DATA0_P
1.000947e-10 (V)  Node2223::MIPI_DSI1_DATA0_P
1.000920e-10 (V)  Node2223_Auto_2005::MIPI_DSI1_DATA0_P
1.000910e-10 (V)  Node2226::MIPI_DSI1_DATA0_P
1.000882e-10 (V)  Node2227::MIPI_DSI1_DATA0_P
1.000871e-10 (V)  Node2227_Auto_2002::MIPI_DSI1_DATA0_P
1.000851e-10 (V)  Node2227_Auto_2003::MIPI_DSI1_DATA0_P
1.000824e-10 (V)  Node2229::MIPI_DSI1_DATA0_P
1.000797e-10 (V)  Node2229_Auto_2244::MIPI_DSI1_DATA0_P
1.000773e-10 (V)  Node2229_Auto_2245::MIPI_DSI1_DATA0_P
1.000731e-10 (V)  Node2230::MIPI_DSI1_DATA0_P
1.000715e-10 (V)  Node2230_Auto_2000::MIPI_DSI1_DATA0_P
1.000683e-10 (V)  Node2230_Auto_2001::MIPI_DSI1_DATA0_P
1.000667e-10 (V)  Node2231::MIPI_DSI1_DATA0_P
1.000499e-10 (V)  Node2233::MIPI_DSI1_DATA0_P
1.000598e-10 (V)  Node2233_Auto_2007::MIPI_DSI1_DATA0_P
1.000625e-10 (V)  Node2233_Auto_2008::MIPI_DSI1_DATA0_P
1.000469e-10 (V)  Node2236::MIPI_DSI1_DATA0_P
1.000234e-10 (V)  Node2238::MIPI_DSI1_DATA0_P
1.000258e-10 (V)  Node2238_Auto_2279::MIPI_DSI1_DATA0_P
1.000229e-10 (V)  Node2239::MIPI_DSI1_DATA0_P
1.000129e-10 (V)  Node2240::MIPI_DSI1_DATA0_P
1.000164e-10 (V)  Node2240_Auto_2271::MIPI_DSI1_DATA0_P
1.000204e-10 (V)  Node2240_Auto_2274::MIPI_DSI1_DATA0_P
1.000092e-10 (V)  Node2242::MIPI_DSI1_DATA0_P
1.000014e-10 (V)  Node2243!!17_Auto_2016::MIPI_DSI1_DATA0_P
1.000085e-10 (V)  Node2243!!17_Auto_2017::MIPI_DSI1_DATA0_P
1.006073e-10 (V)  Node2247::MIPI_DSI1_DATA0_P
1.005970e-10 (V)  Node2248::MIPI_DSI1_DATA0_P
1.005967e-10 (V)  Node2249::MIPI_DSI1_DATA0_P
1.005932e-10 (V)  Node2250::MIPI_DSI1_DATA0_P
1.005901e-10 (V)  Node2252::MIPI_DSI1_DATA0_P
1.005890e-10 (V)  Node2253::MIPI_DSI1_DATA0_P
1.005773e-10 (V)  Node2253_Auto_684::MIPI_DSI1_DATA0_P
1.005750e-10 (V)  Node2256::MIPI_DSI1_DATA0_P
1.005693e-10 (V)  Node2259::MIPI_DSI1_DATA0_P
1.005639e-10 (V)  Node2262::MIPI_DSI1_DATA0_P
1.005645e-10 (V)  Node2262_Auto_84::MIPI_DSI1_DATA0_P
1.005670e-10 (V)  Node2262_Auto_87::MIPI_DSI1_DATA0_P
1.005558e-10 (V)  Node2270::MIPI_DSI1_DATA0_P
1.005555e-10 (V)  Node2270_Auto_83::MIPI_DSI1_DATA0_P
1.005531e-10 (V)  Node2270_Auto_88::MIPI_DSI1_DATA0_P
1.005520e-10 (V)  Node2272::MIPI_DSI1_DATA0_P
1.005437e-10 (V)  Node2275::MIPI_DSI1_DATA0_P
1.005417e-10 (V)  Node2275_Auto_72::MIPI_DSI1_DATA0_P
1.005368e-10 (V)  Node2275_Auto_73::MIPI_DSI1_DATA0_P
1.005363e-10 (V)  Node2277::MIPI_DSI1_DATA0_P
1.005288e-10 (V)  Node2281::MIPI_DSI1_DATA0_P
1.005234e-10 (V)  Node2284::MIPI_DSI1_DATA0_P
1.005240e-10 (V)  Node2284_Auto_75::MIPI_DSI1_DATA0_P
1.005264e-10 (V)  Node2284_Auto_78::MIPI_DSI1_DATA0_P
1.005153e-10 (V)  Node2292::MIPI_DSI1_DATA0_P
1.005150e-10 (V)  Node2292_Auto_74::MIPI_DSI1_DATA0_P
1.005126e-10 (V)  Node2292_Auto_79::MIPI_DSI1_DATA0_P
1.005115e-10 (V)  Node2294::MIPI_DSI1_DATA0_P
1.005032e-10 (V)  Node2297::MIPI_DSI1_DATA0_P
1.005012e-10 (V)  Node2297_Auto_375::MIPI_DSI1_DATA0_P
0.000000e+00 (V)  Node23!!1::HDMI_DATA0_P
1.004814e-10 (V)  Node2300::MIPI_DSI1_DATA0_P
1.004784e-10 (V)  Node2303::MIPI_DSI1_DATA0_P
1.004694e-10 (V)  Node2306::MIPI_DSI1_DATA0_P
1.004696e-10 (V)  Node2306_Auto_367::MIPI_DSI1_DATA0_P
1.004758e-10 (V)  Node2306_Auto_368::MIPI_DSI1_DATA0_P
1.004613e-10 (V)  Node2314::MIPI_DSI1_DATA0_P
1.004552e-10 (V)  Node2317::MIPI_DSI1_DATA0_P
1.004482e-10 (V)  Node2320::MIPI_DSI1_DATA0_P
1.004430e-10 (V)  Node2322::MIPI_DSI1_DATA0_P
1.004392e-10 (V)  Node2323::MIPI_DSI1_DATA0_P
0.000000e+00 (V)  Node2327!!5::MIPI_DSI0_CLK_N
0.000000e+00 (V)  Node24!!7::HDMI_DATA0_P
0.000000e+00 (V)  Node2417!!1::MIPI_DSI0_DATA3_N
0.000000e+00 (V)  Node2474!!9::MIPI_DSI0_DATA2_N
0.000000e+00 (V)  Node2495!!7::MIPI_DSI0_DATA1_N
0.000000e+00 (V)  Node25!!10::HDMI_DATA0_P
0.000000e+00 (V)  Node26!!E1::HDMI_DATA1_P
0.000000e+00 (V)  Node2642!!3::MIPI_DSI0_DATA0_N
0.000000e+00 (V)  Node27!!4::HDMI_DATA1_P
0.000000e+00 (V)  Node270!!K9::N284871
0.000000e+00 (V)  Node273!!K2::N284174
0.000000e+00 (V)  Node275!!K1::N284159
0.000000e+00 (V)  Node277!!J1::N284077
0.000000e+00 (V)  Node2788!!6::MIPI_DSI0_CLK_P
0.000000e+00 (V)  Node279!!19::HDP
0.000000e+00 (V)  Node28!!4::HDMI_DATA1_P
0.000000e+00 (V)  Node282!!B3::SDA
0.000000e+00 (V)  Node283!!16::SDA
0.000000e+00 (V)  Node288!!15::SCL
0.000000e+00 (V)  Node29!!7::HDMI_DATA1_P
0.000000e+00 (V)  Node290!!A3::SCL
0.000000e+00 (V)  Node2947!!2::MIPI_DSI0_DATA3_P
0.000000e+00 (V)  Node30!!D2::HDMI_DATA0_N
0.000000e+00 (V)  Node3002!!10::MIPI_DSI0_DATA2_P
0.000000e+00 (V)  Node3030!!8::MIPI_DSI0_DATA1_P
0.000000e+00 (V)  Node307!!A1::N27399713
0.000000e+00 (V)  Node31!!2::HDMI_DATA0_N
0.000000e+00 (V)  Node319!!A2::N279408
0.000000e+00 (V)  Node32!!9::HDMI_DATA0_N
0.000000e+00 (V)  Node320!!A4::N2739972
0.000000e+00 (V)  Node33!!9::HDMI_DATA0_N
0.000000e+00 (V)  Node337!!14
0.000000e+00 (V)  Node338!!13
0.000000e+00 (V)  Node34!!C1::HDMI_CLK_P
0.000000e+00 (V)  Node341!!G6
0.000000e+00 (V)  Node3411!!4::MIPI_DSI0_DATA0_P
0.000000e+00 (V)  Node342!!J2
0.000000e+00 (V)  Node343!!K5
0.000000e+00 (V)  Node344!!J5
0.000000e+00 (V)  Node345!!J6
0.000000e+00 (V)  Node346!!J8
0.000000e+00 (V)  Node347!!J9
0.000000e+00 (V)  Node348!!K7
0.000000e+00 (V)  Node349!!J4
0.000000e+00 (V)  Node35!!4::HDMI_CLK_P
0.000000e+00 (V)  Node36!!7::HDMI_CLK_P
0.000000e+00 (V)  Node37!!10::HDMI_CLK_P
0.000000e+00 (V)  Node38!!E2::HDMI_DATA1_N
0.000000e+00 (V)  Node39!!5::HDMI_DATA1_N
0.000000e+00 (V)  Node40!!6::HDMI_DATA1_N
0.000000e+00 (V)  Node4007!!32::PWM
0.000000e+00 (V)  Node4066!!29::RESX
0.000000e+00 (V)  Node41!!6::HDMI_DATA1_N
0.000000e+00 (V)  Node42!!C2::HDMI_CLK_N
0.000000e+00 (V)  Node4274!!20::N271809
0.000000e+00 (V)  Node4275!!21::N271809
0.000000e+00 (V)  Node4276!!22::N271809
0.000000e+00 (V)  Node4281!!23::N271809
0.000000e+00 (V)  Node43!!5::HDMI_CLK_N
0.000000e+00 (V)  Node44!!12::HDMI_CLK_N
0.000000e+00 (V)  Node45!!6::HDMI_CLK_N
0.000000e+00 (V)  Node4737!!2::HDP
0.000000e+00 (V)  Node4774!!39::VCC_LED_AB
0.000000e+00 (V)  Node4775!!40::VCC_LED_AB
0.000000e+00 (V)  Node4783!!1::N2739972
0.000000e+00 (V)  Node4785!!P4
0.000000e+00 (V)  Node4786!!P3
0.000000e+00 (V)  Node4787!!P2
0.000000e+00 (V)  Node4788!!P1
0.000000e+00 (V)  Node4789!!31
0.000000e+00 (V)  Node4790!!30
1.006163e-10 (V)  Node64!!A7_Auto_1088::MIPI_DSI1_CLK_P
0.000000e+00 (V)  Node65!!B5::MIPI_DSI1_DATA3_N
0.000000e+00 (V)  Node66!!A5::MIPI_DSI1_DATA3_P
1.006206e-10 (V)  Node68!!A6_Auto_1090::MIPI_DSI1_DATA2_P
2.500000e+00 (V)  Node886::MIPI_DSI1_CLK_N
2.500000e+00 (V)  Node888::MIPI_DSI1_CLK_N
2.500000e+00 (V)  Node890::MIPI_DSI1_CLK_N
2.500000e+00 (V)  Node890_Auto_441::MIPI_DSI1_CLK_N
2.500000e+00 (V)  Node890_Auto_442::MIPI_DSI1_CLK_N
2.500000e+00 (V)  Node893::MIPI_DSI1_CLK_N
2.500000e+00 (V)  Node894::MIPI_DSI1_CLK_N
2.500000e+00 (V)  Node894_Auto_439::MIPI_DSI1_CLK_N
2.500000e+00 (V)  Node896::MIPI_DSI1_CLK_N
0.000000e+00 (V)  Node9!!18::VCC_HDMIRX_IN
2.500000e+00 (V)  Node906::MIPI_DSI1_CLK_N
2.500000e+00 (V)  Node906_Auto_500::MIPI_DSI1_CLK_N
2.500000e+00 (V)  Node908::MIPI_DSI1_CLK_N
2.500000e+00 (V)  Node908_Auto_452::MIPI_DSI1_CLK_N
2.500000e+00 (V)  Node909::MIPI_DSI1_CLK_N
2.500000e+00 (V)  Node909_Auto_491::MIPI_DSI1_CLK_N
2.500000e+00 (V)  Node909_Auto_492::MIPI_DSI1_CLK_N
2.500000e+00 (V)  Node911::MIPI_DSI1_CLK_N
2.500000e+00 (V)  Node919::MIPI_DSI1_CLK_N
2.500000e+00 (V)  Node922::MIPI_DSI1_CLK_N
2.500000e+00 (V)  Node922_Auto_443::MIPI_DSI1_CLK_N
2.500000e+00 (V)  Node922_Auto_444::MIPI_DSI1_CLK_N
2.500000e+00 (V)  Node922_Auto_490::MIPI_DSI1_CLK_N
2.500000e+00 (V)  Node922_Auto_502::MIPI_DSI1_CLK_N
2.500000e+00 (V)  Node922_Auto_509::MIPI_DSI1_CLK_N
2.500000e+00 (V)  Node931::MIPI_DSI1_CLK_N
2.500000e+00 (V)  Node931_Auto_449::MIPI_DSI1_CLK_N
2.500000e+00 (V)  Node931_Auto_450::MIPI_DSI1_CLK_N
2.500000e+00 (V)  Node931_Auto_477::MIPI_DSI1_CLK_N
2.500000e+00 (V)  Node931_Auto_478::MIPI_DSI1_CLK_N
2.500000e+00 (V)  Node931_Auto_505::MIPI_DSI1_CLK_N
2.500000e+00 (V)  Node931_Auto_508::MIPI_DSI1_CLK_N
2.500000e+00 (V)  Node934::MIPI_DSI1_CLK_N
2.500000e+00 (V)  Node942::MIPI_DSI1_CLK_N
2.500000e+00 (V)  Node945::MIPI_DSI1_CLK_N
2.500000e+00 (V)  Node945_Auto_473::MIPI_DSI1_CLK_N
2.500000e+00 (V)  Node945_Auto_475::MIPI_DSI1_CLK_N
2.500000e+00 (V)  Node960::MIPI_DSI1_CLK_N
2.500000e+00 (V)  Node962::MIPI_DSI1_CLK_N
2.500000e+00 (V)  Node962_Auto_535::MIPI_DSI1_CLK_N
2.500000e+00 (V)  Node962_Auto_536::MIPI_DSI1_CLK_N
2.500000e+00 (V)  Node962_Auto_553::MIPI_DSI1_CLK_N
2.500000e+00 (V)  Node962_Auto_555::MIPI_DSI1_CLK_N
2.500000e+00 (V)  Node964::MIPI_DSI1_CLK_N
2.500000e+00 (V)  Node964_Auto_639::MIPI_DSI1_CLK_N
2.500000e+00 (V)  Node964_Auto_640::MIPI_DSI1_CLK_N
2.500000e+00 (V)  Node964_Auto_643::MIPI_DSI1_CLK_N
2.500000e+00 (V)  Node964_Auto_644::MIPI_DSI1_CLK_N
2.500000e+00 (V)  Node964_Auto_646::MIPI_DSI1_CLK_N
2.500000e+00 (V)  Node964_Auto_658::MIPI_DSI1_CLK_N
2.500000e+00 (V)  Node964_Auto_665::MIPI_DSI1_CLK_N
2.500000e+00 (V)  Node964_Auto_666::MIPI_DSI1_CLK_N
2.500000e+00 (V)  Node964_Auto_667::MIPI_DSI1_CLK_N
2.500000e+00 (V)  Node964_Auto_671::MIPI_DSI1_CLK_N
2.500000e+00 (V)  Node964_Auto_672::MIPI_DSI1_CLK_N
2.500000e+00 (V)  Node964_Auto_677::MIPI_DSI1_CLK_N
2.500000e+00 (V)  Node964_Auto_679::MIPI_DSI1_CLK_N
2.500000e+00 (V)  Node964_Auto_682::MIPI_DSI1_CLK_N
2.500000e+00 (V)  Node965::MIPI_DSI1_CLK_N
2.500000e+00 (V)  Node967::MIPI_DSI1_CLK_N
2.500000e+00 (V)  Node967_Auto_655::MIPI_DSI1_CLK_N
2.500000e+00 (V)  Node967_Auto_656::MIPI_DSI1_CLK_N
2.500000e+00 (V)  Node967_Auto_662::MIPI_DSI1_CLK_N
2.500000e+00 (V)  Node967_Auto_674::MIPI_DSI1_CLK_N
2.500000e+00 (V)  Node967_Auto_686::MIPI_DSI1_CLK_N
2.500000e+00 (V)  Node967_Auto_688::MIPI_DSI1_CLK_N
2.500000e+00 (V)  Node968::MIPI_DSI1_CLK_N
2.500000e+00 (V)  Node969::MIPI_DSI1_CLK_N
2.500000e+00 (V)  Node971::MIPI_DSI1_CLK_N
2.500000e+00 (V)  Node971_Auto_1319::MIPI_DSI1_CLK_N
2.500000e+00 (V)  Node971_Auto_1320::MIPI_DSI1_CLK_N
2.500000e+00 (V)  Node971_Auto_1331::MIPI_DSI1_CLK_N
2.500000e+00 (V)  Node971_Auto_1332::MIPI_DSI1_CLK_N
2.500000e+00 (V)  Node971_Auto_1337::MIPI_DSI1_CLK_N
2.500000e+00 (V)  Node971_Auto_1338::MIPI_DSI1_CLK_N
2.500000e+00 (V)  Node972::MIPI_DSI1_CLK_N
2.500000e+00 (V)  Node972_Auto_1089::MIPI_DSI1_CLK_N
2.500000e+00 (V)  Node973!!16_Auto_2015::MIPI_DSI1_CLK_N
2.500000e+00 (V)  Node974::MIPI_DSI1_CLK_N
2.500000e+00 (V)  Node976::MIPI_DSI1_CLK_N
2.500000e+00 (V)  Node976_Auto_2264::MIPI_DSI1_CLK_N
2.500000e+00 (V)  Node976_Auto_2265::MIPI_DSI1_CLK_N
2.500000e+00 (V)  Node976_Auto_2269::MIPI_DSI1_CLK_N
2.500000e+00 (V)  Node976_Auto_2270::MIPI_DSI1_CLK_N
2.500000e+00 (V)  Node978::MIPI_DSI1_CLK_N
2.500000e+00 (V)  Node980::MIPI_DSI1_CLK_N
2.500000e+00 (V)  Node980_Auto_2358::MIPI_DSI1_CLK_N
2.500000e+00 (V)  Node980_Auto_2398::MIPI_DSI1_CLK_N
2.500000e+00 (V)  Node980_Auto_2399::MIPI_DSI1_CLK_N
2.500000e+00 (V)  Node980_Auto_2402::MIPI_DSI1_CLK_N
2.500000e+00 (V)  Node981::MIPI_DSI1_CLK_N
2.500000e+00 (V)  Node984::MIPI_DSI1_CLK_N
2.500000e+00 (V)  Node984_Auto_2280::MIPI_DSI1_CLK_N
2.500000e+00 (V)  Node984_Auto_2281::MIPI_DSI1_CLK_N
2.500000e+00 (V)  Node985::MIPI_DSI1_CLK_N
2.500000e+00 (V)  Node985_Auto_2322::MIPI_DSI1_CLK_N
2.500000e+00 (V)  Node985_Auto_2323::MIPI_DSI1_CLK_N
2.500000e+00 (V)  Node988::MIPI_DSI1_CLK_N
1.001452e-10 (V)  Node995::MIPI_DSI1_CLK_P
1.001484e-10 (V)  Node995_Auto_437::MIPI_DSI1_CLK_P
1.001648e-10 (V)  Node995_Auto_438::MIPI_DSI1_CLK_P
1.001684e-10 (V)  Node998::MIPI_DSI1_CLK_P
1.001723e-10 (V)  Node999::MIPI_DSI1_CLK_P
1.001728e-10 (V)  Node999_Auto_440::MIPI_DSI1_CLK_P
2.500000e+00 (V)  Trace1058#BP0::MIPI_DSI1_DATA2_N
2.500000e+00 (V)  Trace1063#BP0::MIPI_DSI1_DATA2_N
2.500000e+00 (V)  Trace1067#BP0::MIPI_DSI1_DATA2_N
2.500000e+00 (V)  Trace1067#BP1::MIPI_DSI1_DATA2_N
2.500000e+00 (V)  Trace1067#BP1_Auto_2246::MIPI_DSI1_DATA2_N
2.500000e+00 (V)  Trace1067#BP1_Auto_2247::MIPI_DSI1_DATA2_N
2.500000e+00 (V)  Trace1067#BP1_Auto_2313::MIPI_DSI1_DATA2_N
2.500000e+00 (V)  Trace1067#BP1_Auto_2314::MIPI_DSI1_DATA2_N
2.500000e+00 (V)  Trace1067#BP1_Auto_2321::MIPI_DSI1_DATA2_N
1.005180e-10 (V)  Trace1208#BP0::MIPI_DSI1_DATA2_P
1.005180e-10 (V)  Trace1208#BP1::MIPI_DSI1_DATA2_P
1.005177e-10 (V)  Trace1208#BP1_Auto_2826::MIPI_DSI1_DATA2_P
1.003138e-10 (V)  Trace1262#BP0::MIPI_DSI1_DATA2_P
1.003102e-10 (V)  Trace1262#BP1::MIPI_DSI1_DATA2_P
1.002339e-10 (V)  Trace1286#BP0::MIPI_DSI1_DATA2_P
1.002282e-10 (V)  Trace1290#BP0::MIPI_DSI1_DATA2_P
1.002230e-10 (V)  Trace1294#BP0::MIPI_DSI1_DATA2_P
1.002056e-10 (V)  Trace1304#BP0::MIPI_DSI1_DATA2_P
2.500000e+00 (V)  Trace1666#BP0::MIPI_DSI1_DATA1_P
2.500000e+00 (V)  Trace1666#BP0_Auto_174::MIPI_DSI1_DATA1_P
2.500000e+00 (V)  Trace1755#BP0::MIPI_DSI1_DATA0_N
2.500000e+00 (V)  Trace1756#BP0::MIPI_DSI1_DATA0_N
2.500000e+00 (V)  Trace1761#BP0::MIPI_DSI1_DATA0_N
2.500000e+00 (V)  Trace1762#BP0::MIPI_DSI1_DATA0_N
1.004200e-10 (V)  Trace1816#BP0::MIPI_DSI1_DATA0_P
0.000000e+00 (V)  X_C80.Xpartial.X_SpeedXP_auto_CAP_NP_C0603_100N_100N_C80_C80.nd_en_2
1.000000e-10 (V)  X_CH1.Xpartial.X_SpeedXP_auto_WP7B-P040VA1-R8000_WP7B-P040VA1-R8000_WP7B-P040VA1-R8000_WP7B-P040VA1-R8000_CH1.B_SpeedXP_auto_11.Output0
1.000000e-10 (V)  X_CH1.Xpartial.X_SpeedXP_auto_WP7B-P040VA1-R8000_WP7B-P040VA1-R8000_WP7B-P040VA1-R8000_WP7B-P040VA1-R8000_CH1.B_SpeedXP_auto_11.Output1
2.500000e+00 (V)  X_CH1.Xpartial.X_SpeedXP_auto_WP7B-P040VA1-R8000_WP7B-P040VA1-R8000_WP7B-P040VA1-R8000_WP7B-P040VA1-R8000_CH1.B_SpeedXP_auto_12.Output0
2.500000e+00 (V)  X_CH1.Xpartial.X_SpeedXP_auto_WP7B-P040VA1-R8000_WP7B-P040VA1-R8000_WP7B-P040VA1-R8000_WP7B-P040VA1-R8000_CH1.B_SpeedXP_auto_12.Output1
2.500000e+00 (V)  X_CH1.Xpartial.X_SpeedXP_auto_WP7B-P040VA1-R8000_WP7B-P040VA1-R8000_WP7B-P040VA1-R8000_WP7B-P040VA1-R8000_CH1.B_SpeedXP_auto_13.Output0
2.500000e+00 (V)  X_CH1.Xpartial.X_SpeedXP_auto_WP7B-P040VA1-R8000_WP7B-P040VA1-R8000_WP7B-P040VA1-R8000_WP7B-P040VA1-R8000_CH1.B_SpeedXP_auto_13.Output1
1.000000e-10 (V)  X_CH1.Xpartial.X_SpeedXP_auto_WP7B-P040VA1-R8000_WP7B-P040VA1-R8000_WP7B-P040VA1-R8000_WP7B-P040VA1-R8000_CH1.B_SpeedXP_auto_14.Output0
1.000000e-10 (V)  X_CH1.Xpartial.X_SpeedXP_auto_WP7B-P040VA1-R8000_WP7B-P040VA1-R8000_WP7B-P040VA1-R8000_WP7B-P040VA1-R8000_CH1.B_SpeedXP_auto_14.Output1
1.000000e-10 (V)  X_CH1.Xpartial.X_SpeedXP_auto_WP7B-P040VA1-R8000_WP7B-P040VA1-R8000_WP7B-P040VA1-R8000_WP7B-P040VA1-R8000_CH1.B_SpeedXP_auto_15.Output0
1.000000e-10 (V)  X_CH1.Xpartial.X_SpeedXP_auto_WP7B-P040VA1-R8000_WP7B-P040VA1-R8000_WP7B-P040VA1-R8000_WP7B-P040VA1-R8000_CH1.B_SpeedXP_auto_15.Output1
2.500000e+00 (V)  X_CH1.Xpartial.X_SpeedXP_auto_WP7B-P040VA1-R8000_WP7B-P040VA1-R8000_WP7B-P040VA1-R8000_WP7B-P040VA1-R8000_CH1.B_SpeedXP_auto_16.Output0
2.500000e+00 (V)  X_CH1.Xpartial.X_SpeedXP_auto_WP7B-P040VA1-R8000_WP7B-P040VA1-R8000_WP7B-P040VA1-R8000_WP7B-P040VA1-R8000_CH1.B_SpeedXP_auto_16.Output1
1.000000e-10 (V)  X_CH1.Xpartial.X_SpeedXP_auto_WP7B-P040VA1-R8000_WP7B-P040VA1-R8000_WP7B-P040VA1-R8000_WP7B-P040VA1-R8000_CH1.B_SpeedXP_auto_17.Output0
1.000000e-10 (V)  X_CH1.Xpartial.X_SpeedXP_auto_WP7B-P040VA1-R8000_WP7B-P040VA1-R8000_WP7B-P040VA1-R8000_WP7B-P040VA1-R8000_CH1.B_SpeedXP_auto_17.Output1
2.500000e+00 (V)  X_CH1.Xpartial.X_SpeedXP_auto_WP7B-P040VA1-R8000_WP7B-P040VA1-R8000_WP7B-P040VA1-R8000_WP7B-P040VA1-R8000_CH1.B_SpeedXP_auto_18.Output0
2.500000e+00 (V)  X_CH1.Xpartial.X_SpeedXP_auto_WP7B-P040VA1-R8000_WP7B-P040VA1-R8000_WP7B-P040VA1-R8000_WP7B-P040VA1-R8000_CH1.B_SpeedXP_auto_18.Output1
1.000000e+00 (V)  X_CH1.Xpartial.X_SpeedXP_auto_WP7B-P040VA1-R8000_WP7B-P040VA1-R8000_WP7B-P040VA1-R8000_WP7B-P040VA1-R8000_CH1.nd_en_1
1.000000e+00 (V)  X_CH1.Xpartial.X_SpeedXP_auto_WP7B-P040VA1-R8000_WP7B-P040VA1-R8000_WP7B-P040VA1-R8000_WP7B-P040VA1-R8000_CH1.nd_en_10
1.000000e+00 (V)  X_CH1.Xpartial.X_SpeedXP_auto_WP7B-P040VA1-R8000_WP7B-P040VA1-R8000_WP7B-P040VA1-R8000_WP7B-P040VA1-R8000_CH1.nd_en_11
1.000000e+00 (V)  X_CH1.Xpartial.X_SpeedXP_auto_WP7B-P040VA1-R8000_WP7B-P040VA1-R8000_WP7B-P040VA1-R8000_WP7B-P040VA1-R8000_CH1.nd_en_12
1.000000e+00 (V)  X_CH1.Xpartial.X_SpeedXP_auto_WP7B-P040VA1-R8000_WP7B-P040VA1-R8000_WP7B-P040VA1-R8000_WP7B-P040VA1-R8000_CH1.nd_en_13
1.000000e+00 (V)  X_CH1.Xpartial.X_SpeedXP_auto_WP7B-P040VA1-R8000_WP7B-P040VA1-R8000_WP7B-P040VA1-R8000_WP7B-P040VA1-R8000_CH1.nd_en_14
1.000000e+00 (V)  X_CH1.Xpartial.X_SpeedXP_auto_WP7B-P040VA1-R8000_WP7B-P040VA1-R8000_WP7B-P040VA1-R8000_WP7B-P040VA1-R8000_CH1.nd_en_15
1.000000e+00 (V)  X_CH1.Xpartial.X_SpeedXP_auto_WP7B-P040VA1-R8000_WP7B-P040VA1-R8000_WP7B-P040VA1-R8000_WP7B-P040VA1-R8000_CH1.nd_en_16
1.000000e+00 (V)  X_CH1.Xpartial.X_SpeedXP_auto_WP7B-P040VA1-R8000_WP7B-P040VA1-R8000_WP7B-P040VA1-R8000_WP7B-P040VA1-R8000_CH1.nd_en_17
1.000000e+00 (V)  X_CH1.Xpartial.X_SpeedXP_auto_WP7B-P040VA1-R8000_WP7B-P040VA1-R8000_WP7B-P040VA1-R8000_WP7B-P040VA1-R8000_CH1.nd_en_18
1.000000e+00 (V)  X_CH1.Xpartial.X_SpeedXP_auto_WP7B-P040VA1-R8000_WP7B-P040VA1-R8000_WP7B-P040VA1-R8000_WP7B-P040VA1-R8000_CH1.nd_en_19
1.000000e+00 (V)  X_CH1.Xpartial.X_SpeedXP_auto_WP7B-P040VA1-R8000_WP7B-P040VA1-R8000_WP7B-P040VA1-R8000_WP7B-P040VA1-R8000_CH1.nd_en_2
1.000000e+00 (V)  X_CH1.Xpartial.X_SpeedXP_auto_WP7B-P040VA1-R8000_WP7B-P040VA1-R8000_WP7B-P040VA1-R8000_WP7B-P040VA1-R8000_CH1.nd_en_20
1.000000e+00 (V)  X_CH1.Xpartial.X_SpeedXP_auto_WP7B-P040VA1-R8000_WP7B-P040VA1-R8000_WP7B-P040VA1-R8000_WP7B-P040VA1-R8000_CH1.nd_en_3
1.000000e+00 (V)  X_CH1.Xpartial.X_SpeedXP_auto_WP7B-P040VA1-R8000_WP7B-P040VA1-R8000_WP7B-P040VA1-R8000_WP7B-P040VA1-R8000_CH1.nd_en_4
1.000000e+00 (V)  X_CH1.Xpartial.X_SpeedXP_auto_WP7B-P040VA1-R8000_WP7B-P040VA1-R8000_WP7B-P040VA1-R8000_WP7B-P040VA1-R8000_CH1.nd_en_5
1.000000e+00 (V)  X_CH1.Xpartial.X_SpeedXP_auto_WP7B-P040VA1-R8000_WP7B-P040VA1-R8000_WP7B-P040VA1-R8000_WP7B-P040VA1-R8000_CH1.nd_en_6
1.000000e+00 (V)  X_CH1.Xpartial.X_SpeedXP_auto_WP7B-P040VA1-R8000_WP7B-P040VA1-R8000_WP7B-P040VA1-R8000_WP7B-P040VA1-R8000_CH1.nd_en_7
1.000000e+00 (V)  X_CH1.Xpartial.X_SpeedXP_auto_WP7B-P040VA1-R8000_WP7B-P040VA1-R8000_WP7B-P040VA1-R8000_WP7B-P040VA1-R8000_CH1.nd_en_8
1.000000e+00 (V)  X_CH1.Xpartial.X_SpeedXP_auto_WP7B-P040VA1-R8000_WP7B-P040VA1-R8000_WP7B-P040VA1-R8000_WP7B-P040VA1-R8000_CH1.nd_en_9
0.000000e+00 (V)  X_CH1.Xpartial.X_SpeedXP_auto_WP7B-P040VA1-R8000_WP7B-P040VA1-R8000_WP7B-P040VA1-R8000_WP7B-P040VA1-R8000_CH1.nd_in_1
0.000000e+00 (V)  X_CH1.Xpartial.X_SpeedXP_auto_WP7B-P040VA1-R8000_WP7B-P040VA1-R8000_WP7B-P040VA1-R8000_WP7B-P040VA1-R8000_CH1.nd_in_10
0.000000e+00 (V)  X_CH1.Xpartial.X_SpeedXP_auto_WP7B-P040VA1-R8000_WP7B-P040VA1-R8000_WP7B-P040VA1-R8000_WP7B-P040VA1-R8000_CH1.nd_in_11
1.000000e+00 (V)  X_CH1.Xpartial.X_SpeedXP_auto_WP7B-P040VA1-R8000_WP7B-P040VA1-R8000_WP7B-P040VA1-R8000_WP7B-P040VA1-R8000_CH1.nd_in_12
1.000000e+00 (V)  X_CH1.Xpartial.X_SpeedXP_auto_WP7B-P040VA1-R8000_WP7B-P040VA1-R8000_WP7B-P040VA1-R8000_WP7B-P040VA1-R8000_CH1.nd_in_13
0.000000e+00 (V)  X_CH1.Xpartial.X_SpeedXP_auto_WP7B-P040VA1-R8000_WP7B-P040VA1-R8000_WP7B-P040VA1-R8000_WP7B-P040VA1-R8000_CH1.nd_in_14
0.000000e+00 (V)  X_CH1.Xpartial.X_SpeedXP_auto_WP7B-P040VA1-R8000_WP7B-P040VA1-R8000_WP7B-P040VA1-R8000_WP7B-P040VA1-R8000_CH1.nd_in_15
1.000000e+00 (V)  X_CH1.Xpartial.X_SpeedXP_auto_WP7B-P040VA1-R8000_WP7B-P040VA1-R8000_WP7B-P040VA1-R8000_WP7B-P040VA1-R8000_CH1.nd_in_16
0.000000e+00 (V)  X_CH1.Xpartial.X_SpeedXP_auto_WP7B-P040VA1-R8000_WP7B-P040VA1-R8000_WP7B-P040VA1-R8000_WP7B-P040VA1-R8000_CH1.nd_in_17
1.000000e+00 (V)  X_CH1.Xpartial.X_SpeedXP_auto_WP7B-P040VA1-R8000_WP7B-P040VA1-R8000_WP7B-P040VA1-R8000_WP7B-P040VA1-R8000_CH1.nd_in_18
0.000000e+00 (V)  X_CH1.Xpartial.X_SpeedXP_auto_WP7B-P040VA1-R8000_WP7B-P040VA1-R8000_WP7B-P040VA1-R8000_WP7B-P040VA1-R8000_CH1.nd_in_19
0.000000e+00 (V)  X_CH1.Xpartial.X_SpeedXP_auto_WP7B-P040VA1-R8000_WP7B-P040VA1-R8000_WP7B-P040VA1-R8000_WP7B-P040VA1-R8000_CH1.nd_in_2
0.000000e+00 (V)  X_CH1.Xpartial.X_SpeedXP_auto_WP7B-P040VA1-R8000_WP7B-P040VA1-R8000_WP7B-P040VA1-R8000_WP7B-P040VA1-R8000_CH1.nd_in_20
0.000000e+00 (V)  X_CH1.Xpartial.X_SpeedXP_auto_WP7B-P040VA1-R8000_WP7B-P040VA1-R8000_WP7B-P040VA1-R8000_WP7B-P040VA1-R8000_CH1.nd_in_3
0.000000e+00 (V)  X_CH1.Xpartial.X_SpeedXP_auto_WP7B-P040VA1-R8000_WP7B-P040VA1-R8000_WP7B-P040VA1-R8000_WP7B-P040VA1-R8000_CH1.nd_in_4
0.000000e+00 (V)  X_CH1.Xpartial.X_SpeedXP_auto_WP7B-P040VA1-R8000_WP7B-P040VA1-R8000_WP7B-P040VA1-R8000_WP7B-P040VA1-R8000_CH1.nd_in_5
0.000000e+00 (V)  X_CH1.Xpartial.X_SpeedXP_auto_WP7B-P040VA1-R8000_WP7B-P040VA1-R8000_WP7B-P040VA1-R8000_WP7B-P040VA1-R8000_CH1.nd_in_6
0.000000e+00 (V)  X_CH1.Xpartial.X_SpeedXP_auto_WP7B-P040VA1-R8000_WP7B-P040VA1-R8000_WP7B-P040VA1-R8000_WP7B-P040VA1-R8000_CH1.nd_in_7
0.000000e+00 (V)  X_CH1.Xpartial.X_SpeedXP_auto_WP7B-P040VA1-R8000_WP7B-P040VA1-R8000_WP7B-P040VA1-R8000_WP7B-P040VA1-R8000_CH1.nd_in_8
0.000000e+00 (V)  X_CH1.Xpartial.X_SpeedXP_auto_WP7B-P040VA1-R8000_WP7B-P040VA1-R8000_WP7B-P040VA1-R8000_WP7B-P040VA1-R8000_CH1.nd_in_9
5.000000e-01 (V)  X_CH1.Xpartial.X_SpeedXP_auto_WP7B-P040VA1-R8000_WP7B-P040VA1-R8000_WP7B-P040VA1-R8000_WP7B-P040VA1-R8000_CH1.nd_out_of_in_11
5.000000e-01 (V)  X_CH1.Xpartial.X_SpeedXP_auto_WP7B-P040VA1-R8000_WP7B-P040VA1-R8000_WP7B-P040VA1-R8000_WP7B-P040VA1-R8000_CH1.nd_out_of_in_12
5.000000e-01 (V)  X_CH1.Xpartial.X_SpeedXP_auto_WP7B-P040VA1-R8000_WP7B-P040VA1-R8000_WP7B-P040VA1-R8000_WP7B-P040VA1-R8000_CH1.nd_out_of_in_13
5.000000e-01 (V)  X_CH1.Xpartial.X_SpeedXP_auto_WP7B-P040VA1-R8000_WP7B-P040VA1-R8000_WP7B-P040VA1-R8000_WP7B-P040VA1-R8000_CH1.nd_out_of_in_14
5.000000e-01 (V)  X_CH1.Xpartial.X_SpeedXP_auto_WP7B-P040VA1-R8000_WP7B-P040VA1-R8000_WP7B-P040VA1-R8000_WP7B-P040VA1-R8000_CH1.nd_out_of_in_15
5.000000e-01 (V)  X_CH1.Xpartial.X_SpeedXP_auto_WP7B-P040VA1-R8000_WP7B-P040VA1-R8000_WP7B-P040VA1-R8000_WP7B-P040VA1-R8000_CH1.nd_out_of_in_16
5.000000e-01 (V)  X_CH1.Xpartial.X_SpeedXP_auto_WP7B-P040VA1-R8000_WP7B-P040VA1-R8000_WP7B-P040VA1-R8000_WP7B-P040VA1-R8000_CH1.nd_out_of_in_17
5.000000e-01 (V)  X_CH1.Xpartial.X_SpeedXP_auto_WP7B-P040VA1-R8000_WP7B-P040VA1-R8000_WP7B-P040VA1-R8000_WP7B-P040VA1-R8000_CH1.nd_out_of_in_18
2.500000e+00 (V)  X_CH1.Xpartial.X_SpeedXP_auto_WP7B-P040VA1-R8000_WP7B-P040VA1-R8000_WP7B-P040VA1-R8000_WP7B-P040VA1-R8000_CH1.Power_11
2.500000e+00 (V)  X_CH1.Xpartial.X_SpeedXP_auto_WP7B-P040VA1-R8000_WP7B-P040VA1-R8000_WP7B-P040VA1-R8000_WP7B-P040VA1-R8000_CH1.Power_12
2.500000e+00 (V)  X_CH1.Xpartial.X_SpeedXP_auto_WP7B-P040VA1-R8000_WP7B-P040VA1-R8000_WP7B-P040VA1-R8000_WP7B-P040VA1-R8000_CH1.Power_13
2.500000e+00 (V)  X_CH1.Xpartial.X_SpeedXP_auto_WP7B-P040VA1-R8000_WP7B-P040VA1-R8000_WP7B-P040VA1-R8000_WP7B-P040VA1-R8000_CH1.Power_14
2.500000e+00 (V)  X_CH1.Xpartial.X_SpeedXP_auto_WP7B-P040VA1-R8000_WP7B-P040VA1-R8000_WP7B-P040VA1-R8000_WP7B-P040VA1-R8000_CH1.Power_15
2.500000e+00 (V)  X_CH1.Xpartial.X_SpeedXP_auto_WP7B-P040VA1-R8000_WP7B-P040VA1-R8000_WP7B-P040VA1-R8000_WP7B-P040VA1-R8000_CH1.Power_16
2.500000e+00 (V)  X_CH1.Xpartial.X_SpeedXP_auto_WP7B-P040VA1-R8000_WP7B-P040VA1-R8000_WP7B-P040VA1-R8000_WP7B-P040VA1-R8000_CH1.Power_17
2.500000e+00 (V)  X_CH1.Xpartial.X_SpeedXP_auto_WP7B-P040VA1-R8000_WP7B-P040VA1-R8000_WP7B-P040VA1-R8000_WP7B-P040VA1-R8000_CH1.Power_18
0.000000e+00 (V)  X_D5.Xpartial.X_SpeedXP_auto_TVS/ESD_SOD-323_H3V3HD3U_H3V3HD3U_D5.nd_en_1
1.000000e+00 (V)  X_ESD1.Xpartial.X_SpeedXP_auto_IP4292CZ10_DFN2510A-10_IP4292CZ10-TBR_115_IP4292CZ10-TBR_115_ESD1_ESD1.nd_en_1
0.000000e+00 (V)  X_ESD1.Xpartial.X_SpeedXP_auto_IP4292CZ10_DFN2510A-10_IP4292CZ10-TBR_115_IP4292CZ10-TBR_115_ESD1_ESD1.nd_en_10
1.000000e+00 (V)  X_ESD1.Xpartial.X_SpeedXP_auto_IP4292CZ10_DFN2510A-10_IP4292CZ10-TBR_115_IP4292CZ10-TBR_115_ESD1_ESD1.nd_en_2
1.000000e+00 (V)  X_ESD1.Xpartial.X_SpeedXP_auto_IP4292CZ10_DFN2510A-10_IP4292CZ10-TBR_115_IP4292CZ10-TBR_115_ESD1_ESD1.nd_en_4
1.000000e+00 (V)  X_ESD1.Xpartial.X_SpeedXP_auto_IP4292CZ10_DFN2510A-10_IP4292CZ10-TBR_115_IP4292CZ10-TBR_115_ESD1_ESD1.nd_en_5
0.000000e+00 (V)  X_ESD1.Xpartial.X_SpeedXP_auto_IP4292CZ10_DFN2510A-10_IP4292CZ10-TBR_115_IP4292CZ10-TBR_115_ESD1_ESD1.nd_en_6
0.000000e+00 (V)  X_ESD1.Xpartial.X_SpeedXP_auto_IP4292CZ10_DFN2510A-10_IP4292CZ10-TBR_115_IP4292CZ10-TBR_115_ESD1_ESD1.nd_en_7
0.000000e+00 (V)  X_ESD1.Xpartial.X_SpeedXP_auto_IP4292CZ10_DFN2510A-10_IP4292CZ10-TBR_115_IP4292CZ10-TBR_115_ESD1_ESD1.nd_en_9
0.000000e+00 (V)  X_ESD1.Xpartial.X_SpeedXP_auto_IP4292CZ10_DFN2510A-10_IP4292CZ10-TBR_115_IP4292CZ10-TBR_115_ESD1_ESD1.nd_in_1
0.000000e+00 (V)  X_ESD1.Xpartial.X_SpeedXP_auto_IP4292CZ10_DFN2510A-10_IP4292CZ10-TBR_115_IP4292CZ10-TBR_115_ESD1_ESD1.nd_in_2
0.000000e+00 (V)  X_ESD1.Xpartial.X_SpeedXP_auto_IP4292CZ10_DFN2510A-10_IP4292CZ10-TBR_115_IP4292CZ10-TBR_115_ESD1_ESD1.nd_in_4
0.000000e+00 (V)  X_ESD1.Xpartial.X_SpeedXP_auto_IP4292CZ10_DFN2510A-10_IP4292CZ10-TBR_115_IP4292CZ10-TBR_115_ESD1_ESD1.nd_in_5
1.000000e+00 (V)  X_ESD2.Xpartial.X_SpeedXP_auto_IP4292CZ10_DFN2510A-10_IP4292CZ10-TBR_115_IP4292CZ10-TBR_115_ESD2_ESD2.nd_en_1
0.000000e+00 (V)  X_ESD2.Xpartial.X_SpeedXP_auto_IP4292CZ10_DFN2510A-10_IP4292CZ10-TBR_115_IP4292CZ10-TBR_115_ESD2_ESD2.nd_en_10
1.000000e+00 (V)  X_ESD2.Xpartial.X_SpeedXP_auto_IP4292CZ10_DFN2510A-10_IP4292CZ10-TBR_115_IP4292CZ10-TBR_115_ESD2_ESD2.nd_en_2
1.000000e+00 (V)  X_ESD2.Xpartial.X_SpeedXP_auto_IP4292CZ10_DFN2510A-10_IP4292CZ10-TBR_115_IP4292CZ10-TBR_115_ESD2_ESD2.nd_en_4
1.000000e+00 (V)  X_ESD2.Xpartial.X_SpeedXP_auto_IP4292CZ10_DFN2510A-10_IP4292CZ10-TBR_115_IP4292CZ10-TBR_115_ESD2_ESD2.nd_en_5
0.000000e+00 (V)  X_ESD2.Xpartial.X_SpeedXP_auto_IP4292CZ10_DFN2510A-10_IP4292CZ10-TBR_115_IP4292CZ10-TBR_115_ESD2_ESD2.nd_en_6
0.000000e+00 (V)  X_ESD2.Xpartial.X_SpeedXP_auto_IP4292CZ10_DFN2510A-10_IP4292CZ10-TBR_115_IP4292CZ10-TBR_115_ESD2_ESD2.nd_en_7
0.000000e+00 (V)  X_ESD2.Xpartial.X_SpeedXP_auto_IP4292CZ10_DFN2510A-10_IP4292CZ10-TBR_115_IP4292CZ10-TBR_115_ESD2_ESD2.nd_en_9
0.000000e+00 (V)  X_ESD2.Xpartial.X_SpeedXP_auto_IP4292CZ10_DFN2510A-10_IP4292CZ10-TBR_115_IP4292CZ10-TBR_115_ESD2_ESD2.nd_in_1
0.000000e+00 (V)  X_ESD2.Xpartial.X_SpeedXP_auto_IP4292CZ10_DFN2510A-10_IP4292CZ10-TBR_115_IP4292CZ10-TBR_115_ESD2_ESD2.nd_in_2
0.000000e+00 (V)  X_ESD2.Xpartial.X_SpeedXP_auto_IP4292CZ10_DFN2510A-10_IP4292CZ10-TBR_115_IP4292CZ10-TBR_115_ESD2_ESD2.nd_in_4
0.000000e+00 (V)  X_ESD2.Xpartial.X_SpeedXP_auto_IP4292CZ10_DFN2510A-10_IP4292CZ10-TBR_115_IP4292CZ10-TBR_115_ESD2_ESD2.nd_in_5
0.000000e+00 (V)  X_HDMI1.Xpartial.X_SpeedXP_auto_HDMI-A_HDMI-001S_HDMI-001S_HDMI-001S_HDMI1.nd_en_1
0.000000e+00 (V)  X_HDMI1.Xpartial.X_SpeedXP_auto_HDMI-A_HDMI-001S_HDMI-001S_HDMI-001S_HDMI1.nd_en_10
0.000000e+00 (V)  X_HDMI1.Xpartial.X_SpeedXP_auto_HDMI-A_HDMI-001S_HDMI-001S_HDMI-001S_HDMI1.nd_en_12
0.000000e+00 (V)  X_HDMI1.Xpartial.X_SpeedXP_auto_HDMI-A_HDMI-001S_HDMI-001S_HDMI-001S_HDMI1.nd_en_3
0.000000e+00 (V)  X_HDMI1.Xpartial.X_SpeedXP_auto_HDMI-A_HDMI-001S_HDMI-001S_HDMI-001S_HDMI1.nd_en_4
0.000000e+00 (V)  X_HDMI1.Xpartial.X_SpeedXP_auto_HDMI-A_HDMI-001S_HDMI-001S_HDMI-001S_HDMI1.nd_en_6
0.000000e+00 (V)  X_HDMI1.Xpartial.X_SpeedXP_auto_HDMI-A_HDMI-001S_HDMI-001S_HDMI-001S_HDMI1.nd_en_7
0.000000e+00 (V)  X_HDMI1.Xpartial.X_SpeedXP_auto_HDMI-A_HDMI-001S_HDMI-001S_HDMI-001S_HDMI1.nd_en_9
0.000000e+00 (V)  X_R24.Xpartial.X_SpeedXP_auto_RES_R0603_10K_10K_R24_R24.nd_en_2
1.000000e+00 (V)  X_R25.Xpartial.X_SpeedXP_auto_RES_R0603_1K_1K_R25_R25.nd_en_1
0.000000e+00 (V)  X_R25.Xpartial.X_SpeedXP_auto_RES_R0603_1K_1K_R25_R25.nd_in_1
0.000000e+00 (V)  X_SW1.Xpartial.X_SpeedXP_auto_SWITCH-2P_SMD4030_1_6N_1_6N_SW1.nd_en_2
1.006213e-10 (V)  X_U8.Xpartial.X_SpeedXP_auto_TC358870XBG_1_VFBGA80_(S1+S2+S3+S4)_TC358870XBG(NOK)_TC358870XBG(NOK)_U8.B_SpeedXP_auto_A6.Output0
1.006213e-10 (V)  X_U8.Xpartial.X_SpeedXP_auto_TC358870XBG_1_VFBGA80_(S1+S2+S3+S4)_TC358870XBG(NOK)_TC358870XBG(NOK)_U8.B_SpeedXP_auto_A6.Output1
1.006169e-10 (V)  X_U8.Xpartial.X_SpeedXP_auto_TC358870XBG_1_VFBGA80_(S1+S2+S3+S4)_TC358870XBG(NOK)_TC358870XBG(NOK)_U8.B_SpeedXP_auto_A7.Output0
1.006169e-10 (V)  X_U8.Xpartial.X_SpeedXP_auto_TC358870XBG_1_VFBGA80_(S1+S2+S3+S4)_TC358870XBG(NOK)_TC358870XBG(NOK)_U8.B_SpeedXP_auto_A7.Output1
2.500000e+00 (V)  X_U8.Xpartial.X_SpeedXP_auto_TC358870XBG_1_VFBGA80_(S1+S2+S3+S4)_TC358870XBG(NOK)_TC358870XBG(NOK)_U8.B_SpeedXP_auto_A8.Output0
2.500000e+00 (V)  X_U8.Xpartial.X_SpeedXP_auto_TC358870XBG_1_VFBGA80_(S1+S2+S3+S4)_TC358870XBG(NOK)_TC358870XBG(NOK)_U8.B_SpeedXP_auto_A8.Output1
1.006226e-10 (V)  X_U8.Xpartial.X_SpeedXP_auto_TC358870XBG_1_VFBGA80_(S1+S2+S3+S4)_TC358870XBG(NOK)_TC358870XBG(NOK)_U8.B_SpeedXP_auto_A9.Output0
1.006226e-10 (V)  X_U8.Xpartial.X_SpeedXP_auto_TC358870XBG_1_VFBGA80_(S1+S2+S3+S4)_TC358870XBG(NOK)_TC358870XBG(NOK)_U8.B_SpeedXP_auto_A9.Output1
2.500000e+00 (V)  X_U8.Xpartial.X_SpeedXP_auto_TC358870XBG_1_VFBGA80_(S1+S2+S3+S4)_TC358870XBG(NOK)_TC358870XBG(NOK)_U8.B_SpeedXP_auto_B6.Output0
2.500000e+00 (V)  X_U8.Xpartial.X_SpeedXP_auto_TC358870XBG_1_VFBGA80_(S1+S2+S3+S4)_TC358870XBG(NOK)_TC358870XBG(NOK)_U8.B_SpeedXP_auto_B6.Output1
2.500000e+00 (V)  X_U8.Xpartial.X_SpeedXP_auto_TC358870XBG_1_VFBGA80_(S1+S2+S3+S4)_TC358870XBG(NOK)_TC358870XBG(NOK)_U8.B_SpeedXP_auto_B7.Output0
2.500000e+00 (V)  X_U8.Xpartial.X_SpeedXP_auto_TC358870XBG_1_VFBGA80_(S1+S2+S3+S4)_TC358870XBG(NOK)_TC358870XBG(NOK)_U8.B_SpeedXP_auto_B7.Output1
1.006374e-10 (V)  X_U8.Xpartial.X_SpeedXP_auto_TC358870XBG_1_VFBGA80_(S1+S2+S3+S4)_TC358870XBG(NOK)_TC358870XBG(NOK)_U8.B_SpeedXP_auto_B8.Output0
1.006374e-10 (V)  X_U8.Xpartial.X_SpeedXP_auto_TC358870XBG_1_VFBGA80_(S1+S2+S3+S4)_TC358870XBG(NOK)_TC358870XBG(NOK)_U8.B_SpeedXP_auto_B8.Output1
2.500000e+00 (V)  X_U8.Xpartial.X_SpeedXP_auto_TC358870XBG_1_VFBGA80_(S1+S2+S3+S4)_TC358870XBG(NOK)_TC358870XBG(NOK)_U8.B_SpeedXP_auto_B9.Output0
2.500000e+00 (V)  X_U8.Xpartial.X_SpeedXP_auto_TC358870XBG_1_VFBGA80_(S1+S2+S3+S4)_TC358870XBG(NOK)_TC358870XBG(NOK)_U8.B_SpeedXP_auto_B9.Output1
0.000000e+00 (V)  X_U8.Xpartial.X_SpeedXP_auto_TC358870XBG_1_VFBGA80_(S1+S2+S3+S4)_TC358870XBG(NOK)_TC358870XBG(NOK)_U8.nd_en_A4
0.000000e+00 (V)  X_U8.Xpartial.X_SpeedXP_auto_TC358870XBG_1_VFBGA80_(S1+S2+S3+S4)_TC358870XBG(NOK)_TC358870XBG(NOK)_U8.nd_en_A5
0.000000e+00 (V)  X_U8.Xpartial.X_SpeedXP_auto_TC358870XBG_1_VFBGA80_(S1+S2+S3+S4)_TC358870XBG(NOK)_TC358870XBG(NOK)_U8.nd_en_A6
0.000000e+00 (V)  X_U8.Xpartial.X_SpeedXP_auto_TC358870XBG_1_VFBGA80_(S1+S2+S3+S4)_TC358870XBG(NOK)_TC358870XBG(NOK)_U8.nd_en_A7
0.000000e+00 (V)  X_U8.Xpartial.X_SpeedXP_auto_TC358870XBG_1_VFBGA80_(S1+S2+S3+S4)_TC358870XBG(NOK)_TC358870XBG(NOK)_U8.nd_en_A8
0.000000e+00 (V)  X_U8.Xpartial.X_SpeedXP_auto_TC358870XBG_1_VFBGA80_(S1+S2+S3+S4)_TC358870XBG(NOK)_TC358870XBG(NOK)_U8.nd_en_A9
0.000000e+00 (V)  X_U8.Xpartial.X_SpeedXP_auto_TC358870XBG_1_VFBGA80_(S1+S2+S3+S4)_TC358870XBG(NOK)_TC358870XBG(NOK)_U8.nd_en_B5
0.000000e+00 (V)  X_U8.Xpartial.X_SpeedXP_auto_TC358870XBG_1_VFBGA80_(S1+S2+S3+S4)_TC358870XBG(NOK)_TC358870XBG(NOK)_U8.nd_en_B6
0.000000e+00 (V)  X_U8.Xpartial.X_SpeedXP_auto_TC358870XBG_1_VFBGA80_(S1+S2+S3+S4)_TC358870XBG(NOK)_TC358870XBG(NOK)_U8.nd_en_B7
0.000000e+00 (V)  X_U8.Xpartial.X_SpeedXP_auto_TC358870XBG_1_VFBGA80_(S1+S2+S3+S4)_TC358870XBG(NOK)_TC358870XBG(NOK)_U8.nd_en_B8
0.000000e+00 (V)  X_U8.Xpartial.X_SpeedXP_auto_TC358870XBG_1_VFBGA80_(S1+S2+S3+S4)_TC358870XBG(NOK)_TC358870XBG(NOK)_U8.nd_en_B9
0.000000e+00 (V)  X_U8.Xpartial.X_SpeedXP_auto_TC358870XBG_1_VFBGA80_(S1+S2+S3+S4)_TC358870XBG(NOK)_TC358870XBG(NOK)_U8.nd_en_C1
0.000000e+00 (V)  X_U8.Xpartial.X_SpeedXP_auto_TC358870XBG_1_VFBGA80_(S1+S2+S3+S4)_TC358870XBG(NOK)_TC358870XBG(NOK)_U8.nd_en_C2
0.000000e+00 (V)  X_U8.Xpartial.X_SpeedXP_auto_TC358870XBG_1_VFBGA80_(S1+S2+S3+S4)_TC358870XBG(NOK)_TC358870XBG(NOK)_U8.nd_en_D1
0.000000e+00 (V)  X_U8.Xpartial.X_SpeedXP_auto_TC358870XBG_1_VFBGA80_(S1+S2+S3+S4)_TC358870XBG(NOK)_TC358870XBG(NOK)_U8.nd_en_D10
0.000000e+00 (V)  X_U8.Xpartial.X_SpeedXP_auto_TC358870XBG_1_VFBGA80_(S1+S2+S3+S4)_TC358870XBG(NOK)_TC358870XBG(NOK)_U8.nd_en_D2
0.000000e+00 (V)  X_U8.Xpartial.X_SpeedXP_auto_TC358870XBG_1_VFBGA80_(S1+S2+S3+S4)_TC358870XBG(NOK)_TC358870XBG(NOK)_U8.nd_en_D9
0.000000e+00 (V)  X_U8.Xpartial.X_SpeedXP_auto_TC358870XBG_1_VFBGA80_(S1+S2+S3+S4)_TC358870XBG(NOK)_TC358870XBG(NOK)_U8.nd_en_E1
0.000000e+00 (V)  X_U8.Xpartial.X_SpeedXP_auto_TC358870XBG_1_VFBGA80_(S1+S2+S3+S4)_TC358870XBG(NOK)_TC358870XBG(NOK)_U8.nd_en_E10
0.000000e+00 (V)  X_U8.Xpartial.X_SpeedXP_auto_TC358870XBG_1_VFBGA80_(S1+S2+S3+S4)_TC358870XBG(NOK)_TC358870XBG(NOK)_U8.nd_en_E2
0.000000e+00 (V)  X_U8.Xpartial.X_SpeedXP_auto_TC358870XBG_1_VFBGA80_(S1+S2+S3+S4)_TC358870XBG(NOK)_TC358870XBG(NOK)_U8.nd_en_E9
0.000000e+00 (V)  X_U8.Xpartial.X_SpeedXP_auto_TC358870XBG_1_VFBGA80_(S1+S2+S3+S4)_TC358870XBG(NOK)_TC358870XBG(NOK)_U8.nd_en_F1
0.000000e+00 (V)  X_U8.Xpartial.X_SpeedXP_auto_TC358870XBG_1_VFBGA80_(S1+S2+S3+S4)_TC358870XBG(NOK)_TC358870XBG(NOK)_U8.nd_en_F10
0.000000e+00 (V)  X_U8.Xpartial.X_SpeedXP_auto_TC358870XBG_1_VFBGA80_(S1+S2+S3+S4)_TC358870XBG(NOK)_TC358870XBG(NOK)_U8.nd_en_F2
0.000000e+00 (V)  X_U8.Xpartial.X_SpeedXP_auto_TC358870XBG_1_VFBGA80_(S1+S2+S3+S4)_TC358870XBG(NOK)_TC358870XBG(NOK)_U8.nd_en_F9
0.000000e+00 (V)  X_U8.Xpartial.X_SpeedXP_auto_TC358870XBG_1_VFBGA80_(S1+S2+S3+S4)_TC358870XBG(NOK)_TC358870XBG(NOK)_U8.nd_en_G10
0.000000e+00 (V)  X_U8.Xpartial.X_SpeedXP_auto_TC358870XBG_1_VFBGA80_(S1+S2+S3+S4)_TC358870XBG(NOK)_TC358870XBG(NOK)_U8.nd_en_G9
0.000000e+00 (V)  X_U8.Xpartial.X_SpeedXP_auto_TC358870XBG_1_VFBGA80_(S1+S2+S3+S4)_TC358870XBG(NOK)_TC358870XBG(NOK)_U8.nd_en_H10
0.000000e+00 (V)  X_U8.Xpartial.X_SpeedXP_auto_TC358870XBG_1_VFBGA80_(S1+S2+S3+S4)_TC358870XBG(NOK)_TC358870XBG(NOK)_U8.nd_en_H9
0.000000e+00 (V)  X_U8.Xpartial.X_SpeedXP_auto_TC358870XBG_1_VFBGA80_(S1+S2+S3+S4)_TC358870XBG(NOK)_TC358870XBG(NOK)_U8.nd_en_K8
0.000000e+00 (V)  X_U8.Xpartial.X_SpeedXP_auto_TC358870XBG_1_VFBGA80_(S1+S2+S3+S4)_TC358870XBG(NOK)_TC358870XBG(NOK)_U8.nd_in_A6
0.000000e+00 (V)  X_U8.Xpartial.X_SpeedXP_auto_TC358870XBG_1_VFBGA80_(S1+S2+S3+S4)_TC358870XBG(NOK)_TC358870XBG(NOK)_U8.nd_in_A7
0.000000e+00 (V)  X_U8.Xpartial.X_SpeedXP_auto_TC358870XBG_1_VFBGA80_(S1+S2+S3+S4)_TC358870XBG(NOK)_TC358870XBG(NOK)_U8.nd_in_A8
0.000000e+00 (V)  X_U8.Xpartial.X_SpeedXP_auto_TC358870XBG_1_VFBGA80_(S1+S2+S3+S4)_TC358870XBG(NOK)_TC358870XBG(NOK)_U8.nd_in_A9
0.000000e+00 (V)  X_U8.Xpartial.X_SpeedXP_auto_TC358870XBG_1_VFBGA80_(S1+S2+S3+S4)_TC358870XBG(NOK)_TC358870XBG(NOK)_U8.nd_in_B6
0.000000e+00 (V)  X_U8.Xpartial.X_SpeedXP_auto_TC358870XBG_1_VFBGA80_(S1+S2+S3+S4)_TC358870XBG(NOK)_TC358870XBG(NOK)_U8.nd_in_B7
0.000000e+00 (V)  X_U8.Xpartial.X_SpeedXP_auto_TC358870XBG_1_VFBGA80_(S1+S2+S3+S4)_TC358870XBG(NOK)_TC358870XBG(NOK)_U8.nd_in_B8
0.000000e+00 (V)  X_U8.Xpartial.X_SpeedXP_auto_TC358870XBG_1_VFBGA80_(S1+S2+S3+S4)_TC358870XBG(NOK)_TC358870XBG(NOK)_U8.nd_in_B9
0.000000e+00 (V)  X_U8.Xpartial.X_SpeedXP_auto_TC358870XBG_1_VFBGA80_(S1+S2+S3+S4)_TC358870XBG(NOK)_TC358870XBG(NOK)_U8.nd_out_of_in_A6
0.000000e+00 (V)  X_U8.Xpartial.X_SpeedXP_auto_TC358870XBG_1_VFBGA80_(S1+S2+S3+S4)_TC358870XBG(NOK)_TC358870XBG(NOK)_U8.nd_out_of_in_A7
1.000000e+00 (V)  X_U8.Xpartial.X_SpeedXP_auto_TC358870XBG_1_VFBGA80_(S1+S2+S3+S4)_TC358870XBG(NOK)_TC358870XBG(NOK)_U8.nd_out_of_in_A8
0.000000e+00 (V)  X_U8.Xpartial.X_SpeedXP_auto_TC358870XBG_1_VFBGA80_(S1+S2+S3+S4)_TC358870XBG(NOK)_TC358870XBG(NOK)_U8.nd_out_of_in_A9
1.000000e+00 (V)  X_U8.Xpartial.X_SpeedXP_auto_TC358870XBG_1_VFBGA80_(S1+S2+S3+S4)_TC358870XBG(NOK)_TC358870XBG(NOK)_U8.nd_out_of_in_B6
1.000000e+00 (V)  X_U8.Xpartial.X_SpeedXP_auto_TC358870XBG_1_VFBGA80_(S1+S2+S3+S4)_TC358870XBG(NOK)_TC358870XBG(NOK)_U8.nd_out_of_in_B7
0.000000e+00 (V)  X_U8.Xpartial.X_SpeedXP_auto_TC358870XBG_1_VFBGA80_(S1+S2+S3+S4)_TC358870XBG(NOK)_TC358870XBG(NOK)_U8.nd_out_of_in_B8
1.000000e+00 (V)  X_U8.Xpartial.X_SpeedXP_auto_TC358870XBG_1_VFBGA80_(S1+S2+S3+S4)_TC358870XBG(NOK)_TC358870XBG(NOK)_U8.nd_out_of_in_B9
2.500000e+00 (V)  X_U8.Xpartial.X_SpeedXP_auto_TC358870XBG_1_VFBGA80_(S1+S2+S3+S4)_TC358870XBG(NOK)_TC358870XBG(NOK)_U8.Power_A6
2.500000e+00 (V)  X_U8.Xpartial.X_SpeedXP_auto_TC358870XBG_1_VFBGA80_(S1+S2+S3+S4)_TC358870XBG(NOK)_TC358870XBG(NOK)_U8.Power_A7
2.500000e+00 (V)  X_U8.Xpartial.X_SpeedXP_auto_TC358870XBG_1_VFBGA80_(S1+S2+S3+S4)_TC358870XBG(NOK)_TC358870XBG(NOK)_U8.Power_A8
2.500000e+00 (V)  X_U8.Xpartial.X_SpeedXP_auto_TC358870XBG_1_VFBGA80_(S1+S2+S3+S4)_TC358870XBG(NOK)_TC358870XBG(NOK)_U8.Power_A9
2.500000e+00 (V)  X_U8.Xpartial.X_SpeedXP_auto_TC358870XBG_1_VFBGA80_(S1+S2+S3+S4)_TC358870XBG(NOK)_TC358870XBG(NOK)_U8.Power_B6
2.500000e+00 (V)  X_U8.Xpartial.X_SpeedXP_auto_TC358870XBG_1_VFBGA80_(S1+S2+S3+S4)_TC358870XBG(NOK)_TC358870XBG(NOK)_U8.Power_B7
2.500000e+00 (V)  X_U8.Xpartial.X_SpeedXP_auto_TC358870XBG_1_VFBGA80_(S1+S2+S3+S4)_TC358870XBG(NOK)_TC358870XBG(NOK)_U8.Power_B8
2.500000e+00 (V)  X_U8.Xpartial.X_SpeedXP_auto_TC358870XBG_1_VFBGA80_(S1+S2+S3+S4)_TC358870XBG(NOK)_TC358870XBG(NOK)_U8.Power_B9
2.500000e+00 (V)  Xvia0.Node2087::MIPI_DSI1_DATA0_Ntmp
1.004355e-10 (V)  Xvia0.Node2166::MIPI_DSI1_DATA0_Ptmp
1.001569e-10 (V)  Xvia1.Node1781::MIPI_DSI1_DATA1_Ntmp
2.500000e+00 (V)  Xvia1.Node2015::MIPI_DSI1_DATA1_Ptmp
2.500000e+00 (V)  Xvia2.Node1322::MIPI_DSI1_DATA2_Ntmp
1.005265e-10 (V)  Xvia2.Node1542::MIPI_DSI1_DATA2_Ptmp
1.001419e-10 (V)  Xvia3.Node1130::MIPI_DSI1_CLK_Ptmp
2.500000e+00 (V)  Xvia3.Node991::MIPI_DSI1_CLK_Ntmp
-1.100000e-12 (A)  V_PWR_VCC_1V1
-1.200000e-12 (A)  V_PWR_VCC_1V2
-1.800000e-12 (A)  V_PWR_VCC_1V8
-3.300000e-12 (A)  V_PWR_VCC_3V3
-5.000000e-12 (A)  V_PWR_VCC_5V
-5.000000e-12 (A)  V_PWR_VCC_5V5
-5.000000e-12 (A)  V_X_CH1.Xpartial.X_SpeedXP_auto_WP7B-P040VA1-R8000_WP7B-P040VA1-R8000_WP7B-P040VA1-R8000_WP7B-P040VA1-R8000_CH1.B_SpeedXP_auto_11.L_pkg
-5.000000e-12 (A)  V_X_CH1.Xpartial.X_SpeedXP_auto_WP7B-P040VA1-R8000_WP7B-P040VA1-R8000_WP7B-P040VA1-R8000_WP7B-P040VA1-R8000_CH1.B_SpeedXP_auto_11.R_pkg
3.125014e-10 (A)  V_X_CH1.Xpartial.X_SpeedXP_auto_WP7B-P040VA1-R8000_WP7B-P040VA1-R8000_WP7B-P040VA1-R8000_WP7B-P040VA1-R8000_CH1.B_SpeedXP_auto_12.L_pkg
3.150014e-10 (A)  V_X_CH1.Xpartial.X_SpeedXP_auto_WP7B-P040VA1-R8000_WP7B-P040VA1-R8000_WP7B-P040VA1-R8000_WP7B-P040VA1-R8000_CH1.B_SpeedXP_auto_12.R_pkg
2.950019e-10 (A)  V_X_CH1.Xpartial.X_SpeedXP_auto_WP7B-P040VA1-R8000_WP7B-P040VA1-R8000_WP7B-P040VA1-R8000_WP7B-P040VA1-R8000_CH1.B_SpeedXP_auto_13.L_pkg
2.975019e-10 (A)  V_X_CH1.Xpartial.X_SpeedXP_auto_WP7B-P040VA1-R8000_WP7B-P040VA1-R8000_WP7B-P040VA1-R8000_WP7B-P040VA1-R8000_CH1.B_SpeedXP_auto_13.R_pkg
-5.000000e-12 (A)  V_X_CH1.Xpartial.X_SpeedXP_auto_WP7B-P040VA1-R8000_WP7B-P040VA1-R8000_WP7B-P040VA1-R8000_WP7B-P040VA1-R8000_CH1.B_SpeedXP_auto_14.L_pkg
-5.000000e-12 (A)  V_X_CH1.Xpartial.X_SpeedXP_auto_WP7B-P040VA1-R8000_WP7B-P040VA1-R8000_WP7B-P040VA1-R8000_WP7B-P040VA1-R8000_CH1.B_SpeedXP_auto_14.R_pkg
-5.000000e-12 (A)  V_X_CH1.Xpartial.X_SpeedXP_auto_WP7B-P040VA1-R8000_WP7B-P040VA1-R8000_WP7B-P040VA1-R8000_WP7B-P040VA1-R8000_CH1.B_SpeedXP_auto_15.L_pkg
-5.000000e-12 (A)  V_X_CH1.Xpartial.X_SpeedXP_auto_WP7B-P040VA1-R8000_WP7B-P040VA1-R8000_WP7B-P040VA1-R8000_WP7B-P040VA1-R8000_CH1.B_SpeedXP_auto_15.R_pkg
2.650011e-10 (A)  V_X_CH1.Xpartial.X_SpeedXP_auto_WP7B-P040VA1-R8000_WP7B-P040VA1-R8000_WP7B-P040VA1-R8000_WP7B-P040VA1-R8000_CH1.B_SpeedXP_auto_16.L_pkg
2.675012e-10 (A)  V_X_CH1.Xpartial.X_SpeedXP_auto_WP7B-P040VA1-R8000_WP7B-P040VA1-R8000_WP7B-P040VA1-R8000_WP7B-P040VA1-R8000_CH1.B_SpeedXP_auto_16.R_pkg
-5.000000e-12 (A)  V_X_CH1.Xpartial.X_SpeedXP_auto_WP7B-P040VA1-R8000_WP7B-P040VA1-R8000_WP7B-P040VA1-R8000_WP7B-P040VA1-R8000_CH1.B_SpeedXP_auto_17.L_pkg
-5.000000e-12 (A)  V_X_CH1.Xpartial.X_SpeedXP_auto_WP7B-P040VA1-R8000_WP7B-P040VA1-R8000_WP7B-P040VA1-R8000_WP7B-P040VA1-R8000_CH1.B_SpeedXP_auto_17.R_pkg
2.450014e-10 (A)  V_X_CH1.Xpartial.X_SpeedXP_auto_WP7B-P040VA1-R8000_WP7B-P040VA1-R8000_WP7B-P040VA1-R8000_WP7B-P040VA1-R8000_CH1.B_SpeedXP_auto_18.L_pkg
2.475015e-10 (A)  V_X_CH1.Xpartial.X_SpeedXP_auto_WP7B-P040VA1-R8000_WP7B-P040VA1-R8000_WP7B-P040VA1-R8000_WP7B-P040VA1-R8000_CH1.B_SpeedXP_auto_18.R_pkg
5.000000e-12 (A)  V_X_U8.Xpartial.X_SpeedXP_auto_TC358870XBG_1_VFBGA80_(S1+S2+S3+S4)_TC358870XBG(NOK)_TC358870XBG(NOK)_U8.B_SpeedXP_auto_A6.L_pkg
5.000000e-12 (A)  V_X_U8.Xpartial.X_SpeedXP_auto_TC358870XBG_1_VFBGA80_(S1+S2+S3+S4)_TC358870XBG(NOK)_TC358870XBG(NOK)_U8.B_SpeedXP_auto_A6.R_pkg
5.000000e-12 (A)  V_X_U8.Xpartial.X_SpeedXP_auto_TC358870XBG_1_VFBGA80_(S1+S2+S3+S4)_TC358870XBG(NOK)_TC358870XBG(NOK)_U8.B_SpeedXP_auto_A7.L_pkg
5.000000e-12 (A)  V_X_U8.Xpartial.X_SpeedXP_auto_TC358870XBG_1_VFBGA80_(S1+S2+S3+S4)_TC358870XBG(NOK)_TC358870XBG(NOK)_U8.B_SpeedXP_auto_A7.R_pkg
-1.000003e-11 (A)  V_X_U8.Xpartial.X_SpeedXP_auto_TC358870XBG_1_VFBGA80_(S1+S2+S3+S4)_TC358870XBG(NOK)_TC358870XBG(NOK)_U8.B_SpeedXP_auto_A8.L_pkg
-7.500028e-12 (A)  V_X_U8.Xpartial.X_SpeedXP_auto_TC358870XBG_1_VFBGA80_(S1+S2+S3+S4)_TC358870XBG(NOK)_TC358870XBG(NOK)_U8.B_SpeedXP_auto_A8.R_pkg
5.000000e-12 (A)  V_X_U8.Xpartial.X_SpeedXP_auto_TC358870XBG_1_VFBGA80_(S1+S2+S3+S4)_TC358870XBG(NOK)_TC358870XBG(NOK)_U8.B_SpeedXP_auto_A9.L_pkg
5.000000e-12 (A)  V_X_U8.Xpartial.X_SpeedXP_auto_TC358870XBG_1_VFBGA80_(S1+S2+S3+S4)_TC358870XBG(NOK)_TC358870XBG(NOK)_U8.B_SpeedXP_auto_A9.R_pkg
-1.000003e-11 (A)  V_X_U8.Xpartial.X_SpeedXP_auto_TC358870XBG_1_VFBGA80_(S1+S2+S3+S4)_TC358870XBG(NOK)_TC358870XBG(NOK)_U8.B_SpeedXP_auto_B6.L_pkg
-7.500001e-12 (A)  V_X_U8.Xpartial.X_SpeedXP_auto_TC358870XBG_1_VFBGA80_(S1+S2+S3+S4)_TC358870XBG(NOK)_TC358870XBG(NOK)_U8.B_SpeedXP_auto_B6.R_pkg
-1.000003e-11 (A)  V_X_U8.Xpartial.X_SpeedXP_auto_TC358870XBG_1_VFBGA80_(S1+S2+S3+S4)_TC358870XBG(NOK)_TC358870XBG(NOK)_U8.B_SpeedXP_auto_B7.L_pkg
-7.500001e-12 (A)  V_X_U8.Xpartial.X_SpeedXP_auto_TC358870XBG_1_VFBGA80_(S1+S2+S3+S4)_TC358870XBG(NOK)_TC358870XBG(NOK)_U8.B_SpeedXP_auto_B7.R_pkg
5.000000e-12 (A)  V_X_U8.Xpartial.X_SpeedXP_auto_TC358870XBG_1_VFBGA80_(S1+S2+S3+S4)_TC358870XBG(NOK)_TC358870XBG(NOK)_U8.B_SpeedXP_auto_B8.L_pkg
5.000000e-12 (A)  V_X_U8.Xpartial.X_SpeedXP_auto_TC358870XBG_1_VFBGA80_(S1+S2+S3+S4)_TC358870XBG(NOK)_TC358870XBG(NOK)_U8.B_SpeedXP_auto_B8.R_pkg
-1.000000e-11 (A)  V_X_U8.Xpartial.X_SpeedXP_auto_TC358870XBG_1_VFBGA80_(S1+S2+S3+S4)_TC358870XBG(NOK)_TC358870XBG(NOK)_U8.B_SpeedXP_auto_B9.L_pkg
-7.500001e-12 (A)  V_X_U8.Xpartial.X_SpeedXP_auto_TC358870XBG_1_VFBGA80_(S1+S2+S3+S4)_TC358870XBG(NOK)_TC358870XBG(NOK)_U8.B_SpeedXP_auto_B9.R_pkg
1.000004e-10 (A)  W_Trace1001_Auto_2834::MIPI_DSI1_DATA2_N~0
1.075005e-10 (A)  W_Trace1010::MIPI_DSI1_DATA2_N~0
-1.175005e-10 (A)  W_Trace1012_Auto_2849::MIPI_DSI1_DATA2_N~0
-1.200005e-10 (A)  W_Trace1014::MIPI_DSI1_DATA2_N~0
1.225005e-10 (A)  W_Trace1024_Auto_2851::MIPI_DSI1_DATA2_N~0
1.325005e-10 (A)  W_Trace1028::MIPI_DSI1_DATA2_N~0
1.375005e-10 (A)  W_Trace1032::MIPI_DSI1_DATA2_N~0
-1.400005e-10 (A)  W_Trace1034::MIPI_DSI1_DATA2_N~0
-1.450005e-10 (A)  W_Trace1034_Auto_1961::MIPI_DSI1_DATA2_N~0
-1.475006e-10 (A)  W_Trace1036::MIPI_DSI1_DATA2_N~0
-1.500006e-10 (A)  W_Trace1037::MIPI_DSI1_DATA2_N~0
1.550006e-10 (A)  W_Trace1042::MIPI_DSI1_DATA2_N~0
1.600007e-10 (A)  W_Trace1054::MIPI_DSI1_DATA2_N~0
-1.650007e-10 (A)  W_Trace1058::MIPI_DSI1_DATA2_N~0
1.675008e-10 (A)  W_Trace1062::MIPI_DSI1_DATA2_N~0
1.700008e-10 (A)  W_Trace1064::MIPI_DSI1_DATA2_N~0
-1.725008e-10 (A)  W_Trace1066#BP0::MIPI_DSI1_DATA2_N~0
-1.825009e-10 (A)  W_Trace1067#BP0::MIPI_DSI1_DATA2_N~0
-1.850009e-10 (A)  W_Trace1067#BP1::MIPI_DSI1_DATA2_N~0
-1.800009e-10 (A)  W_Trace1067_Auto_1965::MIPI_DSI1_DATA2_N~0
-2.000010e-10 (A)  W_Trace1069::MIPI_DSI1_DATA2_N~0
-2.025010e-10 (A)  W_Trace1071::MIPI_DSI1_DATA2_N~0
-2.075010e-10 (A)  W_Trace1071_Auto_2303::MIPI_DSI1_DATA2_N~0
2.125010e-10 (A)  W_Trace1080::MIPI_DSI1_DATA2_N~0
2.175011e-10 (A)  W_Trace1091::MIPI_DSI1_DATA2_N~0
2.225011e-10 (A)  W_Trace1102::MIPI_DSI1_DATA2_N~0
2.275011e-10 (A)  W_Trace1113::MIPI_DSI1_DATA2_N~0
2.325012e-10 (A)  W_Trace1124::MIPI_DSI1_DATA2_N~0
2.375012e-10 (A)  W_Trace1135::MIPI_DSI1_DATA2_N~0
2.425012e-10 (A)  W_Trace1146::MIPI_DSI1_DATA2_N~0
2.475012e-10 (A)  W_Trace1157::MIPI_DSI1_DATA2_N~0
2.525012e-10 (A)  W_Trace1168::MIPI_DSI1_DATA2_N~0
-2.550012e-10 (A)  W_Trace1170_Auto_2356::MIPI_DSI1_DATA2_N~0
2.625013e-10 (A)  W_Trace1179::MIPI_DSI1_DATA2_N~0
-2.650013e-10 (A)  W_Trace1181::MIPI_DSI1_DATA2_N~0
-2.700013e-10 (A)  W_Trace1181_Auto_2390::MIPI_DSI1_DATA2_N~0
2.750013e-10 (A)  W_Trace1183::MIPI_DSI1_DATA2_N~0
2.825013e-10 (A)  W_Trace1185_Auto_2286::MIPI_DSI1_DATA2_N~0
2.775013e-10 (A)  W_Trace1185_Auto_2293::MIPI_DSI1_DATA2_N~0
2.875014e-10 (A)  W_Trace1185_Auto_2297::MIPI_DSI1_DATA2_N~0
3.100014e-10 (A)  W_Trace1186_Auto_2011::MIPI_DSI1_DATA2_N~0
3.050014e-10 (A)  W_Trace1186_Auto_2025::MIPI_DSI1_DATA2_N~0
5.000000e-12 (A)  W_Trace1187::MIPI_DSI1_DATA2_P~0
5.000000e-12 (A)  W_Trace1188_Auto_1322::MIPI_DSI1_DATA2_P~0
5.000000e-12 (A)  W_Trace1188_Auto_1334::MIPI_DSI1_DATA2_P~0
5.000000e-12 (A)  W_Trace1188_Auto_1340::MIPI_DSI1_DATA2_P~0
5.000000e-12 (A)  W_Trace1189::MIPI_DSI1_DATA2_P~0
5.000000e-12 (A)  W_Trace1191::MIPI_DSI1_DATA2_P~0
5.000000e-12 (A)  W_Trace1192_Auto_1311::MIPI_DSI1_DATA2_P~0
5.000000e-12 (A)  W_Trace1194_Auto_1955::MIPI_DSI1_DATA2_P~0
-5.000000e-12 (A)  W_Trace1198::MIPI_DSI1_DATA2_P~0
5.000000e-12 (A)  W_Trace1208#BP0::MIPI_DSI1_DATA2_P~0
5.000000e-12 (A)  W_Trace1208#BP1::MIPI_DSI1_DATA2_P~0
-5.000000e-12 (A)  W_Trace1208::MIPI_DSI1_DATA2_P~0
5.000000e-12 (A)  W_Trace1210::MIPI_DSI1_DATA2_P~0
5.000000e-12 (A)  W_Trace1211::MIPI_DSI1_DATA2_P~0
5.000000e-12 (A)  W_Trace1213::MIPI_DSI1_DATA2_P~0
-5.000000e-12 (A)  W_Trace1218::MIPI_DSI1_DATA2_P~0
-5.000000e-12 (A)  W_Trace1223::MIPI_DSI1_DATA2_P~0
-5.000000e-12 (A)  W_Trace1225::MIPI_DSI1_DATA2_P~0
5.000000e-12 (A)  W_Trace1227::MIPI_DSI1_DATA2_P~0
5.000000e-12 (A)  W_Trace1236::MIPI_DSI1_DATA2_P~0
-5.000000e-12 (A)  W_Trace1246::MIPI_DSI1_DATA2_P~0
-5.000000e-12 (A)  W_Trace1248::MIPI_DSI1_DATA2_P~0
-5.000000e-12 (A)  W_Trace1252::MIPI_DSI1_DATA2_P~0
5.000000e-12 (A)  W_Trace1253::MIPI_DSI1_DATA2_P~0
5.000000e-12 (A)  W_Trace1255::MIPI_DSI1_DATA2_P~0
5.000000e-12 (A)  W_Trace1258::MIPI_DSI1_DATA2_P~0
5.000000e-12 (A)  W_Trace1260::MIPI_DSI1_DATA2_P~0
5.000000e-12 (A)  W_Trace1262#BP0::MIPI_DSI1_DATA2_P~0
5.000000e-12 (A)  W_Trace1262#BP1::MIPI_DSI1_DATA2_P~0
5.000000e-12 (A)  W_Trace1262_Auto_1958::MIPI_DSI1_DATA2_P~0
5.000000e-12 (A)  W_Trace1266_Auto_1963::MIPI_DSI1_DATA2_P~0
5.000000e-12 (A)  W_Trace1267::MIPI_DSI1_DATA2_P~0
-5.000000e-12 (A)  W_Trace1271::MIPI_DSI1_DATA2_P~0
-5.000000e-12 (A)  W_Trace1282::MIPI_DSI1_DATA2_P~0
5.000000e-12 (A)  W_Trace1286::MIPI_DSI1_DATA2_P~0
-5.000000e-12 (A)  W_Trace1290::MIPI_DSI1_DATA2_P~0
-5.000000e-12 (A)  W_Trace1294::MIPI_DSI1_DATA2_P~0
5.000000e-12 (A)  W_Trace1295::MIPI_DSI1_DATA2_P~0
-5.000000e-12 (A)  W_Trace1299::MIPI_DSI1_DATA2_P~0
5.000000e-12 (A)  W_Trace1304#BP0::MIPI_DSI1_DATA2_P~0
-5.000000e-12 (A)  W_Trace1304::MIPI_DSI1_DATA2_P~0
5.000000e-12 (A)  W_Trace1306::MIPI_DSI1_DATA2_P~0
-5.000000e-12 (A)  W_Trace1315::MIPI_DSI1_DATA2_P~0
-5.000000e-12 (A)  W_Trace1326::MIPI_DSI1_DATA2_P~0
-5.000000e-12 (A)  W_Trace1332::MIPI_DSI1_DATA2_P~0
5.000000e-12 (A)  W_Trace1334::MIPI_DSI1_DATA2_P~0
5.000000e-12 (A)  W_Trace1334_Auto_2316::MIPI_DSI1_DATA2_P~0
5.000000e-12 (A)  W_Trace1334_Auto_2326::MIPI_DSI1_DATA2_P~0
5.000000e-12 (A)  W_Trace1336::MIPI_DSI1_DATA2_P~0
5.000000e-12 (A)  W_Trace1338::MIPI_DSI1_DATA2_P~0
5.000000e-12 (A)  W_Trace1338_Auto_2302::MIPI_DSI1_DATA2_P~0
5.000000e-12 (A)  W_Trace1338_Auto_2305::MIPI_DSI1_DATA2_P~0
5.000000e-12 (A)  W_Trace1338_Auto_2328::MIPI_DSI1_DATA2_P~0
5.000000e-12 (A)  W_Trace1338_Auto_2369::MIPI_DSI1_DATA2_P~0
5.000000e-12 (A)  W_Trace1338_Auto_2375::MIPI_DSI1_DATA2_P~0
5.000000e-12 (A)  W_Trace1338_Auto_2381::MIPI_DSI1_DATA2_P~0
5.000000e-12 (A)  W_Trace1340::MIPI_DSI1_DATA2_P~0
5.000000e-12 (A)  W_Trace1342_Auto_2243::MIPI_DSI1_DATA2_P~0
-5.000000e-12 (A)  W_Trace1342_Auto_2299::MIPI_DSI1_DATA2_P~0
5.000000e-12 (A)  W_Trace1343::MIPI_DSI1_DATA2_P~0
5.000000e-12 (A)  W_Trace1344::MIPI_DSI1_DATA2_P~0
-5.000000e-12 (A)  W_Trace1345::MIPI_DSI1_DATA2_P~0
-5.000000e-12 (A)  W_Trace1345_Auto_2027::MIPI_DSI1_DATA2_P~0
-5.000000e-12 (A)  W_Trace1348::MIPI_DSI1_DATA1_N~0
5.000000e-12 (A)  W_Trace1350::MIPI_DSI1_DATA1_N~0
5.000000e-12 (A)  W_Trace1351_Auto_1316::MIPI_DSI1_DATA1_N~0
5.000000e-12 (A)  W_Trace1351_Auto_1328::MIPI_DSI1_DATA1_N~0
5.000000e-12 (A)  W_Trace1353::MIPI_DSI1_DATA1_N~0
5.000000e-12 (A)  W_Trace1356::MIPI_DSI1_DATA1_N~0
5.000000e-12 (A)  W_Trace1357::MIPI_DSI1_DATA1_N~0
5.000000e-12 (A)  W_Trace1359::MIPI_DSI1_DATA1_N~0
-5.000000e-12 (A)  W_Trace1363::MIPI_DSI1_DATA1_N~0
-5.000000e-12 (A)  W_Trace1374::MIPI_DSI1_DATA1_N~0
5.000000e-12 (A)  W_Trace1376_Auto_92::MIPI_DSI1_DATA1_N~0
-5.000000e-12 (A)  W_Trace1380::MIPI_DSI1_DATA1_N~0
-5.000000e-12 (A)  W_Trace1386::MIPI_DSI1_DATA1_N~0
-5.000000e-12 (A)  W_Trace1397::MIPI_DSI1_DATA1_N~0
5.000000e-12 (A)  W_Trace1401::MIPI_DSI1_DATA1_N~0
-5.000000e-12 (A)  W_Trace1409::MIPI_DSI1_DATA1_N~0
5.000000e-12 (A)  W_Trace1409_Auto_541::MIPI_DSI1_DATA1_N~0
-5.000000e-12 (A)  W_Trace1411::MIPI_DSI1_DATA1_N~0
5.000000e-12 (A)  W_Trace1413::MIPI_DSI1_DATA1_N~0
5.000000e-12 (A)  W_Trace1413_Auto_178::MIPI_DSI1_DATA1_N~0
-5.000000e-12 (A)  W_Trace1434::MIPI_DSI1_DATA1_N~0
-5.000000e-12 (A)  W_Trace1440::MIPI_DSI1_DATA1_N~0
-5.000000e-12 (A)  W_Trace1442::MIPI_DSI1_DATA1_N~0
5.000000e-12 (A)  W_Trace1443::MIPI_DSI1_DATA1_N~0
5.000000e-12 (A)  W_Trace1443_Auto_2320::MIPI_DSI1_DATA1_N~0
5.000000e-12 (A)  W_Trace1445::MIPI_DSI1_DATA1_N~0
5.000000e-12 (A)  W_Trace1447#BP0_Auto_2394::MIPI_DSI1_DATA1_N~0
-5.000000e-12 (A)  W_Trace1449_Auto_2273::MIPI_DSI1_DATA1_N~0
-5.000000e-12 (A)  W_Trace1451::MIPI_DSI1_DATA1_N~0
-5.000000e-12 (A)  W_Trace1451_Auto_2259::MIPI_DSI1_DATA1_N~0
-5.000000e-12 (A)  W_Trace1451_Auto_2261::MIPI_DSI1_DATA1_N~0
5.000000e-12 (A)  W_Trace1452::MIPI_DSI1_DATA1_N~0
-5.000000e-12 (A)  W_Trace1453_Auto_2295::MIPI_DSI1_DATA1_N~0
-5.000000e-12 (A)  W_Trace1454::MIPI_DSI1_DATA1_N~0
-1.250007e-11 (A)  W_Trace1558::MIPI_DSI1_DATA1_P~0
-2.250019e-11 (A)  W_Trace1559_Auto_1314::MIPI_DSI1_DATA1_P~0
-2.750024e-11 (A)  W_Trace1559_Auto_1326::MIPI_DSI1_DATA1_P~0
-3.000023e-11 (A)  W_Trace1561::MIPI_DSI1_DATA1_P~0
-3.250027e-11 (A)  W_Trace1563::MIPI_DSI1_DATA1_P~0
4.250028e-11 (A)  W_Trace1565::MIPI_DSI1_DATA1_P~0
4.750028e-11 (A)  W_Trace1571::MIPI_DSI1_DATA1_P~0
5.500030e-11 (A)  W_Trace1573::MIPI_DSI1_DATA1_P~0
5.000027e-11 (A)  W_Trace1573_Auto_88::MIPI_DSI1_DATA1_P~0
-5.750031e-11 (A)  W_Trace1575::MIPI_DSI1_DATA1_P~0
6.500034e-11 (A)  W_Trace1582::MIPI_DSI1_DATA1_P~0
-7.250044e-11 (A)  W_Trace1584_Auto_70::MIPI_DSI1_DATA1_P~0
-6.750033e-11 (A)  W_Trace1584_Auto_75::MIPI_DSI1_DATA1_P~0
7.500051e-11 (A)  W_Trace1588::MIPI_DSI1_DATA1_P~0
8.000049e-11 (A)  W_Trace1594::MIPI_DSI1_DATA1_P~0
8.250052e-11 (A)  W_Trace1596_Auto_71::MIPI_DSI1_DATA1_P~0
9.000065e-11 (A)  W_Trace1596_Auto_72::MIPI_DSI1_DATA1_P~0
9.250067e-11 (A)  W_Trace1605::MIPI_DSI1_DATA1_P~0
-9.500069e-11 (A)  W_Trace1607_Auto_78::MIPI_DSI1_DATA1_P~0
-1.000008e-10 (A)  W_Trace1607_Auto_79::MIPI_DSI1_DATA1_P~0
1.025008e-10 (A)  W_Trace1611::MIPI_DSI1_DATA1_P~0
1.075008e-10 (A)  W_Trace1615::MIPI_DSI1_DATA1_P~0
1.200009e-10 (A)  W_Trace1617::MIPI_DSI1_DATA1_P~0
1.225008e-10 (A)  W_Trace1619::MIPI_DSI1_DATA1_P~0
1.275009e-10 (A)  W_Trace1625::MIPI_DSI1_DATA1_P~0
1.325009e-10 (A)  W_Trace1636::MIPI_DSI1_DATA1_P~0
1.375009e-10 (A)  W_Trace1647::MIPI_DSI1_DATA1_P~0
1.425010e-10 (A)  W_Trace1649::MIPI_DSI1_DATA1_P~0
1.450009e-10 (A)  W_Trace1658#BP0::MIPI_DSI1_DATA1_P~0
-1.475010e-10 (A)  W_Trace1660::MIPI_DSI1_DATA1_P~0
1.525010e-10 (A)  W_Trace1664::MIPI_DSI1_DATA1_P~0
-1.675010e-10 (A)  W_Trace1666#BP0_Auto_174::MIPI_DSI1_DATA1_P~0
-1.625010e-10 (A)  W_Trace1666_Auto_176::MIPI_DSI1_DATA1_P~0
-1.575010e-10 (A)  W_Trace1666_Auto_180::MIPI_DSI1_DATA1_P~0
-1.750012e-10 (A)  W_Trace1668::MIPI_DSI1_DATA1_P~0
-1.825013e-10 (A)  W_Trace1672::MIPI_DSI1_DATA1_P~0
-1.900013e-10 (A)  W_Trace1673_Auto_2311::MIPI_DSI1_DATA1_P~0
-1.925013e-10 (A)  W_Trace1675::MIPI_DSI1_DATA1_P~0
-1.975014e-10 (A)  W_Trace1677::MIPI_DSI1_DATA1_P~0
-2.550017e-10 (A)  W_Trace1677_Auto_2392::MIPI_DSI1_DATA1_P~0
-2.575017e-10 (A)  W_Trace1679::MIPI_DSI1_DATA1_P~0
2.675018e-10 (A)  W_Trace1681_Auto_2285::MIPI_DSI1_DATA1_P~0
-2.725018e-10 (A)  W_Trace1682::MIPI_DSI1_DATA1_P~0
-2.800018e-10 (A)  W_Trace1684::MIPI_DSI1_DATA1_P~0
2.925019e-10 (A)  W_Trace1686::MIPI_DSI1_DATA1_P~0
2.875019e-10 (A)  W_Trace1686_Auto_2023::MIPI_DSI1_DATA1_P~0
1.250003e-11 (A)  W_Trace1689::MIPI_DSI1_DATA0_N~0
-1.500001e-11 (A)  W_Trace1691::MIPI_DSI1_DATA0_N~0
-2.250003e-11 (A)  W_Trace1693::MIPI_DSI1_DATA0_N~0
-3.500002e-11 (A)  W_Trace1695_Auto_648::MIPI_DSI1_DATA0_N~0
-3.750003e-11 (A)  W_Trace1697::MIPI_DSI1_DATA0_N~0
-4.000003e-11 (A)  W_Trace1699::MIPI_DSI1_DATA0_N~0
4.750005e-11 (A)  W_Trace1701::MIPI_DSI1_DATA0_N~0
-5.000003e-11 (A)  W_Trace1702::MIPI_DSI1_DATA0_N~0
-5.250009e-11 (A)  W_Trace1710::MIPI_DSI1_DATA0_N~0
-5.750015e-11 (A)  W_Trace1710_Auto_82::MIPI_DSI1_DATA0_N~0
6.000016e-11 (A)  W_Trace1714::MIPI_DSI1_DATA0_N~0
-7.000026e-11 (A)  W_Trace1719::MIPI_DSI1_DATA0_N~0
-7.750030e-11 (A)  W_Trace1726::MIPI_DSI1_DATA0_N~0
-8.000037e-11 (A)  W_Trace1727::MIPI_DSI1_DATA0_N~0
8.500039e-11 (A)  W_Trace1731::MIPI_DSI1_DATA0_N~0
-9.000039e-11 (A)  W_Trace1733_Auto_376::MIPI_DSI1_DATA0_N~0
-9.750033e-11 (A)  W_Trace1735::MIPI_DSI1_DATA0_N~0
-1.050005e-10 (A)  W_Trace1742::MIPI_DSI1_DATA0_N~0
-1.075005e-10 (A)  W_Trace1743::MIPI_DSI1_DATA0_N~0
-1.125005e-10 (A)  W_Trace1743_Auto_1969::MIPI_DSI1_DATA0_N~0
-1.150005e-10 (A)  W_Trace1745::MIPI_DSI1_DATA0_N~0
-1.175005e-10 (A)  W_Trace1747::MIPI_DSI1_DATA0_N~0
1.225005e-10 (A)  W_Trace1751::MIPI_DSI1_DATA0_N~0
-1.250005e-10 (A)  W_Trace1753::MIPI_DSI1_DATA0_N~0
-1.325005e-10 (A)  W_Trace1753_Auto_1997::MIPI_DSI1_DATA0_N~0
-1.350005e-10 (A)  W_Trace1755::MIPI_DSI1_DATA0_N~0
1.375006e-10 (A)  W_Trace1756::MIPI_DSI1_DATA0_N~0
1.400006e-10 (A)  W_Trace1761::MIPI_DSI1_DATA0_N~0
-1.450007e-10 (A)  W_Trace1762#BP0::MIPI_DSI1_DATA0_N~0
1.425007e-10 (A)  W_Trace1762::MIPI_DSI1_DATA0_N~0
1.550008e-10 (A)  W_Trace1764::MIPI_DSI1_DATA0_N~0
1.475007e-10 (A)  W_Trace1764_Auto_1995::MIPI_DSI1_DATA0_N~0
1.575008e-10 (A)  W_Trace1773::MIPI_DSI1_DATA0_N~0
-1.600008e-10 (A)  W_Trace1775::MIPI_DSI1_DATA0_N~0
-1.650008e-10 (A)  W_Trace1775_Auto_1976::MIPI_DSI1_DATA0_N~0
-1.675009e-10 (A)  W_Trace1777::MIPI_DSI1_DATA0_N~0
1.750009e-10 (A)  W_Trace1786::MIPI_DSI1_DATA0_N~0
1.700009e-10 (A)  W_Trace1786_Auto_1974::MIPI_DSI1_DATA0_N~0
1.775009e-10 (A)  W_Trace1792::MIPI_DSI1_DATA0_N~0
-1.800008e-10 (A)  W_Trace1793::MIPI_DSI1_DATA0_N~0
-1.850009e-10 (A)  W_Trace1793_Auto_1999::MIPI_DSI1_DATA0_N~0
-1.875009e-10 (A)  W_Trace1795::MIPI_DSI1_DATA0_N~0
-1.900010e-10 (A)  W_Trace1798::MIPI_DSI1_DATA0_N~0
-1.950010e-10 (A)  W_Trace1801::MIPI_DSI1_DATA0_N~0
2.100011e-10 (A)  W_Trace1806::MIPI_DSI1_DATA0_N~0
-2.125011e-10 (A)  W_Trace1808::MIPI_DSI1_DATA0_N~0
2.200013e-10 (A)  W_Trace1812::MIPI_DSI1_DATA0_N~0
2.150012e-10 (A)  W_Trace1812_Auto_2405::MIPI_DSI1_DATA0_N~0
-2.225013e-10 (A)  W_Trace1813::MIPI_DSI1_DATA0_N~0
2.350014e-10 (A)  W_Trace1814::MIPI_DSI1_DATA0_N~0
2.275014e-10 (A)  W_Trace1814_Auto_2277::MIPI_DSI1_DATA0_N~0
2.425014e-10 (A)  W_Trace1815::MIPI_DSI1_DATA0_N~0
2.375014e-10 (A)  W_Trace1815_Auto_2019::MIPI_DSI1_DATA0_N~0
5.000000e-12 (A)  W_Trace1816::MIPI_DSI1_DATA0_P~0
-5.000000e-12 (A)  W_Trace1817::MIPI_DSI1_DATA0_P~0
5.000000e-12 (A)  W_Trace1818::MIPI_DSI1_DATA0_P~0
5.000000e-12 (A)  W_Trace1820::MIPI_DSI1_DATA0_P~0
5.000000e-12 (A)  W_Trace1822::MIPI_DSI1_DATA0_P~0
5.000000e-12 (A)  W_Trace1822_Auto_1972::MIPI_DSI1_DATA0_P~0
5.000000e-12 (A)  W_Trace1824::MIPI_DSI1_DATA0_P~0
5.000000e-12 (A)  W_Trace1828::MIPI_DSI1_DATA0_P~0
-5.000000e-12 (A)  W_Trace1837::MIPI_DSI1_DATA0_P~0
-5.000000e-12 (A)  W_Trace1839_Auto_1978::MIPI_DSI1_DATA0_P~0
5.000000e-12 (A)  W_Trace1841::MIPI_DSI1_DATA0_P~0
5.000000e-12 (A)  W_Trace1850_Auto_1975::MIPI_DSI1_DATA0_P~0
-5.000000e-12 (A)  W_Trace1859::MIPI_DSI1_DATA0_P~0
-5.000000e-12 (A)  W_Trace1861_Auto_1973::MIPI_DSI1_DATA0_P~0
-5.000000e-12 (A)  W_Trace1866::MIPI_DSI1_DATA0_P~0
-5.000000e-12 (A)  W_Trace1872::MIPI_DSI1_DATA0_P~0
5.000000e-12 (A)  W_Trace1875_Auto_2005::MIPI_DSI1_DATA0_P~0
5.000000e-12 (A)  W_Trace1876::MIPI_DSI1_DATA0_P~0
5.000000e-12 (A)  W_Trace1878::MIPI_DSI1_DATA0_P~0
5.000000e-12 (A)  W_Trace1878_Auto_2003::MIPI_DSI1_DATA0_P~0
5.000000e-12 (A)  W_Trace1879::MIPI_DSI1_DATA0_P~0
5.000000e-12 (A)  W_Trace1880::MIPI_DSI1_DATA0_P~0
5.000000e-12 (A)  W_Trace1880_Auto_2001::MIPI_DSI1_DATA0_P~0
-5.000000e-12 (A)  W_Trace1881_Auto_2008::MIPI_DSI1_DATA0_P~0
-5.000000e-12 (A)  W_Trace1885::MIPI_DSI1_DATA0_P~0
5.000000e-12 (A)  W_Trace1888::MIPI_DSI1_DATA0_P~0
-5.000000e-12 (A)  W_Trace1891::MIPI_DSI1_DATA0_P~0
-5.000000e-12 (A)  W_Trace1892::MIPI_DSI1_DATA0_P~0
-5.000000e-12 (A)  W_Trace1892_Auto_2017::MIPI_DSI1_DATA0_P~0
5.000000e-12 (A)  W_Trace1898::MIPI_DSI1_DATA0_P~0
5.000000e-12 (A)  W_Trace1902::MIPI_DSI1_DATA0_P~0
5.000000e-12 (A)  W_Trace1904_Auto_684::MIPI_DSI1_DATA0_P~0
-5.000000e-12 (A)  W_Trace1908::MIPI_DSI1_DATA0_P~0
-5.000000e-12 (A)  W_Trace1910::MIPI_DSI1_DATA0_P~0
-5.000000e-12 (A)  W_Trace1910_Auto_85::MIPI_DSI1_DATA0_P~0
-5.000000e-12 (A)  W_Trace1919::MIPI_DSI1_DATA0_P~0
5.000000e-12 (A)  W_Trace1921::MIPI_DSI1_DATA0_P~0
5.000000e-12 (A)  W_Trace1921_Auto_88::MIPI_DSI1_DATA0_P~0
-5.000000e-12 (A)  W_Trace1924::MIPI_DSI1_DATA0_P~0
5.000000e-12 (A)  W_Trace1926::MIPI_DSI1_DATA0_P~0
5.000000e-12 (A)  W_Trace1926_Auto_73::MIPI_DSI1_DATA0_P~0
-5.000000e-12 (A)  W_Trace1930::MIPI_DSI1_DATA0_P~0
-5.000000e-12 (A)  W_Trace1932::MIPI_DSI1_DATA0_P~0
-5.000000e-12 (A)  W_Trace1932_Auto_76::MIPI_DSI1_DATA0_P~0
-5.000000e-12 (A)  W_Trace1941::MIPI_DSI1_DATA0_P~0
5.000000e-12 (A)  W_Trace1943::MIPI_DSI1_DATA0_P~0
5.000000e-12 (A)  W_Trace1943_Auto_79::MIPI_DSI1_DATA0_P~0
-5.000000e-12 (A)  W_Trace1946::MIPI_DSI1_DATA0_P~0
5.000000e-12 (A)  W_Trace1948::MIPI_DSI1_DATA0_P~0
-5.000000e-12 (A)  W_Trace1952::MIPI_DSI1_DATA0_P~0
-5.000000e-12 (A)  W_Trace1954::MIPI_DSI1_DATA0_P~0
-5.000000e-12 (A)  W_Trace1954_Auto_368::MIPI_DSI1_DATA0_P~0
-5.000000e-12 (A)  W_Trace1963::MIPI_DSI1_DATA0_P~0
-5.000000e-12 (A)  W_Trace1969::MIPI_DSI1_DATA0_P~0
5.000000e-12 (A)  W_Trace1973::MIPI_DSI1_DATA0_P~0
-2.025009e-10 (A)  W_Trace551::MIPI_DSI1_CLK_N~0
-1.975009e-10 (A)  W_Trace555::MIPI_DSI1_CLK_N~0
1.950009e-10 (A)  W_Trace557::MIPI_DSI1_CLK_N~0
1.900009e-10 (A)  W_Trace557_Auto_442::MIPI_DSI1_CLK_N~0
1.875009e-10 (A)  W_Trace559::MIPI_DSI1_CLK_N~0
1.850009e-10 (A)  W_Trace561::MIPI_DSI1_CLK_N~0
1.800009e-10 (A)  W_Trace562::MIPI_DSI1_CLK_N~0
1.775008e-10 (A)  W_Trace573::MIPI_DSI1_CLK_N~0
1.700008e-10 (A)  W_Trace574_Auto_453::MIPI_DSI1_CLK_N~0
1.675007e-10 (A)  W_Trace575::MIPI_DSI1_CLK_N~0
-1.600007e-10 (A)  W_Trace584::MIPI_DSI1_CLK_N~0
-1.450006e-10 (A)  W_Trace586::MIPI_DSI1_CLK_N~0
1.425006e-10 (A)  W_Trace588::MIPI_DSI1_CLK_N~0
1.400006e-10 (A)  W_Trace598::MIPI_DSI1_CLK_N~0
1.250005e-10 (A)  W_Trace598_Auto_479::MIPI_DSI1_CLK_N~0
-1.225005e-10 (A)  W_Trace607::MIPI_DSI1_CLK_N~0
-1.150005e-10 (A)  W_Trace610::MIPI_DSI1_CLK_N~0
-1.200005e-10 (A)  W_Trace610_Auto_475::MIPI_DSI1_CLK_N~0
1.125005e-10 (A)  W_Trace611::MIPI_DSI1_CLK_N~0
-1.000005e-10 (A)  W_Trace627::MIPI_DSI1_CLK_N~0
-1.050005e-10 (A)  W_Trace627_Auto_544::MIPI_DSI1_CLK_N~0
-1.100005e-10 (A)  W_Trace627_Auto_555::MIPI_DSI1_CLK_N~0
-6.250024e-11 (A)  W_Trace628::MIPI_DSI1_CLK_N~0
-9.750041e-11 (A)  W_Trace628_Auto_667::MIPI_DSI1_CLK_N~0
-6.750023e-11 (A)  W_Trace628_Auto_672::MIPI_DSI1_CLK_N~0
6.000023e-11 (A)  W_Trace630::MIPI_DSI1_CLK_N~0
-5.750020e-11 (A)  W_Trace632_Auto_688::MIPI_DSI1_CLK_N~0
4.000012e-11 (A)  W_Trace633::MIPI_DSI1_CLK_N~0
-2.500002e-11 (A)  W_Trace636_Auto_1320::MIPI_DSI1_CLK_N~0
-3.000009e-11 (A)  W_Trace636_Auto_1332::MIPI_DSI1_CLK_N~0
-3.500015e-11 (A)  W_Trace636_Auto_1338::MIPI_DSI1_CLK_N~0
-1.500000e-11 (A)  W_Trace637::MIPI_DSI1_CLK_N~0
1.250004e-11 (A)  W_Trace638::MIPI_DSI1_CLK_N~0
2.625011e-10 (A)  W_Trace639::MIPI_DSI1_CLK_N~0
-2.575012e-10 (A)  W_Trace641::MIPI_DSI1_CLK_N~0
2.550011e-10 (A)  W_Trace643::MIPI_DSI1_CLK_N~0
-2.425011e-10 (A)  W_Trace644_Auto_2399::MIPI_DSI1_CLK_N~0
2.300010e-10 (A)  W_Trace646::MIPI_DSI1_CLK_N~0
-2.225009e-10 (A)  W_Trace648::MIPI_DSI1_CLK_N~0
2.200009e-10 (A)  W_Trace650::MIPI_DSI1_CLK_N~0
2.175009e-10 (A)  W_Trace652::MIPI_DSI1_CLK_N~0
2.125009e-10 (A)  W_Trace652_Auto_2323::MIPI_DSI1_CLK_N~0
2.100009e-10 (A)  W_Trace654::MIPI_DSI1_CLK_N~0
-5.000000e-12 (A)  W_Trace659::MIPI_DSI1_CLK_P~0
-5.000000e-12 (A)  W_Trace661#BP0::MIPI_DSI1_CLK_P~0
-5.000000e-12 (A)  W_Trace661#BP0_Auto_438::MIPI_DSI1_CLK_P~0
-5.000000e-12 (A)  W_Trace663::MIPI_DSI1_CLK_P~0
-5.000000e-12 (A)  W_Trace665::MIPI_DSI1_CLK_P~0
-5.000000e-12 (A)  W_Trace667::MIPI_DSI1_CLK_P~0
5.000000e-12 (A)  W_Trace679::MIPI_DSI1_CLK_P~0
-5.000000e-12 (A)  W_Trace681_Auto_501::MIPI_DSI1_CLK_P~0
-5.000000e-12 (A)  W_Trace682::MIPI_DSI1_CLK_P~0
-5.000000e-12 (A)  W_Trace683_Auto_493::MIPI_DSI1_CLK_P~0
-5.000000e-12 (A)  W_Trace683_Auto_499::MIPI_DSI1_CLK_P~0
-5.000000e-12 (A)  W_Trace685::MIPI_DSI1_CLK_P~0
5.000000e-12 (A)  W_Trace694::MIPI_DSI1_CLK_P~0
5.000000e-12 (A)  W_Trace694_Auto_486::MIPI_DSI1_CLK_P~0
5.000000e-12 (A)  W_Trace694_Auto_489::MIPI_DSI1_CLK_P~0
5.000000e-12 (A)  W_Trace704::MIPI_DSI1_CLK_P~0
-5.000000e-12 (A)  W_Trace706::MIPI_DSI1_CLK_P~0
-5.000000e-12 (A)  W_Trace706_Auto_482::MIPI_DSI1_CLK_P~0
-5.000000e-12 (A)  W_Trace706_Auto_488::MIPI_DSI1_CLK_P~0
-5.000000e-12 (A)  W_Trace708::MIPI_DSI1_CLK_P~0
5.000000e-12 (A)  W_Trace715::MIPI_DSI1_CLK_P~0
5.000000e-12 (A)  W_Trace716::MIPI_DSI1_CLK_P~0
5.000000e-12 (A)  W_Trace716_Auto_472::MIPI_DSI1_CLK_P~0
5.000000e-12 (A)  W_Trace722::MIPI_DSI1_CLK_P~0
5.000000e-12 (A)  W_Trace727::MIPI_DSI1_CLK_P~0
-5.000000e-12 (A)  W_Trace730::MIPI_DSI1_CLK_P~0
-5.000000e-12 (A)  W_Trace730_Auto_476::MIPI_DSI1_CLK_P~0
5.000000e-12 (A)  W_Trace733::MIPI_DSI1_CLK_P~0
5.000000e-12 (A)  W_Trace735::MIPI_DSI1_CLK_P~0
5.000000e-12 (A)  W_Trace735_Auto_537::MIPI_DSI1_CLK_P~0
5.000000e-12 (A)  W_Trace735_Auto_538::MIPI_DSI1_CLK_P~0
5.000000e-12 (A)  W_Trace736::MIPI_DSI1_CLK_P~0
5.000000e-12 (A)  W_Trace736_Auto_670::MIPI_DSI1_CLK_P~0
-5.000000e-12 (A)  W_Trace738::MIPI_DSI1_CLK_P~0
5.000000e-12 (A)  W_Trace742::MIPI_DSI1_CLK_P~0
5.000000e-12 (A)  W_Trace744_Auto_1318::MIPI_DSI1_CLK_P~0
5.000000e-12 (A)  W_Trace745::MIPI_DSI1_CLK_P~0
-5.000000e-12 (A)  W_Trace748_Auto_2014::MIPI_DSI1_CLK_P~0
-5.000000e-12 (A)  W_Trace751::MIPI_DSI1_CLK_P~0
-5.000000e-12 (A)  W_Trace752::MIPI_DSI1_CLK_P~0
-5.000000e-12 (A)  W_Trace753_Auto_2267::MIPI_DSI1_CLK_P~0
-5.000000e-12 (A)  W_Trace757::MIPI_DSI1_CLK_P~0
5.000000e-12 (A)  W_Trace759::MIPI_DSI1_CLK_P~0
5.000000e-12 (A)  W_Trace759_Auto_2387::MIPI_DSI1_CLK_P~0
-5.000000e-12 (A)  W_Trace761::MIPI_DSI1_CLK_P~0
5.000000e-12 (A)  W_Trace767::MIPI_DSI1_CLK_P~0
5.000000e-12 (A)  W_Trace769_Auto_2821::MIPI_DSI1_CLK_P~0
5.000000e-12 (A)  W_Trace778::MIPI_DSI1_CLK_P~0
5.000000e-12 (A)  W_Trace792::MIPI_DSI1_CLK_P~0
1.250001e-11 (A)  W_Trace971::MIPI_DSI1_DATA2_N~0
-1.500007e-11 (A)  W_Trace973::MIPI_DSI1_DATA2_N~0
-2.500010e-11 (A)  W_Trace974_Auto_1324::MIPI_DSI1_DATA2_N~0
-3.000010e-11 (A)  W_Trace974_Auto_1336::MIPI_DSI1_DATA2_N~0
-3.500012e-11 (A)  W_Trace974_Auto_1342::MIPI_DSI1_DATA2_N~0
-4.250011e-11 (A)  W_Trace975::MIPI_DSI1_DATA2_N~0
5.250010e-11 (A)  W_Trace978::MIPI_DSI1_DATA2_N~0
-5.500010e-11 (A)  W_Trace979::MIPI_DSI1_DATA2_N~0
-6.000014e-11 (A)  W_Trace979_Auto_1953::MIPI_DSI1_DATA2_N~0
-6.250015e-11 (A)  W_Trace980::MIPI_DSI1_DATA2_N~0
6.750019e-11 (A)  W_Trace983::MIPI_DSI1_DATA2_N~0
-7.500018e-11 (A)  W_Trace986::MIPI_DSI1_DATA2_N~0
-7.750016e-11 (A)  W_Trace988::MIPI_DSI1_DATA2_N~0
-8.750030e-11 (A)  W_Trace988_Auto_2825::MIPI_DSI1_DATA2_N~0
-9.000034e-11 (A)  W_Trace989::MIPI_DSI1_DATA2_N~0
-9.500040e-11 (A)  W_Trace989_Auto_2831::MIPI_DSI1_DATA2_N~0
9.750045e-11 (A)  W_Trace999::MIPI_DSI1_DATA2_N~0
1.300005e-10 (A)  WCPL_Trace1024::MIPI_DSI1_DATA2_N~0
-5.000000e-12 (A)  WCPL_Trace1024::MIPI_DSI1_DATA2_N~1
1.275006e-10 (A)  WCPL_Trace1024_Auto_2841::MIPI_DSI1_DATA2_N~0
-5.000000e-12 (A)  WCPL_Trace1024_Auto_2841::MIPI_DSI1_DATA2_N~1
5.000000e-12 (A)  WCPL_Trace1024_Auto_2841::MIPI_DSI1_DATA2_N~2
-1.125005e-10 (A)  WCPL_Trace1024_Auto_2841::MIPI_DSI1_DATA2_N~3
1.025005e-10 (A)  WCPL_Trace1024_Auto_2841::MIPI_DSI1_DATA2_N~4
-5.000000e-12 (A)  WCPL_Trace1024_Auto_2841::MIPI_DSI1_DATA2_N~5
5.000000e-12 (A)  WCPL_Trace1024_Auto_2841::MIPI_DSI1_DATA2_N~6
-9.250036e-11 (A)  WCPL_Trace1024_Auto_2841::MIPI_DSI1_DATA2_N~7
1.250005e-10 (A)  WCPL_Trace1024_Auto_2850::MIPI_DSI1_DATA2_N~0
-5.000000e-12 (A)  WCPL_Trace1024_Auto_2850::MIPI_DSI1_DATA2_N~1
5.000000e-12 (A)  WCPL_Trace1024_Auto_2850::MIPI_DSI1_DATA2_N~2
-1.150005e-10 (A)  WCPL_Trace1024_Auto_2850::MIPI_DSI1_DATA2_N~3
1.625007e-10 (A)  WCPL_Trace1056::MIPI_DSI1_DATA2_N~0
-1.575007e-10 (A)  WCPL_Trace1056::MIPI_DSI1_DATA2_N~1
-1.875009e-10 (A)  WCPL_Trace1067#BP1_Auto_2246::MIPI_DSI1_DATA2_N~0
-1.775012e-10 (A)  WCPL_Trace1067#BP1_Auto_2246::MIPI_DSI1_DATA2_N~1
-1.925010e-10 (A)  WCPL_Trace1067#BP1_Auto_2321::MIPI_DSI1_DATA2_N~0
-1.850013e-10 (A)  WCPL_Trace1067#BP1_Auto_2321::MIPI_DSI1_DATA2_N~1
-1.900010e-10 (A)  WCPL_Trace1067#BP1_Auto_2324::MIPI_DSI1_DATA2_N~0
-1.800013e-10 (A)  WCPL_Trace1067#BP1_Auto_2324::MIPI_DSI1_DATA2_N~1
-2.150011e-10 (A)  WCPL_Trace1082::MIPI_DSI1_DATA2_N~0
-2.050014e-10 (A)  WCPL_Trace1082::MIPI_DSI1_DATA2_N~1
5.000000e-12 (A)  WCPL_Trace1082::MIPI_DSI1_DATA2_N~2
-2.250011e-10 (A)  WCPL_Trace1104::MIPI_DSI1_DATA2_N~0
-2.150014e-10 (A)  WCPL_Trace1104::MIPI_DSI1_DATA2_N~1
5.000000e-12 (A)  WCPL_Trace1104::MIPI_DSI1_DATA2_N~2
-2.350013e-10 (A)  WCPL_Trace1126::MIPI_DSI1_DATA2_N~0
-2.250015e-10 (A)  WCPL_Trace1126::MIPI_DSI1_DATA2_N~1
5.000000e-12 (A)  WCPL_Trace1126::MIPI_DSI1_DATA2_N~2
-2.450013e-10 (A)  WCPL_Trace1148::MIPI_DSI1_DATA2_N~0
-2.350016e-10 (A)  WCPL_Trace1148::MIPI_DSI1_DATA2_N~1
5.000000e-12 (A)  WCPL_Trace1148::MIPI_DSI1_DATA2_N~2
-2.600013e-10 (A)  WCPL_Trace1170_Auto_2361::MIPI_DSI1_DATA2_N~0
-2.475016e-10 (A)  WCPL_Trace1170_Auto_2361::MIPI_DSI1_DATA2_N~1
5.000000e-12 (A)  WCPL_Trace1170_Auto_2361::MIPI_DSI1_DATA2_N~2
5.000000e-12 (A)  WCPL_Trace1170_Auto_2361::MIPI_DSI1_DATA2_N~3
-2.325010e-10 (A)  WCPL_Trace1170_Auto_2361::MIPI_DSI1_DATA2_N~4
-2.575012e-10 (A)  WCPL_Trace1170_Auto_2366::MIPI_DSI1_DATA2_N~0
-2.450016e-10 (A)  WCPL_Trace1170_Auto_2366::MIPI_DSI1_DATA2_N~1
5.000000e-12 (A)  WCPL_Trace1170_Auto_2366::MIPI_DSI1_DATA2_N~2
5.000000e-12 (A)  WCPL_Trace1170_Auto_2366::MIPI_DSI1_DATA2_N~3
2.950014e-10 (A)  WCPL_Trace1185::MIPI_DSI1_DATA2_N~0
-5.000000e-12 (A)  WCPL_Trace1185::MIPI_DSI1_DATA2_N~1
2.800013e-10 (A)  WCPL_Trace1185_Auto_2292::MIPI_DSI1_DATA2_N~0
-5.000000e-12 (A)  WCPL_Trace1185_Auto_2292::MIPI_DSI1_DATA2_N~1
5.000000e-12 (A)  WCPL_Trace1188_Auto_1344::MIPI_DSI1_DATA2_P~0
-4.000013e-11 (A)  WCPL_Trace1188_Auto_1344::MIPI_DSI1_DATA2_P~1
5.000000e-12 (A)  WCPL_Trace1188_Auto_1349::MIPI_DSI1_DATA2_P~0
-4.500015e-11 (A)  WCPL_Trace1188_Auto_1349::MIPI_DSI1_DATA2_P~1
5.000000e-12 (A)  WCPL_Trace1190::MIPI_DSI1_DATA2_P~0
-4.750011e-11 (A)  WCPL_Trace1190::MIPI_DSI1_DATA2_P~1
5.000000e-12 (A)  WCPL_Trace1192::MIPI_DSI1_DATA2_P~0
-5.000007e-11 (A)  WCPL_Trace1192::MIPI_DSI1_DATA2_P~1
5.000000e-12 (A)  WCPL_Trace1193::MIPI_DSI1_DATA2_P~0
-5.750012e-11 (A)  WCPL_Trace1193::MIPI_DSI1_DATA2_P~1
5.000000e-12 (A)  WCPL_Trace1194::MIPI_DSI1_DATA2_P~0
-6.500019e-11 (A)  WCPL_Trace1194::MIPI_DSI1_DATA2_P~1
5.000000e-12 (A)  WCPL_Trace1208#BP1_Auto_2826::MIPI_DSI1_DATA2_P~0
-8.000016e-11 (A)  WCPL_Trace1208#BP1_Auto_2826::MIPI_DSI1_DATA2_P~1
5.000000e-12 (A)  WCPL_Trace1209::MIPI_DSI1_DATA2_P~0
-8.250018e-11 (A)  WCPL_Trace1209::MIPI_DSI1_DATA2_P~1
5.000000e-12 (A)  WCPL_Trace1210_Auto_2824::MIPI_DSI1_DATA2_P~0
-8.500025e-11 (A)  WCPL_Trace1210_Auto_2824::MIPI_DSI1_DATA2_P~1
5.000000e-12 (A)  WCPL_Trace1236_Auto_2844::MIPI_DSI1_DATA2_P~0
-1.100005e-10 (A)  WCPL_Trace1236_Auto_2844::MIPI_DSI1_DATA2_P~1
1.050005e-10 (A)  WCPL_Trace1236_Auto_2844::MIPI_DSI1_DATA2_P~2
-5.000000e-12 (A)  WCPL_Trace1236_Auto_2844::MIPI_DSI1_DATA2_P~3
5.000000e-12 (A)  WCPL_Trace1253_Auto_1956::MIPI_DSI1_DATA2_P~0
-1.350005e-10 (A)  WCPL_Trace1253_Auto_1956::MIPI_DSI1_DATA2_P~1
5.000000e-12 (A)  WCPL_Trace1258_Auto_1959::MIPI_DSI1_DATA2_P~0
-1.425005e-10 (A)  WCPL_Trace1258_Auto_1959::MIPI_DSI1_DATA2_P~1
5.000000e-12 (A)  WCPL_Trace1262::MIPI_DSI1_DATA2_P~0
-1.525006e-10 (A)  WCPL_Trace1262::MIPI_DSI1_DATA2_P~1
5.000000e-12 (A)  WCPL_Trace1266::MIPI_DSI1_DATA2_P~0
-1.750008e-10 (A)  WCPL_Trace1266::MIPI_DSI1_DATA2_P~1
5.000000e-12 (A)  WCPL_Trace1267_Auto_1964::MIPI_DSI1_DATA2_P~0
-1.775008e-10 (A)  WCPL_Trace1267_Auto_1964::MIPI_DSI1_DATA2_P~1
5.000000e-12 (A)  WCPL_Trace1284::MIPI_DSI1_DATA2_P~0
-5.000000e-12 (A)  WCPL_Trace1284::MIPI_DSI1_DATA2_P~1
5.000000e-12 (A)  WCPL_Trace1328::MIPI_DSI1_DATA2_P~0
-5.000000e-12 (A)  WCPL_Trace1328::MIPI_DSI1_DATA2_P~1
5.000000e-12 (A)  WCPL_Trace1328::MIPI_DSI1_DATA2_P~2
5.000000e-12 (A)  WCPL_Trace1334_Auto_2315::MIPI_DSI1_DATA2_P~0
-1.950010e-10 (A)  WCPL_Trace1334_Auto_2315::MIPI_DSI1_DATA2_P~1
-1.875013e-10 (A)  WCPL_Trace1334_Auto_2315::MIPI_DSI1_DATA2_P~2
5.000000e-12 (A)  WCPL_Trace1334_Auto_2315::MIPI_DSI1_DATA2_P~3
5.000000e-12 (A)  WCPL_Trace1334_Auto_2325::MIPI_DSI1_DATA2_P~0
-1.975010e-10 (A)  WCPL_Trace1334_Auto_2325::MIPI_DSI1_DATA2_P~1
5.000000e-12 (A)  WCPL_Trace1338_Auto_2251::MIPI_DSI1_DATA2_P~0
-2.050010e-10 (A)  WCPL_Trace1338_Auto_2251::MIPI_DSI1_DATA2_P~1
-1.950013e-10 (A)  WCPL_Trace1338_Auto_2251::MIPI_DSI1_DATA2_P~2
5.000000e-12 (A)  WCPL_Trace1338_Auto_2309::MIPI_DSI1_DATA2_P~0
-2.100010e-10 (A)  WCPL_Trace1338_Auto_2309::MIPI_DSI1_DATA2_P~1
-2.000014e-10 (A)  WCPL_Trace1338_Auto_2309::MIPI_DSI1_DATA2_P~2
5.000000e-12 (A)  WCPL_Trace1338_Auto_2309::MIPI_DSI1_DATA2_P~3
5.000000e-12 (A)  WCPL_Trace1338_Auto_2327::MIPI_DSI1_DATA2_P~0
-2.500012e-10 (A)  WCPL_Trace1338_Auto_2327::MIPI_DSI1_DATA2_P~1
-2.400016e-10 (A)  WCPL_Trace1338_Auto_2327::MIPI_DSI1_DATA2_P~2
5.000000e-12 (A)  WCPL_Trace1338_Auto_2327::MIPI_DSI1_DATA2_P~3
5.000000e-12 (A)  WCPL_Trace1338_Auto_2368::MIPI_DSI1_DATA2_P~0
-2.300011e-10 (A)  WCPL_Trace1338_Auto_2368::MIPI_DSI1_DATA2_P~1
-2.200015e-10 (A)  WCPL_Trace1338_Auto_2368::MIPI_DSI1_DATA2_P~2
5.000000e-12 (A)  WCPL_Trace1338_Auto_2368::MIPI_DSI1_DATA2_P~3
5.000000e-12 (A)  WCPL_Trace1338_Auto_2374::MIPI_DSI1_DATA2_P~0
-2.400013e-10 (A)  WCPL_Trace1338_Auto_2374::MIPI_DSI1_DATA2_P~1
-2.300015e-10 (A)  WCPL_Trace1338_Auto_2374::MIPI_DSI1_DATA2_P~2
5.000000e-12 (A)  WCPL_Trace1338_Auto_2374::MIPI_DSI1_DATA2_P~3
5.000000e-12 (A)  WCPL_Trace1338_Auto_2380::MIPI_DSI1_DATA2_P~0
-2.200011e-10 (A)  WCPL_Trace1338_Auto_2380::MIPI_DSI1_DATA2_P~1
-2.100015e-10 (A)  WCPL_Trace1338_Auto_2380::MIPI_DSI1_DATA2_P~2
5.000000e-12 (A)  WCPL_Trace1338_Auto_2380::MIPI_DSI1_DATA2_P~3
5.000000e-12 (A)  WCPL_Trace1338_Auto_2389::MIPI_DSI1_DATA2_P~0
-2.675013e-10 (A)  WCPL_Trace1338_Auto_2389::MIPI_DSI1_DATA2_P~1
-2.525017e-10 (A)  WCPL_Trace1338_Auto_2389::MIPI_DSI1_DATA2_P~2
5.000000e-12 (A)  WCPL_Trace1338_Auto_2389::MIPI_DSI1_DATA2_P~3
5.000000e-12 (A)  WCPL_Trace1338_Auto_2389::MIPI_DSI1_DATA2_P~4
-2.375011e-10 (A)  WCPL_Trace1338_Auto_2389::MIPI_DSI1_DATA2_P~5
5.000000e-12 (A)  WCPL_Trace1342_Auto_2241::MIPI_DSI1_DATA2_P~0
-2.975014e-10 (A)  WCPL_Trace1342_Auto_2241::MIPI_DSI1_DATA2_P~1
-2.850019e-10 (A)  WCPL_Trace1342_Auto_2241::MIPI_DSI1_DATA2_P~2
5.000000e-12 (A)  WCPL_Trace1342_Auto_2242::MIPI_DSI1_DATA2_P~0
-3.000014e-10 (A)  WCPL_Trace1342_Auto_2242::MIPI_DSI1_DATA2_P~1
5.000000e-12 (A)  WCPL_Trace1343_Auto_2012::MIPI_DSI1_DATA2_P~0
-3.025014e-10 (A)  WCPL_Trace1343_Auto_2012::MIPI_DSI1_DATA2_P~1
-2.825018e-10 (A)  WCPL_Trace1343_Auto_2012::MIPI_DSI1_DATA2_P~2
5.000000e-12 (A)  WCPL_Trace1355::MIPI_DSI1_DATA1_N~0
5.000000e-12 (A)  WCPL_Trace1355::MIPI_DSI1_DATA1_N~1
-4.500016e-11 (A)  WCPL_Trace1355::MIPI_DSI1_DATA1_N~2
5.000000e-12 (A)  WCPL_Trace1357_Auto_668::MIPI_DSI1_DATA1_N~0
5.000000e-12 (A)  WCPL_Trace1357_Auto_668::MIPI_DSI1_DATA1_N~1
-6.500022e-11 (A)  WCPL_Trace1357_Auto_668::MIPI_DSI1_DATA1_N~2
5.000000e-12 (A)  WCPL_Trace1360::MIPI_DSI1_DATA1_N~0
5.000000e-12 (A)  WCPL_Trace1360::MIPI_DSI1_DATA1_N~1
-7.250023e-11 (A)  WCPL_Trace1360::MIPI_DSI1_DATA1_N~2
5.000000e-12 (A)  WCPL_Trace1376_Auto_91::MIPI_DSI1_DATA1_N~0
-5.000000e-12 (A)  WCPL_Trace1376_Auto_91::MIPI_DSI1_DATA1_N~1
5.000000e-12 (A)  WCPL_Trace1382::MIPI_DSI1_DATA1_N~0
5.000000e-12 (A)  WCPL_Trace1382::MIPI_DSI1_DATA1_N~1
-7.750029e-11 (A)  WCPL_Trace1382::MIPI_DSI1_DATA1_N~2
5.000000e-12 (A)  WCPL_Trace1383::MIPI_DSI1_DATA1_N~0
5.000000e-12 (A)  WCPL_Trace1383::MIPI_DSI1_DATA1_N~1
-8.250028e-11 (A)  WCPL_Trace1383::MIPI_DSI1_DATA1_N~2
5.000000e-12 (A)  WCPL_Trace1399_Auto_76::MIPI_DSI1_DATA1_N~0
-5.000000e-12 (A)  WCPL_Trace1399_Auto_76::MIPI_DSI1_DATA1_N~1
8.750063e-11 (A)  WCPL_Trace1399_Auto_76::MIPI_DSI1_DATA1_N~2
5.000000e-12 (A)  WCPL_Trace1399_Auto_77::MIPI_DSI1_DATA1_N~0
-5.000000e-12 (A)  WCPL_Trace1399_Auto_77::MIPI_DSI1_DATA1_N~1
5.000000e-12 (A)  WCPL_Trace1405::MIPI_DSI1_DATA1_N~0
5.000000e-12 (A)  WCPL_Trace1405::MIPI_DSI1_DATA1_N~1
-8.750028e-11 (A)  WCPL_Trace1405::MIPI_DSI1_DATA1_N~2
5.000000e-12 (A)  WCPL_Trace1406::MIPI_DSI1_DATA1_N~0
5.000000e-12 (A)  WCPL_Trace1406::MIPI_DSI1_DATA1_N~1
-9.250034e-11 (A)  WCPL_Trace1406::MIPI_DSI1_DATA1_N~2
5.000000e-12 (A)  WCPL_Trace1407::MIPI_DSI1_DATA1_N~0
5.000000e-12 (A)  WCPL_Trace1407::MIPI_DSI1_DATA1_N~1
-1.025005e-10 (A)  WCPL_Trace1407::MIPI_DSI1_DATA1_N~2
-5.000000e-12 (A)  WCPL_Trace1451_Auto_2254::MIPI_DSI1_DATA1_N~0
2.625017e-10 (A)  WCPL_Trace1451_Auto_2254::MIPI_DSI1_DATA1_N~1
2.725013e-10 (A)  WCPL_Trace1451_Auto_2254::MIPI_DSI1_DATA1_N~2
-5.000000e-12 (A)  WCPL_Trace1453::MIPI_DSI1_DATA1_N~0
2.750018e-10 (A)  WCPL_Trace1453::MIPI_DSI1_DATA1_N~1
2.900014e-10 (A)  WCPL_Trace1453::MIPI_DSI1_DATA1_N~2
-5.000000e-12 (A)  WCPL_Trace1453::MIPI_DSI1_DATA1_N~3
-5.000000e-12 (A)  WCPL_Trace1453_Auto_2287::MIPI_DSI1_DATA1_N~0
2.700018e-10 (A)  WCPL_Trace1453_Auto_2287::MIPI_DSI1_DATA1_N~1
2.850013e-10 (A)  WCPL_Trace1453_Auto_2287::MIPI_DSI1_DATA1_N~2
-5.000000e-12 (A)  WCPL_Trace1453_Auto_2287::MIPI_DSI1_DATA1_N~3
-4.000026e-11 (A)  WCPL_Trace1563_Auto_650::MIPI_DSI1_DATA1_P~0
5.000000e-12 (A)  WCPL_Trace1563_Auto_650::MIPI_DSI1_DATA1_P~1
5.000000e-12 (A)  WCPL_Trace1563_Auto_650::MIPI_DSI1_DATA1_P~2
-5.250016e-11 (A)  WCPL_Trace1563_Auto_650::MIPI_DSI1_DATA1_P~3
-4.500026e-11 (A)  WCPL_Trace1567::MIPI_DSI1_DATA1_P~0
5.000000e-12 (A)  WCPL_Trace1567::MIPI_DSI1_DATA1_P~1
5.000000e-12 (A)  WCPL_Trace1567::MIPI_DSI1_DATA1_P~2
-7.000023e-11 (A)  WCPL_Trace1567::MIPI_DSI1_DATA1_P~3
-7.750046e-11 (A)  WCPL_Trace1590::MIPI_DSI1_DATA1_P~0
5.000000e-12 (A)  WCPL_Trace1590::MIPI_DSI1_DATA1_P~1
5.000000e-12 (A)  WCPL_Trace1590::MIPI_DSI1_DATA1_P~2
-8.000027e-11 (A)  WCPL_Trace1590::MIPI_DSI1_DATA1_P~3
-9.750076e-11 (A)  WCPL_Trace1607_Auto_85::MIPI_DSI1_DATA1_P~0
5.000000e-12 (A)  WCPL_Trace1607_Auto_85::MIPI_DSI1_DATA1_P~1
-5.000000e-12 (A)  WCPL_Trace1607_Auto_85::MIPI_DSI1_DATA1_P~2
8.500056e-11 (A)  WCPL_Trace1607_Auto_85::MIPI_DSI1_DATA1_P~3
-7.000039e-11 (A)  WCPL_Trace1607_Auto_85::MIPI_DSI1_DATA1_P~4
5.000000e-12 (A)  WCPL_Trace1607_Auto_85::MIPI_DSI1_DATA1_P~5
-5.000000e-12 (A)  WCPL_Trace1607_Auto_85::MIPI_DSI1_DATA1_P~6
5.250028e-11 (A)  WCPL_Trace1607_Auto_85::MIPI_DSI1_DATA1_P~7
-1.050008e-10 (A)  WCPL_Trace1613::MIPI_DSI1_DATA1_P~0
5.000000e-12 (A)  WCPL_Trace1613::MIPI_DSI1_DATA1_P~1
5.000000e-12 (A)  WCPL_Trace1613::MIPI_DSI1_DATA1_P~2
-9.000034e-11 (A)  WCPL_Trace1613::MIPI_DSI1_DATA1_P~3
-1.100009e-10 (A)  WCPL_Trace1617_Auto_532::MIPI_DSI1_DATA1_P~0
5.000000e-12 (A)  WCPL_Trace1617_Auto_532::MIPI_DSI1_DATA1_P~1
5.000000e-12 (A)  WCPL_Trace1617_Auto_532::MIPI_DSI1_DATA1_P~2
-1.075005e-10 (A)  WCPL_Trace1617_Auto_532::MIPI_DSI1_DATA1_P~3
-1.125008e-10 (A)  WCPL_Trace1617_Auto_548::MIPI_DSI1_DATA1_P~0
5.000000e-12 (A)  WCPL_Trace1617_Auto_548::MIPI_DSI1_DATA1_P~1
-1.250008e-10 (A)  WCPL_Trace1621::MIPI_DSI1_DATA1_P~0
5.000000e-12 (A)  WCPL_Trace1621::MIPI_DSI1_DATA1_P~1
-1.500010e-10 (A)  WCPL_Trace1660_Auto_60::MIPI_DSI1_DATA1_P~0
1.400009e-10 (A)  WCPL_Trace1660_Auto_60::MIPI_DSI1_DATA1_P~1
-1.350009e-10 (A)  WCPL_Trace1660_Auto_60::MIPI_DSI1_DATA1_P~2
1.300009e-10 (A)  WCPL_Trace1660_Auto_60::MIPI_DSI1_DATA1_P~3
-1.650010e-10 (A)  WCPL_Trace1666#BP0::MIPI_DSI1_DATA1_P~0
5.000000e-12 (A)  WCPL_Trace1666#BP0::MIPI_DSI1_DATA1_P~1
-1.550010e-10 (A)  WCPL_Trace1666::MIPI_DSI1_DATA1_P~0
5.000000e-12 (A)  WCPL_Trace1666::MIPI_DSI1_DATA1_P~1
-1.600010e-10 (A)  WCPL_Trace1666_Auto_175::MIPI_DSI1_DATA1_P~0
5.000000e-12 (A)  WCPL_Trace1666_Auto_175::MIPI_DSI1_DATA1_P~1
-2.025014e-10 (A)  WCPL_Trace1677_Auto_2304::MIPI_DSI1_DATA1_P~0
5.000000e-12 (A)  WCPL_Trace1677_Auto_2304::MIPI_DSI1_DATA1_P~1
-2.075014e-10 (A)  WCPL_Trace1677_Auto_2334::MIPI_DSI1_DATA1_P~0
5.000000e-12 (A)  WCPL_Trace1677_Auto_2334::MIPI_DSI1_DATA1_P~1
-2.375016e-10 (A)  WCPL_Trace1677_Auto_2338::MIPI_DSI1_DATA1_P~0
5.000000e-12 (A)  WCPL_Trace1677_Auto_2338::MIPI_DSI1_DATA1_P~1
-2.175014e-10 (A)  WCPL_Trace1677_Auto_2342::MIPI_DSI1_DATA1_P~0
5.000000e-12 (A)  WCPL_Trace1677_Auto_2342::MIPI_DSI1_DATA1_P~1
-2.275015e-10 (A)  WCPL_Trace1677_Auto_2346::MIPI_DSI1_DATA1_P~0
5.000000e-12 (A)  WCPL_Trace1677_Auto_2346::MIPI_DSI1_DATA1_P~1
-2.500017e-10 (A)  WCPL_Trace1677_Auto_2350::MIPI_DSI1_DATA1_P~0
5.000000e-12 (A)  WCPL_Trace1677_Auto_2350::MIPI_DSI1_DATA1_P~1
5.000000e-12 (A)  WCPL_Trace1677_Auto_2350::MIPI_DSI1_DATA1_P~2
-2.350011e-10 (A)  WCPL_Trace1677_Auto_2350::MIPI_DSI1_DATA1_P~3
-2.425016e-10 (A)  WCPL_Trace1677_Auto_2355::MIPI_DSI1_DATA1_P~0
5.000000e-12 (A)  WCPL_Trace1677_Auto_2355::MIPI_DSI1_DATA1_P~1
-2.225015e-10 (A)  WCPL_Trace1677_Auto_2371::MIPI_DSI1_DATA1_P~0
5.000000e-12 (A)  WCPL_Trace1677_Auto_2371::MIPI_DSI1_DATA1_P~1
-2.325016e-10 (A)  WCPL_Trace1677_Auto_2377::MIPI_DSI1_DATA1_P~0
5.000000e-12 (A)  WCPL_Trace1677_Auto_2377::MIPI_DSI1_DATA1_P~1
-2.125015e-10 (A)  WCPL_Trace1677_Auto_2383::MIPI_DSI1_DATA1_P~0
5.000000e-12 (A)  WCPL_Trace1677_Auto_2383::MIPI_DSI1_DATA1_P~1
2.775018e-10 (A)  WCPL_Trace1683::MIPI_DSI1_DATA1_P~0
2.925014e-10 (A)  WCPL_Trace1683::MIPI_DSI1_DATA1_P~1
-5.000000e-12 (A)  WCPL_Trace1683::MIPI_DSI1_DATA1_P~2
-2.750002e-11 (A)  WCPL_Trace1694_Auto_1312::MIPI_DSI1_DATA0_N~0
-2.500020e-11 (A)  WCPL_Trace1694_Auto_1312::MIPI_DSI1_DATA0_N~1
5.000000e-12 (A)  WCPL_Trace1694_Auto_1312::MIPI_DSI1_DATA0_N~2
5.000000e-12 (A)  WCPL_Trace1694_Auto_1312::MIPI_DSI1_DATA0_N~3
-2.750007e-11 (A)  WCPL_Trace1694_Auto_1312::MIPI_DSI1_DATA0_N~4
5.000000e-12 (A)  WCPL_Trace1694_Auto_1312::MIPI_DSI1_DATA0_N~5
-2.750010e-11 (A)  WCPL_Trace1694_Auto_1312::MIPI_DSI1_DATA0_N~6
-3.000000e-11 (A)  WCPL_Trace1695::MIPI_DSI1_DATA0_N~0
-3.500027e-11 (A)  WCPL_Trace1695::MIPI_DSI1_DATA0_N~1
5.000000e-12 (A)  WCPL_Trace1695::MIPI_DSI1_DATA0_N~2
5.000000e-12 (A)  WCPL_Trace1695::MIPI_DSI1_DATA0_N~3
-4.750016e-11 (A)  WCPL_Trace1695::MIPI_DSI1_DATA0_N~4
4.500002e-11 (A)  WCPL_Trace1701_Auto_86::MIPI_DSI1_DATA0_N~0
-5.000000e-12 (A)  WCPL_Trace1701_Auto_86::MIPI_DSI1_DATA0_N~1
5.000000e-12 (A)  WCPL_Trace1701_Auto_86::MIPI_DSI1_DATA0_N~2
-5.500010e-11 (A)  WCPL_Trace1710_Auto_81::MIPI_DSI1_DATA0_N~0
6.750024e-11 (A)  WCPL_Trace1710_Auto_81::MIPI_DSI1_DATA0_N~1
6.500018e-11 (A)  WCPL_Trace1718_Auto_77::MIPI_DSI1_DATA0_N~0
-5.000000e-12 (A)  WCPL_Trace1718_Auto_77::MIPI_DSI1_DATA0_N~1
5.000000e-12 (A)  WCPL_Trace1718_Auto_77::MIPI_DSI1_DATA0_N~2
-8.250037e-11 (A)  WCPL_Trace1718_Auto_77::MIPI_DSI1_DATA0_N~3
-7.250029e-11 (A)  WCPL_Trace1724::MIPI_DSI1_DATA0_N~0
-6.000030e-11 (A)  WCPL_Trace1724::MIPI_DSI1_DATA0_N~1
-7.500028e-11 (A)  WCPL_Trace1725::MIPI_DSI1_DATA0_N~0
-6.250031e-11 (A)  WCPL_Trace1725::MIPI_DSI1_DATA0_N~1
1.500008e-10 (A)  WCPL_Trace1764_Auto_1994::MIPI_DSI1_DATA0_N~0
-5.000000e-12 (A)  WCPL_Trace1764_Auto_1994::MIPI_DSI1_DATA0_N~1
5.000000e-12 (A)  WCPL_Trace1764_Auto_1994::MIPI_DSI1_DATA0_N~2
-1.300005e-10 (A)  WCPL_Trace1764_Auto_1994::MIPI_DSI1_DATA0_N~3
1.725008e-10 (A)  WCPL_Trace1786_Auto_1987::MIPI_DSI1_DATA0_N~0
-5.000000e-12 (A)  WCPL_Trace1786_Auto_1987::MIPI_DSI1_DATA0_N~1
5.000000e-12 (A)  WCPL_Trace1786_Auto_1987::MIPI_DSI1_DATA0_N~2
-1.625008e-10 (A)  WCPL_Trace1786_Auto_1987::MIPI_DSI1_DATA0_N~3
1.525008e-10 (A)  WCPL_Trace1786_Auto_1987::MIPI_DSI1_DATA0_N~4
-5.000000e-12 (A)  WCPL_Trace1786_Auto_1987::MIPI_DSI1_DATA0_N~5
5.000000e-12 (A)  WCPL_Trace1786_Auto_1987::MIPI_DSI1_DATA0_N~6
-1.275005e-10 (A)  WCPL_Trace1786_Auto_1987::MIPI_DSI1_DATA0_N~7
2.075011e-10 (A)  WCPL_Trace1806_Auto_2009::MIPI_DSI1_DATA0_N~0
-5.000000e-12 (A)  WCPL_Trace1806_Auto_2009::MIPI_DSI1_DATA0_N~1
2.175012e-10 (A)  WCPL_Trace1812_Auto_2404::MIPI_DSI1_DATA0_N~0
-5.000000e-12 (A)  WCPL_Trace1812_Auto_2404::MIPI_DSI1_DATA0_N~1
2.325014e-10 (A)  WCPL_Trace1814_Auto_2275::MIPI_DSI1_DATA0_N~0
-5.000000e-12 (A)  WCPL_Trace1814_Auto_2275::MIPI_DSI1_DATA0_N~1
2.450011e-10 (A)  WCPL_Trace1814_Auto_2275::MIPI_DSI1_DATA0_N~2
2.300013e-10 (A)  WCPL_Trace1814_Auto_2276::MIPI_DSI1_DATA0_N~0
-5.000000e-12 (A)  WCPL_Trace1814_Auto_2276::MIPI_DSI1_DATA0_N~1
2.250013e-10 (A)  WCPL_Trace1814_Auto_2278::MIPI_DSI1_DATA0_N~0
-5.000000e-12 (A)  WCPL_Trace1814_Auto_2278::MIPI_DSI1_DATA0_N~1
2.400014e-10 (A)  WCPL_Trace1815_Auto_2018::MIPI_DSI1_DATA0_N~0
-5.000000e-12 (A)  WCPL_Trace1815_Auto_2018::MIPI_DSI1_DATA0_N~1
2.600012e-10 (A)  WCPL_Trace1815_Auto_2018::MIPI_DSI1_DATA0_N~2
-5.000000e-12 (A)  WCPL_Trace1815_Auto_2018::MIPI_DSI1_DATA0_N~3
-5.000000e-12 (A)  WCPL_Trace1815_Auto_2018::MIPI_DSI1_DATA0_N~4
2.900019e-10 (A)  WCPL_Trace1815_Auto_2018::MIPI_DSI1_DATA0_N~5
3.075014e-10 (A)  WCPL_Trace1815_Auto_2018::MIPI_DSI1_DATA0_N~6
-5.000000e-12 (A)  WCPL_Trace1815_Auto_2018::MIPI_DSI1_DATA0_N~7
5.000000e-12 (A)  WCPL_Trace1818_Auto_1968::MIPI_DSI1_DATA0_P~0
-1.100005e-10 (A)  WCPL_Trace1818_Auto_1968::MIPI_DSI1_DATA0_P~1
5.000000e-12 (A)  WCPL_Trace1822_Auto_1971::MIPI_DSI1_DATA0_P~0
-1.200005e-10 (A)  WCPL_Trace1822_Auto_1971::MIPI_DSI1_DATA0_P~1
-5.000000e-12 (A)  WCPL_Trace1861_Auto_1991::MIPI_DSI1_DATA0_P~0
5.000000e-12 (A)  WCPL_Trace1861_Auto_1991::MIPI_DSI1_DATA0_P~1
5.000000e-12 (A)  WCPL_Trace1868::MIPI_DSI1_DATA0_P~0
-1.825009e-10 (A)  WCPL_Trace1868::MIPI_DSI1_DATA0_P~1
5.000000e-12 (A)  WCPL_Trace1875::MIPI_DSI1_DATA0_P~0
-1.925010e-10 (A)  WCPL_Trace1875::MIPI_DSI1_DATA0_P~1
2.050010e-10 (A)  WCPL_Trace1875::MIPI_DSI1_DATA0_P~2
-5.000000e-12 (A)  WCPL_Trace1875::MIPI_DSI1_DATA0_P~3
5.000000e-12 (A)  WCPL_Trace1878_Auto_2002::MIPI_DSI1_DATA0_P~0
-1.975010e-10 (A)  WCPL_Trace1878_Auto_2002::MIPI_DSI1_DATA0_P~1
5.000000e-12 (A)  WCPL_Trace1879_Auto_2244::MIPI_DSI1_DATA0_P~0
-2.000010e-10 (A)  WCPL_Trace1879_Auto_2244::MIPI_DSI1_DATA0_P~1
5.000000e-12 (A)  WCPL_Trace1880_Auto_2000::MIPI_DSI1_DATA0_P~0
-2.025010e-10 (A)  WCPL_Trace1880_Auto_2000::MIPI_DSI1_DATA0_P~1
-5.000000e-12 (A)  WCPL_Trace1889::MIPI_DSI1_DATA0_P~0
2.475011e-10 (A)  WCPL_Trace1889::MIPI_DSI1_DATA0_P~1
-5.000000e-12 (A)  WCPL_Trace1889::MIPI_DSI1_DATA0_P~2
-5.000000e-12 (A)  WCPL_Trace1889::MIPI_DSI1_DATA0_P~3
5.000000e-12 (A)  WCPL_Trace1896::MIPI_DSI1_DATA0_P~0
-1.750005e-11 (A)  WCPL_Trace1896::MIPI_DSI1_DATA0_P~1
-1.500006e-11 (A)  WCPL_Trace1896::MIPI_DSI1_DATA0_P~2
5.000000e-12 (A)  WCPL_Trace1896::MIPI_DSI1_DATA0_P~3
5.000000e-12 (A)  WCPL_Trace1896::MIPI_DSI1_DATA0_P~4
-1.750000e-11 (A)  WCPL_Trace1896::MIPI_DSI1_DATA0_P~5
5.000000e-12 (A)  WCPL_Trace1896::MIPI_DSI1_DATA0_P~6
-1.750005e-11 (A)  WCPL_Trace1896::MIPI_DSI1_DATA0_P~7
5.000000e-12 (A)  WCPL_Trace1897::MIPI_DSI1_DATA0_P~0
-2.000004e-11 (A)  WCPL_Trace1897::MIPI_DSI1_DATA0_P~1
-1.750011e-11 (A)  WCPL_Trace1897::MIPI_DSI1_DATA0_P~2
5.000000e-12 (A)  WCPL_Trace1897::MIPI_DSI1_DATA0_P~3
5.000000e-12 (A)  WCPL_Trace1897::MIPI_DSI1_DATA0_P~4
-2.000002e-11 (A)  WCPL_Trace1897::MIPI_DSI1_DATA0_P~5
5.000000e-12 (A)  WCPL_Trace1897::MIPI_DSI1_DATA0_P~6
-2.000007e-11 (A)  WCPL_Trace1897::MIPI_DSI1_DATA0_P~7
5.000000e-12 (A)  WCPL_Trace1899::MIPI_DSI1_DATA0_P~0
-2.500003e-11 (A)  WCPL_Trace1899::MIPI_DSI1_DATA0_P~1
-2.000015e-11 (A)  WCPL_Trace1899::MIPI_DSI1_DATA0_P~2
5.000000e-12 (A)  WCPL_Trace1899::MIPI_DSI1_DATA0_P~3
5.000000e-12 (A)  WCPL_Trace1899::MIPI_DSI1_DATA0_P~4
-2.250001e-11 (A)  WCPL_Trace1899::MIPI_DSI1_DATA0_P~5
5.000000e-12 (A)  WCPL_Trace1899::MIPI_DSI1_DATA0_P~6
-2.250009e-11 (A)  WCPL_Trace1899::MIPI_DSI1_DATA0_P~7
5.000000e-12 (A)  WCPL_Trace1900::MIPI_DSI1_DATA0_P~0
-3.250002e-11 (A)  WCPL_Trace1900::MIPI_DSI1_DATA0_P~1
-3.750027e-11 (A)  WCPL_Trace1900::MIPI_DSI1_DATA0_P~2
5.000000e-12 (A)  WCPL_Trace1900::MIPI_DSI1_DATA0_P~3
5.000000e-12 (A)  WCPL_Trace1900::MIPI_DSI1_DATA0_P~4
-5.000013e-11 (A)  WCPL_Trace1900::MIPI_DSI1_DATA0_P~5
5.000000e-12 (A)  WCPL_Trace1904::MIPI_DSI1_DATA0_P~0
-4.250005e-11 (A)  WCPL_Trace1904::MIPI_DSI1_DATA0_P~1
5.000000e-12 (A)  WCPL_Trace1926_Auto_72::MIPI_DSI1_DATA0_P~0
-6.250019e-11 (A)  WCPL_Trace1926_Auto_72::MIPI_DSI1_DATA0_P~1
5.000000e-12 (A)  WCPL_Trace1948_Auto_375::MIPI_DSI1_DATA0_P~0
-8.750041e-11 (A)  WCPL_Trace1948_Auto_375::MIPI_DSI1_DATA0_P~1
5.000000e-12 (A)  WCPL_Trace1965::MIPI_DSI1_DATA0_P~0
-5.000000e-12 (A)  WCPL_Trace1965::MIPI_DSI1_DATA0_P~1
5.000000e-12 (A)  WCPL_Trace1971::MIPI_DSI1_DATA0_P~0
-9.250038e-11 (A)  WCPL_Trace1971::MIPI_DSI1_DATA0_P~1
5.000000e-12 (A)  WCPL_Trace1972#BP0::MIPI_DSI1_DATA0_P~0
-9.500038e-11 (A)  WCPL_Trace1972#BP0::MIPI_DSI1_DATA0_P~1
2.000009e-10 (A)  WCPL_Trace553::MIPI_DSI1_CLK_N~0
-5.000000e-12 (A)  WCPL_Trace553::MIPI_DSI1_CLK_N~1
1.925009e-10 (A)  WCPL_Trace557_Auto_441::MIPI_DSI1_CLK_N~0
-5.000000e-12 (A)  WCPL_Trace557_Auto_441::MIPI_DSI1_CLK_N~1
1.825009e-10 (A)  WCPL_Trace561_Auto_439::MIPI_DSI1_CLK_N~0
-5.000000e-12 (A)  WCPL_Trace561_Auto_439::MIPI_DSI1_CLK_N~1
-1.575007e-10 (A)  WCPL_Trace586_Auto_490::MIPI_DSI1_CLK_N~0
1.625007e-10 (A)  WCPL_Trace586_Auto_490::MIPI_DSI1_CLK_N~1
-5.000000e-12 (A)  WCPL_Trace586_Auto_490::MIPI_DSI1_CLK_N~2
1.325006e-10 (A)  WCPL_Trace598_Auto_449::MIPI_DSI1_CLK_N~0
-5.000000e-12 (A)  WCPL_Trace598_Auto_449::MIPI_DSI1_CLK_N~1
5.000000e-12 (A)  WCPL_Trace598_Auto_449::MIPI_DSI1_CLK_N~2
-1.525007e-10 (A)  WCPL_Trace598_Auto_449::MIPI_DSI1_CLK_N~3
1.725008e-10 (A)  WCPL_Trace598_Auto_449::MIPI_DSI1_CLK_N~4
-5.000000e-12 (A)  WCPL_Trace598_Auto_449::MIPI_DSI1_CLK_N~5
1.300005e-10 (A)  WCPL_Trace598_Auto_497::MIPI_DSI1_CLK_N~0
-5.000000e-12 (A)  WCPL_Trace598_Auto_497::MIPI_DSI1_CLK_N~1
5.000000e-12 (A)  WCPL_Trace598_Auto_497::MIPI_DSI1_CLK_N~2
-1.550007e-10 (A)  WCPL_Trace598_Auto_497::MIPI_DSI1_CLK_N~3
1.650007e-10 (A)  WCPL_Trace598_Auto_497::MIPI_DSI1_CLK_N~4
-5.000000e-12 (A)  WCPL_Trace598_Auto_497::MIPI_DSI1_CLK_N~5
1.350006e-10 (A)  WCPL_Trace598_Auto_505::MIPI_DSI1_CLK_N~0
-5.000000e-12 (A)  WCPL_Trace598_Auto_505::MIPI_DSI1_CLK_N~1
5.000000e-12 (A)  WCPL_Trace598_Auto_505::MIPI_DSI1_CLK_N~2
-1.500006e-10 (A)  WCPL_Trace598_Auto_505::MIPI_DSI1_CLK_N~3
1.750008e-10 (A)  WCPL_Trace598_Auto_505::MIPI_DSI1_CLK_N~4
-5.000000e-12 (A)  WCPL_Trace598_Auto_505::MIPI_DSI1_CLK_N~5
1.375005e-10 (A)  WCPL_Trace598_Auto_508::MIPI_DSI1_CLK_N~0
-5.000000e-12 (A)  WCPL_Trace598_Auto_508::MIPI_DSI1_CLK_N~1
5.000000e-12 (A)  WCPL_Trace598_Auto_508::MIPI_DSI1_CLK_N~2
-1.475006e-10 (A)  WCPL_Trace598_Auto_508::MIPI_DSI1_CLK_N~3
-3.750013e-11 (A)  WCPL_Trace634::MIPI_DSI1_CLK_N~0
5.000000e-12 (A)  WCPL_Trace634::MIPI_DSI1_CLK_N~1
-3.750013e-11 (A)  WCPL_Trace634::MIPI_DSI1_CLK_N~2
2.525011e-10 (A)  WCPL_Trace643_Auto_2264::MIPI_DSI1_CLK_N~0
-5.000000e-12 (A)  WCPL_Trace643_Auto_2264::MIPI_DSI1_CLK_N~1
-5.000000e-12 (A)  WCPL_Trace643_Auto_2264::MIPI_DSI1_CLK_N~2
2.600017e-10 (A)  WCPL_Trace643_Auto_2264::MIPI_DSI1_CLK_N~3
2.500011e-10 (A)  WCPL_Trace643_Auto_2268::MIPI_DSI1_CLK_N~0
-5.000000e-12 (A)  WCPL_Trace643_Auto_2268::MIPI_DSI1_CLK_N~1
2.150010e-10 (A)  WCPL_Trace652_Auto_2322::MIPI_DSI1_CLK_N~0
-5.000000e-12 (A)  WCPL_Trace652_Auto_2322::MIPI_DSI1_CLK_N~1
-5.000000e-12 (A)  WCPL_Trace711::MIPI_DSI1_CLK_P~0
-5.000000e-12 (A)  WCPL_Trace711::MIPI_DSI1_CLK_P~1
1.175008e-10 (A)  WCPL_Trace711::MIPI_DSI1_CLK_P~2
-5.000000e-12 (A)  WCPL_Trace712::MIPI_DSI1_CLK_P~0
-5.000000e-12 (A)  WCPL_Trace712::MIPI_DSI1_CLK_P~1
1.150009e-10 (A)  WCPL_Trace712::MIPI_DSI1_CLK_P~2
-5.000000e-12 (A)  WCPL_Trace730_Auto_470::MIPI_DSI1_CLK_P~0
5.000000e-12 (A)  WCPL_Trace730_Auto_470::MIPI_DSI1_CLK_P~1
-1.175005e-10 (A)  WCPL_Trace730_Auto_470::MIPI_DSI1_CLK_P~2
1.275005e-10 (A)  WCPL_Trace730_Auto_470::MIPI_DSI1_CLK_P~3
-5.000000e-12 (A)  WCPL_Trace730_Auto_470::MIPI_DSI1_CLK_P~4
5.000000e-12 (A)  WCPL_Trace730_Auto_470::MIPI_DSI1_CLK_P~5
5.000000e-12 (A)  WCPL_Trace736_Auto_642::MIPI_DSI1_CLK_P~0
-7.500028e-11 (A)  WCPL_Trace736_Auto_642::MIPI_DSI1_CLK_P~1
5.000000e-12 (A)  WCPL_Trace736_Auto_645::MIPI_DSI1_CLK_P~0
-8.500026e-11 (A)  WCPL_Trace736_Auto_645::MIPI_DSI1_CLK_P~1
5.000000e-12 (A)  WCPL_Trace736_Auto_664::MIPI_DSI1_CLK_P~0
-9.500032e-11 (A)  WCPL_Trace736_Auto_664::MIPI_DSI1_CLK_P~1
5.000000e-12 (A)  WCPL_Trace740::MIPI_DSI1_CLK_P~0
-4.250015e-11 (A)  WCPL_Trace740::MIPI_DSI1_CLK_P~1
5.000000e-12 (A)  WCPL_Trace740_Auto_685::MIPI_DSI1_CLK_P~0
-5.500015e-11 (A)  WCPL_Trace740_Auto_685::MIPI_DSI1_CLK_P~1
5.000000e-12 (A)  WCPL_Trace744_Auto_1330::MIPI_DSI1_CLK_P~0
-3.250013e-11 (A)  WCPL_Trace744_Auto_1330::MIPI_DSI1_CLK_P~1
5.000000e-12 (A)  WCPL_Trace744_Auto_1330::MIPI_DSI1_CLK_P~2
-3.250011e-11 (A)  WCPL_Trace744_Auto_1330::MIPI_DSI1_CLK_P~3
-5.000000e-12 (A)  WCPL_Trace748::MIPI_DSI1_CLK_P~0
-5.000000e-12 (A)  WCPL_Trace748::MIPI_DSI1_CLK_P~1
-5.000000e-12 (A)  WCPL_Trace749::MIPI_DSI1_CLK_P~0
-5.000000e-12 (A)  WCPL_Trace749::MIPI_DSI1_CLK_P~1
2.650017e-10 (A)  WCPL_Trace749::MIPI_DSI1_CLK_P~2
5.000000e-12 (A)  WCPL_Trace755_Auto_2396::MIPI_DSI1_CLK_P~0
-2.400011e-10 (A)  WCPL_Trace755_Auto_2396::MIPI_DSI1_CLK_P~1
5.000000e-12 (A)  WCPL_Trace759_Auto_2282::MIPI_DSI1_CLK_P~0
-2.250009e-10 (A)  WCPL_Trace759_Auto_2282::MIPI_DSI1_CLK_P~1
5.000000e-12 (A)  WCPL_Trace759_Auto_2282::MIPI_DSI1_CLK_P~2
5.000000e-12 (A)  WCPL_Trace759_Auto_2386::MIPI_DSI1_CLK_P~0
-2.275010e-10 (A)  WCPL_Trace759_Auto_2386::MIPI_DSI1_CLK_P~1
5.000000e-12 (A)  WCPL_Trace769::MIPI_DSI1_CLK_P~0
-5.000000e-12 (A)  WCPL_Trace769::MIPI_DSI1_CLK_P~1
0.000000e+00 (A)  X_C80.Xpartial.X_SpeedXP_auto_CAP_NP_C0603_100N_100N_C80_C80.V_SpeedXP_auto_2_En
-5.050000e-11 (A)  X_CH1.Xpartial.X_SpeedXP_auto_WP7B-P040VA1-R8000_WP7B-P040VA1-R8000_WP7B-P040VA1-R8000_WP7B-P040VA1-R8000_CH1.B_SpeedXP_auto_11_OutOfIn
-5.050000e-11 (A)  X_CH1.Xpartial.X_SpeedXP_auto_WP7B-P040VA1-R8000_WP7B-P040VA1-R8000_WP7B-P040VA1-R8000_WP7B-P040VA1-R8000_CH1.B_SpeedXP_auto_12_OutOfIn
-5.050000e-11 (A)  X_CH1.Xpartial.X_SpeedXP_auto_WP7B-P040VA1-R8000_WP7B-P040VA1-R8000_WP7B-P040VA1-R8000_WP7B-P040VA1-R8000_CH1.B_SpeedXP_auto_13_OutOfIn
-5.050000e-11 (A)  X_CH1.Xpartial.X_SpeedXP_auto_WP7B-P040VA1-R8000_WP7B-P040VA1-R8000_WP7B-P040VA1-R8000_WP7B-P040VA1-R8000_CH1.B_SpeedXP_auto_14_OutOfIn
-5.050000e-11 (A)  X_CH1.Xpartial.X_SpeedXP_auto_WP7B-P040VA1-R8000_WP7B-P040VA1-R8000_WP7B-P040VA1-R8000_WP7B-P040VA1-R8000_CH1.B_SpeedXP_auto_15_OutOfIn
-5.050000e-11 (A)  X_CH1.Xpartial.X_SpeedXP_auto_WP7B-P040VA1-R8000_WP7B-P040VA1-R8000_WP7B-P040VA1-R8000_WP7B-P040VA1-R8000_CH1.B_SpeedXP_auto_16_OutOfIn
-5.050000e-11 (A)  X_CH1.Xpartial.X_SpeedXP_auto_WP7B-P040VA1-R8000_WP7B-P040VA1-R8000_WP7B-P040VA1-R8000_WP7B-P040VA1-R8000_CH1.B_SpeedXP_auto_17_OutOfIn
-5.050000e-11 (A)  X_CH1.Xpartial.X_SpeedXP_auto_WP7B-P040VA1-R8000_WP7B-P040VA1-R8000_WP7B-P040VA1-R8000_WP7B-P040VA1-R8000_CH1.B_SpeedXP_auto_18_OutOfIn
-1.000000e-12 (A)  X_CH1.Xpartial.X_SpeedXP_auto_WP7B-P040VA1-R8000_WP7B-P040VA1-R8000_WP7B-P040VA1-R8000_WP7B-P040VA1-R8000_CH1.V_SpeedXP_auto_10_En
-1.010000e-10 (A)  X_CH1.Xpartial.X_SpeedXP_auto_WP7B-P040VA1-R8000_WP7B-P040VA1-R8000_WP7B-P040VA1-R8000_WP7B-P040VA1-R8000_CH1.V_SpeedXP_auto_11_En
-1.010000e-10 (A)  X_CH1.Xpartial.X_SpeedXP_auto_WP7B-P040VA1-R8000_WP7B-P040VA1-R8000_WP7B-P040VA1-R8000_WP7B-P040VA1-R8000_CH1.V_SpeedXP_auto_12_En
-1.010000e-10 (A)  X_CH1.Xpartial.X_SpeedXP_auto_WP7B-P040VA1-R8000_WP7B-P040VA1-R8000_WP7B-P040VA1-R8000_WP7B-P040VA1-R8000_CH1.V_SpeedXP_auto_13_En
-1.010000e-10 (A)  X_CH1.Xpartial.X_SpeedXP_auto_WP7B-P040VA1-R8000_WP7B-P040VA1-R8000_WP7B-P040VA1-R8000_WP7B-P040VA1-R8000_CH1.V_SpeedXP_auto_14_En
-1.010000e-10 (A)  X_CH1.Xpartial.X_SpeedXP_auto_WP7B-P040VA1-R8000_WP7B-P040VA1-R8000_WP7B-P040VA1-R8000_WP7B-P040VA1-R8000_CH1.V_SpeedXP_auto_15_En
-1.010000e-10 (A)  X_CH1.Xpartial.X_SpeedXP_auto_WP7B-P040VA1-R8000_WP7B-P040VA1-R8000_WP7B-P040VA1-R8000_WP7B-P040VA1-R8000_CH1.V_SpeedXP_auto_16_En
-1.010000e-10 (A)  X_CH1.Xpartial.X_SpeedXP_auto_WP7B-P040VA1-R8000_WP7B-P040VA1-R8000_WP7B-P040VA1-R8000_WP7B-P040VA1-R8000_CH1.V_SpeedXP_auto_17_En
-1.010000e-10 (A)  X_CH1.Xpartial.X_SpeedXP_auto_WP7B-P040VA1-R8000_WP7B-P040VA1-R8000_WP7B-P040VA1-R8000_WP7B-P040VA1-R8000_CH1.V_SpeedXP_auto_18_En
-1.000000e-12 (A)  X_CH1.Xpartial.X_SpeedXP_auto_WP7B-P040VA1-R8000_WP7B-P040VA1-R8000_WP7B-P040VA1-R8000_WP7B-P040VA1-R8000_CH1.V_SpeedXP_auto_19_En
-1.000000e-12 (A)  X_CH1.Xpartial.X_SpeedXP_auto_WP7B-P040VA1-R8000_WP7B-P040VA1-R8000_WP7B-P040VA1-R8000_WP7B-P040VA1-R8000_CH1.V_SpeedXP_auto_1_En
-1.000000e-12 (A)  X_CH1.Xpartial.X_SpeedXP_auto_WP7B-P040VA1-R8000_WP7B-P040VA1-R8000_WP7B-P040VA1-R8000_WP7B-P040VA1-R8000_CH1.V_SpeedXP_auto_20_En
-1.000000e-12 (A)  X_CH1.Xpartial.X_SpeedXP_auto_WP7B-P040VA1-R8000_WP7B-P040VA1-R8000_WP7B-P040VA1-R8000_WP7B-P040VA1-R8000_CH1.V_SpeedXP_auto_2_En
-1.000000e-12 (A)  X_CH1.Xpartial.X_SpeedXP_auto_WP7B-P040VA1-R8000_WP7B-P040VA1-R8000_WP7B-P040VA1-R8000_WP7B-P040VA1-R8000_CH1.V_SpeedXP_auto_3_En
-1.000000e-12 (A)  X_CH1.Xpartial.X_SpeedXP_auto_WP7B-P040VA1-R8000_WP7B-P040VA1-R8000_WP7B-P040VA1-R8000_WP7B-P040VA1-R8000_CH1.V_SpeedXP_auto_4_En
-1.000000e-12 (A)  X_CH1.Xpartial.X_SpeedXP_auto_WP7B-P040VA1-R8000_WP7B-P040VA1-R8000_WP7B-P040VA1-R8000_WP7B-P040VA1-R8000_CH1.V_SpeedXP_auto_5_En
-1.000000e-12 (A)  X_CH1.Xpartial.X_SpeedXP_auto_WP7B-P040VA1-R8000_WP7B-P040VA1-R8000_WP7B-P040VA1-R8000_WP7B-P040VA1-R8000_CH1.V_SpeedXP_auto_6_En
-1.000000e-12 (A)  X_CH1.Xpartial.X_SpeedXP_auto_WP7B-P040VA1-R8000_WP7B-P040VA1-R8000_WP7B-P040VA1-R8000_WP7B-P040VA1-R8000_CH1.V_SpeedXP_auto_7_En
-1.000000e-12 (A)  X_CH1.Xpartial.X_SpeedXP_auto_WP7B-P040VA1-R8000_WP7B-P040VA1-R8000_WP7B-P040VA1-R8000_WP7B-P040VA1-R8000_CH1.V_SpeedXP_auto_8_En
-1.000000e-12 (A)  X_CH1.Xpartial.X_SpeedXP_auto_WP7B-P040VA1-R8000_WP7B-P040VA1-R8000_WP7B-P040VA1-R8000_WP7B-P040VA1-R8000_CH1.V_SpeedXP_auto_9_En
-7.500000e-12 (A)  X_CH1.Xpartial.X_SpeedXP_auto_WP7B-P040VA1-R8000_WP7B-P040VA1-R8000_WP7B-P040VA1-R8000_WP7B-P040VA1-R8000_CH1.Vpwr_11
-3.250015e-10 (A)  X_CH1.Xpartial.X_SpeedXP_auto_WP7B-P040VA1-R8000_WP7B-P040VA1-R8000_WP7B-P040VA1-R8000_WP7B-P040VA1-R8000_CH1.Vpwr_12
-3.075020e-10 (A)  X_CH1.Xpartial.X_SpeedXP_auto_WP7B-P040VA1-R8000_WP7B-P040VA1-R8000_WP7B-P040VA1-R8000_WP7B-P040VA1-R8000_CH1.Vpwr_13
-7.500000e-12 (A)  X_CH1.Xpartial.X_SpeedXP_auto_WP7B-P040VA1-R8000_WP7B-P040VA1-R8000_WP7B-P040VA1-R8000_WP7B-P040VA1-R8000_CH1.Vpwr_14
-7.500000e-12 (A)  X_CH1.Xpartial.X_SpeedXP_auto_WP7B-P040VA1-R8000_WP7B-P040VA1-R8000_WP7B-P040VA1-R8000_WP7B-P040VA1-R8000_CH1.Vpwr_15
-2.775013e-10 (A)  X_CH1.Xpartial.X_SpeedXP_auto_WP7B-P040VA1-R8000_WP7B-P040VA1-R8000_WP7B-P040VA1-R8000_WP7B-P040VA1-R8000_CH1.Vpwr_16
-7.500000e-12 (A)  X_CH1.Xpartial.X_SpeedXP_auto_WP7B-P040VA1-R8000_WP7B-P040VA1-R8000_WP7B-P040VA1-R8000_WP7B-P040VA1-R8000_CH1.Vpwr_17
-2.575015e-10 (A)  X_CH1.Xpartial.X_SpeedXP_auto_WP7B-P040VA1-R8000_WP7B-P040VA1-R8000_WP7B-P040VA1-R8000_WP7B-P040VA1-R8000_CH1.Vpwr_18
0.000000e+00 (A)  X_CH1.Xpartial.X_SpeedXP_auto_WP7B-P040VA1-R8000_WP7B-P040VA1-R8000_WP7B-P040VA1-R8000_WP7B-P040VA1-R8000_CH1.X_SpeedXP_auto_10_St.v1
0.000000e+00 (A)  X_CH1.Xpartial.X_SpeedXP_auto_WP7B-P040VA1-R8000_WP7B-P040VA1-R8000_WP7B-P040VA1-R8000_WP7B-P040VA1-R8000_CH1.X_SpeedXP_auto_11_St.v1
-1.010000e-10 (A)  X_CH1.Xpartial.X_SpeedXP_auto_WP7B-P040VA1-R8000_WP7B-P040VA1-R8000_WP7B-P040VA1-R8000_WP7B-P040VA1-R8000_CH1.X_SpeedXP_auto_12_St.v1
-1.010000e-10 (A)  X_CH1.Xpartial.X_SpeedXP_auto_WP7B-P040VA1-R8000_WP7B-P040VA1-R8000_WP7B-P040VA1-R8000_WP7B-P040VA1-R8000_CH1.X_SpeedXP_auto_13_St.v1
0.000000e+00 (A)  X_CH1.Xpartial.X_SpeedXP_auto_WP7B-P040VA1-R8000_WP7B-P040VA1-R8000_WP7B-P040VA1-R8000_WP7B-P040VA1-R8000_CH1.X_SpeedXP_auto_14_St.v1
0.000000e+00 (A)  X_CH1.Xpartial.X_SpeedXP_auto_WP7B-P040VA1-R8000_WP7B-P040VA1-R8000_WP7B-P040VA1-R8000_WP7B-P040VA1-R8000_CH1.X_SpeedXP_auto_15_St.v1
-1.010000e-10 (A)  X_CH1.Xpartial.X_SpeedXP_auto_WP7B-P040VA1-R8000_WP7B-P040VA1-R8000_WP7B-P040VA1-R8000_WP7B-P040VA1-R8000_CH1.X_SpeedXP_auto_16_St.v1
0.000000e+00 (A)  X_CH1.Xpartial.X_SpeedXP_auto_WP7B-P040VA1-R8000_WP7B-P040VA1-R8000_WP7B-P040VA1-R8000_WP7B-P040VA1-R8000_CH1.X_SpeedXP_auto_17_St.v1
-1.010000e-10 (A)  X_CH1.Xpartial.X_SpeedXP_auto_WP7B-P040VA1-R8000_WP7B-P040VA1-R8000_WP7B-P040VA1-R8000_WP7B-P040VA1-R8000_CH1.X_SpeedXP_auto_18_St.v1
0.000000e+00 (A)  X_CH1.Xpartial.X_SpeedXP_auto_WP7B-P040VA1-R8000_WP7B-P040VA1-R8000_WP7B-P040VA1-R8000_WP7B-P040VA1-R8000_CH1.X_SpeedXP_auto_19_St.v1
0.000000e+00 (A)  X_CH1.Xpartial.X_SpeedXP_auto_WP7B-P040VA1-R8000_WP7B-P040VA1-R8000_WP7B-P040VA1-R8000_WP7B-P040VA1-R8000_CH1.X_SpeedXP_auto_1_St.v1
0.000000e+00 (A)  X_CH1.Xpartial.X_SpeedXP_auto_WP7B-P040VA1-R8000_WP7B-P040VA1-R8000_WP7B-P040VA1-R8000_WP7B-P040VA1-R8000_CH1.X_SpeedXP_auto_20_St.v1
0.000000e+00 (A)  X_CH1.Xpartial.X_SpeedXP_auto_WP7B-P040VA1-R8000_WP7B-P040VA1-R8000_WP7B-P040VA1-R8000_WP7B-P040VA1-R8000_CH1.X_SpeedXP_auto_2_St.v1
0.000000e+00 (A)  X_CH1.Xpartial.X_SpeedXP_auto_WP7B-P040VA1-R8000_WP7B-P040VA1-R8000_WP7B-P040VA1-R8000_WP7B-P040VA1-R8000_CH1.X_SpeedXP_auto_3_St.v1
0.000000e+00 (A)  X_CH1.Xpartial.X_SpeedXP_auto_WP7B-P040VA1-R8000_WP7B-P040VA1-R8000_WP7B-P040VA1-R8000_WP7B-P040VA1-R8000_CH1.X_SpeedXP_auto_4_St.v1
0.000000e+00 (A)  X_CH1.Xpartial.X_SpeedXP_auto_WP7B-P040VA1-R8000_WP7B-P040VA1-R8000_WP7B-P040VA1-R8000_WP7B-P040VA1-R8000_CH1.X_SpeedXP_auto_5_St.v1
0.000000e+00 (A)  X_CH1.Xpartial.X_SpeedXP_auto_WP7B-P040VA1-R8000_WP7B-P040VA1-R8000_WP7B-P040VA1-R8000_WP7B-P040VA1-R8000_CH1.X_SpeedXP_auto_6_St.v1
0.000000e+00 (A)  X_CH1.Xpartial.X_SpeedXP_auto_WP7B-P040VA1-R8000_WP7B-P040VA1-R8000_WP7B-P040VA1-R8000_WP7B-P040VA1-R8000_CH1.X_SpeedXP_auto_7_St.v1
0.000000e+00 (A)  X_CH1.Xpartial.X_SpeedXP_auto_WP7B-P040VA1-R8000_WP7B-P040VA1-R8000_WP7B-P040VA1-R8000_WP7B-P040VA1-R8000_CH1.X_SpeedXP_auto_8_St.v1
0.000000e+00 (A)  X_CH1.Xpartial.X_SpeedXP_auto_WP7B-P040VA1-R8000_WP7B-P040VA1-R8000_WP7B-P040VA1-R8000_WP7B-P040VA1-R8000_CH1.X_SpeedXP_auto_9_St.v1
0.000000e+00 (A)  X_D5.Xpartial.X_SpeedXP_auto_TVS/ESD_SOD-323_H3V3HD3U_H3V3HD3U_D5.V_SpeedXP_auto_1_En
0.000000e+00 (A)  X_ESD1.Xpartial.X_SpeedXP_auto_IP4292CZ10_DFN2510A-10_IP4292CZ10-TBR_115_IP4292CZ10-TBR_115_ESD1_ESD1.V_SpeedXP_auto_10_En
-1.000000e-12 (A)  X_ESD1.Xpartial.X_SpeedXP_auto_IP4292CZ10_DFN2510A-10_IP4292CZ10-TBR_115_IP4292CZ10-TBR_115_ESD1_ESD1.V_SpeedXP_auto_1_En
-1.000000e-12 (A)  X_ESD1.Xpartial.X_SpeedXP_auto_IP4292CZ10_DFN2510A-10_IP4292CZ10-TBR_115_IP4292CZ10-TBR_115_ESD1_ESD1.V_SpeedXP_auto_2_En
-1.000000e-12 (A)  X_ESD1.Xpartial.X_SpeedXP_auto_IP4292CZ10_DFN2510A-10_IP4292CZ10-TBR_115_IP4292CZ10-TBR_115_ESD1_ESD1.V_SpeedXP_auto_4_En
-1.000000e-12 (A)  X_ESD1.Xpartial.X_SpeedXP_auto_IP4292CZ10_DFN2510A-10_IP4292CZ10-TBR_115_IP4292CZ10-TBR_115_ESD1_ESD1.V_SpeedXP_auto_5_En
0.000000e+00 (A)  X_ESD1.Xpartial.X_SpeedXP_auto_IP4292CZ10_DFN2510A-10_IP4292CZ10-TBR_115_IP4292CZ10-TBR_115_ESD1_ESD1.V_SpeedXP_auto_6_En
0.000000e+00 (A)  X_ESD1.Xpartial.X_SpeedXP_auto_IP4292CZ10_DFN2510A-10_IP4292CZ10-TBR_115_IP4292CZ10-TBR_115_ESD1_ESD1.V_SpeedXP_auto_7_En
0.000000e+00 (A)  X_ESD1.Xpartial.X_SpeedXP_auto_IP4292CZ10_DFN2510A-10_IP4292CZ10-TBR_115_IP4292CZ10-TBR_115_ESD1_ESD1.V_SpeedXP_auto_9_En
0.000000e+00 (A)  X_ESD1.Xpartial.X_SpeedXP_auto_IP4292CZ10_DFN2510A-10_IP4292CZ10-TBR_115_IP4292CZ10-TBR_115_ESD1_ESD1.X_SpeedXP_auto_1_St.v1
0.000000e+00 (A)  X_ESD1.Xpartial.X_SpeedXP_auto_IP4292CZ10_DFN2510A-10_IP4292CZ10-TBR_115_IP4292CZ10-TBR_115_ESD1_ESD1.X_SpeedXP_auto_2_St.v1
0.000000e+00 (A)  X_ESD1.Xpartial.X_SpeedXP_auto_IP4292CZ10_DFN2510A-10_IP4292CZ10-TBR_115_IP4292CZ10-TBR_115_ESD1_ESD1.X_SpeedXP_auto_4_St.v1
0.000000e+00 (A)  X_ESD1.Xpartial.X_SpeedXP_auto_IP4292CZ10_DFN2510A-10_IP4292CZ10-TBR_115_IP4292CZ10-TBR_115_ESD1_ESD1.X_SpeedXP_auto_5_St.v1
0.000000e+00 (A)  X_ESD2.Xpartial.X_SpeedXP_auto_IP4292CZ10_DFN2510A-10_IP4292CZ10-TBR_115_IP4292CZ10-TBR_115_ESD2_ESD2.V_SpeedXP_auto_10_En
-1.000000e-12 (A)  X_ESD2.Xpartial.X_SpeedXP_auto_IP4292CZ10_DFN2510A-10_IP4292CZ10-TBR_115_IP4292CZ10-TBR_115_ESD2_ESD2.V_SpeedXP_auto_1_En
-1.000000e-12 (A)  X_ESD2.Xpartial.X_SpeedXP_auto_IP4292CZ10_DFN2510A-10_IP4292CZ10-TBR_115_IP4292CZ10-TBR_115_ESD2_ESD2.V_SpeedXP_auto_2_En
-1.000000e-12 (A)  X_ESD2.Xpartial.X_SpeedXP_auto_IP4292CZ10_DFN2510A-10_IP4292CZ10-TBR_115_IP4292CZ10-TBR_115_ESD2_ESD2.V_SpeedXP_auto_4_En
-1.000000e-12 (A)  X_ESD2.Xpartial.X_SpeedXP_auto_IP4292CZ10_DFN2510A-10_IP4292CZ10-TBR_115_IP4292CZ10-TBR_115_ESD2_ESD2.V_SpeedXP_auto_5_En
0.000000e+00 (A)  X_ESD2.Xpartial.X_SpeedXP_auto_IP4292CZ10_DFN2510A-10_IP4292CZ10-TBR_115_IP4292CZ10-TBR_115_ESD2_ESD2.V_SpeedXP_auto_6_En
0.000000e+00 (A)  X_ESD2.Xpartial.X_SpeedXP_auto_IP4292CZ10_DFN2510A-10_IP4292CZ10-TBR_115_IP4292CZ10-TBR_115_ESD2_ESD2.V_SpeedXP_auto_7_En
0.000000e+00 (A)  X_ESD2.Xpartial.X_SpeedXP_auto_IP4292CZ10_DFN2510A-10_IP4292CZ10-TBR_115_IP4292CZ10-TBR_115_ESD2_ESD2.V_SpeedXP_auto_9_En
0.000000e+00 (A)  X_ESD2.Xpartial.X_SpeedXP_auto_IP4292CZ10_DFN2510A-10_IP4292CZ10-TBR_115_IP4292CZ10-TBR_115_ESD2_ESD2.X_SpeedXP_auto_1_St.v1
0.000000e+00 (A)  X_ESD2.Xpartial.X_SpeedXP_auto_IP4292CZ10_DFN2510A-10_IP4292CZ10-TBR_115_IP4292CZ10-TBR_115_ESD2_ESD2.X_SpeedXP_auto_2_St.v1
0.000000e+00 (A)  X_ESD2.Xpartial.X_SpeedXP_auto_IP4292CZ10_DFN2510A-10_IP4292CZ10-TBR_115_IP4292CZ10-TBR_115_ESD2_ESD2.X_SpeedXP_auto_4_St.v1
0.000000e+00 (A)  X_ESD2.Xpartial.X_SpeedXP_auto_IP4292CZ10_DFN2510A-10_IP4292CZ10-TBR_115_IP4292CZ10-TBR_115_ESD2_ESD2.X_SpeedXP_auto_5_St.v1
0.000000e+00 (A)  X_HDMI1.Xpartial.X_SpeedXP_auto_HDMI-A_HDMI-001S_HDMI-001S_HDMI-001S_HDMI1.V_SpeedXP_auto_10_En
0.000000e+00 (A)  X_HDMI1.Xpartial.X_SpeedXP_auto_HDMI-A_HDMI-001S_HDMI-001S_HDMI-001S_HDMI1.V_SpeedXP_auto_12_En
0.000000e+00 (A)  X_HDMI1.Xpartial.X_SpeedXP_auto_HDMI-A_HDMI-001S_HDMI-001S_HDMI-001S_HDMI1.V_SpeedXP_auto_1_En
0.000000e+00 (A)  X_HDMI1.Xpartial.X_SpeedXP_auto_HDMI-A_HDMI-001S_HDMI-001S_HDMI-001S_HDMI1.V_SpeedXP_auto_3_En
0.000000e+00 (A)  X_HDMI1.Xpartial.X_SpeedXP_auto_HDMI-A_HDMI-001S_HDMI-001S_HDMI-001S_HDMI1.V_SpeedXP_auto_4_En
0.000000e+00 (A)  X_HDMI1.Xpartial.X_SpeedXP_auto_HDMI-A_HDMI-001S_HDMI-001S_HDMI-001S_HDMI1.V_SpeedXP_auto_6_En
0.000000e+00 (A)  X_HDMI1.Xpartial.X_SpeedXP_auto_HDMI-A_HDMI-001S_HDMI-001S_HDMI-001S_HDMI1.V_SpeedXP_auto_7_En
0.000000e+00 (A)  X_HDMI1.Xpartial.X_SpeedXP_auto_HDMI-A_HDMI-001S_HDMI-001S_HDMI-001S_HDMI1.V_SpeedXP_auto_9_En
0.000000e+00 (A)  X_R24.Xpartial.X_SpeedXP_auto_RES_R0603_10K_10K_R24_R24.V_SpeedXP_auto_2_En
-1.000000e-12 (A)  X_R25.Xpartial.X_SpeedXP_auto_RES_R0603_1K_1K_R25_R25.V_SpeedXP_auto_1_En
0.000000e+00 (A)  X_R25.Xpartial.X_SpeedXP_auto_RES_R0603_1K_1K_R25_R25.X_SpeedXP_auto_1_St.v1
0.000000e+00 (A)  X_SW1.Xpartial.X_SpeedXP_auto_SWITCH-2P_SMD4030_1_6N_1_6N_SW1.V_SpeedXP_auto_2_En
0.000000e+00 (A)  X_U8.Xpartial.X_SpeedXP_auto_TC358870XBG_1_VFBGA80_(S1+S2+S3+S4)_TC358870XBG(NOK)_TC358870XBG(NOK)_U8.B_SpeedXP_auto_A6_OutOfIn
0.000000e+00 (A)  X_U8.Xpartial.X_SpeedXP_auto_TC358870XBG_1_VFBGA80_(S1+S2+S3+S4)_TC358870XBG(NOK)_TC358870XBG(NOK)_U8.B_SpeedXP_auto_A7_OutOfIn
-1.010000e-10 (A)  X_U8.Xpartial.X_SpeedXP_auto_TC358870XBG_1_VFBGA80_(S1+S2+S3+S4)_TC358870XBG(NOK)_TC358870XBG(NOK)_U8.B_SpeedXP_auto_A8_OutOfIn
0.000000e+00 (A)  X_U8.Xpartial.X_SpeedXP_auto_TC358870XBG_1_VFBGA80_(S1+S2+S3+S4)_TC358870XBG(NOK)_TC358870XBG(NOK)_U8.B_SpeedXP_auto_A9_OutOfIn
-1.010000e-10 (A)  X_U8.Xpartial.X_SpeedXP_auto_TC358870XBG_1_VFBGA80_(S1+S2+S3+S4)_TC358870XBG(NOK)_TC358870XBG(NOK)_U8.B_SpeedXP_auto_B6_OutOfIn
-1.010000e-10 (A)  X_U8.Xpartial.X_SpeedXP_auto_TC358870XBG_1_VFBGA80_(S1+S2+S3+S4)_TC358870XBG(NOK)_TC358870XBG(NOK)_U8.B_SpeedXP_auto_B7_OutOfIn
0.000000e+00 (A)  X_U8.Xpartial.X_SpeedXP_auto_TC358870XBG_1_VFBGA80_(S1+S2+S3+S4)_TC358870XBG(NOK)_TC358870XBG(NOK)_U8.B_SpeedXP_auto_B8_OutOfIn
-1.010000e-10 (A)  X_U8.Xpartial.X_SpeedXP_auto_TC358870XBG_1_VFBGA80_(S1+S2+S3+S4)_TC358870XBG(NOK)_TC358870XBG(NOK)_U8.B_SpeedXP_auto_B9_OutOfIn
0.000000e+00 (A)  X_U8.Xpartial.X_SpeedXP_auto_TC358870XBG_1_VFBGA80_(S1+S2+S3+S4)_TC358870XBG(NOK)_TC358870XBG(NOK)_U8.V_SpeedXP_auto_A4_En
0.000000e+00 (A)  X_U8.Xpartial.X_SpeedXP_auto_TC358870XBG_1_VFBGA80_(S1+S2+S3+S4)_TC358870XBG(NOK)_TC358870XBG(NOK)_U8.V_SpeedXP_auto_A5_En
0.000000e+00 (A)  X_U8.Xpartial.X_SpeedXP_auto_TC358870XBG_1_VFBGA80_(S1+S2+S3+S4)_TC358870XBG(NOK)_TC358870XBG(NOK)_U8.V_SpeedXP_auto_A6_En
0.000000e+00 (A)  X_U8.Xpartial.X_SpeedXP_auto_TC358870XBG_1_VFBGA80_(S1+S2+S3+S4)_TC358870XBG(NOK)_TC358870XBG(NOK)_U8.V_SpeedXP_auto_A7_En
0.000000e+00 (A)  X_U8.Xpartial.X_SpeedXP_auto_TC358870XBG_1_VFBGA80_(S1+S2+S3+S4)_TC358870XBG(NOK)_TC358870XBG(NOK)_U8.V_SpeedXP_auto_A8_En
0.000000e+00 (A)  X_U8.Xpartial.X_SpeedXP_auto_TC358870XBG_1_VFBGA80_(S1+S2+S3+S4)_TC358870XBG(NOK)_TC358870XBG(NOK)_U8.V_SpeedXP_auto_A9_En
0.000000e+00 (A)  X_U8.Xpartial.X_SpeedXP_auto_TC358870XBG_1_VFBGA80_(S1+S2+S3+S4)_TC358870XBG(NOK)_TC358870XBG(NOK)_U8.V_SpeedXP_auto_B5_En
0.000000e+00 (A)  X_U8.Xpartial.X_SpeedXP_auto_TC358870XBG_1_VFBGA80_(S1+S2+S3+S4)_TC358870XBG(NOK)_TC358870XBG(NOK)_U8.V_SpeedXP_auto_B6_En
0.000000e+00 (A)  X_U8.Xpartial.X_SpeedXP_auto_TC358870XBG_1_VFBGA80_(S1+S2+S3+S4)_TC358870XBG(NOK)_TC358870XBG(NOK)_U8.V_SpeedXP_auto_B7_En
0.000000e+00 (A)  X_U8.Xpartial.X_SpeedXP_auto_TC358870XBG_1_VFBGA80_(S1+S2+S3+S4)_TC358870XBG(NOK)_TC358870XBG(NOK)_U8.V_SpeedXP_auto_B8_En
0.000000e+00 (A)  X_U8.Xpartial.X_SpeedXP_auto_TC358870XBG_1_VFBGA80_(S1+S2+S3+S4)_TC358870XBG(NOK)_TC358870XBG(NOK)_U8.V_SpeedXP_auto_B9_En
0.000000e+00 (A)  X_U8.Xpartial.X_SpeedXP_auto_TC358870XBG_1_VFBGA80_(S1+S2+S3+S4)_TC358870XBG(NOK)_TC358870XBG(NOK)_U8.V_SpeedXP_auto_C1_En
0.000000e+00 (A)  X_U8.Xpartial.X_SpeedXP_auto_TC358870XBG_1_VFBGA80_(S1+S2+S3+S4)_TC358870XBG(NOK)_TC358870XBG(NOK)_U8.V_SpeedXP_auto_C2_En
0.000000e+00 (A)  X_U8.Xpartial.X_SpeedXP_auto_TC358870XBG_1_VFBGA80_(S1+S2+S3+S4)_TC358870XBG(NOK)_TC358870XBG(NOK)_U8.V_SpeedXP_auto_D10_En
0.000000e+00 (A)  X_U8.Xpartial.X_SpeedXP_auto_TC358870XBG_1_VFBGA80_(S1+S2+S3+S4)_TC358870XBG(NOK)_TC358870XBG(NOK)_U8.V_SpeedXP_auto_D1_En
0.000000e+00 (A)  X_U8.Xpartial.X_SpeedXP_auto_TC358870XBG_1_VFBGA80_(S1+S2+S3+S4)_TC358870XBG(NOK)_TC358870XBG(NOK)_U8.V_SpeedXP_auto_D2_En
0.000000e+00 (A)  X_U8.Xpartial.X_SpeedXP_auto_TC358870XBG_1_VFBGA80_(S1+S2+S3+S4)_TC358870XBG(NOK)_TC358870XBG(NOK)_U8.V_SpeedXP_auto_D9_En
0.000000e+00 (A)  X_U8.Xpartial.X_SpeedXP_auto_TC358870XBG_1_VFBGA80_(S1+S2+S3+S4)_TC358870XBG(NOK)_TC358870XBG(NOK)_U8.V_SpeedXP_auto_E10_En
0.000000e+00 (A)  X_U8.Xpartial.X_SpeedXP_auto_TC358870XBG_1_VFBGA80_(S1+S2+S3+S4)_TC358870XBG(NOK)_TC358870XBG(NOK)_U8.V_SpeedXP_auto_E1_En
0.000000e+00 (A)  X_U8.Xpartial.X_SpeedXP_auto_TC358870XBG_1_VFBGA80_(S1+S2+S3+S4)_TC358870XBG(NOK)_TC358870XBG(NOK)_U8.V_SpeedXP_auto_E2_En
0.000000e+00 (A)  X_U8.Xpartial.X_SpeedXP_auto_TC358870XBG_1_VFBGA80_(S1+S2+S3+S4)_TC358870XBG(NOK)_TC358870XBG(NOK)_U8.V_SpeedXP_auto_E9_En
0.000000e+00 (A)  X_U8.Xpartial.X_SpeedXP_auto_TC358870XBG_1_VFBGA80_(S1+S2+S3+S4)_TC358870XBG(NOK)_TC358870XBG(NOK)_U8.V_SpeedXP_auto_F10_En
0.000000e+00 (A)  X_U8.Xpartial.X_SpeedXP_auto_TC358870XBG_1_VFBGA80_(S1+S2+S3+S4)_TC358870XBG(NOK)_TC358870XBG(NOK)_U8.V_SpeedXP_auto_F1_En
0.000000e+00 (A)  X_U8.Xpartial.X_SpeedXP_auto_TC358870XBG_1_VFBGA80_(S1+S2+S3+S4)_TC358870XBG(NOK)_TC358870XBG(NOK)_U8.V_SpeedXP_auto_F2_En
0.000000e+00 (A)  X_U8.Xpartial.X_SpeedXP_auto_TC358870XBG_1_VFBGA80_(S1+S2+S3+S4)_TC358870XBG(NOK)_TC358870XBG(NOK)_U8.V_SpeedXP_auto_F9_En
0.000000e+00 (A)  X_U8.Xpartial.X_SpeedXP_auto_TC358870XBG_1_VFBGA80_(S1+S2+S3+S4)_TC358870XBG(NOK)_TC358870XBG(NOK)_U8.V_SpeedXP_auto_G10_En
0.000000e+00 (A)  X_U8.Xpartial.X_SpeedXP_auto_TC358870XBG_1_VFBGA80_(S1+S2+S3+S4)_TC358870XBG(NOK)_TC358870XBG(NOK)_U8.V_SpeedXP_auto_G9_En
0.000000e+00 (A)  X_U8.Xpartial.X_SpeedXP_auto_TC358870XBG_1_VFBGA80_(S1+S2+S3+S4)_TC358870XBG(NOK)_TC358870XBG(NOK)_U8.V_SpeedXP_auto_H10_En
0.000000e+00 (A)  X_U8.Xpartial.X_SpeedXP_auto_TC358870XBG_1_VFBGA80_(S1+S2+S3+S4)_TC358870XBG(NOK)_TC358870XBG(NOK)_U8.V_SpeedXP_auto_H9_En
0.000000e+00 (A)  X_U8.Xpartial.X_SpeedXP_auto_TC358870XBG_1_VFBGA80_(S1+S2+S3+S4)_TC358870XBG(NOK)_TC358870XBG(NOK)_U8.V_SpeedXP_auto_K8_En
-7.500000e-12 (A)  X_U8.Xpartial.X_SpeedXP_auto_TC358870XBG_1_VFBGA80_(S1+S2+S3+S4)_TC358870XBG(NOK)_TC358870XBG(NOK)_U8.Vpwr_A6
-7.500000e-12 (A)  X_U8.Xpartial.X_SpeedXP_auto_TC358870XBG_1_VFBGA80_(S1+S2+S3+S4)_TC358870XBG(NOK)_TC358870XBG(NOK)_U8.Vpwr_A7
-2.500000e-12 (A)  X_U8.Xpartial.X_SpeedXP_auto_TC358870XBG_1_VFBGA80_(S1+S2+S3+S4)_TC358870XBG(NOK)_TC358870XBG(NOK)_U8.Vpwr_A8
-7.500000e-12 (A)  X_U8.Xpartial.X_SpeedXP_auto_TC358870XBG_1_VFBGA80_(S1+S2+S3+S4)_TC358870XBG(NOK)_TC358870XBG(NOK)_U8.Vpwr_A9
-2.500000e-12 (A)  X_U8.Xpartial.X_SpeedXP_auto_TC358870XBG_1_VFBGA80_(S1+S2+S3+S4)_TC358870XBG(NOK)_TC358870XBG(NOK)_U8.Vpwr_B6
-2.500000e-12 (A)  X_U8.Xpartial.X_SpeedXP_auto_TC358870XBG_1_VFBGA80_(S1+S2+S3+S4)_TC358870XBG(NOK)_TC358870XBG(NOK)_U8.Vpwr_B7
-7.500000e-12 (A)  X_U8.Xpartial.X_SpeedXP_auto_TC358870XBG_1_VFBGA80_(S1+S2+S3+S4)_TC358870XBG(NOK)_TC358870XBG(NOK)_U8.Vpwr_B8
-2.500000e-12 (A)  X_U8.Xpartial.X_SpeedXP_auto_TC358870XBG_1_VFBGA80_(S1+S2+S3+S4)_TC358870XBG(NOK)_TC358870XBG(NOK)_U8.Vpwr_B9
-1.000004e-10 (A)  xvia0.lnode2086::mipi_dsi1_data0_n
5.000000e-12 (A)  xvia0.lnode2326::mipi_dsi1_data0_p
-1.025004e-10 (A)  Xvia0.VRLNode2086::MIPI_DSI1_DATA0_N
5.000000e-12 (A)  Xvia0.VRLNode2326::MIPI_DSI1_DATA0_P
5.000000e-12 (A)  xvia1.lnode1780::mipi_dsi1_data1_n
-1.700011e-10 (A)  xvia1.lnode2014::mipi_dsi1_data1_p
5.000000e-12 (A)  Xvia1.VRLNode1780::MIPI_DSI1_DATA1_N
-1.725011e-10 (A)  Xvia1.VRLNode2014::MIPI_DSI1_DATA1_P
-7.000017e-11 (A)  xvia2.lnode1321::mipi_dsi1_data2_n
5.000000e-12 (A)  xvia2.lnode1541::mipi_dsi1_data2_p
-7.250016e-11 (A)  Xvia2.VRLNode1321::MIPI_DSI1_DATA2_N
5.000000e-12 (A)  Xvia2.VRLNode1541::MIPI_DSI1_DATA2_P
-2.050009e-10 (A)  xvia3.lnode883::mipi_dsi1_clk_n
5.000000e-12 (A)  xvia3.lnode992::mipi_dsi1_clk_p
-2.075010e-10 (A)  Xvia3.VRLNode883::MIPI_DSI1_CLK_N
5.000000e-12 (A)  Xvia3.VRLNode992::MIPI_DSI1_CLK_P
