0.000000e+00 (V)  __Gnd
1.001137e-10 (V)  FILLETpad~polygon0101::mipi_dsi0_clk_n
2.500000e+00 (V)  FILLETpad~polygon0102::mipi_dsi0_data1_p
1.004930e-10 (V)  FILLETpad~polygon0103::mipi_dsi1_data2_n
1.001467e-10 (V)  FILLETpad~polygon0107::mipi_dsi0_data2_n
2.500000e+00 (V)  FILLETpad~polygon0108::mipi_dsi0_data2_p
2.500000e+00 (V)  FILLETpad~polygon0111::mipi_dsi0_clk_p
2.500000e+00 (V)  FILLETpad~polygon0112::mipi_dsi0_data3_p
1.000169e-10 (V)  FILLETpad~polygon0114::mipi_dsi0_data3_n
1.000000e-10 (V)  FILLETpad~polygon0119::mipi_dsi0_data3_n
1.000000e-10 (V)  FILLETpad~polygon0120::mipi_dsi0_clk_n
2.500000e+00 (V)  FILLETpad~polygon0122::mipi_dsi1_data2_p
2.500000e+00 (V)  FILLETpad~polygon0126::mipi_dsi0_clk_p
2.500000e+00 (V)  FILLETpad~polygon0127::mipi_dsi0_data1_p
1.000000e-10 (V)  FILLETpad~polygon0128::mipi_dsi1_data2_n
1.000000e-10 (V)  FILLETpad~polygon0131::mipi_dsi0_data2_n
1.000187e-10 (V)  FILLETpad~polygon0262::mipi_dsi0_data3_n
2.500000e+00 (V)  FILLETpad~polygon0265::mipi_dsi0_data2_p
2.500000e+00 (V)  FILLETpad~polygon0274::mipi_dsi0_clk_p
1.004948e-10 (V)  FILLETpad~polygon0326::mipi_dsi1_data2_n
2.500000e+00 (V)  FILLETpad~polygon0327::mipi_dsi0_data1_p
1.001155e-10 (V)  FILLETpad~polygon0328::mipi_dsi0_clk_n
2.500000e+00 (V)  FILLETpad~polygon0338::mipi_dsi0_data3_p
1.001669e-10 (V)  FILLETpad~polygon0396::mipi_dsi0_data1_n
2.500000e+00 (V)  FILLETpad~polygon0405::mipi_dsi1_data2_p
2.500000e+00 (V)  FILLETpad~polygon0407::mipi_dsi0_clk_p
2.500000e+00 (V)  FILLETpad~polygon0410::mipi_dsi0_data3_p
1.003676e-10 (V)  FILLETpad~polygon0413::mipi_dsi0_data3_n
1.003697e-10 (V)  FILLETpad~polygon0418::mipi_dsi0_data2_n
1.006280e-10 (V)  FILLETpad~polygon0422::mipi_dsi1_data2_n
1.003832e-10 (V)  FILLETpad~polygon0424::mipi_dsi0_clk_n
2.500000e+00 (V)  FILLETpad~polygon0437::mipi_dsi0_data2_p
2.500000e+00 (V)  FILLETpad~polygon0438::mipi_dsi1_data2_p
1.003753e-10 (V)  FILLETpad~polygon0444::mipi_dsi0_data1_n
1.001651e-10 (V)  FILLETpad~polygon048::mipi_dsi0_data1_n
2.500000e+00 (V)  FILLETpad~polygon088::mipi_dsi1_data2_p
1.100000e+00 (V)  IPGPWR_VCC_1V1
1.200000e+00 (V)  IPGPWR_VCC_1V2
1.800000e+00 (V)  IPGPWR_VCC_1V8
3.300000e+00 (V)  IPGPWR_VCC_3V3
5.000000e+00 (V)  IPGPWR_VCC_5V
5.000000e+00 (V)  IPGPWR_VCC_5V5
0.000000e+00 (V)  Node101!!A8::MIPI_DSI1_DATA1_P
0.000000e+00 (V)  Node102!!B9::MIPI_DSI1_DATA0_N
0.000000e+00 (V)  Node103!!A9::MIPI_DSI1_DATA0_P
0.000000e+00 (V)  Node108!!H9::MIPI_DSI0_DATA0_N
0.000000e+00 (V)  Node1081!!15::MIPI_DSI1_CLK_P
0.000000e+00 (V)  Node11!!B4::VCC_HDMIRX_IN
2.500000e+00 (V)  Node110!!D10_Auto_259::MIPI_DSI0_DATA3_P
2.500000e+00 (V)  Node111!!E10_Auto_258::MIPI_DSI0_DATA2_P
2.500000e+00 (V)  Node112!!G10::MIPI_DSI0_DATA1_P
0.000000e+00 (V)  Node1207!!20::MIPI_DSI1_DATA3_N
0.000000e+00 (V)  Node1276!!19::MIPI_DSI1_DATA3_P
1.006136e-10 (V)  Node1309::MIPI_DSI1_DATA2_N
1.006089e-10 (V)  Node1309_Auto_1356::MIPI_DSI1_DATA2_N
1.005930e-10 (V)  Node1311::MIPI_DSI1_DATA2_N
1.005539e-10 (V)  Node1312::MIPI_DSI1_DATA2_N
1.005532e-10 (V)  Node1313::MIPI_DSI1_DATA2_N
1.005418e-10 (V)  Node1313_Auto_1409::MIPI_DSI1_DATA2_N
1.005509e-10 (V)  Node1313_Auto_1411::MIPI_DSI1_DATA2_N
1.005395e-10 (V)  Node1314::MIPI_DSI1_DATA2_N
1.005360e-10 (V)  Node1316::MIPI_DSI1_DATA2_N
1.005333e-10 (V)  Node1316_Auto_1418::MIPI_DSI1_DATA2_N
1.005188e-10 (V)  Node1316_Auto_1419::MIPI_DSI1_DATA2_N
1.005161e-10 (V)  Node1317::MIPI_DSI1_DATA2_N
1.005134e-10 (V)  Node1317_Auto_1420::MIPI_DSI1_DATA2_N
1.005109e-10 (V)  Node1318::MIPI_DSI1_DATA2_N
1.004893e-10 (V)  Node1325::MIPI_DSI1_DATA2_N
1.004733e-10 (V)  Node1325_Auto_2437::MIPI_DSI1_DATA2_N
1.004707e-10 (V)  Node1325_Auto_2439::MIPI_DSI1_DATA2_N
1.004874e-10 (V)  Node1325_Auto_2441::MIPI_DSI1_DATA2_N
1.004763e-10 (V)  Node1325_Auto_2442::MIPI_DSI1_DATA2_N
1.004701e-10 (V)  Node1327::MIPI_DSI1_DATA2_N
1.004690e-10 (V)  Node1327_Auto_2443::MIPI_DSI1_DATA2_N
1.004521e-10 (V)  Node1327_Auto_2445::MIPI_DSI1_DATA2_N
1.004511e-10 (V)  Node1329::MIPI_DSI1_DATA2_N
1.004268e-10 (V)  Node1338::MIPI_DSI1_DATA2_N
1.004068e-10 (V)  Node1341::MIPI_DSI1_DATA2_N
1.004257e-10 (V)  Node1341_Auto_2448::MIPI_DSI1_DATA2_N
1.004088e-10 (V)  Node1341_Auto_2460::MIPI_DSI1_DATA2_N
1.003964e-10 (V)  Node1349::MIPI_DSI1_DATA2_N
1.003774e-10 (V)  Node1349_Auto_2450::MIPI_DSI1_DATA2_N
1.003943e-10 (V)  Node1349_Auto_2461::MIPI_DSI1_DATA2_N
1.003725e-10 (V)  Node1349_Auto_2463::MIPI_DSI1_DATA2_N
1.003715e-10 (V)  Node1352::MIPI_DSI1_DATA2_N
1.003471e-10 (V)  Node1361::MIPI_DSI1_DATA2_N
1.003220e-10 (V)  Node1364::MIPI_DSI1_DATA2_N
1.003242e-10 (V)  Node1364_Auto_2455::MIPI_DSI1_DATA2_N
1.003411e-10 (V)  Node1364_Auto_2456::MIPI_DSI1_DATA2_N
1.003461e-10 (V)  Node1364_Auto_2465::MIPI_DSI1_DATA2_N
1.003192e-10 (V)  Node1367::MIPI_DSI1_DATA2_N
1.003171e-10 (V)  Node1369::MIPI_DSI1_DATA2_N
1.003135e-10 (V)  Node1371::MIPI_DSI1_DATA2_N
1.003130e-10 (V)  Node1371_Auto_1426::MIPI_DSI1_DATA2_N
1.002934e-10 (V)  Node1371_Auto_1427::MIPI_DSI1_DATA2_N
1.002924e-10 (V)  Node1374::MIPI_DSI1_DATA2_N
1.002886e-10 (V)  Node1375::MIPI_DSI1_DATA2_N
1.002878e-10 (V)  Node1375_Auto_1423::MIPI_DSI1_DATA2_N
1.002840e-10 (V)  Node1378::MIPI_DSI1_DATA2_N
1.002800e-10 (V)  Node1381::MIPI_DSI1_DATA2_N
1.002759e-10 (V)  Node1384::MIPI_DSI1_DATA2_N
1.002653e-10 (V)  Node1393::MIPI_DSI1_DATA2_N
1.002612e-10 (V)  Node1396::MIPI_DSI1_DATA2_N
0.000000e+00 (V)  Node14!!F2::HDMI_DATA2_N
1.002402e-10 (V)  Node1403::MIPI_DSI1_DATA2_N
1.002392e-10 (V)  Node1403_Auto_1428::MIPI_DSI1_DATA2_N
1.002257e-10 (V)  Node1405::MIPI_DSI1_DATA2_N
1.002203e-10 (V)  Node1405_Auto_1431::MIPI_DSI1_DATA2_N
1.001618e-10 (V)  Node1407::MIPI_DSI1_DATA2_N
1.001604e-10 (V)  Node1408::MIPI_DSI1_DATA2_N
1.001524e-10 (V)  Node1410::MIPI_DSI1_DATA2_N
1.001378e-10 (V)  Node1430::MIPI_DSI1_DATA2_N
1.001319e-10 (V)  Node1432::MIPI_DSI1_DATA2_N
1.001173e-10 (V)  Node1452::MIPI_DSI1_DATA2_N
1.001114e-10 (V)  Node1454::MIPI_DSI1_DATA2_N
1.000968e-10 (V)  Node1474::MIPI_DSI1_DATA2_N
1.000909e-10 (V)  Node1476::MIPI_DSI1_DATA2_N
1.000763e-10 (V)  Node1496::MIPI_DSI1_DATA2_N
1.000704e-10 (V)  Node1498::MIPI_DSI1_DATA2_N
0.000000e+00 (V)  Node15!!2::HDMI_DATA2_N
1.000558e-10 (V)  Node1518::MIPI_DSI1_DATA2_N
1.000359e-10 (V)  Node1521::MIPI_DSI1_DATA2_N
1.000444e-10 (V)  Node1521_Auto_1502::MIPI_DSI1_DATA2_N
1.000479e-10 (V)  Node1521_Auto_1503::MIPI_DSI1_DATA2_N
1.000379e-10 (V)  Node1521_Auto_1504::MIPI_DSI1_DATA2_N
1.000320e-10 (V)  Node1522::MIPI_DSI1_DATA2_N
1.000238e-10 (V)  Node1522_Auto_1472::MIPI_DSI1_DATA2_N
1.000209e-10 (V)  Node1522_Auto_1473::MIPI_DSI1_DATA2_N
1.000271e-10 (V)  Node1522_Auto_1476::MIPI_DSI1_DATA2_N
1.000241e-10 (V)  Node1522_Auto_1477::MIPI_DSI1_DATA2_N
1.000310e-10 (V)  Node1522_Auto_1478::MIPI_DSI1_DATA2_N
1.000142e-10 (V)  Node1524::MIPI_DSI1_DATA2_N
1.000108e-10 (V)  Node1524_Auto_1928::MIPI_DSI1_DATA2_N
1.000014e-10 (V)  Node1525!!12_Auto_1936::MIPI_DSI1_DATA2_N
1.000082e-10 (V)  Node1525!!12_Auto_1937::MIPI_DSI1_DATA2_N
2.500000e+00 (V)  Node1526::MIPI_DSI1_DATA2_P
2.500000e+00 (V)  Node1526_Auto_1412::MIPI_DSI1_DATA2_P
2.500000e+00 (V)  Node1527::MIPI_DSI1_DATA2_P
2.500000e+00 (V)  Node1528::MIPI_DSI1_DATA2_P
2.500000e+00 (V)  Node1529::MIPI_DSI1_DATA2_P
2.500000e+00 (V)  Node1530::MIPI_DSI1_DATA2_P
2.500000e+00 (V)  Node1530_Auto_1407::MIPI_DSI1_DATA2_P
2.500000e+00 (V)  Node1531::MIPI_DSI1_DATA2_P
2.500000e+00 (V)  Node1532::MIPI_DSI1_DATA2_P
2.500000e+00 (V)  Node1532_Auto_1421::MIPI_DSI1_DATA2_P
2.500000e+00 (V)  Node1534::MIPI_DSI1_DATA2_P
2.500000e+00 (V)  Node1548::MIPI_DSI1_DATA2_P
2.500000e+00 (V)  Node1549::MIPI_DSI1_DATA2_P
2.500000e+00 (V)  Node1549_Auto_2438::MIPI_DSI1_DATA2_P
2.500000e+00 (V)  Node1550::MIPI_DSI1_DATA2_P
2.500000e+00 (V)  Node1551::MIPI_DSI1_DATA2_P
2.500000e+00 (V)  Node1551_Auto_2444::MIPI_DSI1_DATA2_P
2.500000e+00 (V)  Node1554::MIPI_DSI1_DATA2_P
2.500000e+00 (V)  Node1558::MIPI_DSI1_DATA2_P
2.500000e+00 (V)  Node1563::MIPI_DSI1_DATA2_P
2.500000e+00 (V)  Node1566::MIPI_DSI1_DATA2_P
2.500000e+00 (V)  Node1566_Auto_2446::MIPI_DSI1_DATA2_P
2.500000e+00 (V)  Node1566_Auto_2459::MIPI_DSI1_DATA2_P
2.500000e+00 (V)  Node1574::MIPI_DSI1_DATA2_P
2.500000e+00 (V)  Node1574_Auto_2451::MIPI_DSI1_DATA2_P
2.500000e+00 (V)  Node1574_Auto_2452::MIPI_DSI1_DATA2_P
2.500000e+00 (V)  Node1574_Auto_2458::MIPI_DSI1_DATA2_P
2.500000e+00 (V)  Node1577::MIPI_DSI1_DATA2_P
2.500000e+00 (V)  Node1586::MIPI_DSI1_DATA2_P
2.500000e+00 (V)  Node1589::MIPI_DSI1_DATA2_P
2.500000e+00 (V)  Node1589_Auto_2453::MIPI_DSI1_DATA2_P
2.500000e+00 (V)  Node1589_Auto_2454::MIPI_DSI1_DATA2_P
2.500000e+00 (V)  Node1589_Auto_2457::MIPI_DSI1_DATA2_P
2.500000e+00 (V)  Node1592::MIPI_DSI1_DATA2_P
2.500000e+00 (V)  Node1592_Auto_1422::MIPI_DSI1_DATA2_P
2.500000e+00 (V)  Node1594::MIPI_DSI1_DATA2_P
2.500000e+00 (V)  Node1596::MIPI_DSI1_DATA2_P
2.500000e+00 (V)  Node1596_Auto_1425::MIPI_DSI1_DATA2_P
2.500000e+00 (V)  Node1599::MIPI_DSI1_DATA2_P
0.000000e+00 (V)  Node16!!3::HDMI_DATA2_N
2.500000e+00 (V)  Node1600::MIPI_DSI1_DATA2_P
2.500000e+00 (V)  Node1600_Auto_1424::MIPI_DSI1_DATA2_P
2.500000e+00 (V)  Node1604::MIPI_DSI1_DATA2_P
2.500000e+00 (V)  Node1604_Auto_1429::MIPI_DSI1_DATA2_P
2.500000e+00 (V)  Node1606::MIPI_DSI1_DATA2_P
2.500000e+00 (V)  Node1606_Auto_1430::MIPI_DSI1_DATA2_P
2.500000e+00 (V)  Node1608::MIPI_DSI1_DATA2_P
2.500000e+00 (V)  Node1611::MIPI_DSI1_DATA2_P
2.500000e+00 (V)  Node1614::MIPI_DSI1_DATA2_P
2.500000e+00 (V)  Node1622::MIPI_DSI1_DATA2_P
2.500000e+00 (V)  Node1625::MIPI_DSI1_DATA2_P
2.500000e+00 (V)  Node1636::MIPI_DSI1_DATA2_P
2.500000e+00 (V)  Node1639::MIPI_DSI1_DATA2_P
2.500000e+00 (V)  Node1644::MIPI_DSI1_DATA2_P
2.500000e+00 (V)  Node1644_Auto_1432::MIPI_DSI1_DATA2_P
2.500000e+00 (V)  Node1647::MIPI_DSI1_DATA2_P
2.500000e+00 (V)  Node1655::MIPI_DSI1_DATA2_P
2.500000e+00 (V)  Node1658::MIPI_DSI1_DATA2_P
2.500000e+00 (V)  Node1666::MIPI_DSI1_DATA2_P
2.500000e+00 (V)  Node1669::MIPI_DSI1_DATA2_P
2.500000e+00 (V)  Node1672::MIPI_DSI1_DATA2_P
2.500000e+00 (V)  Node1672_Auto_1517::MIPI_DSI1_DATA2_P
2.500000e+00 (V)  Node1672_Auto_1519::MIPI_DSI1_DATA2_P
2.500000e+00 (V)  Node1675::MIPI_DSI1_DATA2_P
2.500000e+00 (V)  Node1676::MIPI_DSI1_DATA2_P
2.500000e+00 (V)  Node1676_Auto_1479::MIPI_DSI1_DATA2_P
2.500000e+00 (V)  Node1676_Auto_1480::MIPI_DSI1_DATA2_P
2.500000e+00 (V)  Node1676_Auto_1481::MIPI_DSI1_DATA2_P
2.500000e+00 (V)  Node1676_Auto_1482::MIPI_DSI1_DATA2_P
2.500000e+00 (V)  Node1676_Auto_1483::MIPI_DSI1_DATA2_P
2.500000e+00 (V)  Node1676_Auto_1484::MIPI_DSI1_DATA2_P
2.500000e+00 (V)  Node1676_Auto_1485::MIPI_DSI1_DATA2_P
2.500000e+00 (V)  Node1676_Auto_1486::MIPI_DSI1_DATA2_P
2.500000e+00 (V)  Node1676_Auto_1515::MIPI_DSI1_DATA2_P
2.500000e+00 (V)  Node1676_Auto_1516::MIPI_DSI1_DATA2_P
2.500000e+00 (V)  Node1679::MIPI_DSI1_DATA2_P
2.500000e+00 (V)  Node1679_Auto_1500::MIPI_DSI1_DATA2_P
2.500000e+00 (V)  Node1679_Auto_1501::MIPI_DSI1_DATA2_P
2.500000e+00 (V)  Node1679_Auto_1508::MIPI_DSI1_DATA2_P
2.500000e+00 (V)  Node1679_Auto_1513::MIPI_DSI1_DATA2_P
2.500000e+00 (V)  Node1679_Auto_1514::MIPI_DSI1_DATA2_P
2.500000e+00 (V)  Node1680::MIPI_DSI1_DATA2_P
2.500000e+00 (V)  Node1680_Auto_1470::MIPI_DSI1_DATA2_P
2.500000e+00 (V)  Node1680_Auto_1471::MIPI_DSI1_DATA2_P
2.500000e+00 (V)  Node1680_Auto_1474::MIPI_DSI1_DATA2_P
2.500000e+00 (V)  Node1680_Auto_1475::MIPI_DSI1_DATA2_P
2.500000e+00 (V)  Node1680_Auto_1487::MIPI_DSI1_DATA2_P
2.500000e+00 (V)  Node1682::MIPI_DSI1_DATA2_P
2.500000e+00 (V)  Node1682_Auto_1927::MIPI_DSI1_DATA2_P
2.500000e+00 (V)  Node1683::MIPI_DSI1_DATA2_P
2.500000e+00 (V)  Node1684::MIPI_DSI1_DATA2_P
2.500000e+00 (V)  Node1685!!11_Auto_1934::MIPI_DSI1_DATA2_P
2.500000e+00 (V)  Node1685!!11_Auto_1935::MIPI_DSI1_DATA2_P
0.000000e+00 (V)  Node17!!9::HDMI_DATA2_N
0.000000e+00 (V)  Node1795!!14::MIPI_DSI1_DATA1_N
0.000000e+00 (V)  Node18!!F1::HDMI_DATA2_P
0.000000e+00 (V)  Node180!!H10::MIPI_DSI0_DATA0_P
0.000000e+00 (V)  Node181!!J3::INT
0.000000e+00 (V)  Node182!!K4::I2C_SCL
0.000000e+00 (V)  Node183!!K3::I2C_SDA
0.000000e+00 (V)  Node184!!2::RESETN
0.000000e+00 (V)  Node185!!2::RESETN
0.000000e+00 (V)  Node186!!2::RESETN
0.000000e+00 (V)  Node187!!1::RESETN
0.000000e+00 (V)  Node188!!K8::RESETN
0.000000e+00 (V)  Node19!!1::HDMI_DATA2_P
0.000000e+00 (V)  Node20!!1::HDMI_DATA2_P
0.000000e+00 (V)  Node2035!!13::MIPI_DSI1_DATA1_P
0.000000e+00 (V)  Node21!!10::HDMI_DATA2_P
0.000000e+00 (V)  Node2165!!18::MIPI_DSI1_DATA0_N
0.000000e+00 (V)  Node22!!D1::HDMI_DATA0_P
0.000000e+00 (V)  Node2243!!17::MIPI_DSI1_DATA0_P
0.000000e+00 (V)  Node23!!1::HDMI_DATA0_P
1.000014e-10 (V)  Node2327!!5_Auto_1940::MIPI_DSI0_CLK_N
1.000082e-10 (V)  Node2328::MIPI_DSI0_CLK_N
1.000226e-10 (V)  Node2328_Auto_2110::MIPI_DSI0_CLK_N
1.000282e-10 (V)  Node2328_Auto_2111::MIPI_DSI0_CLK_N
1.000337e-10 (V)  Node2328_Auto_2113::MIPI_DSI0_CLK_N
1.000120e-10 (V)  Node2328_Auto_2119::MIPI_DSI0_CLK_N
1.000416e-10 (V)  Node2328_Auto_2122::MIPI_DSI0_CLK_N
1.000448e-10 (V)  Node2329::MIPI_DSI0_CLK_N
1.000824e-10 (V)  Node2329_Auto_1451::MIPI_DSI0_CLK_N
1.000847e-10 (V)  Node2329_Auto_1452::MIPI_DSI0_CLK_N
1.000851e-10 (V)  Node2329_Auto_1453::MIPI_DSI0_CLK_N
1.000876e-10 (V)  Node2329_Auto_1454::MIPI_DSI0_CLK_N
1.000653e-10 (V)  Node2329_Auto_1455::MIPI_DSI0_CLK_N
1.000703e-10 (V)  Node2329_Auto_1456::MIPI_DSI0_CLK_N
1.000471e-10 (V)  Node2329_Auto_1457::MIPI_DSI0_CLK_N
1.000540e-10 (V)  Node2329_Auto_1458::MIPI_DSI0_CLK_N
1.000886e-10 (V)  Node2330::MIPI_DSI0_CLK_N
1.001739e-10 (V)  Node2355::MIPI_DSI0_CLK_N
1.001983e-10 (V)  Node2356::MIPI_DSI0_CLK_N
1.001879e-10 (V)  Node2356_Auto_352::MIPI_DSI0_CLK_N
1.001852e-10 (V)  Node2356_Auto_358::MIPI_DSI0_CLK_N
1.002011e-10 (V)  Node2358::MIPI_DSI0_CLK_N
1.002051e-10 (V)  Node2361::MIPI_DSI0_CLK_N
1.002099e-10 (V)  Node2364::MIPI_DSI0_CLK_N
1.002205e-10 (V)  Node2372::MIPI_DSI0_CLK_N
1.002252e-10 (V)  Node2375::MIPI_DSI0_CLK_N
1.002292e-10 (V)  Node2378::MIPI_DSI0_CLK_N
1.002392e-10 (V)  Node2380::MIPI_DSI0_CLK_N
1.002445e-10 (V)  Node2384::MIPI_DSI0_CLK_N
1.002505e-10 (V)  Node2387::MIPI_DSI0_CLK_N
1.002488e-10 (V)  Node2387_Auto_269::MIPI_DSI0_CLK_N
1.002458e-10 (V)  Node2387_Auto_271::MIPI_DSI0_CLK_N
1.002673e-10 (V)  Node2392::MIPI_DSI0_CLK_N
1.002696e-10 (V)  Node2392_Auto_226::MIPI_DSI0_CLK_N
1.002707e-10 (V)  Node2393::MIPI_DSI0_CLK_N
1.002774e-10 (V)  Node2395::MIPI_DSI0_CLK_N
1.002790e-10 (V)  Node2395_Auto_273::MIPI_DSI0_CLK_N
1.002820e-10 (V)  Node2395_Auto_274::MIPI_DSI0_CLK_N
1.002838e-10 (V)  Node2398::MIPI_DSI0_CLK_N
0.000000e+00 (V)  Node24!!7::HDMI_DATA0_P
1.002892e-10 (V)  Node2401::MIPI_DSI0_CLK_N
1.003131e-10 (V)  Node2401_Auto_227::MIPI_DSI0_CLK_N
1.003169e-10 (V)  Node2401_Auto_228::MIPI_DSI0_CLK_N
1.003461e-10 (V)  Node2401_Auto_293::MIPI_DSI0_CLK_N
1.003486e-10 (V)  Node2403::MIPI_DSI0_CLK_N
1.003516e-10 (V)  Node2403_Auto_205::MIPI_DSI0_CLK_N
1.003703e-10 (V)  Node2405::MIPI_DSI0_CLK_N
1.003554e-10 (V)  Node2405_Auto_250::MIPI_DSI0_CLK_N
1.003604e-10 (V)  Node2405_Auto_252::MIPI_DSI0_CLK_N
1.000366e-10 (V)  Node2412_Auto_330::MIPI_DSI0_DATA3_N
1.000396e-10 (V)  Node2412_Auto_331::MIPI_DSI0_DATA3_N
1.001181e-10 (V)  Node2412_Auto_332::MIPI_DSI0_DATA3_N
1.001229e-10 (V)  Node2412_Auto_333::MIPI_DSI0_DATA3_N
1.000787e-10 (V)  Node2412_Auto_334::MIPI_DSI0_DATA3_N
1.000835e-10 (V)  Node2412_Auto_335::MIPI_DSI0_DATA3_N
1.000984e-10 (V)  Node2412_Auto_336::MIPI_DSI0_DATA3_N
1.001032e-10 (V)  Node2412_Auto_337::MIPI_DSI0_DATA3_N
1.000422e-10 (V)  Node2412_Auto_338::MIPI_DSI0_DATA3_N
1.000504e-10 (V)  Node2412_Auto_339::MIPI_DSI0_DATA3_N
1.000648e-10 (V)  Node2412_Auto_341::MIPI_DSI0_DATA3_N
1.001377e-10 (V)  Node2412_Auto_342::MIPI_DSI0_DATA3_N
1.001658e-10 (V)  Node2413::MIPI_DSI0_DATA3_N
1.003386e-10 (V)  Node2413_Auto_211::MIPI_DSI0_DATA3_N
1.002224e-10 (V)  Node2413_Auto_218::MIPI_DSI0_DATA3_N
1.002252e-10 (V)  Node2413_Auto_219::MIPI_DSI0_DATA3_N
1.002198e-10 (V)  Node2413_Auto_223::MIPI_DSI0_DATA3_N
1.003031e-10 (V)  Node2413_Auto_235::MIPI_DSI0_DATA3_N
1.003069e-10 (V)  Node2413_Auto_236::MIPI_DSI0_DATA3_N
1.002142e-10 (V)  Node2413_Auto_239::MIPI_DSI0_DATA3_N
1.002398e-10 (V)  Node2413_Auto_268::MIPI_DSI0_DATA3_N
1.002498e-10 (V)  Node2413_Auto_269::MIPI_DSI0_DATA3_N
1.002529e-10 (V)  Node2413_Auto_274::MIPI_DSI0_DATA3_N
1.002792e-10 (V)  Node2413_Auto_284::MIPI_DSI0_DATA3_N
1.002772e-10 (V)  Node2413_Auto_288::MIPI_DSI0_DATA3_N
1.003361e-10 (V)  Node2413_Auto_301::MIPI_DSI0_DATA3_N
1.003450e-10 (V)  Node2414::MIPI_DSI0_DATA3_N
1.003442e-10 (V)  Node2414_Auto_241::MIPI_DSI0_DATA3_N
1.003410e-10 (V)  Node2414_Auto_248::MIPI_DSI0_DATA3_N
1.003479e-10 (V)  Node2415::MIPI_DSI0_DATA3_N
1.003595e-10 (V)  Node2416::MIPI_DSI0_DATA3_N
1.003523e-10 (V)  Node2416_Auto_257::MIPI_DSI0_DATA3_N
1.000100e-10 (V)  Node2417!!1_Auto_1459::MIPI_DSI0_DATA3_N
1.000123e-10 (V)  Node2417!!1_Auto_1460::MIPI_DSI0_DATA3_N
1.000016e-10 (V)  Node2417!!1_Auto_1461::MIPI_DSI0_DATA3_N
1.000136e-10 (V)  Node2418::MIPI_DSI0_DATA3_N
1.001431e-10 (V)  Node2428::MIPI_DSI0_DATA2_N
1.001444e-10 (V)  Node2428_Auto_2420::MIPI_DSI0_DATA2_N
1.001361e-10 (V)  Node2430::MIPI_DSI0_DATA2_N
1.001286e-10 (V)  Node2432::MIPI_DSI0_DATA2_N
1.001324e-10 (V)  Node2432_Auto_2414::MIPI_DSI0_DATA2_N
1.001352e-10 (V)  Node2432_Auto_2415::MIPI_DSI0_DATA2_N
1.001308e-10 (V)  Node2432_Auto_2423::MIPI_DSI0_DATA2_N
1.001194e-10 (V)  Node2435::MIPI_DSI0_DATA2_N
1.001044e-10 (V)  Node2438::MIPI_DSI0_DATA2_N
1.001134e-10 (V)  Node2438_Auto_1463::MIPI_DSI0_DATA2_N
1.001164e-10 (V)  Node2438_Auto_1464::MIPI_DSI0_DATA2_N
1.000989e-10 (V)  Node2441::MIPI_DSI0_DATA2_N
1.000854e-10 (V)  Node2443::MIPI_DSI0_DATA2_N
1.000889e-10 (V)  Node2443_Auto_1495::MIPI_DSI0_DATA2_N
1.000969e-10 (V)  Node2443_Auto_1510::MIPI_DSI0_DATA2_N
1.000818e-10 (V)  Node2447::MIPI_DSI0_DATA2_N
1.000796e-10 (V)  Node2449::MIPI_DSI0_DATA2_N
1.000767e-10 (V)  Node2453::MIPI_DSI0_DATA2_N
1.000719e-10 (V)  Node2453_Auto_1490::MIPI_DSI0_DATA2_N
1.000754e-10 (V)  Node2453_Auto_1494::MIPI_DSI0_DATA2_N
1.000709e-10 (V)  Node2456::MIPI_DSI0_DATA2_N
1.000618e-10 (V)  Node2459::MIPI_DSI0_DATA2_N
1.000587e-10 (V)  Node2460::MIPI_DSI0_DATA2_N
1.000557e-10 (V)  Node2461::MIPI_DSI0_DATA2_N
1.000466e-10 (V)  Node2464::MIPI_DSI0_DATA2_N
1.000266e-10 (V)  Node2466::MIPI_DSI0_DATA2_N
1.000455e-10 (V)  Node2466_Auto_1493::MIPI_DSI0_DATA2_N
1.000421e-10 (V)  Node2466_Auto_1498::MIPI_DSI0_DATA2_N
1.000333e-10 (V)  Node2466_Auto_1506::MIPI_DSI0_DATA2_N
1.000411e-10 (V)  Node2466_Auto_1507::MIPI_DSI0_DATA2_N
1.000228e-10 (V)  Node2467::MIPI_DSI0_DATA2_N
1.000190e-10 (V)  Node2468::MIPI_DSI0_DATA2_N
1.000118e-10 (V)  Node2471::MIPI_DSI0_DATA2_N
1.000164e-10 (V)  Node2471_Auto_2102::MIPI_DSI0_DATA2_N
1.000091e-10 (V)  Node2473::MIPI_DSI0_DATA2_N
1.000014e-10 (V)  Node2474!!9_Auto_1931::MIPI_DSI0_DATA2_N
1.000082e-10 (V)  Node2474!!9_Auto_1932::MIPI_DSI0_DATA2_N
1.003577e-10 (V)  Node2477::MIPI_DSI0_DATA2_N
1.003490e-10 (V)  Node2477_Auto_260::MIPI_DSI0_DATA2_N
1.003435e-10 (V)  Node2477_Auto_261::MIPI_DSI0_DATA2_N
1.003430e-10 (V)  Node2478::MIPI_DSI0_DATA2_N
1.003422e-10 (V)  Node2479::MIPI_DSI0_DATA2_N
1.003398e-10 (V)  Node2479_Auto_244::MIPI_DSI0_DATA2_N
1.003359e-10 (V)  Node2479_Auto_246::MIPI_DSI0_DATA2_N
1.003330e-10 (V)  Node2480::MIPI_DSI0_DATA2_N
1.002142e-10 (V)  Node2481::MIPI_DSI0_DATA2_N
1.002168e-10 (V)  Node2481_Auto_214::MIPI_DSI0_DATA2_N
1.002196e-10 (V)  Node2481_Auto_215::MIPI_DSI0_DATA2_N
1.002975e-10 (V)  Node2481_Auto_231::MIPI_DSI0_DATA2_N
1.003013e-10 (V)  Node2481_Auto_232::MIPI_DSI0_DATA2_N
1.002342e-10 (V)  Node2481_Auto_264::MIPI_DSI0_DATA2_N
1.002442e-10 (V)  Node2481_Auto_265::MIPI_DSI0_DATA2_N
1.002473e-10 (V)  Node2481_Auto_272::MIPI_DSI0_DATA2_N
1.002736e-10 (V)  Node2481_Auto_282::MIPI_DSI0_DATA2_N
1.002716e-10 (V)  Node2481_Auto_286::MIPI_DSI0_DATA2_N
1.003305e-10 (V)  Node2481_Auto_297::MIPI_DSI0_DATA2_N
1.002120e-10 (V)  Node2483::MIPI_DSI0_DATA2_N
1.002099e-10 (V)  Node2484::MIPI_DSI0_DATA2_N
1.001966e-10 (V)  Node2484_Auto_347::MIPI_DSI0_DATA2_N
1.002070e-10 (V)  Node2484_Auto_353::MIPI_DSI0_DATA2_N
1.002097e-10 (V)  Node2484_Auto_355::MIPI_DSI0_DATA2_N
1.001939e-10 (V)  Node2486::MIPI_DSI0_DATA2_N
1.001912e-10 (V)  Node2486_Auto_69::MIPI_DSI0_DATA2_N
1.001832e-10 (V)  Node2486_Auto_70::MIPI_DSI0_DATA2_N
1.001781e-10 (V)  Node2487::MIPI_DSI0_DATA2_N
1.001718e-10 (V)  Node2489::MIPI_DSI0_DATA2_N
1.001596e-10 (V)  Node2489_Auto_145::MIPI_DSI0_DATA2_N
1.001536e-10 (V)  Node2491::MIPI_DSI0_DATA2_N
1.001485e-10 (V)  Node2493::MIPI_DSI0_DATA2_N
1.000000e-10 (V)  Node2495!!7::MIPI_DSI0_DATA1_N
1.000067e-10 (V)  Node2497::MIPI_DSI0_DATA1_N
1.000140e-10 (V)  Node2497_Auto_2094::MIPI_DSI0_DATA1_N
1.000160e-10 (V)  Node2497_Auto_2095::MIPI_DSI0_DATA1_N
1.000072e-10 (V)  Node2497_Auto_2100::MIPI_DSI0_DATA1_N
1.000110e-10 (V)  Node2497_Auto_2101::MIPI_DSI0_DATA1_N
1.000331e-10 (V)  Node2497_Auto_2106::MIPI_DSI0_DATA1_N
1.000387e-10 (V)  Node2497_Auto_2107::MIPI_DSI0_DATA1_N
1.000225e-10 (V)  Node2497_Auto_2115::MIPI_DSI0_DATA1_N
1.000187e-10 (V)  Node2497_Auto_2120::MIPI_DSI0_DATA1_N
0.000000e+00 (V)  Node25!!10::HDMI_DATA0_P
1.000442e-10 (V)  Node2500::MIPI_DSI0_DATA1_N
1.000449e-10 (V)  Node2500_Auto_2406::MIPI_DSI0_DATA1_N
1.000532e-10 (V)  Node2500_Auto_2407::MIPI_DSI0_DATA1_N
1.000569e-10 (V)  Node2501::MIPI_DSI0_DATA1_N
1.000603e-10 (V)  Node2501_Auto_2408::MIPI_DSI0_DATA1_N
1.000657e-10 (V)  Node2501_Auto_2409::MIPI_DSI0_DATA1_N
1.000662e-10 (V)  Node2502::MIPI_DSI0_DATA1_N
1.000697e-10 (V)  Node2503::MIPI_DSI0_DATA1_N
1.000801e-10 (V)  Node2505::MIPI_DSI0_DATA1_N
1.000825e-10 (V)  Node2505_Auto_2411::MIPI_DSI0_DATA1_N
1.000828e-10 (V)  Node2506::MIPI_DSI0_DATA1_N
1.000842e-10 (V)  Node2508::MIPI_DSI0_DATA1_N
1.000870e-10 (V)  Node2509::MIPI_DSI0_DATA1_N
1.000894e-10 (V)  Node2509_Auto_2419::MIPI_DSI0_DATA1_N
1.000897e-10 (V)  Node2510::MIPI_DSI0_DATA1_N
1.000903e-10 (V)  Node2510_Auto_2424::MIPI_DSI0_DATA1_N
1.000986e-10 (V)  Node2510_Auto_2425::MIPI_DSI0_DATA1_N
1.000996e-10 (V)  Node2513::MIPI_DSI0_DATA1_N
1.001034e-10 (V)  Node2514::MIPI_DSI0_DATA1_N
1.001044e-10 (V)  Node2514_Auto_2428::MIPI_DSI0_DATA1_N
1.001226e-10 (V)  Node2516::MIPI_DSI0_DATA1_N
1.001296e-10 (V)  Node2518::MIPI_DSI0_DATA1_N
1.001301e-10 (V)  Node2518_Auto_2433::MIPI_DSI0_DATA1_N
1.001358e-10 (V)  Node2521::MIPI_DSI0_DATA1_N
1.001372e-10 (V)  Node2522::MIPI_DSI0_DATA1_N
1.001421e-10 (V)  Node2524::MIPI_DSI0_DATA1_N
1.001459e-10 (V)  Node2525::MIPI_DSI0_DATA1_N
1.001905e-10 (V)  Node2540::MIPI_DSI0_DATA1_N
1.001923e-10 (V)  Node2541::MIPI_DSI0_DATA1_N
1.001965e-10 (V)  Node2543::MIPI_DSI0_DATA1_N
1.002019e-10 (V)  Node2547::MIPI_DSI0_DATA1_N
1.002192e-10 (V)  Node2547_Auto_154::MIPI_DSI0_DATA1_N
1.002021e-10 (V)  Node2547_Auto_157::MIPI_DSI0_DATA1_N
1.002202e-10 (V)  Node2550::MIPI_DSI0_DATA1_N
1.002471e-10 (V)  Node2558::MIPI_DSI0_DATA1_N
1.002655e-10 (V)  Node2561::MIPI_DSI0_DATA1_N
1.002653e-10 (V)  Node2561_Auto_158::MIPI_DSI0_DATA1_N
1.002482e-10 (V)  Node2561_Auto_159::MIPI_DSI0_DATA1_N
1.002695e-10 (V)  Node2564::MIPI_DSI0_DATA1_N
1.002813e-10 (V)  Node2564_Auto_277::MIPI_DSI0_DATA1_N
1.002823e-10 (V)  Node2567::MIPI_DSI0_DATA1_N
1.002862e-10 (V)  Node2568::MIPI_DSI0_DATA1_N
1.002867e-10 (V)  Node2568_Auto_278::MIPI_DSI0_DATA1_N
1.003060e-10 (V)  Node2571::MIPI_DSI0_DATA1_N
1.003078e-10 (V)  Node2572::MIPI_DSI0_DATA1_N
1.003370e-10 (V)  Node2572_Auto_291::MIPI_DSI0_DATA1_N
1.003397e-10 (V)  Node2574::MIPI_DSI0_DATA1_N
1.003408e-10 (V)  Node2576::MIPI_DSI0_DATA1_N
1.003437e-10 (V)  Node2577::MIPI_DSI0_DATA1_N
1.003438e-10 (V)  Node2578::MIPI_DSI0_DATA1_N
1.003627e-10 (V)  Node2580::MIPI_DSI0_DATA1_N
1.003527e-10 (V)  Node2580_Auto_255::MIPI_DSI0_DATA1_N
1.003478e-10 (V)  Node2580_Auto_256::MIPI_DSI0_DATA1_N
0.000000e+00 (V)  Node26!!E1::HDMI_DATA1_P
0.000000e+00 (V)  Node2642!!3::MIPI_DSI0_DATA0_N
0.000000e+00 (V)  Node27!!4::HDMI_DATA1_P
0.000000e+00 (V)  Node270!!K9::N284871
2.500000e+00 (V)  Node2708::MIPI_DSI0_CLK_P
2.500000e+00 (V)  Node2708_Auto_144::MIPI_DSI0_CLK_P
2.500000e+00 (V)  Node2711::MIPI_DSI0_CLK_P
2.500000e+00 (V)  Node2719::MIPI_DSI0_CLK_P
2.500000e+00 (V)  Node2722::MIPI_DSI0_CLK_P
2.500000e+00 (V)  Node2722_Auto_143::MIPI_DSI0_CLK_P
0.000000e+00 (V)  Node273!!K2::N284174
2.500000e+00 (V)  Node2730::MIPI_DSI0_CLK_P
2.500000e+00 (V)  Node2730_Auto_141::MIPI_DSI0_CLK_P
2.500000e+00 (V)  Node2733::MIPI_DSI0_CLK_P
2.500000e+00 (V)  Node2741::MIPI_DSI0_CLK_P
2.500000e+00 (V)  Node2744::MIPI_DSI0_CLK_P
2.500000e+00 (V)  Node2744_Auto_142::MIPI_DSI0_CLK_P
0.000000e+00 (V)  Node275!!K1::N284159
2.500000e+00 (V)  Node2753::MIPI_DSI0_CLK_P
2.500000e+00 (V)  Node2754::MIPI_DSI0_CLK_P
2.500000e+00 (V)  Node2754_Auto_212::MIPI_DSI0_CLK_P
2.500000e+00 (V)  Node2754_Auto_213::MIPI_DSI0_CLK_P
2.500000e+00 (V)  Node2754_Auto_262::MIPI_DSI0_CLK_P
2.500000e+00 (V)  Node2754_Auto_263::MIPI_DSI0_CLK_P
2.500000e+00 (V)  Node2754_Auto_349::MIPI_DSI0_CLK_P
2.500000e+00 (V)  Node2754_Auto_351::MIPI_DSI0_CLK_P
2.500000e+00 (V)  Node2754_Auto_357::MIPI_DSI0_CLK_P
2.500000e+00 (V)  Node2754_Auto_359::MIPI_DSI0_CLK_P
2.500000e+00 (V)  Node2756::MIPI_DSI0_CLK_P
2.500000e+00 (V)  Node2759::MIPI_DSI0_CLK_P
2.500000e+00 (V)  Node2762::MIPI_DSI0_CLK_P
2.500000e+00 (V)  Node2762_Auto_270::MIPI_DSI0_CLK_P
0.000000e+00 (V)  Node277!!J1::N284077
2.500000e+00 (V)  Node2770::MIPI_DSI0_CLK_P
2.500000e+00 (V)  Node2770_Auto_272::MIPI_DSI0_CLK_P
2.500000e+00 (V)  Node2773::MIPI_DSI0_CLK_P
2.500000e+00 (V)  Node2776::MIPI_DSI0_CLK_P
2.500000e+00 (V)  Node2776_Auto_229::MIPI_DSI0_CLK_P
2.500000e+00 (V)  Node2776_Auto_230::MIPI_DSI0_CLK_P
2.500000e+00 (V)  Node2776_Auto_281::MIPI_DSI0_CLK_P
2.500000e+00 (V)  Node2776_Auto_295::MIPI_DSI0_CLK_P
2.500000e+00 (V)  Node2778::MIPI_DSI0_CLK_P
2.500000e+00 (V)  Node2782::MIPI_DSI0_CLK_P
2.500000e+00 (V)  Node2783_Auto_245::MIPI_DSI0_CLK_P
2.500000e+00 (V)  Node2788!!6_Auto_1938::MIPI_DSI0_CLK_P
2.500000e+00 (V)  Node2788!!6_Auto_1939::MIPI_DSI0_CLK_P
2.500000e+00 (V)  Node2789::MIPI_DSI0_CLK_P
0.000000e+00 (V)  Node279!!19::HDP
2.500000e+00 (V)  Node2790::MIPI_DSI0_CLK_P
2.500000e+00 (V)  Node2791::MIPI_DSI0_CLK_P
2.500000e+00 (V)  Node2791_Auto_2108::MIPI_DSI0_CLK_P
2.500000e+00 (V)  Node2791_Auto_2109::MIPI_DSI0_CLK_P
2.500000e+00 (V)  Node2791_Auto_2112::MIPI_DSI0_CLK_P
2.500000e+00 (V)  Node2791_Auto_2117::MIPI_DSI0_CLK_P
2.500000e+00 (V)  Node2791_Auto_2118::MIPI_DSI0_CLK_P
2.500000e+00 (V)  Node2792::MIPI_DSI0_CLK_P
2.500000e+00 (V)  Node2794::MIPI_DSI0_CLK_P
2.500000e+00 (V)  Node2798::MIPI_DSI0_CLK_P
0.000000e+00 (V)  Node28!!4::HDMI_DATA1_P
2.500000e+00 (V)  Node2810::MIPI_DSI0_CLK_P
2.500000e+00 (V)  Node2815::MIPI_DSI0_CLK_P
2.500000e+00 (V)  Node2817::MIPI_DSI0_CLK_P
0.000000e+00 (V)  Node282!!B3::SDA
2.500000e+00 (V)  Node2822::MIPI_DSI0_CLK_P
0.000000e+00 (V)  Node283!!16::SDA
2.500000e+00 (V)  Node2834::MIPI_DSI0_CLK_P
2.500000e+00 (V)  Node2839::MIPI_DSI0_CLK_P
2.500000e+00 (V)  Node2841::MIPI_DSI0_CLK_P
2.500000e+00 (V)  Node2842::MIPI_DSI0_CLK_P
2.500000e+00 (V)  Node2849::MIPI_DSI0_DATA3_P
2.500000e+00 (V)  Node2851::MIPI_DSI0_DATA3_P
2.500000e+00 (V)  Node2852::MIPI_DSI0_DATA3_P
2.500000e+00 (V)  Node2853::MIPI_DSI0_DATA3_P
2.500000e+00 (V)  Node2855::MIPI_DSI0_DATA3_P
2.500000e+00 (V)  Node2874::MIPI_DSI0_DATA3_P
2.500000e+00 (V)  Node2876::MIPI_DSI0_DATA3_P
0.000000e+00 (V)  Node288!!15::SCL
2.500000e+00 (V)  Node2896::MIPI_DSI0_DATA3_P
2.500000e+00 (V)  Node2898::MIPI_DSI0_DATA3_P
0.000000e+00 (V)  Node29!!7::HDMI_DATA1_P
0.000000e+00 (V)  Node290!!A3::SCL
2.500000e+00 (V)  Node2918::MIPI_DSI0_DATA3_P
2.500000e+00 (V)  Node2920::MIPI_DSI0_DATA3_P
2.500000e+00 (V)  Node2940::MIPI_DSI0_DATA3_P
2.500000e+00 (V)  Node2940_Auto_343::MIPI_DSI0_DATA3_P
2.500000e+00 (V)  Node2942::MIPI_DSI0_DATA3_P
2.500000e+00 (V)  Node2942_Auto_220::MIPI_DSI0_DATA3_P
2.500000e+00 (V)  Node2942_Auto_221::MIPI_DSI0_DATA3_P
2.500000e+00 (V)  Node2942_Auto_224::MIPI_DSI0_DATA3_P
2.500000e+00 (V)  Node2942_Auto_237::MIPI_DSI0_DATA3_P
2.500000e+00 (V)  Node2942_Auto_238::MIPI_DSI0_DATA3_P
2.500000e+00 (V)  Node2942_Auto_240::MIPI_DSI0_DATA3_P
2.500000e+00 (V)  Node2942_Auto_270::MIPI_DSI0_DATA3_P
2.500000e+00 (V)  Node2942_Auto_271::MIPI_DSI0_DATA3_P
2.500000e+00 (V)  Node2942_Auto_275::MIPI_DSI0_DATA3_P
2.500000e+00 (V)  Node2942_Auto_285::MIPI_DSI0_DATA3_P
2.500000e+00 (V)  Node2942_Auto_289::MIPI_DSI0_DATA3_P
2.500000e+00 (V)  Node2942_Auto_303::MIPI_DSI0_DATA3_P
2.500000e+00 (V)  Node2942_Auto_304::MIPI_DSI0_DATA3_P
2.500000e+00 (V)  Node2943::MIPI_DSI0_DATA3_P
2.500000e+00 (V)  Node2944::MIPI_DSI0_DATA3_P
2.500000e+00 (V)  Node2945::MIPI_DSI0_DATA3_P
2.500000e+00 (V)  Node2945_Auto_242::MIPI_DSI0_DATA3_P
2.500000e+00 (V)  Node2945_Auto_249::MIPI_DSI0_DATA3_P
2.500000e+00 (V)  Node2945_Auto_251::MIPI_DSI0_DATA3_P
2.500000e+00 (V)  Node2946::MIPI_DSI0_DATA3_P
2.500000e+00 (V)  Node2947!!2::MIPI_DSI0_DATA3_P
2.500000e+00 (V)  Node2949::MIPI_DSI0_DATA3_P
2.500000e+00 (V)  Node2958::MIPI_DSI0_DATA2_P
2.500000e+00 (V)  Node2958_Auto_2416::MIPI_DSI0_DATA2_P
2.500000e+00 (V)  Node2958_Auto_2417::MIPI_DSI0_DATA2_P
2.500000e+00 (V)  Node2962::MIPI_DSI0_DATA2_P
2.500000e+00 (V)  Node2965::MIPI_DSI0_DATA2_P
2.500000e+00 (V)  Node2965_Auto_1465::MIPI_DSI0_DATA2_P
2.500000e+00 (V)  Node2965_Auto_1466::MIPI_DSI0_DATA2_P
2.500000e+00 (V)  Node2965_Auto_1467::MIPI_DSI0_DATA2_P
2.500000e+00 (V)  Node2968::MIPI_DSI0_DATA2_P
2.500000e+00 (V)  Node2970::MIPI_DSI0_DATA2_P
2.500000e+00 (V)  Node2970_Auto_1499::MIPI_DSI0_DATA2_P
2.500000e+00 (V)  Node2970_Auto_1509::MIPI_DSI0_DATA2_P
2.500000e+00 (V)  Node2970_Auto_1511::MIPI_DSI0_DATA2_P
2.500000e+00 (V)  Node2970_Auto_1512::MIPI_DSI0_DATA2_P
2.500000e+00 (V)  Node2972::MIPI_DSI0_DATA2_P
2.500000e+00 (V)  Node2973::MIPI_DSI0_DATA2_P
2.500000e+00 (V)  Node2974::MIPI_DSI0_DATA2_P
2.500000e+00 (V)  Node2974_Auto_1468::MIPI_DSI0_DATA2_P
2.500000e+00 (V)  Node2974_Auto_1469::MIPI_DSI0_DATA2_P
2.500000e+00 (V)  Node2976::MIPI_DSI0_DATA2_P
2.500000e+00 (V)  Node2980::MIPI_DSI0_DATA2_P
2.500000e+00 (V)  Node2980_Auto_1496::MIPI_DSI0_DATA2_P
2.500000e+00 (V)  Node2983::MIPI_DSI0_DATA2_P
2.500000e+00 (V)  Node2991::MIPI_DSI0_DATA2_P
2.500000e+00 (V)  Node2993::MIPI_DSI0_DATA2_P
2.500000e+00 (V)  Node2993_Auto_1497::MIPI_DSI0_DATA2_P
2.500000e+00 (V)  Node2993_Auto_1505::MIPI_DSI0_DATA2_P
2.500000e+00 (V)  Node2995::MIPI_DSI0_DATA2_P
2.500000e+00 (V)  Node2998::MIPI_DSI0_DATA2_P
2.500000e+00 (V)  Node2998_Auto_2104::MIPI_DSI0_DATA2_P
2.500000e+00 (V)  Node2998_Auto_2105::MIPI_DSI0_DATA2_P
0.000000e+00 (V)  Node30!!D2::HDMI_DATA0_N
2.500000e+00 (V)  Node3000::MIPI_DSI0_DATA2_P
2.500000e+00 (V)  Node3001::MIPI_DSI0_DATA2_P
2.500000e+00 (V)  Node3001_Auto_1933::MIPI_DSI0_DATA2_P
2.500000e+00 (V)  Node3003::MIPI_DSI0_DATA2_P
2.500000e+00 (V)  Node3004::MIPI_DSI0_DATA2_P
2.500000e+00 (V)  Node3004_Auto_247::MIPI_DSI0_DATA2_P
2.500000e+00 (V)  Node3005::MIPI_DSI0_DATA2_P
2.500000e+00 (V)  Node3006::MIPI_DSI0_DATA2_P
2.500000e+00 (V)  Node3006_Auto_216::MIPI_DSI0_DATA2_P
2.500000e+00 (V)  Node3006_Auto_217::MIPI_DSI0_DATA2_P
2.500000e+00 (V)  Node3006_Auto_222::MIPI_DSI0_DATA2_P
2.500000e+00 (V)  Node3006_Auto_233::MIPI_DSI0_DATA2_P
2.500000e+00 (V)  Node3006_Auto_234::MIPI_DSI0_DATA2_P
2.500000e+00 (V)  Node3006_Auto_266::MIPI_DSI0_DATA2_P
2.500000e+00 (V)  Node3006_Auto_267::MIPI_DSI0_DATA2_P
2.500000e+00 (V)  Node3006_Auto_273::MIPI_DSI0_DATA2_P
2.500000e+00 (V)  Node3006_Auto_283::MIPI_DSI0_DATA2_P
2.500000e+00 (V)  Node3006_Auto_287::MIPI_DSI0_DATA2_P
2.500000e+00 (V)  Node3006_Auto_299::MIPI_DSI0_DATA2_P
2.500000e+00 (V)  Node3006_Auto_344::MIPI_DSI0_DATA2_P
2.500000e+00 (V)  Node3006_Auto_345::MIPI_DSI0_DATA2_P
2.500000e+00 (V)  Node3006_Auto_354::MIPI_DSI0_DATA2_P
2.500000e+00 (V)  Node3006_Auto_356::MIPI_DSI0_DATA2_P
2.500000e+00 (V)  Node3007::MIPI_DSI0_DATA2_P
2.500000e+00 (V)  Node3008::MIPI_DSI0_DATA2_P
2.500000e+00 (V)  Node3009::MIPI_DSI0_DATA2_P
2.500000e+00 (V)  Node3011::MIPI_DSI0_DATA2_P
2.500000e+00 (V)  Node3019::MIPI_DSI0_DATA2_P
2.500000e+00 (V)  Node3021::MIPI_DSI0_DATA2_P
2.500000e+00 (V)  Node3022::MIPI_DSI0_DATA2_P
2.500000e+00 (V)  Node3025::MIPI_DSI0_DATA2_P
2.500000e+00 (V)  Node3025_Auto_144::MIPI_DSI0_DATA2_P
2.500000e+00 (V)  Node3026::MIPI_DSI0_DATA2_P
2.500000e+00 (V)  Node3030!!8_Auto_1929::MIPI_DSI0_DATA1_P
2.500000e+00 (V)  Node3030!!8_Auto_1930::MIPI_DSI0_DATA1_P
2.500000e+00 (V)  Node3031::MIPI_DSI0_DATA1_P
2.500000e+00 (V)  Node3031_Auto_2096::MIPI_DSI0_DATA1_P
2.500000e+00 (V)  Node3031_Auto_2097::MIPI_DSI0_DATA1_P
2.500000e+00 (V)  Node3031_Auto_2099::MIPI_DSI0_DATA1_P
2.500000e+00 (V)  Node3031_Auto_2103::MIPI_DSI0_DATA1_P
2.500000e+00 (V)  Node3031_Auto_2121::MIPI_DSI0_DATA1_P
2.500000e+00 (V)  Node3033::MIPI_DSI0_DATA1_P
2.500000e+00 (V)  Node3036::MIPI_DSI0_DATA1_P
2.500000e+00 (V)  Node3039::MIPI_DSI0_DATA1_P
2.500000e+00 (V)  Node3039_Auto_2093::MIPI_DSI0_DATA1_P
2.500000e+00 (V)  Node3047::MIPI_DSI0_DATA1_P
2.500000e+00 (V)  Node3050::MIPI_DSI0_DATA1_P
2.500000e+00 (V)  Node3053::MIPI_DSI0_DATA1_P
2.500000e+00 (V)  Node3055::MIPI_DSI0_DATA1_P
2.500000e+00 (V)  Node3056::MIPI_DSI0_DATA1_P
2.500000e+00 (V)  Node3057::MIPI_DSI0_DATA1_P
2.500000e+00 (V)  Node3058::MIPI_DSI0_DATA1_P
2.500000e+00 (V)  Node3058_Auto_2426::MIPI_DSI0_DATA1_P
2.500000e+00 (V)  Node3058_Auto_2427::MIPI_DSI0_DATA1_P
2.500000e+00 (V)  Node3060::MIPI_DSI0_DATA1_P
2.500000e+00 (V)  Node3060_Auto_2410::MIPI_DSI0_DATA1_P
2.500000e+00 (V)  Node3061::MIPI_DSI0_DATA1_P
2.500000e+00 (V)  Node3061_Auto_2422::MIPI_DSI0_DATA1_P
2.500000e+00 (V)  Node3064::MIPI_DSI0_DATA1_P
2.500000e+00 (V)  Node3064_Auto_2412::MIPI_DSI0_DATA1_P
2.500000e+00 (V)  Node3064_Auto_2413::MIPI_DSI0_DATA1_P
2.500000e+00 (V)  Node3065::MIPI_DSI0_DATA1_P
2.500000e+00 (V)  Node3065_Auto_2418::MIPI_DSI0_DATA1_P
2.500000e+00 (V)  Node3066::MIPI_DSI0_DATA1_P
2.500000e+00 (V)  Node3066_Auto_2421::MIPI_DSI0_DATA1_P
0.000000e+00 (V)  Node307!!A1::N27399713
2.500000e+00 (V)  Node3070::MIPI_DSI0_DATA1_P
2.500000e+00 (V)  Node3071::MIPI_DSI0_DATA1_P
2.500000e+00 (V)  Node3073::MIPI_DSI0_DATA1_P
2.500000e+00 (V)  Node3075::MIPI_DSI0_DATA1_P
2.500000e+00 (V)  Node3075_Auto_2434::MIPI_DSI0_DATA1_P
2.500000e+00 (V)  Node3075_Auto_2435::MIPI_DSI0_DATA1_P
2.500000e+00 (V)  Node3078::MIPI_DSI0_DATA1_P
2.500000e+00 (V)  Node3079::MIPI_DSI0_DATA1_P
2.500000e+00 (V)  Node3079_Auto_2430::MIPI_DSI0_DATA1_P
2.500000e+00 (V)  Node3079_Auto_2431::MIPI_DSI0_DATA1_P
2.500000e+00 (V)  Node3079_Auto_2432::MIPI_DSI0_DATA1_P
2.500000e+00 (V)  Node3087::MIPI_DSI0_DATA1_P
2.500000e+00 (V)  Node3087_Auto_150::MIPI_DSI0_DATA1_P
2.500000e+00 (V)  Node3087_Auto_152::MIPI_DSI0_DATA1_P
2.500000e+00 (V)  Node3090::MIPI_DSI0_DATA1_P
2.500000e+00 (V)  Node3091::MIPI_DSI0_DATA1_P
2.500000e+00 (V)  Node3091_Auto_149::MIPI_DSI0_DATA1_P
2.500000e+00 (V)  Node3093::MIPI_DSI0_DATA1_P
2.500000e+00 (V)  Node3097::MIPI_DSI0_DATA1_P
2.500000e+00 (V)  Node3097_Auto_155::MIPI_DSI0_DATA1_P
0.000000e+00 (V)  Node31!!2::HDMI_DATA0_N
2.500000e+00 (V)  Node3100::MIPI_DSI0_DATA1_P
2.500000e+00 (V)  Node3108::MIPI_DSI0_DATA1_P
2.500000e+00 (V)  Node3111::MIPI_DSI0_DATA1_P
2.500000e+00 (V)  Node3111_Auto_156::MIPI_DSI0_DATA1_P
2.500000e+00 (V)  Node3113::MIPI_DSI0_DATA1_P
2.500000e+00 (V)  Node3113_Auto_225::MIPI_DSI0_DATA1_P
2.500000e+00 (V)  Node3114::MIPI_DSI0_DATA1_P
2.500000e+00 (V)  Node3114_Auto_276::MIPI_DSI0_DATA1_P
2.500000e+00 (V)  Node3117::MIPI_DSI0_DATA1_P
2.500000e+00 (V)  Node3118::MIPI_DSI0_DATA1_P
2.500000e+00 (V)  Node3118_Auto_279::MIPI_DSI0_DATA1_P
2.500000e+00 (V)  Node3118_Auto_280::MIPI_DSI0_DATA1_P
2.500000e+00 (V)  Node3121::MIPI_DSI0_DATA1_P
2.500000e+00 (V)  Node3122::MIPI_DSI0_DATA1_P
2.500000e+00 (V)  Node3122_Auto_290::MIPI_DSI0_DATA1_P
2.500000e+00 (V)  Node3124::MIPI_DSI0_DATA1_P
2.500000e+00 (V)  Node3125::MIPI_DSI0_DATA1_P
2.500000e+00 (V)  Node3126::MIPI_DSI0_DATA1_P
2.500000e+00 (V)  Node3127::MIPI_DSI0_DATA1_P
2.500000e+00 (V)  Node3128::MIPI_DSI0_DATA1_P
2.500000e+00 (V)  Node3130::MIPI_DSI0_DATA1_P
2.500000e+00 (V)  Node3130_Auto_253::MIPI_DSI0_DATA1_P
2.500000e+00 (V)  Node3130_Auto_254::MIPI_DSI0_DATA1_P
0.000000e+00 (V)  Node319!!A2::N279408
0.000000e+00 (V)  Node32!!9::HDMI_DATA0_N
0.000000e+00 (V)  Node320!!A4::N2739972
0.000000e+00 (V)  Node33!!9::HDMI_DATA0_N
0.000000e+00 (V)  Node337!!14
0.000000e+00 (V)  Node338!!13
0.000000e+00 (V)  Node34!!C1::HDMI_CLK_P
0.000000e+00 (V)  Node341!!G6
0.000000e+00 (V)  Node3411!!4::MIPI_DSI0_DATA0_P
0.000000e+00 (V)  Node342!!J2
0.000000e+00 (V)  Node343!!K5
0.000000e+00 (V)  Node344!!J5
0.000000e+00 (V)  Node345!!J6
0.000000e+00 (V)  Node346!!J8
0.000000e+00 (V)  Node347!!J9
0.000000e+00 (V)  Node348!!K7
0.000000e+00 (V)  Node349!!J4
0.000000e+00 (V)  Node35!!4::HDMI_CLK_P
0.000000e+00 (V)  Node36!!7::HDMI_CLK_P
0.000000e+00 (V)  Node37!!10::HDMI_CLK_P
0.000000e+00 (V)  Node38!!E2::HDMI_DATA1_N
0.000000e+00 (V)  Node39!!5::HDMI_DATA1_N
0.000000e+00 (V)  Node40!!6::HDMI_DATA1_N
0.000000e+00 (V)  Node4007!!32::PWM
0.000000e+00 (V)  Node4066!!29::RESX
0.000000e+00 (V)  Node41!!6::HDMI_DATA1_N
0.000000e+00 (V)  Node42!!C2::HDMI_CLK_N
0.000000e+00 (V)  Node4274!!20::N271809
0.000000e+00 (V)  Node4275!!21::N271809
0.000000e+00 (V)  Node4276!!22::N271809
0.000000e+00 (V)  Node4281!!23::N271809
0.000000e+00 (V)  Node43!!5::HDMI_CLK_N
0.000000e+00 (V)  Node44!!12::HDMI_CLK_N
0.000000e+00 (V)  Node45!!6::HDMI_CLK_N
0.000000e+00 (V)  Node4737!!2::HDP
0.000000e+00 (V)  Node4774!!39::VCC_LED_AB
0.000000e+00 (V)  Node4775!!40::VCC_LED_AB
0.000000e+00 (V)  Node4783!!1::N2739972
0.000000e+00 (V)  Node4785!!P4
0.000000e+00 (V)  Node4786!!P3
0.000000e+00 (V)  Node4787!!P2
0.000000e+00 (V)  Node4788!!P1
0.000000e+00 (V)  Node4789!!31
0.000000e+00 (V)  Node4790!!30
0.000000e+00 (V)  Node63!!B7::MIPI_DSI1_CLK_N
0.000000e+00 (V)  Node64!!A7::MIPI_DSI1_CLK_P
0.000000e+00 (V)  Node65!!B5::MIPI_DSI1_DATA3_N
0.000000e+00 (V)  Node66!!A5::MIPI_DSI1_DATA3_P
0.000000e+00 (V)  Node69!!B8::MIPI_DSI1_DATA1_N
0.000000e+00 (V)  Node9!!18::VCC_HDMIRX_IN
0.000000e+00 (V)  Node973!!16::MIPI_DSI1_CLK_N
1.002603e-10 (V)  Trace1058#BP0::MIPI_DSI1_DATA2_N
1.002456e-10 (V)  Trace1063#BP0::MIPI_DSI1_DATA2_N
1.002177e-10 (V)  Trace1067#BP0::MIPI_DSI1_DATA2_N
1.002106e-10 (V)  Trace1067#BP1::MIPI_DSI1_DATA2_N
1.001720e-10 (V)  Trace1067#BP1_Auto_1518::MIPI_DSI1_DATA2_N
2.500000e+00 (V)  Trace1208#BP0::MIPI_DSI1_DATA2_P
2.500000e+00 (V)  Trace1208#BP1::MIPI_DSI1_DATA2_P
2.500000e+00 (V)  Trace1208#BP1_Auto_2440::MIPI_DSI1_DATA2_P
2.500000e+00 (V)  Trace1262#BP0::MIPI_DSI1_DATA2_P
2.500000e+00 (V)  Trace1262#BP1::MIPI_DSI1_DATA2_P
2.500000e+00 (V)  Trace1286#BP0::MIPI_DSI1_DATA2_P
2.500000e+00 (V)  Trace1290#BP0::MIPI_DSI1_DATA2_P
2.500000e+00 (V)  Trace1294#BP0::MIPI_DSI1_DATA2_P
2.500000e+00 (V)  Trace1304#BP0::MIPI_DSI1_DATA2_P
1.001728e-10 (V)  Trace2183#BP0::MIPI_DSI0_DATA1_N
1.001761e-10 (V)  Trace2183#BP0_Auto_151::MIPI_DSI0_DATA1_N
2.500000e+00 (V)  Trace2721#BP0::MIPI_DSI0_DATA1_P
0.000000e+00 (V)  X_C80.Xpartial.X_SpeedXP_auto_CAP_NP_C0603_100N_100N_C80_C80.nd_en_2
1.000000e-10 (V)  X_CH1.Xpartial.X_SpeedXP_auto_WP7B-P040VA1-R8000_WP7B-P040VA1-R8000_WP7B-P040VA1-R8000_WP7B-P040VA1-R8000_CH1.B_SpeedXP_auto_1.Output0
1.000000e-10 (V)  X_CH1.Xpartial.X_SpeedXP_auto_WP7B-P040VA1-R8000_WP7B-P040VA1-R8000_WP7B-P040VA1-R8000_WP7B-P040VA1-R8000_CH1.B_SpeedXP_auto_1.Output1
2.500000e+00 (V)  X_CH1.Xpartial.X_SpeedXP_auto_WP7B-P040VA1-R8000_WP7B-P040VA1-R8000_WP7B-P040VA1-R8000_WP7B-P040VA1-R8000_CH1.B_SpeedXP_auto_10.Output0
2.500000e+00 (V)  X_CH1.Xpartial.X_SpeedXP_auto_WP7B-P040VA1-R8000_WP7B-P040VA1-R8000_WP7B-P040VA1-R8000_WP7B-P040VA1-R8000_CH1.B_SpeedXP_auto_10.Output1
2.500000e+00 (V)  X_CH1.Xpartial.X_SpeedXP_auto_WP7B-P040VA1-R8000_WP7B-P040VA1-R8000_WP7B-P040VA1-R8000_WP7B-P040VA1-R8000_CH1.B_SpeedXP_auto_11.Output0
2.500000e+00 (V)  X_CH1.Xpartial.X_SpeedXP_auto_WP7B-P040VA1-R8000_WP7B-P040VA1-R8000_WP7B-P040VA1-R8000_WP7B-P040VA1-R8000_CH1.B_SpeedXP_auto_11.Output1
1.000000e-10 (V)  X_CH1.Xpartial.X_SpeedXP_auto_WP7B-P040VA1-R8000_WP7B-P040VA1-R8000_WP7B-P040VA1-R8000_WP7B-P040VA1-R8000_CH1.B_SpeedXP_auto_12.Output0
1.000000e-10 (V)  X_CH1.Xpartial.X_SpeedXP_auto_WP7B-P040VA1-R8000_WP7B-P040VA1-R8000_WP7B-P040VA1-R8000_WP7B-P040VA1-R8000_CH1.B_SpeedXP_auto_12.Output1
2.500000e+00 (V)  X_CH1.Xpartial.X_SpeedXP_auto_WP7B-P040VA1-R8000_WP7B-P040VA1-R8000_WP7B-P040VA1-R8000_WP7B-P040VA1-R8000_CH1.B_SpeedXP_auto_2.Output0
2.500000e+00 (V)  X_CH1.Xpartial.X_SpeedXP_auto_WP7B-P040VA1-R8000_WP7B-P040VA1-R8000_WP7B-P040VA1-R8000_WP7B-P040VA1-R8000_CH1.B_SpeedXP_auto_2.Output1
1.000000e-10 (V)  X_CH1.Xpartial.X_SpeedXP_auto_WP7B-P040VA1-R8000_WP7B-P040VA1-R8000_WP7B-P040VA1-R8000_WP7B-P040VA1-R8000_CH1.B_SpeedXP_auto_5.Output0
1.000000e-10 (V)  X_CH1.Xpartial.X_SpeedXP_auto_WP7B-P040VA1-R8000_WP7B-P040VA1-R8000_WP7B-P040VA1-R8000_WP7B-P040VA1-R8000_CH1.B_SpeedXP_auto_5.Output1
2.500000e+00 (V)  X_CH1.Xpartial.X_SpeedXP_auto_WP7B-P040VA1-R8000_WP7B-P040VA1-R8000_WP7B-P040VA1-R8000_WP7B-P040VA1-R8000_CH1.B_SpeedXP_auto_6.Output0
2.500000e+00 (V)  X_CH1.Xpartial.X_SpeedXP_auto_WP7B-P040VA1-R8000_WP7B-P040VA1-R8000_WP7B-P040VA1-R8000_WP7B-P040VA1-R8000_CH1.B_SpeedXP_auto_6.Output1
1.000000e-10 (V)  X_CH1.Xpartial.X_SpeedXP_auto_WP7B-P040VA1-R8000_WP7B-P040VA1-R8000_WP7B-P040VA1-R8000_WP7B-P040VA1-R8000_CH1.B_SpeedXP_auto_7.Output0
1.000000e-10 (V)  X_CH1.Xpartial.X_SpeedXP_auto_WP7B-P040VA1-R8000_WP7B-P040VA1-R8000_WP7B-P040VA1-R8000_WP7B-P040VA1-R8000_CH1.B_SpeedXP_auto_7.Output1
2.500000e+00 (V)  X_CH1.Xpartial.X_SpeedXP_auto_WP7B-P040VA1-R8000_WP7B-P040VA1-R8000_WP7B-P040VA1-R8000_WP7B-P040VA1-R8000_CH1.B_SpeedXP_auto_8.Output0
2.500000e+00 (V)  X_CH1.Xpartial.X_SpeedXP_auto_WP7B-P040VA1-R8000_WP7B-P040VA1-R8000_WP7B-P040VA1-R8000_WP7B-P040VA1-R8000_CH1.B_SpeedXP_auto_8.Output1
1.000000e-10 (V)  X_CH1.Xpartial.X_SpeedXP_auto_WP7B-P040VA1-R8000_WP7B-P040VA1-R8000_WP7B-P040VA1-R8000_WP7B-P040VA1-R8000_CH1.B_SpeedXP_auto_9.Output0
1.000000e-10 (V)  X_CH1.Xpartial.X_SpeedXP_auto_WP7B-P040VA1-R8000_WP7B-P040VA1-R8000_WP7B-P040VA1-R8000_WP7B-P040VA1-R8000_CH1.B_SpeedXP_auto_9.Output1
1.000000e+00 (V)  X_CH1.Xpartial.X_SpeedXP_auto_WP7B-P040VA1-R8000_WP7B-P040VA1-R8000_WP7B-P040VA1-R8000_WP7B-P040VA1-R8000_CH1.nd_en_1
1.000000e+00 (V)  X_CH1.Xpartial.X_SpeedXP_auto_WP7B-P040VA1-R8000_WP7B-P040VA1-R8000_WP7B-P040VA1-R8000_WP7B-P040VA1-R8000_CH1.nd_en_10
1.000000e+00 (V)  X_CH1.Xpartial.X_SpeedXP_auto_WP7B-P040VA1-R8000_WP7B-P040VA1-R8000_WP7B-P040VA1-R8000_WP7B-P040VA1-R8000_CH1.nd_en_11
1.000000e+00 (V)  X_CH1.Xpartial.X_SpeedXP_auto_WP7B-P040VA1-R8000_WP7B-P040VA1-R8000_WP7B-P040VA1-R8000_WP7B-P040VA1-R8000_CH1.nd_en_12
1.000000e+00 (V)  X_CH1.Xpartial.X_SpeedXP_auto_WP7B-P040VA1-R8000_WP7B-P040VA1-R8000_WP7B-P040VA1-R8000_WP7B-P040VA1-R8000_CH1.nd_en_13
1.000000e+00 (V)  X_CH1.Xpartial.X_SpeedXP_auto_WP7B-P040VA1-R8000_WP7B-P040VA1-R8000_WP7B-P040VA1-R8000_WP7B-P040VA1-R8000_CH1.nd_en_14
1.000000e+00 (V)  X_CH1.Xpartial.X_SpeedXP_auto_WP7B-P040VA1-R8000_WP7B-P040VA1-R8000_WP7B-P040VA1-R8000_WP7B-P040VA1-R8000_CH1.nd_en_15
1.000000e+00 (V)  X_CH1.Xpartial.X_SpeedXP_auto_WP7B-P040VA1-R8000_WP7B-P040VA1-R8000_WP7B-P040VA1-R8000_WP7B-P040VA1-R8000_CH1.nd_en_16
1.000000e+00 (V)  X_CH1.Xpartial.X_SpeedXP_auto_WP7B-P040VA1-R8000_WP7B-P040VA1-R8000_WP7B-P040VA1-R8000_WP7B-P040VA1-R8000_CH1.nd_en_17
1.000000e+00 (V)  X_CH1.Xpartial.X_SpeedXP_auto_WP7B-P040VA1-R8000_WP7B-P040VA1-R8000_WP7B-P040VA1-R8000_WP7B-P040VA1-R8000_CH1.nd_en_18
1.000000e+00 (V)  X_CH1.Xpartial.X_SpeedXP_auto_WP7B-P040VA1-R8000_WP7B-P040VA1-R8000_WP7B-P040VA1-R8000_WP7B-P040VA1-R8000_CH1.nd_en_19
1.000000e+00 (V)  X_CH1.Xpartial.X_SpeedXP_auto_WP7B-P040VA1-R8000_WP7B-P040VA1-R8000_WP7B-P040VA1-R8000_WP7B-P040VA1-R8000_CH1.nd_en_2
1.000000e+00 (V)  X_CH1.Xpartial.X_SpeedXP_auto_WP7B-P040VA1-R8000_WP7B-P040VA1-R8000_WP7B-P040VA1-R8000_WP7B-P040VA1-R8000_CH1.nd_en_20
1.000000e+00 (V)  X_CH1.Xpartial.X_SpeedXP_auto_WP7B-P040VA1-R8000_WP7B-P040VA1-R8000_WP7B-P040VA1-R8000_WP7B-P040VA1-R8000_CH1.nd_en_3
1.000000e+00 (V)  X_CH1.Xpartial.X_SpeedXP_auto_WP7B-P040VA1-R8000_WP7B-P040VA1-R8000_WP7B-P040VA1-R8000_WP7B-P040VA1-R8000_CH1.nd_en_4
1.000000e+00 (V)  X_CH1.Xpartial.X_SpeedXP_auto_WP7B-P040VA1-R8000_WP7B-P040VA1-R8000_WP7B-P040VA1-R8000_WP7B-P040VA1-R8000_CH1.nd_en_5
1.000000e+00 (V)  X_CH1.Xpartial.X_SpeedXP_auto_WP7B-P040VA1-R8000_WP7B-P040VA1-R8000_WP7B-P040VA1-R8000_WP7B-P040VA1-R8000_CH1.nd_en_6
1.000000e+00 (V)  X_CH1.Xpartial.X_SpeedXP_auto_WP7B-P040VA1-R8000_WP7B-P040VA1-R8000_WP7B-P040VA1-R8000_WP7B-P040VA1-R8000_CH1.nd_en_7
1.000000e+00 (V)  X_CH1.Xpartial.X_SpeedXP_auto_WP7B-P040VA1-R8000_WP7B-P040VA1-R8000_WP7B-P040VA1-R8000_WP7B-P040VA1-R8000_CH1.nd_en_8
1.000000e+00 (V)  X_CH1.Xpartial.X_SpeedXP_auto_WP7B-P040VA1-R8000_WP7B-P040VA1-R8000_WP7B-P040VA1-R8000_WP7B-P040VA1-R8000_CH1.nd_en_9
0.000000e+00 (V)  X_CH1.Xpartial.X_SpeedXP_auto_WP7B-P040VA1-R8000_WP7B-P040VA1-R8000_WP7B-P040VA1-R8000_WP7B-P040VA1-R8000_CH1.nd_in_1
1.000000e+00 (V)  X_CH1.Xpartial.X_SpeedXP_auto_WP7B-P040VA1-R8000_WP7B-P040VA1-R8000_WP7B-P040VA1-R8000_WP7B-P040VA1-R8000_CH1.nd_in_10
1.000000e+00 (V)  X_CH1.Xpartial.X_SpeedXP_auto_WP7B-P040VA1-R8000_WP7B-P040VA1-R8000_WP7B-P040VA1-R8000_WP7B-P040VA1-R8000_CH1.nd_in_11
0.000000e+00 (V)  X_CH1.Xpartial.X_SpeedXP_auto_WP7B-P040VA1-R8000_WP7B-P040VA1-R8000_WP7B-P040VA1-R8000_WP7B-P040VA1-R8000_CH1.nd_in_12
0.000000e+00 (V)  X_CH1.Xpartial.X_SpeedXP_auto_WP7B-P040VA1-R8000_WP7B-P040VA1-R8000_WP7B-P040VA1-R8000_WP7B-P040VA1-R8000_CH1.nd_in_13
0.000000e+00 (V)  X_CH1.Xpartial.X_SpeedXP_auto_WP7B-P040VA1-R8000_WP7B-P040VA1-R8000_WP7B-P040VA1-R8000_WP7B-P040VA1-R8000_CH1.nd_in_14
0.000000e+00 (V)  X_CH1.Xpartial.X_SpeedXP_auto_WP7B-P040VA1-R8000_WP7B-P040VA1-R8000_WP7B-P040VA1-R8000_WP7B-P040VA1-R8000_CH1.nd_in_15
0.000000e+00 (V)  X_CH1.Xpartial.X_SpeedXP_auto_WP7B-P040VA1-R8000_WP7B-P040VA1-R8000_WP7B-P040VA1-R8000_WP7B-P040VA1-R8000_CH1.nd_in_16
0.000000e+00 (V)  X_CH1.Xpartial.X_SpeedXP_auto_WP7B-P040VA1-R8000_WP7B-P040VA1-R8000_WP7B-P040VA1-R8000_WP7B-P040VA1-R8000_CH1.nd_in_17
0.000000e+00 (V)  X_CH1.Xpartial.X_SpeedXP_auto_WP7B-P040VA1-R8000_WP7B-P040VA1-R8000_WP7B-P040VA1-R8000_WP7B-P040VA1-R8000_CH1.nd_in_18
0.000000e+00 (V)  X_CH1.Xpartial.X_SpeedXP_auto_WP7B-P040VA1-R8000_WP7B-P040VA1-R8000_WP7B-P040VA1-R8000_WP7B-P040VA1-R8000_CH1.nd_in_19
1.000000e+00 (V)  X_CH1.Xpartial.X_SpeedXP_auto_WP7B-P040VA1-R8000_WP7B-P040VA1-R8000_WP7B-P040VA1-R8000_WP7B-P040VA1-R8000_CH1.nd_in_2
0.000000e+00 (V)  X_CH1.Xpartial.X_SpeedXP_auto_WP7B-P040VA1-R8000_WP7B-P040VA1-R8000_WP7B-P040VA1-R8000_WP7B-P040VA1-R8000_CH1.nd_in_20
0.000000e+00 (V)  X_CH1.Xpartial.X_SpeedXP_auto_WP7B-P040VA1-R8000_WP7B-P040VA1-R8000_WP7B-P040VA1-R8000_WP7B-P040VA1-R8000_CH1.nd_in_3
0.000000e+00 (V)  X_CH1.Xpartial.X_SpeedXP_auto_WP7B-P040VA1-R8000_WP7B-P040VA1-R8000_WP7B-P040VA1-R8000_WP7B-P040VA1-R8000_CH1.nd_in_4
0.000000e+00 (V)  X_CH1.Xpartial.X_SpeedXP_auto_WP7B-P040VA1-R8000_WP7B-P040VA1-R8000_WP7B-P040VA1-R8000_WP7B-P040VA1-R8000_CH1.nd_in_5
1.000000e+00 (V)  X_CH1.Xpartial.X_SpeedXP_auto_WP7B-P040VA1-R8000_WP7B-P040VA1-R8000_WP7B-P040VA1-R8000_WP7B-P040VA1-R8000_CH1.nd_in_6
0.000000e+00 (V)  X_CH1.Xpartial.X_SpeedXP_auto_WP7B-P040VA1-R8000_WP7B-P040VA1-R8000_WP7B-P040VA1-R8000_WP7B-P040VA1-R8000_CH1.nd_in_7
1.000000e+00 (V)  X_CH1.Xpartial.X_SpeedXP_auto_WP7B-P040VA1-R8000_WP7B-P040VA1-R8000_WP7B-P040VA1-R8000_WP7B-P040VA1-R8000_CH1.nd_in_8
0.000000e+00 (V)  X_CH1.Xpartial.X_SpeedXP_auto_WP7B-P040VA1-R8000_WP7B-P040VA1-R8000_WP7B-P040VA1-R8000_WP7B-P040VA1-R8000_CH1.nd_in_9
5.000000e-01 (V)  X_CH1.Xpartial.X_SpeedXP_auto_WP7B-P040VA1-R8000_WP7B-P040VA1-R8000_WP7B-P040VA1-R8000_WP7B-P040VA1-R8000_CH1.nd_out_of_in_1
5.000000e-01 (V)  X_CH1.Xpartial.X_SpeedXP_auto_WP7B-P040VA1-R8000_WP7B-P040VA1-R8000_WP7B-P040VA1-R8000_WP7B-P040VA1-R8000_CH1.nd_out_of_in_10
5.000000e-01 (V)  X_CH1.Xpartial.X_SpeedXP_auto_WP7B-P040VA1-R8000_WP7B-P040VA1-R8000_WP7B-P040VA1-R8000_WP7B-P040VA1-R8000_CH1.nd_out_of_in_11
5.000000e-01 (V)  X_CH1.Xpartial.X_SpeedXP_auto_WP7B-P040VA1-R8000_WP7B-P040VA1-R8000_WP7B-P040VA1-R8000_WP7B-P040VA1-R8000_CH1.nd_out_of_in_12
5.000000e-01 (V)  X_CH1.Xpartial.X_SpeedXP_auto_WP7B-P040VA1-R8000_WP7B-P040VA1-R8000_WP7B-P040VA1-R8000_WP7B-P040VA1-R8000_CH1.nd_out_of_in_2
5.000000e-01 (V)  X_CH1.Xpartial.X_SpeedXP_auto_WP7B-P040VA1-R8000_WP7B-P040VA1-R8000_WP7B-P040VA1-R8000_WP7B-P040VA1-R8000_CH1.nd_out_of_in_5
5.000000e-01 (V)  X_CH1.Xpartial.X_SpeedXP_auto_WP7B-P040VA1-R8000_WP7B-P040VA1-R8000_WP7B-P040VA1-R8000_WP7B-P040VA1-R8000_CH1.nd_out_of_in_6
5.000000e-01 (V)  X_CH1.Xpartial.X_SpeedXP_auto_WP7B-P040VA1-R8000_WP7B-P040VA1-R8000_WP7B-P040VA1-R8000_WP7B-P040VA1-R8000_CH1.nd_out_of_in_7
5.000000e-01 (V)  X_CH1.Xpartial.X_SpeedXP_auto_WP7B-P040VA1-R8000_WP7B-P040VA1-R8000_WP7B-P040VA1-R8000_WP7B-P040VA1-R8000_CH1.nd_out_of_in_8
5.000000e-01 (V)  X_CH1.Xpartial.X_SpeedXP_auto_WP7B-P040VA1-R8000_WP7B-P040VA1-R8000_WP7B-P040VA1-R8000_WP7B-P040VA1-R8000_CH1.nd_out_of_in_9
2.500000e+00 (V)  X_CH1.Xpartial.X_SpeedXP_auto_WP7B-P040VA1-R8000_WP7B-P040VA1-R8000_WP7B-P040VA1-R8000_WP7B-P040VA1-R8000_CH1.Power_1
2.500000e+00 (V)  X_CH1.Xpartial.X_SpeedXP_auto_WP7B-P040VA1-R8000_WP7B-P040VA1-R8000_WP7B-P040VA1-R8000_WP7B-P040VA1-R8000_CH1.Power_10
2.500000e+00 (V)  X_CH1.Xpartial.X_SpeedXP_auto_WP7B-P040VA1-R8000_WP7B-P040VA1-R8000_WP7B-P040VA1-R8000_WP7B-P040VA1-R8000_CH1.Power_11
2.500000e+00 (V)  X_CH1.Xpartial.X_SpeedXP_auto_WP7B-P040VA1-R8000_WP7B-P040VA1-R8000_WP7B-P040VA1-R8000_WP7B-P040VA1-R8000_CH1.Power_12
2.500000e+00 (V)  X_CH1.Xpartial.X_SpeedXP_auto_WP7B-P040VA1-R8000_WP7B-P040VA1-R8000_WP7B-P040VA1-R8000_WP7B-P040VA1-R8000_CH1.Power_2
2.500000e+00 (V)  X_CH1.Xpartial.X_SpeedXP_auto_WP7B-P040VA1-R8000_WP7B-P040VA1-R8000_WP7B-P040VA1-R8000_WP7B-P040VA1-R8000_CH1.Power_5
2.500000e+00 (V)  X_CH1.Xpartial.X_SpeedXP_auto_WP7B-P040VA1-R8000_WP7B-P040VA1-R8000_WP7B-P040VA1-R8000_WP7B-P040VA1-R8000_CH1.Power_6
2.500000e+00 (V)  X_CH1.Xpartial.X_SpeedXP_auto_WP7B-P040VA1-R8000_WP7B-P040VA1-R8000_WP7B-P040VA1-R8000_WP7B-P040VA1-R8000_CH1.Power_7
2.500000e+00 (V)  X_CH1.Xpartial.X_SpeedXP_auto_WP7B-P040VA1-R8000_WP7B-P040VA1-R8000_WP7B-P040VA1-R8000_WP7B-P040VA1-R8000_CH1.Power_8
2.500000e+00 (V)  X_CH1.Xpartial.X_SpeedXP_auto_WP7B-P040VA1-R8000_WP7B-P040VA1-R8000_WP7B-P040VA1-R8000_WP7B-P040VA1-R8000_CH1.Power_9
0.000000e+00 (V)  X_D5.Xpartial.X_SpeedXP_auto_TVS/ESD_SOD-323_H3V3HD3U_H3V3HD3U_D5.nd_en_1
1.000000e+00 (V)  X_ESD1.Xpartial.X_SpeedXP_auto_IP4292CZ10_DFN2510A-10_IP4292CZ10-TBR_115_IP4292CZ10-TBR_115_ESD1_ESD1.nd_en_1
0.000000e+00 (V)  X_ESD1.Xpartial.X_SpeedXP_auto_IP4292CZ10_DFN2510A-10_IP4292CZ10-TBR_115_IP4292CZ10-TBR_115_ESD1_ESD1.nd_en_10
1.000000e+00 (V)  X_ESD1.Xpartial.X_SpeedXP_auto_IP4292CZ10_DFN2510A-10_IP4292CZ10-TBR_115_IP4292CZ10-TBR_115_ESD1_ESD1.nd_en_2
1.000000e+00 (V)  X_ESD1.Xpartial.X_SpeedXP_auto_IP4292CZ10_DFN2510A-10_IP4292CZ10-TBR_115_IP4292CZ10-TBR_115_ESD1_ESD1.nd_en_4
1.000000e+00 (V)  X_ESD1.Xpartial.X_SpeedXP_auto_IP4292CZ10_DFN2510A-10_IP4292CZ10-TBR_115_IP4292CZ10-TBR_115_ESD1_ESD1.nd_en_5
0.000000e+00 (V)  X_ESD1.Xpartial.X_SpeedXP_auto_IP4292CZ10_DFN2510A-10_IP4292CZ10-TBR_115_IP4292CZ10-TBR_115_ESD1_ESD1.nd_en_6
0.000000e+00 (V)  X_ESD1.Xpartial.X_SpeedXP_auto_IP4292CZ10_DFN2510A-10_IP4292CZ10-TBR_115_IP4292CZ10-TBR_115_ESD1_ESD1.nd_en_7
0.000000e+00 (V)  X_ESD1.Xpartial.X_SpeedXP_auto_IP4292CZ10_DFN2510A-10_IP4292CZ10-TBR_115_IP4292CZ10-TBR_115_ESD1_ESD1.nd_en_9
0.000000e+00 (V)  X_ESD1.Xpartial.X_SpeedXP_auto_IP4292CZ10_DFN2510A-10_IP4292CZ10-TBR_115_IP4292CZ10-TBR_115_ESD1_ESD1.nd_in_1
0.000000e+00 (V)  X_ESD1.Xpartial.X_SpeedXP_auto_IP4292CZ10_DFN2510A-10_IP4292CZ10-TBR_115_IP4292CZ10-TBR_115_ESD1_ESD1.nd_in_2
0.000000e+00 (V)  X_ESD1.Xpartial.X_SpeedXP_auto_IP4292CZ10_DFN2510A-10_IP4292CZ10-TBR_115_IP4292CZ10-TBR_115_ESD1_ESD1.nd_in_4
0.000000e+00 (V)  X_ESD1.Xpartial.X_SpeedXP_auto_IP4292CZ10_DFN2510A-10_IP4292CZ10-TBR_115_IP4292CZ10-TBR_115_ESD1_ESD1.nd_in_5
1.000000e+00 (V)  X_ESD2.Xpartial.X_SpeedXP_auto_IP4292CZ10_DFN2510A-10_IP4292CZ10-TBR_115_IP4292CZ10-TBR_115_ESD2_ESD2.nd_en_1
0.000000e+00 (V)  X_ESD2.Xpartial.X_SpeedXP_auto_IP4292CZ10_DFN2510A-10_IP4292CZ10-TBR_115_IP4292CZ10-TBR_115_ESD2_ESD2.nd_en_10
1.000000e+00 (V)  X_ESD2.Xpartial.X_SpeedXP_auto_IP4292CZ10_DFN2510A-10_IP4292CZ10-TBR_115_IP4292CZ10-TBR_115_ESD2_ESD2.nd_en_2
1.000000e+00 (V)  X_ESD2.Xpartial.X_SpeedXP_auto_IP4292CZ10_DFN2510A-10_IP4292CZ10-TBR_115_IP4292CZ10-TBR_115_ESD2_ESD2.nd_en_4
1.000000e+00 (V)  X_ESD2.Xpartial.X_SpeedXP_auto_IP4292CZ10_DFN2510A-10_IP4292CZ10-TBR_115_IP4292CZ10-TBR_115_ESD2_ESD2.nd_en_5
0.000000e+00 (V)  X_ESD2.Xpartial.X_SpeedXP_auto_IP4292CZ10_DFN2510A-10_IP4292CZ10-TBR_115_IP4292CZ10-TBR_115_ESD2_ESD2.nd_en_6
0.000000e+00 (V)  X_ESD2.Xpartial.X_SpeedXP_auto_IP4292CZ10_DFN2510A-10_IP4292CZ10-TBR_115_IP4292CZ10-TBR_115_ESD2_ESD2.nd_en_7
0.000000e+00 (V)  X_ESD2.Xpartial.X_SpeedXP_auto_IP4292CZ10_DFN2510A-10_IP4292CZ10-TBR_115_IP4292CZ10-TBR_115_ESD2_ESD2.nd_en_9
0.000000e+00 (V)  X_ESD2.Xpartial.X_SpeedXP_auto_IP4292CZ10_DFN2510A-10_IP4292CZ10-TBR_115_IP4292CZ10-TBR_115_ESD2_ESD2.nd_in_1
0.000000e+00 (V)  X_ESD2.Xpartial.X_SpeedXP_auto_IP4292CZ10_DFN2510A-10_IP4292CZ10-TBR_115_IP4292CZ10-TBR_115_ESD2_ESD2.nd_in_2
0.000000e+00 (V)  X_ESD2.Xpartial.X_SpeedXP_auto_IP4292CZ10_DFN2510A-10_IP4292CZ10-TBR_115_IP4292CZ10-TBR_115_ESD2_ESD2.nd_in_4
0.000000e+00 (V)  X_ESD2.Xpartial.X_SpeedXP_auto_IP4292CZ10_DFN2510A-10_IP4292CZ10-TBR_115_IP4292CZ10-TBR_115_ESD2_ESD2.nd_in_5
0.000000e+00 (V)  X_HDMI1.Xpartial.X_SpeedXP_auto_HDMI-A_HDMI-001S_HDMI-001S_HDMI-001S_HDMI1.nd_en_1
0.000000e+00 (V)  X_HDMI1.Xpartial.X_SpeedXP_auto_HDMI-A_HDMI-001S_HDMI-001S_HDMI-001S_HDMI1.nd_en_10
0.000000e+00 (V)  X_HDMI1.Xpartial.X_SpeedXP_auto_HDMI-A_HDMI-001S_HDMI-001S_HDMI-001S_HDMI1.nd_en_12
0.000000e+00 (V)  X_HDMI1.Xpartial.X_SpeedXP_auto_HDMI-A_HDMI-001S_HDMI-001S_HDMI-001S_HDMI1.nd_en_3
0.000000e+00 (V)  X_HDMI1.Xpartial.X_SpeedXP_auto_HDMI-A_HDMI-001S_HDMI-001S_HDMI-001S_HDMI1.nd_en_4
0.000000e+00 (V)  X_HDMI1.Xpartial.X_SpeedXP_auto_HDMI-A_HDMI-001S_HDMI-001S_HDMI-001S_HDMI1.nd_en_6
0.000000e+00 (V)  X_HDMI1.Xpartial.X_SpeedXP_auto_HDMI-A_HDMI-001S_HDMI-001S_HDMI-001S_HDMI1.nd_en_7
0.000000e+00 (V)  X_HDMI1.Xpartial.X_SpeedXP_auto_HDMI-A_HDMI-001S_HDMI-001S_HDMI-001S_HDMI1.nd_en_9
0.000000e+00 (V)  X_R24.Xpartial.X_SpeedXP_auto_RES_R0603_10K_10K_R24_R24.nd_en_2
1.000000e+00 (V)  X_R25.Xpartial.X_SpeedXP_auto_RES_R0603_1K_1K_R25_R25.nd_en_1
0.000000e+00 (V)  X_R25.Xpartial.X_SpeedXP_auto_RES_R0603_1K_1K_R25_R25.nd_in_1
0.000000e+00 (V)  X_SW1.Xpartial.X_SpeedXP_auto_SWITCH-2P_SMD4030_1_6N_1_6N_SW1.nd_en_2
2.500000e+00 (V)  X_U8.Xpartial.X_SpeedXP_auto_TC358870XBG_1_VFBGA80_(S1+S2+S3+S4)_TC358870XBG(NOK)_TC358870XBG(NOK)_U8.B_SpeedXP_auto_A6.Output0
2.500000e+00 (V)  X_U8.Xpartial.X_SpeedXP_auto_TC358870XBG_1_VFBGA80_(S1+S2+S3+S4)_TC358870XBG(NOK)_TC358870XBG(NOK)_U8.B_SpeedXP_auto_A6.Output1
1.006280e-10 (V)  X_U8.Xpartial.X_SpeedXP_auto_TC358870XBG_1_VFBGA80_(S1+S2+S3+S4)_TC358870XBG(NOK)_TC358870XBG(NOK)_U8.B_SpeedXP_auto_B6.Output0
1.006280e-10 (V)  X_U8.Xpartial.X_SpeedXP_auto_TC358870XBG_1_VFBGA80_(S1+S2+S3+S4)_TC358870XBG(NOK)_TC358870XBG(NOK)_U8.B_SpeedXP_auto_B6.Output1
2.500000e+00 (V)  X_U8.Xpartial.X_SpeedXP_auto_TC358870XBG_1_VFBGA80_(S1+S2+S3+S4)_TC358870XBG(NOK)_TC358870XBG(NOK)_U8.B_SpeedXP_auto_D10.Output0
2.500000e+00 (V)  X_U8.Xpartial.X_SpeedXP_auto_TC358870XBG_1_VFBGA80_(S1+S2+S3+S4)_TC358870XBG(NOK)_TC358870XBG(NOK)_U8.B_SpeedXP_auto_D10.Output1
1.003676e-10 (V)  X_U8.Xpartial.X_SpeedXP_auto_TC358870XBG_1_VFBGA80_(S1+S2+S3+S4)_TC358870XBG(NOK)_TC358870XBG(NOK)_U8.B_SpeedXP_auto_D9.Output0
1.003676e-10 (V)  X_U8.Xpartial.X_SpeedXP_auto_TC358870XBG_1_VFBGA80_(S1+S2+S3+S4)_TC358870XBG(NOK)_TC358870XBG(NOK)_U8.B_SpeedXP_auto_D9.Output1
2.500000e+00 (V)  X_U8.Xpartial.X_SpeedXP_auto_TC358870XBG_1_VFBGA80_(S1+S2+S3+S4)_TC358870XBG(NOK)_TC358870XBG(NOK)_U8.B_SpeedXP_auto_E10.Output0
2.500000e+00 (V)  X_U8.Xpartial.X_SpeedXP_auto_TC358870XBG_1_VFBGA80_(S1+S2+S3+S4)_TC358870XBG(NOK)_TC358870XBG(NOK)_U8.B_SpeedXP_auto_E10.Output1
1.003697e-10 (V)  X_U8.Xpartial.X_SpeedXP_auto_TC358870XBG_1_VFBGA80_(S1+S2+S3+S4)_TC358870XBG(NOK)_TC358870XBG(NOK)_U8.B_SpeedXP_auto_E9.Output0
1.003697e-10 (V)  X_U8.Xpartial.X_SpeedXP_auto_TC358870XBG_1_VFBGA80_(S1+S2+S3+S4)_TC358870XBG(NOK)_TC358870XBG(NOK)_U8.B_SpeedXP_auto_E9.Output1
2.500000e+00 (V)  X_U8.Xpartial.X_SpeedXP_auto_TC358870XBG_1_VFBGA80_(S1+S2+S3+S4)_TC358870XBG(NOK)_TC358870XBG(NOK)_U8.B_SpeedXP_auto_F10.Output0
2.500000e+00 (V)  X_U8.Xpartial.X_SpeedXP_auto_TC358870XBG_1_VFBGA80_(S1+S2+S3+S4)_TC358870XBG(NOK)_TC358870XBG(NOK)_U8.B_SpeedXP_auto_F10.Output1
1.003832e-10 (V)  X_U8.Xpartial.X_SpeedXP_auto_TC358870XBG_1_VFBGA80_(S1+S2+S3+S4)_TC358870XBG(NOK)_TC358870XBG(NOK)_U8.B_SpeedXP_auto_F9.Output0
1.003832e-10 (V)  X_U8.Xpartial.X_SpeedXP_auto_TC358870XBG_1_VFBGA80_(S1+S2+S3+S4)_TC358870XBG(NOK)_TC358870XBG(NOK)_U8.B_SpeedXP_auto_F9.Output1
2.500000e+00 (V)  X_U8.Xpartial.X_SpeedXP_auto_TC358870XBG_1_VFBGA80_(S1+S2+S3+S4)_TC358870XBG(NOK)_TC358870XBG(NOK)_U8.B_SpeedXP_auto_G10.Output0
2.500000e+00 (V)  X_U8.Xpartial.X_SpeedXP_auto_TC358870XBG_1_VFBGA80_(S1+S2+S3+S4)_TC358870XBG(NOK)_TC358870XBG(NOK)_U8.B_SpeedXP_auto_G10.Output1
1.003753e-10 (V)  X_U8.Xpartial.X_SpeedXP_auto_TC358870XBG_1_VFBGA80_(S1+S2+S3+S4)_TC358870XBG(NOK)_TC358870XBG(NOK)_U8.B_SpeedXP_auto_G9.Output0
1.003753e-10 (V)  X_U8.Xpartial.X_SpeedXP_auto_TC358870XBG_1_VFBGA80_(S1+S2+S3+S4)_TC358870XBG(NOK)_TC358870XBG(NOK)_U8.B_SpeedXP_auto_G9.Output1
0.000000e+00 (V)  X_U8.Xpartial.X_SpeedXP_auto_TC358870XBG_1_VFBGA80_(S1+S2+S3+S4)_TC358870XBG(NOK)_TC358870XBG(NOK)_U8.nd_en_A4
0.000000e+00 (V)  X_U8.Xpartial.X_SpeedXP_auto_TC358870XBG_1_VFBGA80_(S1+S2+S3+S4)_TC358870XBG(NOK)_TC358870XBG(NOK)_U8.nd_en_A5
0.000000e+00 (V)  X_U8.Xpartial.X_SpeedXP_auto_TC358870XBG_1_VFBGA80_(S1+S2+S3+S4)_TC358870XBG(NOK)_TC358870XBG(NOK)_U8.nd_en_A6
0.000000e+00 (V)  X_U8.Xpartial.X_SpeedXP_auto_TC358870XBG_1_VFBGA80_(S1+S2+S3+S4)_TC358870XBG(NOK)_TC358870XBG(NOK)_U8.nd_en_A7
0.000000e+00 (V)  X_U8.Xpartial.X_SpeedXP_auto_TC358870XBG_1_VFBGA80_(S1+S2+S3+S4)_TC358870XBG(NOK)_TC358870XBG(NOK)_U8.nd_en_A8
0.000000e+00 (V)  X_U8.Xpartial.X_SpeedXP_auto_TC358870XBG_1_VFBGA80_(S1+S2+S3+S4)_TC358870XBG(NOK)_TC358870XBG(NOK)_U8.nd_en_A9
0.000000e+00 (V)  X_U8.Xpartial.X_SpeedXP_auto_TC358870XBG_1_VFBGA80_(S1+S2+S3+S4)_TC358870XBG(NOK)_TC358870XBG(NOK)_U8.nd_en_B5
0.000000e+00 (V)  X_U8.Xpartial.X_SpeedXP_auto_TC358870XBG_1_VFBGA80_(S1+S2+S3+S4)_TC358870XBG(NOK)_TC358870XBG(NOK)_U8.nd_en_B6
0.000000e+00 (V)  X_U8.Xpartial.X_SpeedXP_auto_TC358870XBG_1_VFBGA80_(S1+S2+S3+S4)_TC358870XBG(NOK)_TC358870XBG(NOK)_U8.nd_en_B7
0.000000e+00 (V)  X_U8.Xpartial.X_SpeedXP_auto_TC358870XBG_1_VFBGA80_(S1+S2+S3+S4)_TC358870XBG(NOK)_TC358870XBG(NOK)_U8.nd_en_B8
0.000000e+00 (V)  X_U8.Xpartial.X_SpeedXP_auto_TC358870XBG_1_VFBGA80_(S1+S2+S3+S4)_TC358870XBG(NOK)_TC358870XBG(NOK)_U8.nd_en_B9
0.000000e+00 (V)  X_U8.Xpartial.X_SpeedXP_auto_TC358870XBG_1_VFBGA80_(S1+S2+S3+S4)_TC358870XBG(NOK)_TC358870XBG(NOK)_U8.nd_en_C1
0.000000e+00 (V)  X_U8.Xpartial.X_SpeedXP_auto_TC358870XBG_1_VFBGA80_(S1+S2+S3+S4)_TC358870XBG(NOK)_TC358870XBG(NOK)_U8.nd_en_C2
0.000000e+00 (V)  X_U8.Xpartial.X_SpeedXP_auto_TC358870XBG_1_VFBGA80_(S1+S2+S3+S4)_TC358870XBG(NOK)_TC358870XBG(NOK)_U8.nd_en_D1
0.000000e+00 (V)  X_U8.Xpartial.X_SpeedXP_auto_TC358870XBG_1_VFBGA80_(S1+S2+S3+S4)_TC358870XBG(NOK)_TC358870XBG(NOK)_U8.nd_en_D10
0.000000e+00 (V)  X_U8.Xpartial.X_SpeedXP_auto_TC358870XBG_1_VFBGA80_(S1+S2+S3+S4)_TC358870XBG(NOK)_TC358870XBG(NOK)_U8.nd_en_D2
0.000000e+00 (V)  X_U8.Xpartial.X_SpeedXP_auto_TC358870XBG_1_VFBGA80_(S1+S2+S3+S4)_TC358870XBG(NOK)_TC358870XBG(NOK)_U8.nd_en_D9
0.000000e+00 (V)  X_U8.Xpartial.X_SpeedXP_auto_TC358870XBG_1_VFBGA80_(S1+S2+S3+S4)_TC358870XBG(NOK)_TC358870XBG(NOK)_U8.nd_en_E1
0.000000e+00 (V)  X_U8.Xpartial.X_SpeedXP_auto_TC358870XBG_1_VFBGA80_(S1+S2+S3+S4)_TC358870XBG(NOK)_TC358870XBG(NOK)_U8.nd_en_E10
0.000000e+00 (V)  X_U8.Xpartial.X_SpeedXP_auto_TC358870XBG_1_VFBGA80_(S1+S2+S3+S4)_TC358870XBG(NOK)_TC358870XBG(NOK)_U8.nd_en_E2
0.000000e+00 (V)  X_U8.Xpartial.X_SpeedXP_auto_TC358870XBG_1_VFBGA80_(S1+S2+S3+S4)_TC358870XBG(NOK)_TC358870XBG(NOK)_U8.nd_en_E9
0.000000e+00 (V)  X_U8.Xpartial.X_SpeedXP_auto_TC358870XBG_1_VFBGA80_(S1+S2+S3+S4)_TC358870XBG(NOK)_TC358870XBG(NOK)_U8.nd_en_F1
0.000000e+00 (V)  X_U8.Xpartial.X_SpeedXP_auto_TC358870XBG_1_VFBGA80_(S1+S2+S3+S4)_TC358870XBG(NOK)_TC358870XBG(NOK)_U8.nd_en_F10
0.000000e+00 (V)  X_U8.Xpartial.X_SpeedXP_auto_TC358870XBG_1_VFBGA80_(S1+S2+S3+S4)_TC358870XBG(NOK)_TC358870XBG(NOK)_U8.nd_en_F2
0.000000e+00 (V)  X_U8.Xpartial.X_SpeedXP_auto_TC358870XBG_1_VFBGA80_(S1+S2+S3+S4)_TC358870XBG(NOK)_TC358870XBG(NOK)_U8.nd_en_F9
0.000000e+00 (V)  X_U8.Xpartial.X_SpeedXP_auto_TC358870XBG_1_VFBGA80_(S1+S2+S3+S4)_TC358870XBG(NOK)_TC358870XBG(NOK)_U8.nd_en_G10
0.000000e+00 (V)  X_U8.Xpartial.X_SpeedXP_auto_TC358870XBG_1_VFBGA80_(S1+S2+S3+S4)_TC358870XBG(NOK)_TC358870XBG(NOK)_U8.nd_en_G9
0.000000e+00 (V)  X_U8.Xpartial.X_SpeedXP_auto_TC358870XBG_1_VFBGA80_(S1+S2+S3+S4)_TC358870XBG(NOK)_TC358870XBG(NOK)_U8.nd_en_H10
0.000000e+00 (V)  X_U8.Xpartial.X_SpeedXP_auto_TC358870XBG_1_VFBGA80_(S1+S2+S3+S4)_TC358870XBG(NOK)_TC358870XBG(NOK)_U8.nd_en_H9
0.000000e+00 (V)  X_U8.Xpartial.X_SpeedXP_auto_TC358870XBG_1_VFBGA80_(S1+S2+S3+S4)_TC358870XBG(NOK)_TC358870XBG(NOK)_U8.nd_en_K8
0.000000e+00 (V)  X_U8.Xpartial.X_SpeedXP_auto_TC358870XBG_1_VFBGA80_(S1+S2+S3+S4)_TC358870XBG(NOK)_TC358870XBG(NOK)_U8.nd_in_A6
0.000000e+00 (V)  X_U8.Xpartial.X_SpeedXP_auto_TC358870XBG_1_VFBGA80_(S1+S2+S3+S4)_TC358870XBG(NOK)_TC358870XBG(NOK)_U8.nd_in_B6
0.000000e+00 (V)  X_U8.Xpartial.X_SpeedXP_auto_TC358870XBG_1_VFBGA80_(S1+S2+S3+S4)_TC358870XBG(NOK)_TC358870XBG(NOK)_U8.nd_in_D10
0.000000e+00 (V)  X_U8.Xpartial.X_SpeedXP_auto_TC358870XBG_1_VFBGA80_(S1+S2+S3+S4)_TC358870XBG(NOK)_TC358870XBG(NOK)_U8.nd_in_D9
0.000000e+00 (V)  X_U8.Xpartial.X_SpeedXP_auto_TC358870XBG_1_VFBGA80_(S1+S2+S3+S4)_TC358870XBG(NOK)_TC358870XBG(NOK)_U8.nd_in_E10
0.000000e+00 (V)  X_U8.Xpartial.X_SpeedXP_auto_TC358870XBG_1_VFBGA80_(S1+S2+S3+S4)_TC358870XBG(NOK)_TC358870XBG(NOK)_U8.nd_in_E9
0.000000e+00 (V)  X_U8.Xpartial.X_SpeedXP_auto_TC358870XBG_1_VFBGA80_(S1+S2+S3+S4)_TC358870XBG(NOK)_TC358870XBG(NOK)_U8.nd_in_F10
0.000000e+00 (V)  X_U8.Xpartial.X_SpeedXP_auto_TC358870XBG_1_VFBGA80_(S1+S2+S3+S4)_TC358870XBG(NOK)_TC358870XBG(NOK)_U8.nd_in_F9
0.000000e+00 (V)  X_U8.Xpartial.X_SpeedXP_auto_TC358870XBG_1_VFBGA80_(S1+S2+S3+S4)_TC358870XBG(NOK)_TC358870XBG(NOK)_U8.nd_in_G10
0.000000e+00 (V)  X_U8.Xpartial.X_SpeedXP_auto_TC358870XBG_1_VFBGA80_(S1+S2+S3+S4)_TC358870XBG(NOK)_TC358870XBG(NOK)_U8.nd_in_G9
1.000000e+00 (V)  X_U8.Xpartial.X_SpeedXP_auto_TC358870XBG_1_VFBGA80_(S1+S2+S3+S4)_TC358870XBG(NOK)_TC358870XBG(NOK)_U8.nd_out_of_in_A6
0.000000e+00 (V)  X_U8.Xpartial.X_SpeedXP_auto_TC358870XBG_1_VFBGA80_(S1+S2+S3+S4)_TC358870XBG(NOK)_TC358870XBG(NOK)_U8.nd_out_of_in_B6
1.000000e+00 (V)  X_U8.Xpartial.X_SpeedXP_auto_TC358870XBG_1_VFBGA80_(S1+S2+S3+S4)_TC358870XBG(NOK)_TC358870XBG(NOK)_U8.nd_out_of_in_D10
0.000000e+00 (V)  X_U8.Xpartial.X_SpeedXP_auto_TC358870XBG_1_VFBGA80_(S1+S2+S3+S4)_TC358870XBG(NOK)_TC358870XBG(NOK)_U8.nd_out_of_in_D9
1.000000e+00 (V)  X_U8.Xpartial.X_SpeedXP_auto_TC358870XBG_1_VFBGA80_(S1+S2+S3+S4)_TC358870XBG(NOK)_TC358870XBG(NOK)_U8.nd_out_of_in_E10
0.000000e+00 (V)  X_U8.Xpartial.X_SpeedXP_auto_TC358870XBG_1_VFBGA80_(S1+S2+S3+S4)_TC358870XBG(NOK)_TC358870XBG(NOK)_U8.nd_out_of_in_E9
1.000000e+00 (V)  X_U8.Xpartial.X_SpeedXP_auto_TC358870XBG_1_VFBGA80_(S1+S2+S3+S4)_TC358870XBG(NOK)_TC358870XBG(NOK)_U8.nd_out_of_in_F10
0.000000e+00 (V)  X_U8.Xpartial.X_SpeedXP_auto_TC358870XBG_1_VFBGA80_(S1+S2+S3+S4)_TC358870XBG(NOK)_TC358870XBG(NOK)_U8.nd_out_of_in_F9
1.000000e+00 (V)  X_U8.Xpartial.X_SpeedXP_auto_TC358870XBG_1_VFBGA80_(S1+S2+S3+S4)_TC358870XBG(NOK)_TC358870XBG(NOK)_U8.nd_out_of_in_G10
0.000000e+00 (V)  X_U8.Xpartial.X_SpeedXP_auto_TC358870XBG_1_VFBGA80_(S1+S2+S3+S4)_TC358870XBG(NOK)_TC358870XBG(NOK)_U8.nd_out_of_in_G9
2.500000e+00 (V)  X_U8.Xpartial.X_SpeedXP_auto_TC358870XBG_1_VFBGA80_(S1+S2+S3+S4)_TC358870XBG(NOK)_TC358870XBG(NOK)_U8.Power_A6
2.500000e+00 (V)  X_U8.Xpartial.X_SpeedXP_auto_TC358870XBG_1_VFBGA80_(S1+S2+S3+S4)_TC358870XBG(NOK)_TC358870XBG(NOK)_U8.Power_B6
2.500000e+00 (V)  X_U8.Xpartial.X_SpeedXP_auto_TC358870XBG_1_VFBGA80_(S1+S2+S3+S4)_TC358870XBG(NOK)_TC358870XBG(NOK)_U8.Power_D10
2.500000e+00 (V)  X_U8.Xpartial.X_SpeedXP_auto_TC358870XBG_1_VFBGA80_(S1+S2+S3+S4)_TC358870XBG(NOK)_TC358870XBG(NOK)_U8.Power_D9
2.500000e+00 (V)  X_U8.Xpartial.X_SpeedXP_auto_TC358870XBG_1_VFBGA80_(S1+S2+S3+S4)_TC358870XBG(NOK)_TC358870XBG(NOK)_U8.Power_E10
2.500000e+00 (V)  X_U8.Xpartial.X_SpeedXP_auto_TC358870XBG_1_VFBGA80_(S1+S2+S3+S4)_TC358870XBG(NOK)_TC358870XBG(NOK)_U8.Power_E9
2.500000e+00 (V)  X_U8.Xpartial.X_SpeedXP_auto_TC358870XBG_1_VFBGA80_(S1+S2+S3+S4)_TC358870XBG(NOK)_TC358870XBG(NOK)_U8.Power_F10
2.500000e+00 (V)  X_U8.Xpartial.X_SpeedXP_auto_TC358870XBG_1_VFBGA80_(S1+S2+S3+S4)_TC358870XBG(NOK)_TC358870XBG(NOK)_U8.Power_F9
2.500000e+00 (V)  X_U8.Xpartial.X_SpeedXP_auto_TC358870XBG_1_VFBGA80_(S1+S2+S3+S4)_TC358870XBG(NOK)_TC358870XBG(NOK)_U8.Power_G10
2.500000e+00 (V)  X_U8.Xpartial.X_SpeedXP_auto_TC358870XBG_1_VFBGA80_(S1+S2+S3+S4)_TC358870XBG(NOK)_TC358870XBG(NOK)_U8.Power_G9
1.001669e-10 (V)  Xvia0.Node2529::MIPI_DSI0_DATA1_Ntmp
2.500000e+00 (V)  Xvia0.Node3081::MIPI_DSI0_DATA1_Ptmp
1.001485e-10 (V)  Xvia1.Node2425::MIPI_DSI0_DATA2_Ntmp
2.500000e+00 (V)  Xvia1.Node2955::MIPI_DSI0_DATA2_Ptmp
1.000170e-10 (V)  Xvia2.Node2424::MIPI_DSI0_DATA3_Ntmp
2.500000e+00 (V)  Xvia2.Node2954::MIPI_DSI0_DATA3_Ptmp
1.000185e-10 (V)  Xvia2.Via73::MIPI_DSI0_DATA3_N_PatchSignal#GND
1.000187e-10 (V)  Xvia2.Via73::MIPI_DSI0_DATA3_N_PatchSignal#GNDtmp
1.000170e-10 (V)  Xvia2.Via73::MIPI_DSI0_DATA3_N_PatchSignal#PWOER
1.000185e-10 (V)  Xvia2.Via73::MIPI_DSI0_DATA3_N_PatchSignal#PWOERtmp
2.500000e+00 (V)  Xvia2.Via78::MIPI_DSI0_DATA3_P_PatchSignal#GND
2.500000e+00 (V)  Xvia2.Via78::MIPI_DSI0_DATA3_P_PatchSignal#GNDtmp
2.500000e+00 (V)  Xvia2.Via78::MIPI_DSI0_DATA3_P_PatchSignal#PWOER
2.500000e+00 (V)  Xvia2.Via78::MIPI_DSI0_DATA3_P_PatchSignal#PWOERtmp
1.001155e-10 (V)  Xvia3.Node2341::MIPI_DSI0_CLK_Ntmp
2.500000e+00 (V)  Xvia3.Node2845::MIPI_DSI0_CLK_Ptmp
1.004948e-10 (V)  Xvia4.Node1322::MIPI_DSI1_DATA2_Ntmp
2.500000e+00 (V)  Xvia4.Node1542::MIPI_DSI1_DATA2_Ptmp
-1.100000e-12 (A)  V_PWR_VCC_1V1
-1.200000e-12 (A)  V_PWR_VCC_1V2
-1.800000e-12 (A)  V_PWR_VCC_1V8
-3.300000e-12 (A)  V_PWR_VCC_3V3
-5.000000e-12 (A)  V_PWR_VCC_5V
-5.000000e-12 (A)  V_PWR_VCC_5V5
-5.000000e-12 (A)  V_X_CH1.Xpartial.X_SpeedXP_auto_WP7B-P040VA1-R8000_WP7B-P040VA1-R8000_WP7B-P040VA1-R8000_WP7B-P040VA1-R8000_CH1.B_SpeedXP_auto_1.L_pkg
-5.000000e-12 (A)  V_X_CH1.Xpartial.X_SpeedXP_auto_WP7B-P040VA1-R8000_WP7B-P040VA1-R8000_WP7B-P040VA1-R8000_WP7B-P040VA1-R8000_CH1.B_SpeedXP_auto_1.R_pkg
1.825009e-10 (A)  V_X_CH1.Xpartial.X_SpeedXP_auto_WP7B-P040VA1-R8000_WP7B-P040VA1-R8000_WP7B-P040VA1-R8000_WP7B-P040VA1-R8000_CH1.B_SpeedXP_auto_10.L_pkg
1.850009e-10 (A)  V_X_CH1.Xpartial.X_SpeedXP_auto_WP7B-P040VA1-R8000_WP7B-P040VA1-R8000_WP7B-P040VA1-R8000_WP7B-P040VA1-R8000_CH1.B_SpeedXP_auto_10.R_pkg
2.750014e-10 (A)  V_X_CH1.Xpartial.X_SpeedXP_auto_WP7B-P040VA1-R8000_WP7B-P040VA1-R8000_WP7B-P040VA1-R8000_WP7B-P040VA1-R8000_CH1.B_SpeedXP_auto_11.L_pkg
2.775015e-10 (A)  V_X_CH1.Xpartial.X_SpeedXP_auto_WP7B-P040VA1-R8000_WP7B-P040VA1-R8000_WP7B-P040VA1-R8000_WP7B-P040VA1-R8000_CH1.B_SpeedXP_auto_11.R_pkg
-5.000000e-12 (A)  V_X_CH1.Xpartial.X_SpeedXP_auto_WP7B-P040VA1-R8000_WP7B-P040VA1-R8000_WP7B-P040VA1-R8000_WP7B-P040VA1-R8000_CH1.B_SpeedXP_auto_12.L_pkg
-5.000000e-12 (A)  V_X_CH1.Xpartial.X_SpeedXP_auto_WP7B-P040VA1-R8000_WP7B-P040VA1-R8000_WP7B-P040VA1-R8000_WP7B-P040VA1-R8000_CH1.B_SpeedXP_auto_12.R_pkg
1.225007e-10 (A)  V_X_CH1.Xpartial.X_SpeedXP_auto_WP7B-P040VA1-R8000_WP7B-P040VA1-R8000_WP7B-P040VA1-R8000_WP7B-P040VA1-R8000_CH1.B_SpeedXP_auto_2.L_pkg
1.250008e-10 (A)  V_X_CH1.Xpartial.X_SpeedXP_auto_WP7B-P040VA1-R8000_WP7B-P040VA1-R8000_WP7B-P040VA1-R8000_WP7B-P040VA1-R8000_CH1.B_SpeedXP_auto_2.R_pkg
-5.000000e-12 (A)  V_X_CH1.Xpartial.X_SpeedXP_auto_WP7B-P040VA1-R8000_WP7B-P040VA1-R8000_WP7B-P040VA1-R8000_WP7B-P040VA1-R8000_CH1.B_SpeedXP_auto_5.L_pkg
-5.000000e-12 (A)  V_X_CH1.Xpartial.X_SpeedXP_auto_WP7B-P040VA1-R8000_WP7B-P040VA1-R8000_WP7B-P040VA1-R8000_WP7B-P040VA1-R8000_CH1.B_SpeedXP_auto_5.R_pkg
1.675013e-10 (A)  V_X_CH1.Xpartial.X_SpeedXP_auto_WP7B-P040VA1-R8000_WP7B-P040VA1-R8000_WP7B-P040VA1-R8000_WP7B-P040VA1-R8000_CH1.B_SpeedXP_auto_6.L_pkg
1.700013e-10 (A)  V_X_CH1.Xpartial.X_SpeedXP_auto_WP7B-P040VA1-R8000_WP7B-P040VA1-R8000_WP7B-P040VA1-R8000_WP7B-P040VA1-R8000_CH1.B_SpeedXP_auto_6.R_pkg
-5.000000e-12 (A)  V_X_CH1.Xpartial.X_SpeedXP_auto_WP7B-P040VA1-R8000_WP7B-P040VA1-R8000_WP7B-P040VA1-R8000_WP7B-P040VA1-R8000_CH1.B_SpeedXP_auto_7.L_pkg
-5.000000e-12 (A)  V_X_CH1.Xpartial.X_SpeedXP_auto_WP7B-P040VA1-R8000_WP7B-P040VA1-R8000_WP7B-P040VA1-R8000_WP7B-P040VA1-R8000_CH1.B_SpeedXP_auto_7.R_pkg
2.125014e-10 (A)  V_X_CH1.Xpartial.X_SpeedXP_auto_WP7B-P040VA1-R8000_WP7B-P040VA1-R8000_WP7B-P040VA1-R8000_WP7B-P040VA1-R8000_CH1.B_SpeedXP_auto_8.L_pkg
2.150014e-10 (A)  V_X_CH1.Xpartial.X_SpeedXP_auto_WP7B-P040VA1-R8000_WP7B-P040VA1-R8000_WP7B-P040VA1-R8000_WP7B-P040VA1-R8000_CH1.B_SpeedXP_auto_8.R_pkg
-5.000000e-12 (A)  V_X_CH1.Xpartial.X_SpeedXP_auto_WP7B-P040VA1-R8000_WP7B-P040VA1-R8000_WP7B-P040VA1-R8000_WP7B-P040VA1-R8000_CH1.B_SpeedXP_auto_9.L_pkg
-5.000000e-12 (A)  V_X_CH1.Xpartial.X_SpeedXP_auto_WP7B-P040VA1-R8000_WP7B-P040VA1-R8000_WP7B-P040VA1-R8000_WP7B-P040VA1-R8000_CH1.B_SpeedXP_auto_9.R_pkg
-1.000000e-11 (A)  V_X_U8.Xpartial.X_SpeedXP_auto_TC358870XBG_1_VFBGA80_(S1+S2+S3+S4)_TC358870XBG(NOK)_TC358870XBG(NOK)_U8.B_SpeedXP_auto_A6.L_pkg
-7.500001e-12 (A)  V_X_U8.Xpartial.X_SpeedXP_auto_TC358870XBG_1_VFBGA80_(S1+S2+S3+S4)_TC358870XBG(NOK)_TC358870XBG(NOK)_U8.B_SpeedXP_auto_A6.R_pkg
5.000000e-12 (A)  V_X_U8.Xpartial.X_SpeedXP_auto_TC358870XBG_1_VFBGA80_(S1+S2+S3+S4)_TC358870XBG(NOK)_TC358870XBG(NOK)_U8.B_SpeedXP_auto_B6.L_pkg
5.000000e-12 (A)  V_X_U8.Xpartial.X_SpeedXP_auto_TC358870XBG_1_VFBGA80_(S1+S2+S3+S4)_TC358870XBG(NOK)_TC358870XBG(NOK)_U8.B_SpeedXP_auto_B6.R_pkg
-9.999973e-12 (A)  V_X_U8.Xpartial.X_SpeedXP_auto_TC358870XBG_1_VFBGA80_(S1+S2+S3+S4)_TC358870XBG(NOK)_TC358870XBG(NOK)_U8.B_SpeedXP_auto_D10.L_pkg
-7.499945e-12 (A)  V_X_U8.Xpartial.X_SpeedXP_auto_TC358870XBG_1_VFBGA80_(S1+S2+S3+S4)_TC358870XBG(NOK)_TC358870XBG(NOK)_U8.B_SpeedXP_auto_D10.R_pkg
5.000000e-12 (A)  V_X_U8.Xpartial.X_SpeedXP_auto_TC358870XBG_1_VFBGA80_(S1+S2+S3+S4)_TC358870XBG(NOK)_TC358870XBG(NOK)_U8.B_SpeedXP_auto_D9.L_pkg
5.000000e-12 (A)  V_X_U8.Xpartial.X_SpeedXP_auto_TC358870XBG_1_VFBGA80_(S1+S2+S3+S4)_TC358870XBG(NOK)_TC358870XBG(NOK)_U8.B_SpeedXP_auto_D9.R_pkg
-1.000003e-11 (A)  V_X_U8.Xpartial.X_SpeedXP_auto_TC358870XBG_1_VFBGA80_(S1+S2+S3+S4)_TC358870XBG(NOK)_TC358870XBG(NOK)_U8.B_SpeedXP_auto_E10.L_pkg
-7.500028e-12 (A)  V_X_U8.Xpartial.X_SpeedXP_auto_TC358870XBG_1_VFBGA80_(S1+S2+S3+S4)_TC358870XBG(NOK)_TC358870XBG(NOK)_U8.B_SpeedXP_auto_E10.R_pkg
5.000000e-12 (A)  V_X_U8.Xpartial.X_SpeedXP_auto_TC358870XBG_1_VFBGA80_(S1+S2+S3+S4)_TC358870XBG(NOK)_TC358870XBG(NOK)_U8.B_SpeedXP_auto_E9.L_pkg
5.000000e-12 (A)  V_X_U8.Xpartial.X_SpeedXP_auto_TC358870XBG_1_VFBGA80_(S1+S2+S3+S4)_TC358870XBG(NOK)_TC358870XBG(NOK)_U8.B_SpeedXP_auto_E9.R_pkg
-1.000000e-11 (A)  V_X_U8.Xpartial.X_SpeedXP_auto_TC358870XBG_1_VFBGA80_(S1+S2+S3+S4)_TC358870XBG(NOK)_TC358870XBG(NOK)_U8.B_SpeedXP_auto_F10.L_pkg
-7.499973e-12 (A)  V_X_U8.Xpartial.X_SpeedXP_auto_TC358870XBG_1_VFBGA80_(S1+S2+S3+S4)_TC358870XBG(NOK)_TC358870XBG(NOK)_U8.B_SpeedXP_auto_F10.R_pkg
5.000000e-12 (A)  V_X_U8.Xpartial.X_SpeedXP_auto_TC358870XBG_1_VFBGA80_(S1+S2+S3+S4)_TC358870XBG(NOK)_TC358870XBG(NOK)_U8.B_SpeedXP_auto_F9.L_pkg
5.000000e-12 (A)  V_X_U8.Xpartial.X_SpeedXP_auto_TC358870XBG_1_VFBGA80_(S1+S2+S3+S4)_TC358870XBG(NOK)_TC358870XBG(NOK)_U8.B_SpeedXP_auto_F9.R_pkg
-1.000003e-11 (A)  V_X_U8.Xpartial.X_SpeedXP_auto_TC358870XBG_1_VFBGA80_(S1+S2+S3+S4)_TC358870XBG(NOK)_TC358870XBG(NOK)_U8.B_SpeedXP_auto_G10.L_pkg
-7.500028e-12 (A)  V_X_U8.Xpartial.X_SpeedXP_auto_TC358870XBG_1_VFBGA80_(S1+S2+S3+S4)_TC358870XBG(NOK)_TC358870XBG(NOK)_U8.B_SpeedXP_auto_G10.R_pkg
5.000000e-12 (A)  V_X_U8.Xpartial.X_SpeedXP_auto_TC358870XBG_1_VFBGA80_(S1+S2+S3+S4)_TC358870XBG(NOK)_TC358870XBG(NOK)_U8.B_SpeedXP_auto_G9.L_pkg
5.000000e-12 (A)  V_X_U8.Xpartial.X_SpeedXP_auto_TC358870XBG_1_VFBGA80_(S1+S2+S3+S4)_TC358870XBG(NOK)_TC358870XBG(NOK)_U8.B_SpeedXP_auto_G9.R_pkg
-5.000000e-12 (A)  W_Trace1001_Auto_2448::MIPI_DSI1_DATA2_N~0
-5.000000e-12 (A)  W_Trace1010::MIPI_DSI1_DATA2_N~0
5.000000e-12 (A)  W_Trace1012_Auto_2463::MIPI_DSI1_DATA2_N~0
5.000000e-12 (A)  W_Trace1014::MIPI_DSI1_DATA2_N~0
-5.000000e-12 (A)  W_Trace1024_Auto_2465::MIPI_DSI1_DATA2_N~0
-5.000000e-12 (A)  W_Trace1028::MIPI_DSI1_DATA2_N~0
-5.000000e-12 (A)  W_Trace1032::MIPI_DSI1_DATA2_N~0
5.000000e-12 (A)  W_Trace1034::MIPI_DSI1_DATA2_N~0
5.000000e-12 (A)  W_Trace1034_Auto_1427::MIPI_DSI1_DATA2_N~0
5.000000e-12 (A)  W_Trace1036::MIPI_DSI1_DATA2_N~0
5.000000e-12 (A)  W_Trace1037::MIPI_DSI1_DATA2_N~0
-5.000000e-12 (A)  W_Trace1042::MIPI_DSI1_DATA2_N~0
-5.000000e-12 (A)  W_Trace1054::MIPI_DSI1_DATA2_N~0
5.000000e-12 (A)  W_Trace1058::MIPI_DSI1_DATA2_N~0
-5.000000e-12 (A)  W_Trace1062::MIPI_DSI1_DATA2_N~0
-5.000000e-12 (A)  W_Trace1064::MIPI_DSI1_DATA2_N~0
5.000000e-12 (A)  W_Trace1066#BP0::MIPI_DSI1_DATA2_N~0
5.000000e-12 (A)  W_Trace1067#BP0::MIPI_DSI1_DATA2_N~0
5.000000e-12 (A)  W_Trace1067#BP1::MIPI_DSI1_DATA2_N~0
5.000000e-12 (A)  W_Trace1067_Auto_1431::MIPI_DSI1_DATA2_N~0
5.000000e-12 (A)  W_Trace1069::MIPI_DSI1_DATA2_N~0
-5.000000e-12 (A)  W_Trace1091::MIPI_DSI1_DATA2_N~0
-5.000000e-12 (A)  W_Trace1113::MIPI_DSI1_DATA2_N~0
-5.000000e-12 (A)  W_Trace1135::MIPI_DSI1_DATA2_N~0
-5.000000e-12 (A)  W_Trace1157::MIPI_DSI1_DATA2_N~0
-5.000000e-12 (A)  W_Trace1179::MIPI_DSI1_DATA2_N~0
-5.000000e-12 (A)  W_Trace1181::MIPI_DSI1_DATA2_N~0
5.000000e-12 (A)  W_Trace1183::MIPI_DSI1_DATA2_N~0
5.000000e-12 (A)  W_Trace1185::MIPI_DSI1_DATA2_N~0
5.000000e-12 (A)  W_Trace1185_Auto_1477::MIPI_DSI1_DATA2_N~0
-5.000000e-12 (A)  W_Trace1186_Auto_1928::MIPI_DSI1_DATA2_N~0
-5.000000e-12 (A)  W_Trace1186_Auto_1937::MIPI_DSI1_DATA2_N~0
-2.000008e-11 (A)  W_Trace1189::MIPI_DSI1_DATA2_P~0
-2.500014e-11 (A)  W_Trace1191::MIPI_DSI1_DATA2_P~0
-3.000021e-11 (A)  W_Trace1192_Auto_1407::MIPI_DSI1_DATA2_P~0
-3.750031e-11 (A)  W_Trace1194_Auto_1421::MIPI_DSI1_DATA2_P~0
4.000033e-11 (A)  W_Trace1198::MIPI_DSI1_DATA2_P~0
-5.000036e-11 (A)  W_Trace1208#BP0::MIPI_DSI1_DATA2_P~0
-5.250041e-11 (A)  W_Trace1208#BP1::MIPI_DSI1_DATA2_P~0
4.750036e-11 (A)  W_Trace1208::MIPI_DSI1_DATA2_P~0
-6.000047e-11 (A)  W_Trace1210::MIPI_DSI1_DATA2_P~0
-6.500050e-11 (A)  W_Trace1211::MIPI_DSI1_DATA2_P~0
-6.750051e-11 (A)  W_Trace1213::MIPI_DSI1_DATA2_P~0
7.250053e-11 (A)  W_Trace1218::MIPI_DSI1_DATA2_P~0
7.500049e-11 (A)  W_Trace1223::MIPI_DSI1_DATA2_P~0
8.250052e-11 (A)  W_Trace1225::MIPI_DSI1_DATA2_P~0
-8.500054e-11 (A)  W_Trace1227::MIPI_DSI1_DATA2_P~0
-8.750054e-11 (A)  W_Trace1236::MIPI_DSI1_DATA2_P~0
9.750058e-11 (A)  W_Trace1246::MIPI_DSI1_DATA2_P~0
1.075007e-10 (A)  W_Trace1248::MIPI_DSI1_DATA2_P~0
1.100008e-10 (A)  W_Trace1252::MIPI_DSI1_DATA2_P~0
-1.125008e-10 (A)  W_Trace1253::MIPI_DSI1_DATA2_P~0
-1.175008e-10 (A)  W_Trace1255::MIPI_DSI1_DATA2_P~0
-1.200007e-10 (A)  W_Trace1258::MIPI_DSI1_DATA2_P~0
-1.250007e-10 (A)  W_Trace1260::MIPI_DSI1_DATA2_P~0
-1.325008e-10 (A)  W_Trace1262#BP0::MIPI_DSI1_DATA2_P~0
-1.350008e-10 (A)  W_Trace1262#BP1::MIPI_DSI1_DATA2_P~0
-1.300007e-10 (A)  W_Trace1262_Auto_1424::MIPI_DSI1_DATA2_P~0
-1.400008e-10 (A)  W_Trace1266_Auto_1429::MIPI_DSI1_DATA2_P~0
-1.425008e-10 (A)  W_Trace1267::MIPI_DSI1_DATA2_P~0
1.475009e-10 (A)  W_Trace1271::MIPI_DSI1_DATA2_P~0
1.525009e-10 (A)  W_Trace1282::MIPI_DSI1_DATA2_P~0
-1.575010e-10 (A)  W_Trace1286::MIPI_DSI1_DATA2_P~0
1.600010e-10 (A)  W_Trace1290::MIPI_DSI1_DATA2_P~0
1.625009e-10 (A)  W_Trace1294::MIPI_DSI1_DATA2_P~0
-1.650010e-10 (A)  W_Trace1295::MIPI_DSI1_DATA2_P~0
1.675010e-10 (A)  W_Trace1299::MIPI_DSI1_DATA2_P~0
-1.725010e-10 (A)  W_Trace1304#BP0::MIPI_DSI1_DATA2_P~0
1.700010e-10 (A)  W_Trace1304::MIPI_DSI1_DATA2_P~0
-1.750010e-10 (A)  W_Trace1306::MIPI_DSI1_DATA2_P~0
1.800010e-10 (A)  W_Trace1315::MIPI_DSI1_DATA2_P~0
1.850011e-10 (A)  W_Trace1326::MIPI_DSI1_DATA2_P~0
1.900012e-10 (A)  W_Trace1332::MIPI_DSI1_DATA2_P~0
-1.925011e-10 (A)  W_Trace1334::MIPI_DSI1_DATA2_P~0
-1.975011e-10 (A)  W_Trace1334_Auto_1519::MIPI_DSI1_DATA2_P~0
-2.000011e-10 (A)  W_Trace1336::MIPI_DSI1_DATA2_P~0
-2.025012e-10 (A)  W_Trace1338::MIPI_DSI1_DATA2_P~0
-2.175011e-10 (A)  W_Trace1338_Auto_1482::MIPI_DSI1_DATA2_P~0
-2.225012e-10 (A)  W_Trace1338_Auto_1484::MIPI_DSI1_DATA2_P~0
-2.125011e-10 (A)  W_Trace1338_Auto_1486::MIPI_DSI1_DATA2_P~0
2.325012e-10 (A)  W_Trace1338_Auto_1508::MIPI_DSI1_DATA2_P~0
2.275012e-10 (A)  W_Trace1338_Auto_1514::MIPI_DSI1_DATA2_P~0
-2.075012e-10 (A)  W_Trace1338_Auto_1516::MIPI_DSI1_DATA2_P~0
-2.425012e-10 (A)  W_Trace1340::MIPI_DSI1_DATA2_P~0
-2.500012e-10 (A)  W_Trace1342_Auto_1475::MIPI_DSI1_DATA2_P~0
-2.575013e-10 (A)  W_Trace1342_Auto_1487::MIPI_DSI1_DATA2_P~0
-2.600014e-10 (A)  W_Trace1343::MIPI_DSI1_DATA2_P~0
-2.650014e-10 (A)  W_Trace1344::MIPI_DSI1_DATA2_P~0
2.725014e-10 (A)  W_Trace1345::MIPI_DSI1_DATA2_P~0
2.675014e-10 (A)  W_Trace1345_Auto_1935::MIPI_DSI1_DATA2_P~0
-5.000000e-12 (A)  W_Trace1976::MIPI_DSI0_CLK_N~0
-5.000000e-12 (A)  W_Trace1977_Auto_2122::MIPI_DSI0_CLK_N~0
-5.000000e-12 (A)  W_Trace1978::MIPI_DSI0_CLK_N~0
-5.000000e-12 (A)  W_Trace1978_Auto_1452::MIPI_DSI0_CLK_N~0
-5.000000e-12 (A)  W_Trace1978_Auto_1454::MIPI_DSI0_CLK_N~0
-5.000000e-12 (A)  W_Trace1978_Auto_1456::MIPI_DSI0_CLK_N~0
-5.000000e-12 (A)  W_Trace1978_Auto_1458::MIPI_DSI0_CLK_N~0
5.000000e-12 (A)  W_Trace1989::MIPI_DSI0_CLK_N~0
5.000000e-12 (A)  W_Trace2002::MIPI_DSI0_CLK_N~0
5.000000e-12 (A)  W_Trace2008::MIPI_DSI0_CLK_N~0
5.000000e-12 (A)  W_Trace2019::MIPI_DSI0_CLK_N~0
5.000000e-12 (A)  W_Trace2025::MIPI_DSI0_CLK_N~0
5.000000e-12 (A)  W_Trace2031::MIPI_DSI0_CLK_N~0
5.000000e-12 (A)  W_Trace2033::MIPI_DSI0_CLK_N~0
5.000000e-12 (A)  W_Trace2033_Auto_271::MIPI_DSI0_CLK_N~0
-5.000000e-12 (A)  W_Trace2035::MIPI_DSI0_CLK_N~0
-5.000000e-12 (A)  W_Trace2040_Auto_226::MIPI_DSI0_CLK_N~0
5.000000e-12 (A)  W_Trace2042::MIPI_DSI0_CLK_N~0
-5.000000e-12 (A)  W_Trace2043_Auto_266::MIPI_DSI0_CLK_N~0
-5.000000e-12 (A)  W_Trace2043_Auto_274::MIPI_DSI0_CLK_N~0
5.000000e-12 (A)  W_Trace2048::MIPI_DSI0_CLK_N~0
5.000000e-12 (A)  W_Trace2051_Auto_205::MIPI_DSI0_CLK_N~0
5.000000e-12 (A)  W_Trace2055::MIPI_DSI0_CLK_N~0
-5.000000e-12 (A)  W_Trace2060::MIPI_DSI0_DATA3_N~0
-5.000000e-12 (A)  W_Trace2060_Auto_331::MIPI_DSI0_DATA3_N~0
-5.000000e-12 (A)  W_Trace2060_Auto_333::MIPI_DSI0_DATA3_N~0
-5.000000e-12 (A)  W_Trace2060_Auto_335::MIPI_DSI0_DATA3_N~0
-5.000000e-12 (A)  W_Trace2060_Auto_337::MIPI_DSI0_DATA3_N~0
-5.000000e-12 (A)  W_Trace2060_Auto_341::MIPI_DSI0_DATA3_N~0
5.000000e-12 (A)  W_Trace2061_Auto_211::MIPI_DSI0_DATA3_N~0
-5.000000e-12 (A)  W_Trace2062::MIPI_DSI0_DATA3_N~0
5.000000e-12 (A)  W_Trace2063::MIPI_DSI0_DATA3_N~0
-5.000000e-12 (A)  W_Trace2064::MIPI_DSI0_DATA3_N~0
-5.000000e-12 (A)  W_Trace2065::MIPI_DSI0_DATA3_N~0
-5.000000e-12 (A)  W_Trace2065_Auto_1460::MIPI_DSI0_DATA3_N~0
5.000000e-12 (A)  W_Trace2067::MIPI_DSI0_DATA3_N~0
-5.000000e-12 (A)  W_Trace2074::MIPI_DSI0_DATA2_N~0
5.000000e-12 (A)  W_Trace2076::MIPI_DSI0_DATA2_N~0
-5.000000e-12 (A)  W_Trace2077#BP0_Auto_2415::MIPI_DSI0_DATA2_N~0
-5.000000e-12 (A)  W_Trace2077#BP0_Auto_2423::MIPI_DSI0_DATA2_N~0
-5.000000e-12 (A)  W_Trace2081::MIPI_DSI0_DATA2_N~0
-5.000000e-12 (A)  W_Trace2087::MIPI_DSI0_DATA2_N~0
-5.000000e-12 (A)  W_Trace2093::MIPI_DSI0_DATA2_N~0
-5.000000e-12 (A)  W_Trace2099::MIPI_DSI0_DATA2_N~0
5.000000e-12 (A)  W_Trace2101_Auto_1488::MIPI_DSI0_DATA2_N~0
5.000000e-12 (A)  W_Trace2101_Auto_1490::MIPI_DSI0_DATA2_N~0
5.000000e-12 (A)  W_Trace2103::MIPI_DSI0_DATA2_N~0
-5.000000e-12 (A)  W_Trace2110::MIPI_DSI0_DATA2_N~0
-5.000000e-12 (A)  W_Trace2112_Auto_1493::MIPI_DSI0_DATA2_N~0
-5.000000e-12 (A)  W_Trace2112_Auto_1507::MIPI_DSI0_DATA2_N~0
5.000000e-12 (A)  W_Trace2113::MIPI_DSI0_DATA2_N~0
-5.000000e-12 (A)  W_Trace2119::MIPI_DSI0_DATA2_N~0
-5.000000e-12 (A)  W_Trace2120::MIPI_DSI0_DATA2_N~0
-5.000000e-12 (A)  W_Trace2120_Auto_1932::MIPI_DSI0_DATA2_N~0
-5.000000e-12 (A)  W_Trace2123::MIPI_DSI0_DATA2_N~0
5.000000e-12 (A)  W_Trace2124::MIPI_DSI0_DATA2_N~0
5.000000e-12 (A)  W_Trace2124_Auto_261::MIPI_DSI0_DATA2_N~0
5.000000e-12 (A)  W_Trace2125::MIPI_DSI0_DATA2_N~0
5.000000e-12 (A)  W_Trace2126::MIPI_DSI0_DATA2_N~0
-5.000000e-12 (A)  W_Trace2129::MIPI_DSI0_DATA2_N~0
5.000000e-12 (A)  W_Trace2132_Auto_348::MIPI_DSI0_DATA2_N~0
5.000000e-12 (A)  W_Trace2133::MIPI_DSI0_DATA2_N~0
5.000000e-12 (A)  W_Trace2133_Auto_70::MIPI_DSI0_DATA2_N~0
-5.000000e-12 (A)  W_Trace2135::MIPI_DSI0_DATA2_N~0
5.000000e-12 (A)  W_Trace2136_Auto_145::MIPI_DSI0_DATA2_N~0
-5.000000e-12 (A)  W_Trace2139::MIPI_DSI0_DATA2_N~0
-5.000000e-12 (A)  W_Trace2145::MIPI_DSI0_DATA1_N~0
-5.000000e-12 (A)  W_Trace2146::MIPI_DSI0_DATA1_N~0
-5.000000e-12 (A)  W_Trace2146_Auto_2407::MIPI_DSI0_DATA1_N~0
-5.000000e-12 (A)  W_Trace2147::MIPI_DSI0_DATA1_N~0
-5.000000e-12 (A)  W_Trace2147_Auto_2409::MIPI_DSI0_DATA1_N~0
-5.000000e-12 (A)  W_Trace2148::MIPI_DSI0_DATA1_N~0
-5.000000e-12 (A)  W_Trace2151_Auto_2411::MIPI_DSI0_DATA1_N~0
-5.000000e-12 (A)  W_Trace2152::MIPI_DSI0_DATA1_N~0
-5.000000e-12 (A)  W_Trace2155_Auto_2419::MIPI_DSI0_DATA1_N~0
-5.000000e-12 (A)  W_Trace2157::MIPI_DSI0_DATA1_N~0
-5.000000e-12 (A)  W_Trace2157_Auto_2425::MIPI_DSI0_DATA1_N~0
-5.000000e-12 (A)  W_Trace2159#BP0::MIPI_DSI0_DATA1_N~0
-5.000000e-12 (A)  W_Trace2161#BP0::MIPI_DSI0_DATA1_N~0
5.000000e-12 (A)  W_Trace2163::MIPI_DSI0_DATA1_N~0
-5.000000e-12 (A)  W_Trace2165::MIPI_DSI0_DATA1_N~0
-5.000000e-12 (A)  W_Trace2167::MIPI_DSI0_DATA1_N~0
5.000000e-12 (A)  W_Trace2173::MIPI_DSI0_DATA1_N~0
-5.000000e-12 (A)  W_Trace2183#BP0::MIPI_DSI0_DATA1_N~0
-5.000000e-12 (A)  W_Trace2183::MIPI_DSI0_DATA1_N~0
-5.000000e-12 (A)  W_Trace2185::MIPI_DSI0_DATA1_N~0
5.000000e-12 (A)  W_Trace2191::MIPI_DSI0_DATA1_N~0
-5.000000e-12 (A)  W_Trace2193::MIPI_DSI0_DATA1_N~0
-5.000000e-12 (A)  W_Trace2193_Auto_154::MIPI_DSI0_DATA1_N~0
-5.000000e-12 (A)  W_Trace2195::MIPI_DSI0_DATA1_N~0
5.000000e-12 (A)  W_Trace2204::MIPI_DSI0_DATA1_N~0
5.000000e-12 (A)  W_Trace2204_Auto_159::MIPI_DSI0_DATA1_N~0
5.000000e-12 (A)  W_Trace2208::MIPI_DSI0_DATA1_N~0
-5.000000e-12 (A)  W_Trace2210_Auto_277::MIPI_DSI0_DATA1_N~0
-5.000000e-12 (A)  W_Trace2212::MIPI_DSI0_DATA1_N~0
-5.000000e-12 (A)  W_Trace2214::MIPI_DSI0_DATA1_N~0
-5.000000e-12 (A)  W_Trace2216::MIPI_DSI0_DATA1_N~0
-5.000000e-12 (A)  W_Trace2218_Auto_291::MIPI_DSI0_DATA1_N~0
5.000000e-12 (A)  W_Trace2220::MIPI_DSI0_DATA1_N~0
-5.000000e-12 (A)  W_Trace2222::MIPI_DSI0_DATA1_N~0
5.000000e-12 (A)  W_Trace2223::MIPI_DSI0_DATA1_N~0
5.000000e-12 (A)  W_Trace2223_Auto_256::MIPI_DSI0_DATA1_N~0
5.000000e-12 (A)  W_Trace2227::MIPI_DSI0_DATA1_N~0
-1.050008e-10 (A)  W_Trace2351::MIPI_DSI0_CLK_P~0
1.025009e-10 (A)  W_Trace2353::MIPI_DSI0_CLK_P~0
-9.750083e-11 (A)  W_Trace2362::MIPI_DSI0_CLK_P~0
-9.000075e-11 (A)  W_Trace2373::MIPI_DSI0_CLK_P~0
-8.250069e-11 (A)  W_Trace2384::MIPI_DSI0_CLK_P~0
-7.750060e-11 (A)  W_Trace2386::MIPI_DSI0_CLK_P~0
-7.500060e-11 (A)  W_Trace2396::MIPI_DSI0_CLK_P~0
-7.250058e-11 (A)  W_Trace2397_Auto_359::MIPI_DSI0_CLK_P~0
-4.750030e-11 (A)  W_Trace2402::MIPI_DSI0_CLK_P~0
-4.500029e-11 (A)  W_Trace2403_Auto_268::MIPI_DSI0_CLK_P~0
-4.000027e-11 (A)  W_Trace2413::MIPI_DSI0_CLK_P~0
3.500020e-11 (A)  W_Trace2416_Auto_267::MIPI_DSI0_CLK_P~0
3.250023e-11 (A)  W_Trace2417::MIPI_DSI0_CLK_P~0
-1.750006e-11 (A)  W_Trace2425::MIPI_DSI0_CLK_P~0
1.650013e-10 (A)  W_Trace2432::MIPI_DSI0_CLK_P~0
1.600013e-10 (A)  W_Trace2432_Auto_1939::MIPI_DSI0_CLK_P~0
1.550013e-10 (A)  W_Trace2434::MIPI_DSI0_CLK_P~0
-1.350010e-10 (A)  W_Trace2441::MIPI_DSI0_CLK_P~0
-1.325010e-10 (A)  W_Trace2453::MIPI_DSI0_CLK_P~0
-1.300010e-10 (A)  W_Trace2458::MIPI_DSI0_CLK_P~0
-1.250010e-10 (A)  W_Trace2465::MIPI_DSI0_CLK_P~0
-1.225010e-10 (A)  W_Trace2477::MIPI_DSI0_CLK_P~0
-1.200010e-10 (A)  W_Trace2482::MIPI_DSI0_CLK_P~0
-1.125009e-10 (A)  W_Trace2487::MIPI_DSI0_CLK_P~0
-9.750065e-11 (A)  W_Trace2493::MIPI_DSI0_DATA3_P~0
9.250057e-11 (A)  W_Trace2495::MIPI_DSI0_DATA3_P~0
-8.750049e-11 (A)  W_Trace2516::MIPI_DSI0_DATA3_P~0
-8.250041e-11 (A)  W_Trace2538::MIPI_DSI0_DATA3_P~0
-7.750038e-11 (A)  W_Trace2560::MIPI_DSI0_DATA3_P~0
-7.250033e-11 (A)  W_Trace2582::MIPI_DSI0_DATA3_P~0
6.750030e-11 (A)  W_Trace2584_Auto_343::MIPI_DSI0_DATA3_P~0
6.500032e-11 (A)  W_Trace2585::MIPI_DSI0_DATA3_P~0
3.250016e-11 (A)  W_Trace2585_Auto_303::MIPI_DSI0_DATA3_P~0
3.000012e-11 (A)  W_Trace2586::MIPI_DSI0_DATA3_P~0
-2.000002e-11 (A)  W_Trace2587::MIPI_DSI0_DATA3_P~0
-2.750012e-11 (A)  W_Trace2587_Auto_251::MIPI_DSI0_DATA3_P~0
1.750001e-11 (A)  W_Trace2588::MIPI_DSI0_DATA3_P~0
-1.500000e-11 (A)  W_Trace2589_Auto_259::MIPI_DSI0_DATA3_P~0
1.025005e-10 (A)  W_Trace2599::MIPI_DSI0_DATA2_P~0
9.750046e-11 (A)  W_Trace2599_Auto_2417::MIPI_DSI0_DATA2_P~0
1.050006e-10 (A)  W_Trace2603::MIPI_DSI0_DATA2_P~0
1.150007e-10 (A)  W_Trace2605::MIPI_DSI0_DATA2_P~0
1.075006e-10 (A)  W_Trace2605_Auto_1466::MIPI_DSI0_DATA2_P~0
-1.175007e-10 (A)  W_Trace2607::MIPI_DSI0_DATA2_P~0
1.250007e-10 (A)  W_Trace2611_Auto_1509::MIPI_DSI0_DATA2_P~0
1.200007e-10 (A)  W_Trace2611_Auto_1512::MIPI_DSI0_DATA2_P~0
1.325006e-10 (A)  W_Trace2613::MIPI_DSI0_DATA2_P~0
-1.400007e-10 (A)  W_Trace2617::MIPI_DSI0_DATA2_P~0
-1.450008e-10 (A)  W_Trace2617_Auto_1469::MIPI_DSI0_DATA2_P~0
1.475008e-10 (A)  W_Trace2621::MIPI_DSI0_DATA2_P~0
1.550009e-10 (A)  W_Trace2632::MIPI_DSI0_DATA2_P~0
1.650010e-10 (A)  W_Trace2636::MIPI_DSI0_DATA2_P~0
1.725009e-10 (A)  W_Trace2638::MIPI_DSI0_DATA2_P~0
1.675009e-10 (A)  W_Trace2638_Auto_2105::MIPI_DSI0_DATA2_P~0
-1.750008e-10 (A)  W_Trace2640::MIPI_DSI0_DATA2_P~0
1.775009e-10 (A)  W_Trace2642_Auto_1933::MIPI_DSI0_DATA2_P~0
-1.500006e-11 (A)  W_Trace2644_Auto_258::MIPI_DSI0_DATA2_P~0
-1.750007e-11 (A)  W_Trace2645::MIPI_DSI0_DATA2_P~0
-5.500025e-11 (A)  W_Trace2648::MIPI_DSI0_DATA2_P~0
-6.000025e-11 (A)  W_Trace2648_Auto_350::MIPI_DSI0_DATA2_P~0
-7.000025e-11 (A)  W_Trace2650::MIPI_DSI0_DATA2_P~0
7.500036e-11 (A)  W_Trace2660::MIPI_DSI0_DATA2_P~0
-8.000037e-11 (A)  W_Trace2663::MIPI_DSI0_DATA2_P~0
8.250040e-11 (A)  W_Trace2666::MIPI_DSI0_DATA2_P~0
-8.500042e-11 (A)  W_Trace2667::MIPI_DSI0_DATA2_P~0
9.000043e-11 (A)  W_Trace2669::MIPI_DSI0_DATA2_P~0
2.100014e-10 (A)  W_Trace2671::MIPI_DSI0_DATA1_P~0
2.050014e-10 (A)  W_Trace2671_Auto_1930::MIPI_DSI0_DATA1_P~0
-1.875013e-10 (A)  W_Trace2676::MIPI_DSI0_DATA1_P~0
-1.850013e-10 (A)  W_Trace2678_Auto_2093::MIPI_DSI0_DATA1_P~0
-1.800013e-10 (A)  W_Trace2687::MIPI_DSI0_DATA1_P~0
-1.750013e-10 (A)  W_Trace2693::MIPI_DSI0_DATA1_P~0
1.650012e-10 (A)  W_Trace2698::MIPI_DSI0_DATA1_P~0
1.625012e-10 (A)  W_Trace2699::MIPI_DSI0_DATA1_P~0
1.575011e-10 (A)  W_Trace2699_Auto_2427::MIPI_DSI0_DATA1_P~0
1.550011e-10 (A)  W_Trace2701::MIPI_DSI0_DATA1_P~0
1.500010e-10 (A)  W_Trace2702::MIPI_DSI0_DATA1_P~0
1.450010e-10 (A)  W_Trace2705::MIPI_DSI0_DATA1_P~0
1.400009e-10 (A)  W_Trace2705_Auto_2413::MIPI_DSI0_DATA1_P~0
1.375009e-10 (A)  W_Trace2706::MIPI_DSI0_DATA1_P~0
1.275008e-10 (A)  W_Trace2711::MIPI_DSI0_DATA1_P~0
-1.225008e-10 (A)  W_Trace2715::MIPI_DSI0_DATA1_P~0
1.200008e-10 (A)  W_Trace2717::MIPI_DSI0_DATA1_P~0
1.150007e-10 (A)  W_Trace2717_Auto_2435::MIPI_DSI0_DATA1_P~0
1.125006e-10 (A)  W_Trace2719::MIPI_DSI0_DATA1_P~0
1.000005e-10 (A)  W_Trace2721#BP0::MIPI_DSI0_DATA1_P~0
1.100006e-10 (A)  W_Trace2721::MIPI_DSI0_DATA1_P~0
1.025005e-10 (A)  W_Trace2721_Auto_2430::MIPI_DSI0_DATA1_P~0
-9.250040e-11 (A)  W_Trace2726::MIPI_DSI0_DATA1_P~0
9.000042e-11 (A)  W_Trace2728#BP0::MIPI_DSI0_DATA1_P~0
8.500040e-11 (A)  W_Trace2728#BP0_Auto_152::MIPI_DSI0_DATA1_P~0
8.250038e-11 (A)  W_Trace2730::MIPI_DSI0_DATA1_P~0
8.000038e-11 (A)  W_Trace2732::MIPI_DSI0_DATA1_P~0
7.500035e-11 (A)  W_Trace2733::MIPI_DSI0_DATA1_P~0
7.250035e-11 (A)  W_Trace2738_Auto_153::MIPI_DSI0_DATA1_P~0
-6.750027e-11 (A)  W_Trace2747::MIPI_DSI0_DATA1_P~0
-6.250030e-11 (A)  W_Trace2749::MIPI_DSI0_DATA1_P~0
6.000031e-11 (A)  W_Trace2751::MIPI_DSI0_DATA1_P~0
5.750032e-11 (A)  W_Trace2753::MIPI_DSI0_DATA1_P~0
5.250033e-11 (A)  W_Trace2755::MIPI_DSI0_DATA1_P~0
4.750031e-11 (A)  W_Trace2757::MIPI_DSI0_DATA1_P~0
4.500030e-11 (A)  W_Trace2759::MIPI_DSI0_DATA1_P~0
4.000028e-11 (A)  W_Trace2759_Auto_280::MIPI_DSI0_DATA1_P~0
3.500021e-11 (A)  W_Trace2763::MIPI_DSI0_DATA1_P~0
3.000021e-11 (A)  W_Trace2764::MIPI_DSI0_DATA1_P~0
2.250014e-11 (A)  W_Trace2767::MIPI_DSI0_DATA1_P~0
-1.500005e-11 (A)  W_Trace2768::MIPI_DSI0_DATA1_P~0
-2.000007e-11 (A)  W_Trace2768_Auto_254::MIPI_DSI0_DATA1_P~0
1.250006e-11 (A)  W_Trace2770::MIPI_DSI0_DATA1_P~0
-5.000000e-12 (A)  W_Trace971::MIPI_DSI1_DATA2_N~0
5.000000e-12 (A)  W_Trace973::MIPI_DSI1_DATA2_N~0
5.000000e-12 (A)  W_Trace975::MIPI_DSI1_DATA2_N~0
-5.000000e-12 (A)  W_Trace978::MIPI_DSI1_DATA2_N~0
5.000000e-12 (A)  W_Trace979::MIPI_DSI1_DATA2_N~0
5.000000e-12 (A)  W_Trace979_Auto_1419::MIPI_DSI1_DATA2_N~0
5.000000e-12 (A)  W_Trace980::MIPI_DSI1_DATA2_N~0
-5.000000e-12 (A)  W_Trace983::MIPI_DSI1_DATA2_N~0
5.000000e-12 (A)  W_Trace986::MIPI_DSI1_DATA2_N~0
5.000000e-12 (A)  W_Trace988::MIPI_DSI1_DATA2_N~0
5.000000e-12 (A)  W_Trace988_Auto_2439::MIPI_DSI1_DATA2_N~0
5.000000e-12 (A)  W_Trace989::MIPI_DSI1_DATA2_N~0
5.000000e-12 (A)  W_Trace989_Auto_2445::MIPI_DSI1_DATA2_N~0
-5.000000e-12 (A)  W_Trace999::MIPI_DSI1_DATA2_N~0
-5.000000e-12 (A)  WCPL_Trace1024::MIPI_DSI1_DATA2_N~0
1.050007e-10 (A)  WCPL_Trace1024::MIPI_DSI1_DATA2_N~1
-5.000000e-12 (A)  WCPL_Trace1024_Auto_2455::MIPI_DSI1_DATA2_N~0
1.025007e-10 (A)  WCPL_Trace1024_Auto_2455::MIPI_DSI1_DATA2_N~1
-9.250058e-11 (A)  WCPL_Trace1024_Auto_2455::MIPI_DSI1_DATA2_N~2
5.000000e-12 (A)  WCPL_Trace1024_Auto_2455::MIPI_DSI1_DATA2_N~3
-5.000000e-12 (A)  WCPL_Trace1024_Auto_2455::MIPI_DSI1_DATA2_N~4
7.750053e-11 (A)  WCPL_Trace1024_Auto_2455::MIPI_DSI1_DATA2_N~5
-7.000053e-11 (A)  WCPL_Trace1024_Auto_2455::MIPI_DSI1_DATA2_N~6
5.000000e-12 (A)  WCPL_Trace1024_Auto_2455::MIPI_DSI1_DATA2_N~7
-5.000000e-12 (A)  WCPL_Trace1024_Auto_2464::MIPI_DSI1_DATA2_N~0
1.000007e-10 (A)  WCPL_Trace1024_Auto_2464::MIPI_DSI1_DATA2_N~1
-9.500055e-11 (A)  WCPL_Trace1024_Auto_2464::MIPI_DSI1_DATA2_N~2
5.000000e-12 (A)  WCPL_Trace1024_Auto_2464::MIPI_DSI1_DATA2_N~3
-5.000000e-12 (A)  WCPL_Trace1056::MIPI_DSI1_DATA2_N~0
5.000000e-12 (A)  WCPL_Trace1056::MIPI_DSI1_DATA2_N~1
-5.000000e-12 (A)  WCPL_Trace1181_Auto_1502::MIPI_DSI1_DATA2_N~0
2.375012e-10 (A)  WCPL_Trace1181_Auto_1502::MIPI_DSI1_DATA2_N~1
1.300007e-10 (A)  WCPL_Trace1181_Auto_1502::MIPI_DSI1_DATA2_N~2
-5.000000e-12 (A)  WCPL_Trace1181_Auto_1502::MIPI_DSI1_DATA2_N~3
5.000000e-12 (A)  WCPL_Trace1181_Auto_1502::MIPI_DSI1_DATA2_N~4
-1.525009e-10 (A)  WCPL_Trace1181_Auto_1502::MIPI_DSI1_DATA2_N~5
1.575009e-10 (A)  WCPL_Trace1181_Auto_1502::MIPI_DSI1_DATA2_N~6
-5.000000e-12 (A)  WCPL_Trace1181_Auto_1502::MIPI_DSI1_DATA2_N~7
-5.000000e-12 (A)  WCPL_Trace1181_Auto_1503::MIPI_DSI1_DATA2_N~0
2.350012e-10 (A)  WCPL_Trace1181_Auto_1503::MIPI_DSI1_DATA2_N~1
1.275007e-10 (A)  WCPL_Trace1181_Auto_1503::MIPI_DSI1_DATA2_N~2
-5.000000e-12 (A)  WCPL_Trace1181_Auto_1503::MIPI_DSI1_DATA2_N~3
-5.000000e-12 (A)  WCPL_Trace1181_Auto_1504::MIPI_DSI1_DATA2_N~0
2.400012e-10 (A)  WCPL_Trace1181_Auto_1504::MIPI_DSI1_DATA2_N~1
-5.000000e-12 (A)  WCPL_Trace1186_Auto_1936::MIPI_DSI1_DATA2_N~0
2.700014e-10 (A)  WCPL_Trace1186_Auto_1936::MIPI_DSI1_DATA2_N~1
1.800009e-10 (A)  WCPL_Trace1186_Auto_1936::MIPI_DSI1_DATA2_N~2
-5.000000e-12 (A)  WCPL_Trace1186_Auto_1936::MIPI_DSI1_DATA2_N~3
2.075014e-10 (A)  WCPL_Trace1186_Auto_1936::MIPI_DSI1_DATA2_N~4
-5.000000e-12 (A)  WCPL_Trace1186_Auto_1936::MIPI_DSI1_DATA2_N~5
1.625013e-10 (A)  WCPL_Trace1186_Auto_1936::MIPI_DSI1_DATA2_N~6
-5.000000e-12 (A)  WCPL_Trace1186_Auto_1936::MIPI_DSI1_DATA2_N~7
-1.250002e-11 (A)  WCPL_Trace1187::MIPI_DSI1_DATA2_P~0
5.000000e-12 (A)  WCPL_Trace1187::MIPI_DSI1_DATA2_P~1
-1.500005e-11 (A)  WCPL_Trace1188::MIPI_DSI1_DATA2_P~0
5.000000e-12 (A)  WCPL_Trace1188::MIPI_DSI1_DATA2_P~1
-1.750009e-11 (A)  WCPL_Trace1188_Auto_1410::MIPI_DSI1_DATA2_P~0
5.000000e-12 (A)  WCPL_Trace1188_Auto_1410::MIPI_DSI1_DATA2_P~1
-2.250013e-11 (A)  WCPL_Trace1190::MIPI_DSI1_DATA2_P~0
5.000000e-12 (A)  WCPL_Trace1190::MIPI_DSI1_DATA2_P~1
-2.750017e-11 (A)  WCPL_Trace1192::MIPI_DSI1_DATA2_P~0
5.000000e-12 (A)  WCPL_Trace1192::MIPI_DSI1_DATA2_P~1
-3.250025e-11 (A)  WCPL_Trace1193::MIPI_DSI1_DATA2_P~0
5.000000e-12 (A)  WCPL_Trace1193::MIPI_DSI1_DATA2_P~1
-3.500028e-11 (A)  WCPL_Trace1194::MIPI_DSI1_DATA2_P~0
5.000000e-12 (A)  WCPL_Trace1194::MIPI_DSI1_DATA2_P~1
-5.500044e-11 (A)  WCPL_Trace1208#BP1_Auto_2440::MIPI_DSI1_DATA2_P~0
5.000000e-12 (A)  WCPL_Trace1208#BP1_Auto_2440::MIPI_DSI1_DATA2_P~1
-5.750046e-11 (A)  WCPL_Trace1209::MIPI_DSI1_DATA2_P~0
5.000000e-12 (A)  WCPL_Trace1209::MIPI_DSI1_DATA2_P~1
-6.250045e-11 (A)  WCPL_Trace1210_Auto_2438::MIPI_DSI1_DATA2_P~0
5.000000e-12 (A)  WCPL_Trace1210_Auto_2438::MIPI_DSI1_DATA2_P~1
-9.000054e-11 (A)  WCPL_Trace1236_Auto_2458::MIPI_DSI1_DATA2_P~0
5.000000e-12 (A)  WCPL_Trace1236_Auto_2458::MIPI_DSI1_DATA2_P~1
-5.000000e-12 (A)  WCPL_Trace1236_Auto_2458::MIPI_DSI1_DATA2_P~2
8.000054e-11 (A)  WCPL_Trace1236_Auto_2458::MIPI_DSI1_DATA2_P~3
-1.150008e-10 (A)  WCPL_Trace1253_Auto_1422::MIPI_DSI1_DATA2_P~0
5.000000e-12 (A)  WCPL_Trace1253_Auto_1422::MIPI_DSI1_DATA2_P~1
-1.225007e-10 (A)  WCPL_Trace1258_Auto_1425::MIPI_DSI1_DATA2_P~0
5.000000e-12 (A)  WCPL_Trace1258_Auto_1425::MIPI_DSI1_DATA2_P~1
-1.275007e-10 (A)  WCPL_Trace1262::MIPI_DSI1_DATA2_P~0
5.000000e-12 (A)  WCPL_Trace1262::MIPI_DSI1_DATA2_P~1
-1.375007e-10 (A)  WCPL_Trace1266::MIPI_DSI1_DATA2_P~0
5.000000e-12 (A)  WCPL_Trace1266::MIPI_DSI1_DATA2_P~1
-1.450008e-10 (A)  WCPL_Trace1267_Auto_1430::MIPI_DSI1_DATA2_P~0
5.000000e-12 (A)  WCPL_Trace1267_Auto_1430::MIPI_DSI1_DATA2_P~1
-1.550010e-10 (A)  WCPL_Trace1284::MIPI_DSI1_DATA2_P~0
1.500009e-10 (A)  WCPL_Trace1284::MIPI_DSI1_DATA2_P~1
-1.875012e-10 (A)  WCPL_Trace1328::MIPI_DSI1_DATA2_P~0
1.825011e-10 (A)  WCPL_Trace1328::MIPI_DSI1_DATA2_P~1
-1.775010e-10 (A)  WCPL_Trace1328::MIPI_DSI1_DATA2_P~2
-1.950011e-10 (A)  WCPL_Trace1334_Auto_1517::MIPI_DSI1_DATA2_P~0
5.000000e-12 (A)  WCPL_Trace1334_Auto_1517::MIPI_DSI1_DATA2_P~1
-2.250012e-10 (A)  WCPL_Trace1338_Auto_1479::MIPI_DSI1_DATA2_P~0
5.000000e-12 (A)  WCPL_Trace1338_Auto_1479::MIPI_DSI1_DATA2_P~1
-2.150011e-10 (A)  WCPL_Trace1338_Auto_1481::MIPI_DSI1_DATA2_P~0
5.000000e-12 (A)  WCPL_Trace1338_Auto_1481::MIPI_DSI1_DATA2_P~1
-2.200012e-10 (A)  WCPL_Trace1338_Auto_1483::MIPI_DSI1_DATA2_P~0
5.000000e-12 (A)  WCPL_Trace1338_Auto_1483::MIPI_DSI1_DATA2_P~1
-2.100012e-10 (A)  WCPL_Trace1338_Auto_1485::MIPI_DSI1_DATA2_P~0
5.000000e-12 (A)  WCPL_Trace1338_Auto_1485::MIPI_DSI1_DATA2_P~1
2.300012e-10 (A)  WCPL_Trace1338_Auto_1513::MIPI_DSI1_DATA2_P~0
1.225007e-10 (A)  WCPL_Trace1338_Auto_1513::MIPI_DSI1_DATA2_P~1
-5.000000e-12 (A)  WCPL_Trace1338_Auto_1513::MIPI_DSI1_DATA2_P~2
-2.050012e-10 (A)  WCPL_Trace1338_Auto_1515::MIPI_DSI1_DATA2_P~0
5.000000e-12 (A)  WCPL_Trace1338_Auto_1515::MIPI_DSI1_DATA2_P~1
-2.450012e-10 (A)  WCPL_Trace1342::MIPI_DSI1_DATA2_P~0
5.000000e-12 (A)  WCPL_Trace1342::MIPI_DSI1_DATA2_P~1
-2.550013e-10 (A)  WCPL_Trace1342_Auto_1471::MIPI_DSI1_DATA2_P~0
5.000000e-12 (A)  WCPL_Trace1342_Auto_1471::MIPI_DSI1_DATA2_P~1
-2.625014e-10 (A)  WCPL_Trace1343_Auto_1927::MIPI_DSI1_DATA2_P~0
5.000000e-12 (A)  WCPL_Trace1343_Auto_1927::MIPI_DSI1_DATA2_P~1
5.000000e-12 (A)  WCPL_Trace2003::MIPI_DSI0_CLK_N~0
-6.500049e-11 (A)  WCPL_Trace2003::MIPI_DSI0_CLK_N~1
5.000000e-12 (A)  WCPL_Trace2003::MIPI_DSI0_CLK_N~2
-6.500024e-11 (A)  WCPL_Trace2003::MIPI_DSI0_CLK_N~3
5.000000e-12 (A)  WCPL_Trace2003_Auto_352::MIPI_DSI0_CLK_N~0
-6.750052e-11 (A)  WCPL_Trace2003_Auto_352::MIPI_DSI0_CLK_N~1
5.000000e-12 (A)  WCPL_Trace2003_Auto_352::MIPI_DSI0_CLK_N~2
5.000000e-12 (A)  WCPL_Trace2003_Auto_358::MIPI_DSI0_CLK_N~0
-7.000059e-11 (A)  WCPL_Trace2003_Auto_358::MIPI_DSI0_CLK_N~1
5.000000e-12 (A)  WCPL_Trace2010::MIPI_DSI0_CLK_N~0
-5.000000e-12 (A)  WCPL_Trace2010::MIPI_DSI0_CLK_N~1
5.000000e-12 (A)  WCPL_Trace2033_Auto_269::MIPI_DSI0_CLK_N~0
-4.250027e-11 (A)  WCPL_Trace2033_Auto_269::MIPI_DSI0_CLK_N~1
3.750023e-11 (A)  WCPL_Trace2033_Auto_269::MIPI_DSI0_CLK_N~2
-5.000000e-12 (A)  WCPL_Trace2033_Auto_269::MIPI_DSI0_CLK_N~3
-5.000000e-12 (A)  WCPL_Trace2040::MIPI_DSI0_CLK_N~0
5.500035e-11 (A)  WCPL_Trace2040::MIPI_DSI0_CLK_N~1
-5.000000e-12 (A)  WCPL_Trace2051::MIPI_DSI0_CLK_N~0
2.500017e-11 (A)  WCPL_Trace2051::MIPI_DSI0_CLK_N~1
-5.000000e-12 (A)  WCPL_Trace2051::MIPI_DSI0_CLK_N~2
5.000000e-12 (A)  WCPL_Trace2051_Auto_250::MIPI_DSI0_CLK_N~0
-1.500006e-11 (A)  WCPL_Trace2051_Auto_250::MIPI_DSI0_CLK_N~1
5.000000e-12 (A)  WCPL_Trace2051_Auto_250::MIPI_DSI0_CLK_N~2
-2.000012e-11 (A)  WCPL_Trace2051_Auto_250::MIPI_DSI0_CLK_N~3
5.000000e-12 (A)  WCPL_Trace2051_Auto_250::MIPI_DSI0_CLK_N~4
-2.250005e-11 (A)  WCPL_Trace2051_Auto_250::MIPI_DSI0_CLK_N~5
-5.000000e-12 (A)  WCPL_Trace2061_Auto_210::MIPI_DSI0_DATA3_N~0
2.500011e-11 (A)  WCPL_Trace2061_Auto_210::MIPI_DSI0_DATA3_N~1
-5.000000e-12 (A)  WCPL_Trace2061_Auto_210::MIPI_DSI0_DATA3_N~2
2.000011e-11 (A)  WCPL_Trace2061_Auto_210::MIPI_DSI0_DATA3_N~3
-5.000000e-12 (A)  WCPL_Trace2061_Auto_210::MIPI_DSI0_DATA3_N~4
2.750018e-11 (A)  WCPL_Trace2061_Auto_210::MIPI_DSI0_DATA3_N~5
-5.000000e-12 (A)  WCPL_Trace2065_Auto_1459::MIPI_DSI0_DATA3_N~0
1.175007e-10 (A)  WCPL_Trace2065_Auto_1459::MIPI_DSI0_DATA3_N~1
-5.000000e-12 (A)  WCPL_Trace2065_Auto_1461::MIPI_DSI0_DATA3_N~0
1.200007e-10 (A)  WCPL_Trace2065_Auto_1461::MIPI_DSI0_DATA3_N~1
-5.000000e-12 (A)  WCPL_Trace2074_Auto_2420::MIPI_DSI0_DATA2_N~0
1.325009e-10 (A)  WCPL_Trace2074_Auto_2420::MIPI_DSI0_DATA2_N~1
-5.000000e-12 (A)  WCPL_Trace2077#BP0::MIPI_DSI0_DATA2_N~0
1.475010e-10 (A)  WCPL_Trace2077#BP0::MIPI_DSI0_DATA2_N~1
-5.000000e-12 (A)  WCPL_Trace2083_Auto_1462::MIPI_DSI0_DATA2_N~0
5.000000e-12 (A)  WCPL_Trace2083_Auto_1462::MIPI_DSI0_DATA2_N~1
5.000000e-12 (A)  WCPL_Trace2095::MIPI_DSI0_DATA2_N~0
-1.425008e-10 (A)  WCPL_Trace2095::MIPI_DSI0_DATA2_N~1
-5.000000e-12 (A)  WCPL_Trace2114::MIPI_DSI0_DATA2_N~0
2.000014e-10 (A)  WCPL_Trace2114::MIPI_DSI0_DATA2_N~1
-5.000000e-12 (A)  WCPL_Trace2114::MIPI_DSI0_DATA2_N~2
-5.000000e-12 (A)  WCPL_Trace2116_Auto_2102::MIPI_DSI0_DATA2_N~0
2.025014e-10 (A)  WCPL_Trace2116_Auto_2102::MIPI_DSI0_DATA2_N~1
5.000000e-12 (A)  WCPL_Trace2124_Auto_260::MIPI_DSI0_DATA2_N~0
-1.250007e-11 (A)  WCPL_Trace2124_Auto_260::MIPI_DSI0_DATA2_N~1
5.000000e-12 (A)  WCPL_Trace2124_Auto_260::MIPI_DSI0_DATA2_N~2
-1.249998e-11 (A)  WCPL_Trace2124_Auto_260::MIPI_DSI0_DATA2_N~3
5.000000e-12 (A)  WCPL_Trace2126_Auto_246::MIPI_DSI0_DATA2_N~0
-2.250011e-11 (A)  WCPL_Trace2126_Auto_246::MIPI_DSI0_DATA2_N~1
5.000000e-12 (A)  WCPL_Trace2126_Auto_246::MIPI_DSI0_DATA2_N~2
-2.500014e-11 (A)  WCPL_Trace2126_Auto_246::MIPI_DSI0_DATA2_N~3
5.000000e-12 (A)  WCPL_Trace2130::MIPI_DSI0_DATA2_N~0
-5.750025e-11 (A)  WCPL_Trace2130::MIPI_DSI0_DATA2_N~1
5.000000e-12 (A)  WCPL_Trace2133_Auto_69::MIPI_DSI0_DATA2_N~0
-6.750031e-11 (A)  WCPL_Trace2133_Auto_69::MIPI_DSI0_DATA2_N~1
5.000000e-12 (A)  WCPL_Trace2136::MIPI_DSI0_DATA2_N~0
-8.750047e-11 (A)  WCPL_Trace2136::MIPI_DSI0_DATA2_N~1
-5.000000e-12 (A)  WCPL_Trace2145_Auto_2107::MIPI_DSI0_DATA1_N~0
1.425011e-10 (A)  WCPL_Trace2145_Auto_2107::MIPI_DSI0_DATA1_N~1
-5.000000e-12 (A)  WCPL_Trace2145_Auto_2107::MIPI_DSI0_DATA1_N~2
-5.000000e-12 (A)  WCPL_Trace2145_Auto_2115::MIPI_DSI0_DATA1_N~0
1.475012e-10 (A)  WCPL_Trace2145_Auto_2115::MIPI_DSI0_DATA1_N~1
-5.000000e-12 (A)  WCPL_Trace2145_Auto_2115::MIPI_DSI0_DATA1_N~2
5.000000e-12 (A)  WCPL_Trace2204_Auto_158::MIPI_DSI0_DATA1_N~0
-6.500031e-11 (A)  WCPL_Trace2204_Auto_158::MIPI_DSI0_DATA1_N~1
7.000032e-11 (A)  WCPL_Trace2204_Auto_158::MIPI_DSI0_DATA1_N~2
-5.000000e-12 (A)  WCPL_Trace2204_Auto_158::MIPI_DSI0_DATA1_N~3
5.000000e-12 (A)  WCPL_Trace2223_Auto_255::MIPI_DSI0_DATA1_N~0
-1.750005e-11 (A)  WCPL_Trace2223_Auto_255::MIPI_DSI0_DATA1_N~1
5.000000e-12 (A)  WCPL_Trace2223_Auto_255::MIPI_DSI0_DATA1_N~2
-1.250004e-11 (A)  WCPL_Trace2223_Auto_255::MIPI_DSI0_DATA1_N~3
8.750067e-11 (A)  WCPL_Trace2375_Auto_140::MIPI_DSI0_CLK_P~0
-9.250080e-11 (A)  WCPL_Trace2375_Auto_140::MIPI_DSI0_CLK_P~1
-8.000066e-11 (A)  WCPL_Trace2386_Auto_142::MIPI_DSI0_CLK_P~0
8.500068e-11 (A)  WCPL_Trace2386_Auto_142::MIPI_DSI0_CLK_P~1
-9.500085e-11 (A)  WCPL_Trace2386_Auto_142::MIPI_DSI0_CLK_P~2
1.000008e-10 (A)  WCPL_Trace2386_Auto_142::MIPI_DSI0_CLK_P~3
-6.250046e-11 (A)  WCPL_Trace2397::MIPI_DSI0_CLK_P~0
5.000000e-12 (A)  WCPL_Trace2397::MIPI_DSI0_CLK_P~1
-6.250024e-11 (A)  WCPL_Trace2397::MIPI_DSI0_CLK_P~2
1.400011e-10 (A)  WCPL_Trace2435_Auto_2112::MIPI_DSI0_CLK_P~0
-5.000000e-12 (A)  WCPL_Trace2435_Auto_2112::MIPI_DSI0_CLK_P~1
1.375010e-10 (A)  WCPL_Trace2436::MIPI_DSI0_CLK_P~0
-5.000000e-12 (A)  WCPL_Trace2436::MIPI_DSI0_CLK_P~1
1.275010e-10 (A)  WCPL_Trace2460::MIPI_DSI0_CLK_P~0
-5.000000e-12 (A)  WCPL_Trace2460::MIPI_DSI0_CLK_P~1
1.175010e-10 (A)  WCPL_Trace2484#BP0::MIPI_DSI0_CLK_P~0
-5.000000e-12 (A)  WCPL_Trace2484#BP0::MIPI_DSI0_CLK_P~1
1.150010e-10 (A)  WCPL_Trace2485::MIPI_DSI0_CLK_P~0
-5.000000e-12 (A)  WCPL_Trace2485::MIPI_DSI0_CLK_P~1
1.000007e-10 (A)  WCPL_Trace2491::MIPI_DSI0_DATA3_P~0
-5.000000e-12 (A)  WCPL_Trace2491::MIPI_DSI0_DATA3_P~1
9.500061e-11 (A)  WCPL_Trace2494::MIPI_DSI0_DATA3_P~0
-5.000000e-12 (A)  WCPL_Trace2494::MIPI_DSI0_DATA3_P~1
9.000055e-11 (A)  WCPL_Trace2496::MIPI_DSI0_DATA3_P~0
-5.000000e-12 (A)  WCPL_Trace2496::MIPI_DSI0_DATA3_P~1
8.500047e-11 (A)  WCPL_Trace2518::MIPI_DSI0_DATA3_P~0
-5.000000e-12 (A)  WCPL_Trace2518::MIPI_DSI0_DATA3_P~1
8.000040e-11 (A)  WCPL_Trace2540::MIPI_DSI0_DATA3_P~0
-5.000000e-12 (A)  WCPL_Trace2540::MIPI_DSI0_DATA3_P~1
7.500033e-11 (A)  WCPL_Trace2562::MIPI_DSI0_DATA3_P~0
-5.000000e-12 (A)  WCPL_Trace2562::MIPI_DSI0_DATA3_P~1
7.000029e-11 (A)  WCPL_Trace2584::MIPI_DSI0_DATA3_P~0
-5.000000e-12 (A)  WCPL_Trace2584::MIPI_DSI0_DATA3_P~1
5.500036e-11 (A)  WCPL_Trace2585_Auto_220::MIPI_DSI0_DATA3_P~0
-5.000000e-12 (A)  WCPL_Trace2585_Auto_220::MIPI_DSI0_DATA3_P~1
4.750022e-11 (A)  WCPL_Trace2585_Auto_220::MIPI_DSI0_DATA3_P~2
-5.000000e-12 (A)  WCPL_Trace2585_Auto_220::MIPI_DSI0_DATA3_P~3
5.750044e-11 (A)  WCPL_Trace2585_Auto_220::MIPI_DSI0_DATA3_P~4
-5.000000e-12 (A)  WCPL_Trace2585_Auto_220::MIPI_DSI0_DATA3_P~5
5.250036e-11 (A)  WCPL_Trace2585_Auto_221::MIPI_DSI0_DATA3_P~0
-5.000000e-12 (A)  WCPL_Trace2585_Auto_221::MIPI_DSI0_DATA3_P~1
4.500024e-11 (A)  WCPL_Trace2585_Auto_221::MIPI_DSI0_DATA3_P~2
-5.000000e-12 (A)  WCPL_Trace2585_Auto_221::MIPI_DSI0_DATA3_P~3
5.500041e-11 (A)  WCPL_Trace2585_Auto_221::MIPI_DSI0_DATA3_P~4
5.750036e-11 (A)  WCPL_Trace2585_Auto_224::MIPI_DSI0_DATA3_P~0
-5.000000e-12 (A)  WCPL_Trace2585_Auto_224::MIPI_DSI0_DATA3_P~1
5.000026e-11 (A)  WCPL_Trace2585_Auto_224::MIPI_DSI0_DATA3_P~2
-5.000000e-12 (A)  WCPL_Trace2585_Auto_224::MIPI_DSI0_DATA3_P~3
6.000045e-11 (A)  WCPL_Trace2585_Auto_224::MIPI_DSI0_DATA3_P~4
3.750019e-11 (A)  WCPL_Trace2585_Auto_237::MIPI_DSI0_DATA3_P~0
-5.000000e-12 (A)  WCPL_Trace2585_Auto_237::MIPI_DSI0_DATA3_P~1
3.000020e-11 (A)  WCPL_Trace2585_Auto_237::MIPI_DSI0_DATA3_P~2
-5.000000e-12 (A)  WCPL_Trace2585_Auto_237::MIPI_DSI0_DATA3_P~3
2.500014e-11 (A)  WCPL_Trace2585_Auto_237::MIPI_DSI0_DATA3_P~4
-5.000000e-12 (A)  WCPL_Trace2585_Auto_237::MIPI_DSI0_DATA3_P~5
3.750025e-11 (A)  WCPL_Trace2585_Auto_237::MIPI_DSI0_DATA3_P~6
6.000036e-11 (A)  WCPL_Trace2585_Auto_240::MIPI_DSI0_DATA3_P~0
-5.000000e-12 (A)  WCPL_Trace2585_Auto_240::MIPI_DSI0_DATA3_P~1
5.250022e-11 (A)  WCPL_Trace2585_Auto_240::MIPI_DSI0_DATA3_P~2
5.000034e-11 (A)  WCPL_Trace2585_Auto_270::MIPI_DSI0_DATA3_P~0
-5.000000e-12 (A)  WCPL_Trace2585_Auto_270::MIPI_DSI0_DATA3_P~1
4.250024e-11 (A)  WCPL_Trace2585_Auto_270::MIPI_DSI0_DATA3_P~2
-5.000000e-12 (A)  WCPL_Trace2585_Auto_270::MIPI_DSI0_DATA3_P~3
5.250037e-11 (A)  WCPL_Trace2585_Auto_270::MIPI_DSI0_DATA3_P~4
-5.000000e-12 (A)  WCPL_Trace2585_Auto_270::MIPI_DSI0_DATA3_P~5
4.750029e-11 (A)  WCPL_Trace2585_Auto_271::MIPI_DSI0_DATA3_P~0
-5.000000e-12 (A)  WCPL_Trace2585_Auto_271::MIPI_DSI0_DATA3_P~1
4.000022e-11 (A)  WCPL_Trace2585_Auto_271::MIPI_DSI0_DATA3_P~2
-5.000000e-12 (A)  WCPL_Trace2585_Auto_271::MIPI_DSI0_DATA3_P~3
5.000033e-11 (A)  WCPL_Trace2585_Auto_271::MIPI_DSI0_DATA3_P~4
4.500028e-11 (A)  WCPL_Trace2585_Auto_275::MIPI_DSI0_DATA3_P~0
-5.000000e-12 (A)  WCPL_Trace2585_Auto_275::MIPI_DSI0_DATA3_P~1
3.750016e-11 (A)  WCPL_Trace2585_Auto_275::MIPI_DSI0_DATA3_P~2
-5.000000e-12 (A)  WCPL_Trace2585_Auto_275::MIPI_DSI0_DATA3_P~3
4.000021e-11 (A)  WCPL_Trace2585_Auto_285::MIPI_DSI0_DATA3_P~0
-5.000000e-12 (A)  WCPL_Trace2585_Auto_285::MIPI_DSI0_DATA3_P~1
3.250022e-11 (A)  WCPL_Trace2585_Auto_285::MIPI_DSI0_DATA3_P~2
-5.000000e-12 (A)  WCPL_Trace2585_Auto_285::MIPI_DSI0_DATA3_P~3
2.750015e-11 (A)  WCPL_Trace2585_Auto_285::MIPI_DSI0_DATA3_P~4
-5.000000e-12 (A)  WCPL_Trace2585_Auto_285::MIPI_DSI0_DATA3_P~5
4.250026e-11 (A)  WCPL_Trace2585_Auto_289::MIPI_DSI0_DATA3_P~0
-5.000000e-12 (A)  WCPL_Trace2585_Auto_289::MIPI_DSI0_DATA3_P~1
3.500020e-11 (A)  WCPL_Trace2585_Auto_289::MIPI_DSI0_DATA3_P~2
-5.000000e-12 (A)  WCPL_Trace2585_Auto_289::MIPI_DSI0_DATA3_P~3
3.000018e-11 (A)  WCPL_Trace2585_Auto_289::MIPI_DSI0_DATA3_P~4
3.500018e-11 (A)  WCPL_Trace2585_Auto_302::MIPI_DSI0_DATA3_P~0
-5.000000e-12 (A)  WCPL_Trace2585_Auto_302::MIPI_DSI0_DATA3_P~1
2.750015e-11 (A)  WCPL_Trace2585_Auto_302::MIPI_DSI0_DATA3_P~2
-5.000000e-12 (A)  WCPL_Trace2585_Auto_302::MIPI_DSI0_DATA3_P~3
2.250013e-11 (A)  WCPL_Trace2585_Auto_302::MIPI_DSI0_DATA3_P~4
-5.000000e-12 (A)  WCPL_Trace2585_Auto_302::MIPI_DSI0_DATA3_P~5
3.250022e-11 (A)  WCPL_Trace2585_Auto_302::MIPI_DSI0_DATA3_P~6
-5.000000e-12 (A)  WCPL_Trace2585_Auto_302::MIPI_DSI0_DATA3_P~7
6.250032e-11 (A)  WCPL_Trace2585_Auto_304::MIPI_DSI0_DATA3_P~0
-5.000000e-12 (A)  WCPL_Trace2585_Auto_304::MIPI_DSI0_DATA3_P~1
1.000005e-10 (A)  WCPL_Trace2599_Auto_2416::MIPI_DSI0_DATA2_P~0
-5.000000e-12 (A)  WCPL_Trace2599_Auto_2416::MIPI_DSI0_DATA2_P~1
1.425010e-10 (A)  WCPL_Trace2599_Auto_2416::MIPI_DSI0_DATA2_P~2
-5.000000e-12 (A)  WCPL_Trace2599_Auto_2416::MIPI_DSI0_DATA2_P~3
1.100006e-10 (A)  WCPL_Trace2605_Auto_1465::MIPI_DSI0_DATA2_P~0
-5.000000e-12 (A)  WCPL_Trace2605_Auto_1465::MIPI_DSI0_DATA2_P~1
5.000000e-12 (A)  WCPL_Trace2605_Auto_1465::MIPI_DSI0_DATA2_P~2
1.125006e-10 (A)  WCPL_Trace2605_Auto_1467::MIPI_DSI0_DATA2_P~0
-5.000000e-12 (A)  WCPL_Trace2605_Auto_1467::MIPI_DSI0_DATA2_P~1
-1.350007e-10 (A)  WCPL_Trace2614::MIPI_DSI0_DATA2_P~0
-2.475012e-10 (A)  WCPL_Trace2614::MIPI_DSI0_DATA2_P~1
5.000000e-12 (A)  WCPL_Trace2614::MIPI_DSI0_DATA2_P~2
-1.375007e-10 (A)  WCPL_Trace2615::MIPI_DSI0_DATA2_P~0
-2.525012e-10 (A)  WCPL_Trace2615::MIPI_DSI0_DATA2_P~1
5.000000e-12 (A)  WCPL_Trace2615::MIPI_DSI0_DATA2_P~2
-1.500009e-10 (A)  WCPL_Trace2623_Auto_1489::MIPI_DSI0_DATA2_P~0
1.600010e-10 (A)  WCPL_Trace2623_Auto_1489::MIPI_DSI0_DATA2_P~1
-5.000000e-12 (A)  WCPL_Trace2623_Auto_1489::MIPI_DSI0_DATA2_P~2
1.625010e-10 (A)  WCPL_Trace2634_Auto_1491::MIPI_DSI0_DATA2_P~0
-5.000000e-12 (A)  WCPL_Trace2634_Auto_1491::MIPI_DSI0_DATA2_P~1
1.700009e-10 (A)  WCPL_Trace2638_Auto_2104::MIPI_DSI0_DATA2_P~0
-5.000000e-12 (A)  WCPL_Trace2638_Auto_2104::MIPI_DSI0_DATA2_P~1
7.750040e-11 (A)  WCPL_Trace2662::MIPI_DSI0_DATA2_P~0
-7.250032e-11 (A)  WCPL_Trace2662::MIPI_DSI0_DATA2_P~1
1.950013e-10 (A)  WCPL_Trace2672_Auto_2096::MIPI_DSI0_DATA1_P~0
-5.000000e-12 (A)  WCPL_Trace2672_Auto_2096::MIPI_DSI0_DATA1_P~1
1.575013e-10 (A)  WCPL_Trace2672_Auto_2096::MIPI_DSI0_DATA1_P~2
1.925013e-10 (A)  WCPL_Trace2672_Auto_2097::MIPI_DSI0_DATA1_P~0
-5.000000e-12 (A)  WCPL_Trace2672_Auto_2097::MIPI_DSI0_DATA1_P~1
1.525012e-10 (A)  WCPL_Trace2672_Auto_2097::MIPI_DSI0_DATA1_P~2
1.975014e-10 (A)  WCPL_Trace2672_Auto_2099::MIPI_DSI0_DATA1_P~0
-5.000000e-12 (A)  WCPL_Trace2672_Auto_2099::MIPI_DSI0_DATA1_P~1
1.900013e-10 (A)  WCPL_Trace2672_Auto_2121::MIPI_DSI0_DATA1_P~0
-5.000000e-12 (A)  WCPL_Trace2672_Auto_2121::MIPI_DSI0_DATA1_P~1
1.500012e-10 (A)  WCPL_Trace2672_Auto_2121::MIPI_DSI0_DATA1_P~2
-5.000000e-12 (A)  WCPL_Trace2672_Auto_2121::MIPI_DSI0_DATA1_P~3
1.775013e-10 (A)  WCPL_Trace2689::MIPI_DSI0_DATA1_P~0
-1.825013e-10 (A)  WCPL_Trace2689::MIPI_DSI0_DATA1_P~1
1.725013e-10 (A)  WCPL_Trace2695::MIPI_DSI0_DATA1_P~0
-5.000000e-12 (A)  WCPL_Trace2695::MIPI_DSI0_DATA1_P~1
1.450012e-10 (A)  WCPL_Trace2695::MIPI_DSI0_DATA1_P~2
-5.000000e-12 (A)  WCPL_Trace2695::MIPI_DSI0_DATA1_P~3
1.700013e-10 (A)  WCPL_Trace2696::MIPI_DSI0_DATA1_P~0
-5.000000e-12 (A)  WCPL_Trace2696::MIPI_DSI0_DATA1_P~1
1.675013e-10 (A)  WCPL_Trace2697::MIPI_DSI0_DATA1_P~0
-5.000000e-12 (A)  WCPL_Trace2697::MIPI_DSI0_DATA1_P~1
1.600011e-10 (A)  WCPL_Trace2699_Auto_2426::MIPI_DSI0_DATA1_P~0
-5.000000e-12 (A)  WCPL_Trace2699_Auto_2426::MIPI_DSI0_DATA1_P~1
1.525010e-10 (A)  WCPL_Trace2701_Auto_2410::MIPI_DSI0_DATA1_P~0
-5.000000e-12 (A)  WCPL_Trace2701_Auto_2410::MIPI_DSI0_DATA1_P~1
1.350009e-10 (A)  WCPL_Trace2706_Auto_2418::MIPI_DSI0_DATA1_P~0
-5.000000e-12 (A)  WCPL_Trace2706_Auto_2418::MIPI_DSI0_DATA1_P~1
1.300009e-10 (A)  WCPL_Trace2709#BP0_Auto_2421::MIPI_DSI0_DATA1_P~0
-5.000000e-12 (A)  WCPL_Trace2709#BP0_Auto_2421::MIPI_DSI0_DATA1_P~1
1.250008e-10 (A)  WCPL_Trace2713::MIPI_DSI0_DATA1_P~0
-5.000000e-12 (A)  WCPL_Trace2713::MIPI_DSI0_DATA1_P~1
1.175007e-10 (A)  WCPL_Trace2717_Auto_2434::MIPI_DSI0_DATA1_P~0
-5.000000e-12 (A)  WCPL_Trace2717_Auto_2434::MIPI_DSI0_DATA1_P~1
1.050006e-10 (A)  WCPL_Trace2721_Auto_2429::MIPI_DSI0_DATA1_P~0
-5.000000e-12 (A)  WCPL_Trace2721_Auto_2429::MIPI_DSI0_DATA1_P~1
1.075006e-10 (A)  WCPL_Trace2721_Auto_2431::MIPI_DSI0_DATA1_P~0
-5.000000e-12 (A)  WCPL_Trace2721_Auto_2431::MIPI_DSI0_DATA1_P~1
8.750041e-11 (A)  WCPL_Trace2728#BP0_Auto_150::MIPI_DSI0_DATA1_P~0
-5.000000e-12 (A)  WCPL_Trace2728#BP0_Auto_150::MIPI_DSI0_DATA1_P~1
7.750034e-11 (A)  WCPL_Trace2732_Auto_149::MIPI_DSI0_DATA1_P~0
-5.000000e-12 (A)  WCPL_Trace2732_Auto_149::MIPI_DSI0_DATA1_P~1
5.000031e-11 (A)  WCPL_Trace2755_Auto_276::MIPI_DSI0_DATA1_P~0
-5.000000e-12 (A)  WCPL_Trace2755_Auto_276::MIPI_DSI0_DATA1_P~1
4.250033e-11 (A)  WCPL_Trace2759_Auto_279::MIPI_DSI0_DATA1_P~0
-5.000000e-12 (A)  WCPL_Trace2759_Auto_279::MIPI_DSI0_DATA1_P~1
0.000000e+00 (A)  X_C80.Xpartial.X_SpeedXP_auto_CAP_NP_C0603_100N_100N_C80_C80.V_SpeedXP_auto_2_En
-5.050000e-11 (A)  X_CH1.Xpartial.X_SpeedXP_auto_WP7B-P040VA1-R8000_WP7B-P040VA1-R8000_WP7B-P040VA1-R8000_WP7B-P040VA1-R8000_CH1.B_SpeedXP_auto_10_OutOfIn
-5.050000e-11 (A)  X_CH1.Xpartial.X_SpeedXP_auto_WP7B-P040VA1-R8000_WP7B-P040VA1-R8000_WP7B-P040VA1-R8000_WP7B-P040VA1-R8000_CH1.B_SpeedXP_auto_11_OutOfIn
-5.050000e-11 (A)  X_CH1.Xpartial.X_SpeedXP_auto_WP7B-P040VA1-R8000_WP7B-P040VA1-R8000_WP7B-P040VA1-R8000_WP7B-P040VA1-R8000_CH1.B_SpeedXP_auto_12_OutOfIn
-5.050000e-11 (A)  X_CH1.Xpartial.X_SpeedXP_auto_WP7B-P040VA1-R8000_WP7B-P040VA1-R8000_WP7B-P040VA1-R8000_WP7B-P040VA1-R8000_CH1.B_SpeedXP_auto_1_OutOfIn
-5.050000e-11 (A)  X_CH1.Xpartial.X_SpeedXP_auto_WP7B-P040VA1-R8000_WP7B-P040VA1-R8000_WP7B-P040VA1-R8000_WP7B-P040VA1-R8000_CH1.B_SpeedXP_auto_2_OutOfIn
-5.050000e-11 (A)  X_CH1.Xpartial.X_SpeedXP_auto_WP7B-P040VA1-R8000_WP7B-P040VA1-R8000_WP7B-P040VA1-R8000_WP7B-P040VA1-R8000_CH1.B_SpeedXP_auto_5_OutOfIn
-5.050000e-11 (A)  X_CH1.Xpartial.X_SpeedXP_auto_WP7B-P040VA1-R8000_WP7B-P040VA1-R8000_WP7B-P040VA1-R8000_WP7B-P040VA1-R8000_CH1.B_SpeedXP_auto_6_OutOfIn
-5.050000e-11 (A)  X_CH1.Xpartial.X_SpeedXP_auto_WP7B-P040VA1-R8000_WP7B-P040VA1-R8000_WP7B-P040VA1-R8000_WP7B-P040VA1-R8000_CH1.B_SpeedXP_auto_7_OutOfIn
-5.050000e-11 (A)  X_CH1.Xpartial.X_SpeedXP_auto_WP7B-P040VA1-R8000_WP7B-P040VA1-R8000_WP7B-P040VA1-R8000_WP7B-P040VA1-R8000_CH1.B_SpeedXP_auto_8_OutOfIn
-5.050000e-11 (A)  X_CH1.Xpartial.X_SpeedXP_auto_WP7B-P040VA1-R8000_WP7B-P040VA1-R8000_WP7B-P040VA1-R8000_WP7B-P040VA1-R8000_CH1.B_SpeedXP_auto_9_OutOfIn
-1.010000e-10 (A)  X_CH1.Xpartial.X_SpeedXP_auto_WP7B-P040VA1-R8000_WP7B-P040VA1-R8000_WP7B-P040VA1-R8000_WP7B-P040VA1-R8000_CH1.V_SpeedXP_auto_10_En
-1.010000e-10 (A)  X_CH1.Xpartial.X_SpeedXP_auto_WP7B-P040VA1-R8000_WP7B-P040VA1-R8000_WP7B-P040VA1-R8000_WP7B-P040VA1-R8000_CH1.V_SpeedXP_auto_11_En
-1.010000e-10 (A)  X_CH1.Xpartial.X_SpeedXP_auto_WP7B-P040VA1-R8000_WP7B-P040VA1-R8000_WP7B-P040VA1-R8000_WP7B-P040VA1-R8000_CH1.V_SpeedXP_auto_12_En
-1.000000e-12 (A)  X_CH1.Xpartial.X_SpeedXP_auto_WP7B-P040VA1-R8000_WP7B-P040VA1-R8000_WP7B-P040VA1-R8000_WP7B-P040VA1-R8000_CH1.V_SpeedXP_auto_13_En
-1.000000e-12 (A)  X_CH1.Xpartial.X_SpeedXP_auto_WP7B-P040VA1-R8000_WP7B-P040VA1-R8000_WP7B-P040VA1-R8000_WP7B-P040VA1-R8000_CH1.V_SpeedXP_auto_14_En
-1.000000e-12 (A)  X_CH1.Xpartial.X_SpeedXP_auto_WP7B-P040VA1-R8000_WP7B-P040VA1-R8000_WP7B-P040VA1-R8000_WP7B-P040VA1-R8000_CH1.V_SpeedXP_auto_15_En
-1.000000e-12 (A)  X_CH1.Xpartial.X_SpeedXP_auto_WP7B-P040VA1-R8000_WP7B-P040VA1-R8000_WP7B-P040VA1-R8000_WP7B-P040VA1-R8000_CH1.V_SpeedXP_auto_16_En
-1.000000e-12 (A)  X_CH1.Xpartial.X_SpeedXP_auto_WP7B-P040VA1-R8000_WP7B-P040VA1-R8000_WP7B-P040VA1-R8000_WP7B-P040VA1-R8000_CH1.V_SpeedXP_auto_17_En
-1.000000e-12 (A)  X_CH1.Xpartial.X_SpeedXP_auto_WP7B-P040VA1-R8000_WP7B-P040VA1-R8000_WP7B-P040VA1-R8000_WP7B-P040VA1-R8000_CH1.V_SpeedXP_auto_18_En
-1.000000e-12 (A)  X_CH1.Xpartial.X_SpeedXP_auto_WP7B-P040VA1-R8000_WP7B-P040VA1-R8000_WP7B-P040VA1-R8000_WP7B-P040VA1-R8000_CH1.V_SpeedXP_auto_19_En
-1.010000e-10 (A)  X_CH1.Xpartial.X_SpeedXP_auto_WP7B-P040VA1-R8000_WP7B-P040VA1-R8000_WP7B-P040VA1-R8000_WP7B-P040VA1-R8000_CH1.V_SpeedXP_auto_1_En
-1.000000e-12 (A)  X_CH1.Xpartial.X_SpeedXP_auto_WP7B-P040VA1-R8000_WP7B-P040VA1-R8000_WP7B-P040VA1-R8000_WP7B-P040VA1-R8000_CH1.V_SpeedXP_auto_20_En
-1.010000e-10 (A)  X_CH1.Xpartial.X_SpeedXP_auto_WP7B-P040VA1-R8000_WP7B-P040VA1-R8000_WP7B-P040VA1-R8000_WP7B-P040VA1-R8000_CH1.V_SpeedXP_auto_2_En
-1.000000e-12 (A)  X_CH1.Xpartial.X_SpeedXP_auto_WP7B-P040VA1-R8000_WP7B-P040VA1-R8000_WP7B-P040VA1-R8000_WP7B-P040VA1-R8000_CH1.V_SpeedXP_auto_3_En
-1.000000e-12 (A)  X_CH1.Xpartial.X_SpeedXP_auto_WP7B-P040VA1-R8000_WP7B-P040VA1-R8000_WP7B-P040VA1-R8000_WP7B-P040VA1-R8000_CH1.V_SpeedXP_auto_4_En
-1.010000e-10 (A)  X_CH1.Xpartial.X_SpeedXP_auto_WP7B-P040VA1-R8000_WP7B-P040VA1-R8000_WP7B-P040VA1-R8000_WP7B-P040VA1-R8000_CH1.V_SpeedXP_auto_5_En
-1.010000e-10 (A)  X_CH1.Xpartial.X_SpeedXP_auto_WP7B-P040VA1-R8000_WP7B-P040VA1-R8000_WP7B-P040VA1-R8000_WP7B-P040VA1-R8000_CH1.V_SpeedXP_auto_6_En
-1.010000e-10 (A)  X_CH1.Xpartial.X_SpeedXP_auto_WP7B-P040VA1-R8000_WP7B-P040VA1-R8000_WP7B-P040VA1-R8000_WP7B-P040VA1-R8000_CH1.V_SpeedXP_auto_7_En
-1.010000e-10 (A)  X_CH1.Xpartial.X_SpeedXP_auto_WP7B-P040VA1-R8000_WP7B-P040VA1-R8000_WP7B-P040VA1-R8000_WP7B-P040VA1-R8000_CH1.V_SpeedXP_auto_8_En
-1.010000e-10 (A)  X_CH1.Xpartial.X_SpeedXP_auto_WP7B-P040VA1-R8000_WP7B-P040VA1-R8000_WP7B-P040VA1-R8000_WP7B-P040VA1-R8000_CH1.V_SpeedXP_auto_9_En
-7.500000e-12 (A)  X_CH1.Xpartial.X_SpeedXP_auto_WP7B-P040VA1-R8000_WP7B-P040VA1-R8000_WP7B-P040VA1-R8000_WP7B-P040VA1-R8000_CH1.Vpwr_1
-1.950010e-10 (A)  X_CH1.Xpartial.X_SpeedXP_auto_WP7B-P040VA1-R8000_WP7B-P040VA1-R8000_WP7B-P040VA1-R8000_WP7B-P040VA1-R8000_CH1.Vpwr_10
-2.875016e-10 (A)  X_CH1.Xpartial.X_SpeedXP_auto_WP7B-P040VA1-R8000_WP7B-P040VA1-R8000_WP7B-P040VA1-R8000_WP7B-P040VA1-R8000_CH1.Vpwr_11
-7.500000e-12 (A)  X_CH1.Xpartial.X_SpeedXP_auto_WP7B-P040VA1-R8000_WP7B-P040VA1-R8000_WP7B-P040VA1-R8000_WP7B-P040VA1-R8000_CH1.Vpwr_12
-1.350009e-10 (A)  X_CH1.Xpartial.X_SpeedXP_auto_WP7B-P040VA1-R8000_WP7B-P040VA1-R8000_WP7B-P040VA1-R8000_WP7B-P040VA1-R8000_CH1.Vpwr_2
-7.500000e-12 (A)  X_CH1.Xpartial.X_SpeedXP_auto_WP7B-P040VA1-R8000_WP7B-P040VA1-R8000_WP7B-P040VA1-R8000_WP7B-P040VA1-R8000_CH1.Vpwr_5
-1.800013e-10 (A)  X_CH1.Xpartial.X_SpeedXP_auto_WP7B-P040VA1-R8000_WP7B-P040VA1-R8000_WP7B-P040VA1-R8000_WP7B-P040VA1-R8000_CH1.Vpwr_6
-7.500000e-12 (A)  X_CH1.Xpartial.X_SpeedXP_auto_WP7B-P040VA1-R8000_WP7B-P040VA1-R8000_WP7B-P040VA1-R8000_WP7B-P040VA1-R8000_CH1.Vpwr_7
-2.250014e-10 (A)  X_CH1.Xpartial.X_SpeedXP_auto_WP7B-P040VA1-R8000_WP7B-P040VA1-R8000_WP7B-P040VA1-R8000_WP7B-P040VA1-R8000_CH1.Vpwr_8
-7.500000e-12 (A)  X_CH1.Xpartial.X_SpeedXP_auto_WP7B-P040VA1-R8000_WP7B-P040VA1-R8000_WP7B-P040VA1-R8000_WP7B-P040VA1-R8000_CH1.Vpwr_9
-1.010000e-10 (A)  X_CH1.Xpartial.X_SpeedXP_auto_WP7B-P040VA1-R8000_WP7B-P040VA1-R8000_WP7B-P040VA1-R8000_WP7B-P040VA1-R8000_CH1.X_SpeedXP_auto_10_St.v1
-1.010000e-10 (A)  X_CH1.Xpartial.X_SpeedXP_auto_WP7B-P040VA1-R8000_WP7B-P040VA1-R8000_WP7B-P040VA1-R8000_WP7B-P040VA1-R8000_CH1.X_SpeedXP_auto_11_St.v1
0.000000e+00 (A)  X_CH1.Xpartial.X_SpeedXP_auto_WP7B-P040VA1-R8000_WP7B-P040VA1-R8000_WP7B-P040VA1-R8000_WP7B-P040VA1-R8000_CH1.X_SpeedXP_auto_12_St.v1
0.000000e+00 (A)  X_CH1.Xpartial.X_SpeedXP_auto_WP7B-P040VA1-R8000_WP7B-P040VA1-R8000_WP7B-P040VA1-R8000_WP7B-P040VA1-R8000_CH1.X_SpeedXP_auto_13_St.v1
0.000000e+00 (A)  X_CH1.Xpartial.X_SpeedXP_auto_WP7B-P040VA1-R8000_WP7B-P040VA1-R8000_WP7B-P040VA1-R8000_WP7B-P040VA1-R8000_CH1.X_SpeedXP_auto_14_St.v1
0.000000e+00 (A)  X_CH1.Xpartial.X_SpeedXP_auto_WP7B-P040VA1-R8000_WP7B-P040VA1-R8000_WP7B-P040VA1-R8000_WP7B-P040VA1-R8000_CH1.X_SpeedXP_auto_15_St.v1
0.000000e+00 (A)  X_CH1.Xpartial.X_SpeedXP_auto_WP7B-P040VA1-R8000_WP7B-P040VA1-R8000_WP7B-P040VA1-R8000_WP7B-P040VA1-R8000_CH1.X_SpeedXP_auto_16_St.v1
0.000000e+00 (A)  X_CH1.Xpartial.X_SpeedXP_auto_WP7B-P040VA1-R8000_WP7B-P040VA1-R8000_WP7B-P040VA1-R8000_WP7B-P040VA1-R8000_CH1.X_SpeedXP_auto_17_St.v1
0.000000e+00 (A)  X_CH1.Xpartial.X_SpeedXP_auto_WP7B-P040VA1-R8000_WP7B-P040VA1-R8000_WP7B-P040VA1-R8000_WP7B-P040VA1-R8000_CH1.X_SpeedXP_auto_18_St.v1
0.000000e+00 (A)  X_CH1.Xpartial.X_SpeedXP_auto_WP7B-P040VA1-R8000_WP7B-P040VA1-R8000_WP7B-P040VA1-R8000_WP7B-P040VA1-R8000_CH1.X_SpeedXP_auto_19_St.v1
0.000000e+00 (A)  X_CH1.Xpartial.X_SpeedXP_auto_WP7B-P040VA1-R8000_WP7B-P040VA1-R8000_WP7B-P040VA1-R8000_WP7B-P040VA1-R8000_CH1.X_SpeedXP_auto_1_St.v1
0.000000e+00 (A)  X_CH1.Xpartial.X_SpeedXP_auto_WP7B-P040VA1-R8000_WP7B-P040VA1-R8000_WP7B-P040VA1-R8000_WP7B-P040VA1-R8000_CH1.X_SpeedXP_auto_20_St.v1
-1.010000e-10 (A)  X_CH1.Xpartial.X_SpeedXP_auto_WP7B-P040VA1-R8000_WP7B-P040VA1-R8000_WP7B-P040VA1-R8000_WP7B-P040VA1-R8000_CH1.X_SpeedXP_auto_2_St.v1
0.000000e+00 (A)  X_CH1.Xpartial.X_SpeedXP_auto_WP7B-P040VA1-R8000_WP7B-P040VA1-R8000_WP7B-P040VA1-R8000_WP7B-P040VA1-R8000_CH1.X_SpeedXP_auto_3_St.v1
0.000000e+00 (A)  X_CH1.Xpartial.X_SpeedXP_auto_WP7B-P040VA1-R8000_WP7B-P040VA1-R8000_WP7B-P040VA1-R8000_WP7B-P040VA1-R8000_CH1.X_SpeedXP_auto_4_St.v1
0.000000e+00 (A)  X_CH1.Xpartial.X_SpeedXP_auto_WP7B-P040VA1-R8000_WP7B-P040VA1-R8000_WP7B-P040VA1-R8000_WP7B-P040VA1-R8000_CH1.X_SpeedXP_auto_5_St.v1
-1.010000e-10 (A)  X_CH1.Xpartial.X_SpeedXP_auto_WP7B-P040VA1-R8000_WP7B-P040VA1-R8000_WP7B-P040VA1-R8000_WP7B-P040VA1-R8000_CH1.X_SpeedXP_auto_6_St.v1
0.000000e+00 (A)  X_CH1.Xpartial.X_SpeedXP_auto_WP7B-P040VA1-R8000_WP7B-P040VA1-R8000_WP7B-P040VA1-R8000_WP7B-P040VA1-R8000_CH1.X_SpeedXP_auto_7_St.v1
-1.010000e-10 (A)  X_CH1.Xpartial.X_SpeedXP_auto_WP7B-P040VA1-R8000_WP7B-P040VA1-R8000_WP7B-P040VA1-R8000_WP7B-P040VA1-R8000_CH1.X_SpeedXP_auto_8_St.v1
0.000000e+00 (A)  X_CH1.Xpartial.X_SpeedXP_auto_WP7B-P040VA1-R8000_WP7B-P040VA1-R8000_WP7B-P040VA1-R8000_WP7B-P040VA1-R8000_CH1.X_SpeedXP_auto_9_St.v1
0.000000e+00 (A)  X_D5.Xpartial.X_SpeedXP_auto_TVS/ESD_SOD-323_H3V3HD3U_H3V3HD3U_D5.V_SpeedXP_auto_1_En
0.000000e+00 (A)  X_ESD1.Xpartial.X_SpeedXP_auto_IP4292CZ10_DFN2510A-10_IP4292CZ10-TBR_115_IP4292CZ10-TBR_115_ESD1_ESD1.V_SpeedXP_auto_10_En
-1.000000e-12 (A)  X_ESD1.Xpartial.X_SpeedXP_auto_IP4292CZ10_DFN2510A-10_IP4292CZ10-TBR_115_IP4292CZ10-TBR_115_ESD1_ESD1.V_SpeedXP_auto_1_En
-1.000000e-12 (A)  X_ESD1.Xpartial.X_SpeedXP_auto_IP4292CZ10_DFN2510A-10_IP4292CZ10-TBR_115_IP4292CZ10-TBR_115_ESD1_ESD1.V_SpeedXP_auto_2_En
-1.000000e-12 (A)  X_ESD1.Xpartial.X_SpeedXP_auto_IP4292CZ10_DFN2510A-10_IP4292CZ10-TBR_115_IP4292CZ10-TBR_115_ESD1_ESD1.V_SpeedXP_auto_4_En
-1.000000e-12 (A)  X_ESD1.Xpartial.X_SpeedXP_auto_IP4292CZ10_DFN2510A-10_IP4292CZ10-TBR_115_IP4292CZ10-TBR_115_ESD1_ESD1.V_SpeedXP_auto_5_En
0.000000e+00 (A)  X_ESD1.Xpartial.X_SpeedXP_auto_IP4292CZ10_DFN2510A-10_IP4292CZ10-TBR_115_IP4292CZ10-TBR_115_ESD1_ESD1.V_SpeedXP_auto_6_En
0.000000e+00 (A)  X_ESD1.Xpartial.X_SpeedXP_auto_IP4292CZ10_DFN2510A-10_IP4292CZ10-TBR_115_IP4292CZ10-TBR_115_ESD1_ESD1.V_SpeedXP_auto_7_En
0.000000e+00 (A)  X_ESD1.Xpartial.X_SpeedXP_auto_IP4292CZ10_DFN2510A-10_IP4292CZ10-TBR_115_IP4292CZ10-TBR_115_ESD1_ESD1.V_SpeedXP_auto_9_En
0.000000e+00 (A)  X_ESD1.Xpartial.X_SpeedXP_auto_IP4292CZ10_DFN2510A-10_IP4292CZ10-TBR_115_IP4292CZ10-TBR_115_ESD1_ESD1.X_SpeedXP_auto_1_St.v1
0.000000e+00 (A)  X_ESD1.Xpartial.X_SpeedXP_auto_IP4292CZ10_DFN2510A-10_IP4292CZ10-TBR_115_IP4292CZ10-TBR_115_ESD1_ESD1.X_SpeedXP_auto_2_St.v1
0.000000e+00 (A)  X_ESD1.Xpartial.X_SpeedXP_auto_IP4292CZ10_DFN2510A-10_IP4292CZ10-TBR_115_IP4292CZ10-TBR_115_ESD1_ESD1.X_SpeedXP_auto_4_St.v1
0.000000e+00 (A)  X_ESD1.Xpartial.X_SpeedXP_auto_IP4292CZ10_DFN2510A-10_IP4292CZ10-TBR_115_IP4292CZ10-TBR_115_ESD1_ESD1.X_SpeedXP_auto_5_St.v1
0.000000e+00 (A)  X_ESD2.Xpartial.X_SpeedXP_auto_IP4292CZ10_DFN2510A-10_IP4292CZ10-TBR_115_IP4292CZ10-TBR_115_ESD2_ESD2.V_SpeedXP_auto_10_En
-1.000000e-12 (A)  X_ESD2.Xpartial.X_SpeedXP_auto_IP4292CZ10_DFN2510A-10_IP4292CZ10-TBR_115_IP4292CZ10-TBR_115_ESD2_ESD2.V_SpeedXP_auto_1_En
-1.000000e-12 (A)  X_ESD2.Xpartial.X_SpeedXP_auto_IP4292CZ10_DFN2510A-10_IP4292CZ10-TBR_115_IP4292CZ10-TBR_115_ESD2_ESD2.V_SpeedXP_auto_2_En
-1.000000e-12 (A)  X_ESD2.Xpartial.X_SpeedXP_auto_IP4292CZ10_DFN2510A-10_IP4292CZ10-TBR_115_IP4292CZ10-TBR_115_ESD2_ESD2.V_SpeedXP_auto_4_En
-1.000000e-12 (A)  X_ESD2.Xpartial.X_SpeedXP_auto_IP4292CZ10_DFN2510A-10_IP4292CZ10-TBR_115_IP4292CZ10-TBR_115_ESD2_ESD2.V_SpeedXP_auto_5_En
0.000000e+00 (A)  X_ESD2.Xpartial.X_SpeedXP_auto_IP4292CZ10_DFN2510A-10_IP4292CZ10-TBR_115_IP4292CZ10-TBR_115_ESD2_ESD2.V_SpeedXP_auto_6_En
0.000000e+00 (A)  X_ESD2.Xpartial.X_SpeedXP_auto_IP4292CZ10_DFN2510A-10_IP4292CZ10-TBR_115_IP4292CZ10-TBR_115_ESD2_ESD2.V_SpeedXP_auto_7_En
0.000000e+00 (A)  X_ESD2.Xpartial.X_SpeedXP_auto_IP4292CZ10_DFN2510A-10_IP4292CZ10-TBR_115_IP4292CZ10-TBR_115_ESD2_ESD2.V_SpeedXP_auto_9_En
0.000000e+00 (A)  X_ESD2.Xpartial.X_SpeedXP_auto_IP4292CZ10_DFN2510A-10_IP4292CZ10-TBR_115_IP4292CZ10-TBR_115_ESD2_ESD2.X_SpeedXP_auto_1_St.v1
0.000000e+00 (A)  X_ESD2.Xpartial.X_SpeedXP_auto_IP4292CZ10_DFN2510A-10_IP4292CZ10-TBR_115_IP4292CZ10-TBR_115_ESD2_ESD2.X_SpeedXP_auto_2_St.v1
0.000000e+00 (A)  X_ESD2.Xpartial.X_SpeedXP_auto_IP4292CZ10_DFN2510A-10_IP4292CZ10-TBR_115_IP4292CZ10-TBR_115_ESD2_ESD2.X_SpeedXP_auto_4_St.v1
0.000000e+00 (A)  X_ESD2.Xpartial.X_SpeedXP_auto_IP4292CZ10_DFN2510A-10_IP4292CZ10-TBR_115_IP4292CZ10-TBR_115_ESD2_ESD2.X_SpeedXP_auto_5_St.v1
0.000000e+00 (A)  X_HDMI1.Xpartial.X_SpeedXP_auto_HDMI-A_HDMI-001S_HDMI-001S_HDMI-001S_HDMI1.V_SpeedXP_auto_10_En
0.000000e+00 (A)  X_HDMI1.Xpartial.X_SpeedXP_auto_HDMI-A_HDMI-001S_HDMI-001S_HDMI-001S_HDMI1.V_SpeedXP_auto_12_En
0.000000e+00 (A)  X_HDMI1.Xpartial.X_SpeedXP_auto_HDMI-A_HDMI-001S_HDMI-001S_HDMI-001S_HDMI1.V_SpeedXP_auto_1_En
0.000000e+00 (A)  X_HDMI1.Xpartial.X_SpeedXP_auto_HDMI-A_HDMI-001S_HDMI-001S_HDMI-001S_HDMI1.V_SpeedXP_auto_3_En
0.000000e+00 (A)  X_HDMI1.Xpartial.X_SpeedXP_auto_HDMI-A_HDMI-001S_HDMI-001S_HDMI-001S_HDMI1.V_SpeedXP_auto_4_En
0.000000e+00 (A)  X_HDMI1.Xpartial.X_SpeedXP_auto_HDMI-A_HDMI-001S_HDMI-001S_HDMI-001S_HDMI1.V_SpeedXP_auto_6_En
0.000000e+00 (A)  X_HDMI1.Xpartial.X_SpeedXP_auto_HDMI-A_HDMI-001S_HDMI-001S_HDMI-001S_HDMI1.V_SpeedXP_auto_7_En
0.000000e+00 (A)  X_HDMI1.Xpartial.X_SpeedXP_auto_HDMI-A_HDMI-001S_HDMI-001S_HDMI-001S_HDMI1.V_SpeedXP_auto_9_En
0.000000e+00 (A)  X_R24.Xpartial.X_SpeedXP_auto_RES_R0603_10K_10K_R24_R24.V_SpeedXP_auto_2_En
-1.000000e-12 (A)  X_R25.Xpartial.X_SpeedXP_auto_RES_R0603_1K_1K_R25_R25.V_SpeedXP_auto_1_En
0.000000e+00 (A)  X_R25.Xpartial.X_SpeedXP_auto_RES_R0603_1K_1K_R25_R25.X_SpeedXP_auto_1_St.v1
0.000000e+00 (A)  X_SW1.Xpartial.X_SpeedXP_auto_SWITCH-2P_SMD4030_1_6N_1_6N_SW1.V_SpeedXP_auto_2_En
-1.010000e-10 (A)  X_U8.Xpartial.X_SpeedXP_auto_TC358870XBG_1_VFBGA80_(S1+S2+S3+S4)_TC358870XBG(NOK)_TC358870XBG(NOK)_U8.B_SpeedXP_auto_A6_OutOfIn
0.000000e+00 (A)  X_U8.Xpartial.X_SpeedXP_auto_TC358870XBG_1_VFBGA80_(S1+S2+S3+S4)_TC358870XBG(NOK)_TC358870XBG(NOK)_U8.B_SpeedXP_auto_B6_OutOfIn
-1.010000e-10 (A)  X_U8.Xpartial.X_SpeedXP_auto_TC358870XBG_1_VFBGA80_(S1+S2+S3+S4)_TC358870XBG(NOK)_TC358870XBG(NOK)_U8.B_SpeedXP_auto_D10_OutOfIn
0.000000e+00 (A)  X_U8.Xpartial.X_SpeedXP_auto_TC358870XBG_1_VFBGA80_(S1+S2+S3+S4)_TC358870XBG(NOK)_TC358870XBG(NOK)_U8.B_SpeedXP_auto_D9_OutOfIn
-1.010000e-10 (A)  X_U8.Xpartial.X_SpeedXP_auto_TC358870XBG_1_VFBGA80_(S1+S2+S3+S4)_TC358870XBG(NOK)_TC358870XBG(NOK)_U8.B_SpeedXP_auto_E10_OutOfIn
0.000000e+00 (A)  X_U8.Xpartial.X_SpeedXP_auto_TC358870XBG_1_VFBGA80_(S1+S2+S3+S4)_TC358870XBG(NOK)_TC358870XBG(NOK)_U8.B_SpeedXP_auto_E9_OutOfIn
-1.010000e-10 (A)  X_U8.Xpartial.X_SpeedXP_auto_TC358870XBG_1_VFBGA80_(S1+S2+S3+S4)_TC358870XBG(NOK)_TC358870XBG(NOK)_U8.B_SpeedXP_auto_F10_OutOfIn
0.000000e+00 (A)  X_U8.Xpartial.X_SpeedXP_auto_TC358870XBG_1_VFBGA80_(S1+S2+S3+S4)_TC358870XBG(NOK)_TC358870XBG(NOK)_U8.B_SpeedXP_auto_F9_OutOfIn
-1.010000e-10 (A)  X_U8.Xpartial.X_SpeedXP_auto_TC358870XBG_1_VFBGA80_(S1+S2+S3+S4)_TC358870XBG(NOK)_TC358870XBG(NOK)_U8.B_SpeedXP_auto_G10_OutOfIn
0.000000e+00 (A)  X_U8.Xpartial.X_SpeedXP_auto_TC358870XBG_1_VFBGA80_(S1+S2+S3+S4)_TC358870XBG(NOK)_TC358870XBG(NOK)_U8.B_SpeedXP_auto_G9_OutOfIn
0.000000e+00 (A)  X_U8.Xpartial.X_SpeedXP_auto_TC358870XBG_1_VFBGA80_(S1+S2+S3+S4)_TC358870XBG(NOK)_TC358870XBG(NOK)_U8.V_SpeedXP_auto_A4_En
0.000000e+00 (A)  X_U8.Xpartial.X_SpeedXP_auto_TC358870XBG_1_VFBGA80_(S1+S2+S3+S4)_TC358870XBG(NOK)_TC358870XBG(NOK)_U8.V_SpeedXP_auto_A5_En
0.000000e+00 (A)  X_U8.Xpartial.X_SpeedXP_auto_TC358870XBG_1_VFBGA80_(S1+S2+S3+S4)_TC358870XBG(NOK)_TC358870XBG(NOK)_U8.V_SpeedXP_auto_A6_En
0.000000e+00 (A)  X_U8.Xpartial.X_SpeedXP_auto_TC358870XBG_1_VFBGA80_(S1+S2+S3+S4)_TC358870XBG(NOK)_TC358870XBG(NOK)_U8.V_SpeedXP_auto_A7_En
0.000000e+00 (A)  X_U8.Xpartial.X_SpeedXP_auto_TC358870XBG_1_VFBGA80_(S1+S2+S3+S4)_TC358870XBG(NOK)_TC358870XBG(NOK)_U8.V_SpeedXP_auto_A8_En
0.000000e+00 (A)  X_U8.Xpartial.X_SpeedXP_auto_TC358870XBG_1_VFBGA80_(S1+S2+S3+S4)_TC358870XBG(NOK)_TC358870XBG(NOK)_U8.V_SpeedXP_auto_A9_En
0.000000e+00 (A)  X_U8.Xpartial.X_SpeedXP_auto_TC358870XBG_1_VFBGA80_(S1+S2+S3+S4)_TC358870XBG(NOK)_TC358870XBG(NOK)_U8.V_SpeedXP_auto_B5_En
0.000000e+00 (A)  X_U8.Xpartial.X_SpeedXP_auto_TC358870XBG_1_VFBGA80_(S1+S2+S3+S4)_TC358870XBG(NOK)_TC358870XBG(NOK)_U8.V_SpeedXP_auto_B6_En
0.000000e+00 (A)  X_U8.Xpartial.X_SpeedXP_auto_TC358870XBG_1_VFBGA80_(S1+S2+S3+S4)_TC358870XBG(NOK)_TC358870XBG(NOK)_U8.V_SpeedXP_auto_B7_En
0.000000e+00 (A)  X_U8.Xpartial.X_SpeedXP_auto_TC358870XBG_1_VFBGA80_(S1+S2+S3+S4)_TC358870XBG(NOK)_TC358870XBG(NOK)_U8.V_SpeedXP_auto_B8_En
0.000000e+00 (A)  X_U8.Xpartial.X_SpeedXP_auto_TC358870XBG_1_VFBGA80_(S1+S2+S3+S4)_TC358870XBG(NOK)_TC358870XBG(NOK)_U8.V_SpeedXP_auto_B9_En
0.000000e+00 (A)  X_U8.Xpartial.X_SpeedXP_auto_TC358870XBG_1_VFBGA80_(S1+S2+S3+S4)_TC358870XBG(NOK)_TC358870XBG(NOK)_U8.V_SpeedXP_auto_C1_En
0.000000e+00 (A)  X_U8.Xpartial.X_SpeedXP_auto_TC358870XBG_1_VFBGA80_(S1+S2+S3+S4)_TC358870XBG(NOK)_TC358870XBG(NOK)_U8.V_SpeedXP_auto_C2_En
0.000000e+00 (A)  X_U8.Xpartial.X_SpeedXP_auto_TC358870XBG_1_VFBGA80_(S1+S2+S3+S4)_TC358870XBG(NOK)_TC358870XBG(NOK)_U8.V_SpeedXP_auto_D10_En
0.000000e+00 (A)  X_U8.Xpartial.X_SpeedXP_auto_TC358870XBG_1_VFBGA80_(S1+S2+S3+S4)_TC358870XBG(NOK)_TC358870XBG(NOK)_U8.V_SpeedXP_auto_D1_En
0.000000e+00 (A)  X_U8.Xpartial.X_SpeedXP_auto_TC358870XBG_1_VFBGA80_(S1+S2+S3+S4)_TC358870XBG(NOK)_TC358870XBG(NOK)_U8.V_SpeedXP_auto_D2_En
0.000000e+00 (A)  X_U8.Xpartial.X_SpeedXP_auto_TC358870XBG_1_VFBGA80_(S1+S2+S3+S4)_TC358870XBG(NOK)_TC358870XBG(NOK)_U8.V_SpeedXP_auto_D9_En
0.000000e+00 (A)  X_U8.Xpartial.X_SpeedXP_auto_TC358870XBG_1_VFBGA80_(S1+S2+S3+S4)_TC358870XBG(NOK)_TC358870XBG(NOK)_U8.V_SpeedXP_auto_E10_En
0.000000e+00 (A)  X_U8.Xpartial.X_SpeedXP_auto_TC358870XBG_1_VFBGA80_(S1+S2+S3+S4)_TC358870XBG(NOK)_TC358870XBG(NOK)_U8.V_SpeedXP_auto_E1_En
0.000000e+00 (A)  X_U8.Xpartial.X_SpeedXP_auto_TC358870XBG_1_VFBGA80_(S1+S2+S3+S4)_TC358870XBG(NOK)_TC358870XBG(NOK)_U8.V_SpeedXP_auto_E2_En
0.000000e+00 (A)  X_U8.Xpartial.X_SpeedXP_auto_TC358870XBG_1_VFBGA80_(S1+S2+S3+S4)_TC358870XBG(NOK)_TC358870XBG(NOK)_U8.V_SpeedXP_auto_E9_En
0.000000e+00 (A)  X_U8.Xpartial.X_SpeedXP_auto_TC358870XBG_1_VFBGA80_(S1+S2+S3+S4)_TC358870XBG(NOK)_TC358870XBG(NOK)_U8.V_SpeedXP_auto_F10_En
0.000000e+00 (A)  X_U8.Xpartial.X_SpeedXP_auto_TC358870XBG_1_VFBGA80_(S1+S2+S3+S4)_TC358870XBG(NOK)_TC358870XBG(NOK)_U8.V_SpeedXP_auto_F1_En
0.000000e+00 (A)  X_U8.Xpartial.X_SpeedXP_auto_TC358870XBG_1_VFBGA80_(S1+S2+S3+S4)_TC358870XBG(NOK)_TC358870XBG(NOK)_U8.V_SpeedXP_auto_F2_En
0.000000e+00 (A)  X_U8.Xpartial.X_SpeedXP_auto_TC358870XBG_1_VFBGA80_(S1+S2+S3+S4)_TC358870XBG(NOK)_TC358870XBG(NOK)_U8.V_SpeedXP_auto_F9_En
0.000000e+00 (A)  X_U8.Xpartial.X_SpeedXP_auto_TC358870XBG_1_VFBGA80_(S1+S2+S3+S4)_TC358870XBG(NOK)_TC358870XBG(NOK)_U8.V_SpeedXP_auto_G10_En
0.000000e+00 (A)  X_U8.Xpartial.X_SpeedXP_auto_TC358870XBG_1_VFBGA80_(S1+S2+S3+S4)_TC358870XBG(NOK)_TC358870XBG(NOK)_U8.V_SpeedXP_auto_G9_En
0.000000e+00 (A)  X_U8.Xpartial.X_SpeedXP_auto_TC358870XBG_1_VFBGA80_(S1+S2+S3+S4)_TC358870XBG(NOK)_TC358870XBG(NOK)_U8.V_SpeedXP_auto_H10_En
0.000000e+00 (A)  X_U8.Xpartial.X_SpeedXP_auto_TC358870XBG_1_VFBGA80_(S1+S2+S3+S4)_TC358870XBG(NOK)_TC358870XBG(NOK)_U8.V_SpeedXP_auto_H9_En
0.000000e+00 (A)  X_U8.Xpartial.X_SpeedXP_auto_TC358870XBG_1_VFBGA80_(S1+S2+S3+S4)_TC358870XBG(NOK)_TC358870XBG(NOK)_U8.V_SpeedXP_auto_K8_En
-2.500000e-12 (A)  X_U8.Xpartial.X_SpeedXP_auto_TC358870XBG_1_VFBGA80_(S1+S2+S3+S4)_TC358870XBG(NOK)_TC358870XBG(NOK)_U8.Vpwr_A6
-7.500000e-12 (A)  X_U8.Xpartial.X_SpeedXP_auto_TC358870XBG_1_VFBGA80_(S1+S2+S3+S4)_TC358870XBG(NOK)_TC358870XBG(NOK)_U8.Vpwr_B6
-2.500000e-12 (A)  X_U8.Xpartial.X_SpeedXP_auto_TC358870XBG_1_VFBGA80_(S1+S2+S3+S4)_TC358870XBG(NOK)_TC358870XBG(NOK)_U8.Vpwr_D10
-7.500000e-12 (A)  X_U8.Xpartial.X_SpeedXP_auto_TC358870XBG_1_VFBGA80_(S1+S2+S3+S4)_TC358870XBG(NOK)_TC358870XBG(NOK)_U8.Vpwr_D9
-2.500000e-12 (A)  X_U8.Xpartial.X_SpeedXP_auto_TC358870XBG_1_VFBGA80_(S1+S2+S3+S4)_TC358870XBG(NOK)_TC358870XBG(NOK)_U8.Vpwr_E10
-7.500000e-12 (A)  X_U8.Xpartial.X_SpeedXP_auto_TC358870XBG_1_VFBGA80_(S1+S2+S3+S4)_TC358870XBG(NOK)_TC358870XBG(NOK)_U8.Vpwr_E9
-2.500000e-12 (A)  X_U8.Xpartial.X_SpeedXP_auto_TC358870XBG_1_VFBGA80_(S1+S2+S3+S4)_TC358870XBG(NOK)_TC358870XBG(NOK)_U8.Vpwr_F10
-7.500000e-12 (A)  X_U8.Xpartial.X_SpeedXP_auto_TC358870XBG_1_VFBGA80_(S1+S2+S3+S4)_TC358870XBG(NOK)_TC358870XBG(NOK)_U8.Vpwr_F9
-2.500000e-12 (A)  X_U8.Xpartial.X_SpeedXP_auto_TC358870XBG_1_VFBGA80_(S1+S2+S3+S4)_TC358870XBG(NOK)_TC358870XBG(NOK)_U8.Vpwr_G10
-7.500000e-12 (A)  X_U8.Xpartial.X_SpeedXP_auto_TC358870XBG_1_VFBGA80_(S1+S2+S3+S4)_TC358870XBG(NOK)_TC358870XBG(NOK)_U8.Vpwr_G9
5.000000e-12 (A)  xvia0.lnode2530::mipi_dsi0_data1_n
-9.500040e-11 (A)  xvia0.lnode3082::mipi_dsi0_data1_p
5.000000e-12 (A)  Xvia0.VRLNode2530::MIPI_DSI0_DATA1_N
-9.750041e-11 (A)  Xvia0.VRLNode3082::MIPI_DSI0_DATA1_P
5.000000e-12 (A)  xvia1.lnode2494::mipi_dsi0_data2_n
-9.250048e-11 (A)  xvia1.lnode3029::mipi_dsi0_data2_p
5.000000e-12 (A)  Xvia1.VRLNode2494::MIPI_DSI0_DATA2_N
-9.500047e-11 (A)  Xvia1.VRLNode3029::MIPI_DSI0_DATA2_P
5.000000e-12 (A)  xvia2.lnode2408::mipi_dsi0_data3_n
-1.025007e-10 (A)  xvia2.lnode2846::mipi_dsi0_data3_p
5.000000e-12 (A)  xvia2.lvia73::mipi_dsi0_data3_n_patchsignal#gnd
5.000000e-12 (A)  xvia2.lvia73::mipi_dsi0_data3_n_patchsignal#pwoer
-1.075007e-10 (A)  xvia2.lvia78::mipi_dsi0_data3_p_patchsignal#gnd
-1.125007e-10 (A)  xvia2.lvia78::mipi_dsi0_data3_p_patchsignal#pwoer
5.000000e-12 (A)  Xvia2.VRLNode2408::MIPI_DSI0_DATA3_N
-1.050007e-10 (A)  Xvia2.VRLNode2846::MIPI_DSI0_DATA3_P
5.000000e-12 (A)  Xvia2.VRLVia73::MIPI_DSI0_DATA3_N_PatchSignal#GND
5.000000e-12 (A)  Xvia2.VRLVia73::MIPI_DSI0_DATA3_N_PatchSignal#PWOER
-1.100007e-10 (A)  Xvia2.VRLVia78::MIPI_DSI0_DATA3_P_PatchSignal#GND
-1.150007e-10 (A)  Xvia2.VRLVia78::MIPI_DSI0_DATA3_P_PatchSignal#PWOER
5.000000e-12 (A)  xvia3.lnode2342::mipi_dsi0_clk_n
-1.075009e-10 (A)  xvia3.lnode2702::mipi_dsi0_clk_p
5.000000e-12 (A)  Xvia3.VRLNode2342::MIPI_DSI0_CLK_N
-1.100009e-10 (A)  Xvia3.VRLNode2702::MIPI_DSI0_CLK_P
5.000000e-12 (A)  xvia4.lnode1321::mipi_dsi1_data2_n
-4.250031e-11 (A)  xvia4.lnode1541::mipi_dsi1_data2_p
5.000000e-12 (A)  Xvia4.VRLNode1321::MIPI_DSI1_DATA2_N
-4.500035e-11 (A)  Xvia4.VRLNode1541::MIPI_DSI1_DATA2_P
