0.000000e+00 (V)  __Gnd
2.500000e+00 (V)  FILLETpad~polygon0101::mipi_dsi0_clk_n
1.001822e-10 (V)  FILLETpad~polygon0102::mipi_dsi0_data1_p
2.500000e+00 (V)  FILLETpad~polygon0103::mipi_dsi1_data2_n
2.500000e+00 (V)  FILLETpad~polygon0107::mipi_dsi0_data2_n
1.001413e-10 (V)  FILLETpad~polygon0108::mipi_dsi0_data2_p
1.001007e-10 (V)  FILLETpad~polygon0111::mipi_dsi0_clk_p
1.000107e-10 (V)  FILLETpad~polygon0112::mipi_dsi0_data3_p
2.500000e+00 (V)  FILLETpad~polygon0114::mipi_dsi0_data3_n
2.500000e+00 (V)  FILLETpad~polygon0119::mipi_dsi0_data3_n
2.500000e+00 (V)  FILLETpad~polygon0120::mipi_dsi0_clk_n
1.000000e-10 (V)  FILLETpad~polygon0122::mipi_dsi1_data2_p
1.000000e-10 (V)  FILLETpad~polygon0126::mipi_dsi0_clk_p
1.000000e-10 (V)  FILLETpad~polygon0127::mipi_dsi0_data1_p
2.500000e+00 (V)  FILLETpad~polygon0128::mipi_dsi1_data2_n
2.500000e+00 (V)  FILLETpad~polygon0131::mipi_dsi0_data2_n
2.500000e+00 (V)  FILLETpad~polygon0262::mipi_dsi0_data3_n
1.001431e-10 (V)  FILLETpad~polygon0265::mipi_dsi0_data2_p
1.001024e-10 (V)  FILLETpad~polygon0274::mipi_dsi0_clk_p
2.500000e+00 (V)  FILLETpad~polygon0326::mipi_dsi1_data2_n
1.001840e-10 (V)  FILLETpad~polygon0327::mipi_dsi0_data1_p
2.500000e+00 (V)  FILLETpad~polygon0328::mipi_dsi0_clk_n
1.000125e-10 (V)  FILLETpad~polygon0338::mipi_dsi0_data3_p
2.500000e+00 (V)  FILLETpad~polygon0396::mipi_dsi0_data1_n
1.005268e-10 (V)  FILLETpad~polygon0405::mipi_dsi1_data2_p
1.003666e-10 (V)  FILLETpad~polygon0407::mipi_dsi0_clk_p
1.003626e-10 (V)  FILLETpad~polygon0410::mipi_dsi0_data3_p
2.500000e+00 (V)  FILLETpad~polygon0413::mipi_dsi0_data3_n
2.500000e+00 (V)  FILLETpad~polygon0418::mipi_dsi0_data2_n
2.500000e+00 (V)  FILLETpad~polygon0422::mipi_dsi1_data2_n
2.500000e+00 (V)  FILLETpad~polygon0424::mipi_dsi0_clk_n
1.003670e-10 (V)  FILLETpad~polygon0437::mipi_dsi0_data2_p
1.006217e-10 (V)  FILLETpad~polygon0438::mipi_dsi1_data2_p
2.500000e+00 (V)  FILLETpad~polygon0444::mipi_dsi0_data1_n
2.500000e+00 (V)  FILLETpad~polygon048::mipi_dsi0_data1_n
1.005250e-10 (V)  FILLETpad~polygon088::mipi_dsi1_data2_p
1.100000e+00 (V)  IPGPWR_VCC_1V1
1.200000e+00 (V)  IPGPWR_VCC_1V2
1.800000e+00 (V)  IPGPWR_VCC_1V8
3.300000e+00 (V)  IPGPWR_VCC_3V3
5.000000e+00 (V)  IPGPWR_VCC_5V
5.000000e+00 (V)  IPGPWR_VCC_5V5
0.000000e+00 (V)  Node101!!A8::MIPI_DSI1_DATA1_P
0.000000e+00 (V)  Node102!!B9::MIPI_DSI1_DATA0_N
0.000000e+00 (V)  Node103!!A9::MIPI_DSI1_DATA0_P
0.000000e+00 (V)  Node108!!H9::MIPI_DSI0_DATA0_N
0.000000e+00 (V)  Node1081!!15::MIPI_DSI1_CLK_P
0.000000e+00 (V)  Node11!!B4::VCC_HDMIRX_IN
1.003582e-10 (V)  Node110!!D10_Auto_259::MIPI_DSI0_DATA3_P
1.003616e-10 (V)  Node111!!E10_Auto_258::MIPI_DSI0_DATA2_P
1.003807e-10 (V)  Node112!!G10::MIPI_DSI0_DATA1_P
0.000000e+00 (V)  Node1207!!20::MIPI_DSI1_DATA3_N
0.000000e+00 (V)  Node1276!!19::MIPI_DSI1_DATA3_P
2.500000e+00 (V)  Node1309::MIPI_DSI1_DATA2_N
2.500000e+00 (V)  Node1309_Auto_1356::MIPI_DSI1_DATA2_N
2.500000e+00 (V)  Node1311::MIPI_DSI1_DATA2_N
2.500000e+00 (V)  Node1312::MIPI_DSI1_DATA2_N
2.500000e+00 (V)  Node1313::MIPI_DSI1_DATA2_N
2.500000e+00 (V)  Node1313_Auto_1409::MIPI_DSI1_DATA2_N
2.500000e+00 (V)  Node1313_Auto_1411::MIPI_DSI1_DATA2_N
2.500000e+00 (V)  Node1314::MIPI_DSI1_DATA2_N
2.500000e+00 (V)  Node1316::MIPI_DSI1_DATA2_N
2.500000e+00 (V)  Node1316_Auto_1418::MIPI_DSI1_DATA2_N
2.500000e+00 (V)  Node1316_Auto_1419::MIPI_DSI1_DATA2_N
2.500000e+00 (V)  Node1317::MIPI_DSI1_DATA2_N
2.500000e+00 (V)  Node1317_Auto_1420::MIPI_DSI1_DATA2_N
2.500000e+00 (V)  Node1318::MIPI_DSI1_DATA2_N
2.500000e+00 (V)  Node1325::MIPI_DSI1_DATA2_N
2.500000e+00 (V)  Node1325_Auto_2437::MIPI_DSI1_DATA2_N
2.500000e+00 (V)  Node1325_Auto_2439::MIPI_DSI1_DATA2_N
2.500000e+00 (V)  Node1325_Auto_2441::MIPI_DSI1_DATA2_N
2.500000e+00 (V)  Node1325_Auto_2442::MIPI_DSI1_DATA2_N
2.500000e+00 (V)  Node1327::MIPI_DSI1_DATA2_N
2.500000e+00 (V)  Node1327_Auto_2443::MIPI_DSI1_DATA2_N
2.500000e+00 (V)  Node1327_Auto_2445::MIPI_DSI1_DATA2_N
2.500000e+00 (V)  Node1329::MIPI_DSI1_DATA2_N
2.500000e+00 (V)  Node1338::MIPI_DSI1_DATA2_N
2.500000e+00 (V)  Node1341::MIPI_DSI1_DATA2_N
2.500000e+00 (V)  Node1341_Auto_2448::MIPI_DSI1_DATA2_N
2.500000e+00 (V)  Node1341_Auto_2460::MIPI_DSI1_DATA2_N
2.500000e+00 (V)  Node1349::MIPI_DSI1_DATA2_N
2.500000e+00 (V)  Node1349_Auto_2450::MIPI_DSI1_DATA2_N
2.500000e+00 (V)  Node1349_Auto_2461::MIPI_DSI1_DATA2_N
2.500000e+00 (V)  Node1349_Auto_2463::MIPI_DSI1_DATA2_N
2.500000e+00 (V)  Node1352::MIPI_DSI1_DATA2_N
2.500000e+00 (V)  Node1361::MIPI_DSI1_DATA2_N
2.500000e+00 (V)  Node1364::MIPI_DSI1_DATA2_N
2.500000e+00 (V)  Node1364_Auto_2455::MIPI_DSI1_DATA2_N
2.500000e+00 (V)  Node1364_Auto_2456::MIPI_DSI1_DATA2_N
2.500000e+00 (V)  Node1364_Auto_2465::MIPI_DSI1_DATA2_N
2.500000e+00 (V)  Node1367::MIPI_DSI1_DATA2_N
2.500000e+00 (V)  Node1369::MIPI_DSI1_DATA2_N
2.500000e+00 (V)  Node1371::MIPI_DSI1_DATA2_N
2.500000e+00 (V)  Node1371_Auto_1426::MIPI_DSI1_DATA2_N
2.500000e+00 (V)  Node1371_Auto_1427::MIPI_DSI1_DATA2_N
2.500000e+00 (V)  Node1374::MIPI_DSI1_DATA2_N
2.500000e+00 (V)  Node1375::MIPI_DSI1_DATA2_N
2.500000e+00 (V)  Node1375_Auto_1423::MIPI_DSI1_DATA2_N
2.500000e+00 (V)  Node1378::MIPI_DSI1_DATA2_N
2.500000e+00 (V)  Node1381::MIPI_DSI1_DATA2_N
2.500000e+00 (V)  Node1384::MIPI_DSI1_DATA2_N
2.500000e+00 (V)  Node1393::MIPI_DSI1_DATA2_N
2.500000e+00 (V)  Node1396::MIPI_DSI1_DATA2_N
0.000000e+00 (V)  Node14!!F2::HDMI_DATA2_N
2.500000e+00 (V)  Node1403::MIPI_DSI1_DATA2_N
2.500000e+00 (V)  Node1403_Auto_1428::MIPI_DSI1_DATA2_N
2.500000e+00 (V)  Node1405::MIPI_DSI1_DATA2_N
2.500000e+00 (V)  Node1405_Auto_1431::MIPI_DSI1_DATA2_N
2.500000e+00 (V)  Node1407::MIPI_DSI1_DATA2_N
2.500000e+00 (V)  Node1408::MIPI_DSI1_DATA2_N
2.500000e+00 (V)  Node1410::MIPI_DSI1_DATA2_N
2.500000e+00 (V)  Node1430::MIPI_DSI1_DATA2_N
2.500000e+00 (V)  Node1432::MIPI_DSI1_DATA2_N
2.500000e+00 (V)  Node1452::MIPI_DSI1_DATA2_N
2.500000e+00 (V)  Node1454::MIPI_DSI1_DATA2_N
2.500000e+00 (V)  Node1474::MIPI_DSI1_DATA2_N
2.500000e+00 (V)  Node1476::MIPI_DSI1_DATA2_N
2.500000e+00 (V)  Node1496::MIPI_DSI1_DATA2_N
2.500000e+00 (V)  Node1498::MIPI_DSI1_DATA2_N
0.000000e+00 (V)  Node15!!2::HDMI_DATA2_N
2.500000e+00 (V)  Node1518::MIPI_DSI1_DATA2_N
2.500000e+00 (V)  Node1521::MIPI_DSI1_DATA2_N
2.500000e+00 (V)  Node1521_Auto_1502::MIPI_DSI1_DATA2_N
2.500000e+00 (V)  Node1521_Auto_1503::MIPI_DSI1_DATA2_N
2.500000e+00 (V)  Node1521_Auto_1504::MIPI_DSI1_DATA2_N
2.500000e+00 (V)  Node1522::MIPI_DSI1_DATA2_N
2.500000e+00 (V)  Node1522_Auto_1472::MIPI_DSI1_DATA2_N
2.500000e+00 (V)  Node1522_Auto_1473::MIPI_DSI1_DATA2_N
2.500000e+00 (V)  Node1522_Auto_1476::MIPI_DSI1_DATA2_N
2.500000e+00 (V)  Node1522_Auto_1477::MIPI_DSI1_DATA2_N
2.500000e+00 (V)  Node1522_Auto_1478::MIPI_DSI1_DATA2_N
2.500000e+00 (V)  Node1524::MIPI_DSI1_DATA2_N
2.500000e+00 (V)  Node1524_Auto_1928::MIPI_DSI1_DATA2_N
2.500000e+00 (V)  Node1525!!12_Auto_1936::MIPI_DSI1_DATA2_N
2.500000e+00 (V)  Node1525!!12_Auto_1937::MIPI_DSI1_DATA2_N
1.006059e-10 (V)  Node1526::MIPI_DSI1_DATA2_P
1.005667e-10 (V)  Node1526_Auto_1412::MIPI_DSI1_DATA2_P
1.005644e-10 (V)  Node1527::MIPI_DSI1_DATA2_P
1.005639e-10 (V)  Node1528::MIPI_DSI1_DATA2_P
1.005548e-10 (V)  Node1529::MIPI_DSI1_DATA2_P
1.005542e-10 (V)  Node1530::MIPI_DSI1_DATA2_P
1.005519e-10 (V)  Node1530_Auto_1407::MIPI_DSI1_DATA2_P
1.005513e-10 (V)  Node1531::MIPI_DSI1_DATA2_P
1.005367e-10 (V)  Node1532::MIPI_DSI1_DATA2_P
1.005343e-10 (V)  Node1532_Auto_1421::MIPI_DSI1_DATA2_P
1.005313e-10 (V)  Node1534::MIPI_DSI1_DATA2_P
1.005070e-10 (V)  Node1548::MIPI_DSI1_DATA2_P
1.005040e-10 (V)  Node1549::MIPI_DSI1_DATA2_P
1.005036e-10 (V)  Node1549_Auto_2438::MIPI_DSI1_DATA2_P
1.005010e-10 (V)  Node1550::MIPI_DSI1_DATA2_P
1.004979e-10 (V)  Node1551::MIPI_DSI1_DATA2_P
1.004951e-10 (V)  Node1551_Auto_2444::MIPI_DSI1_DATA2_P
1.004782e-10 (V)  Node1554::MIPI_DSI1_DATA2_P
1.004742e-10 (V)  Node1558::MIPI_DSI1_DATA2_P
1.004701e-10 (V)  Node1563::MIPI_DSI1_DATA2_P
1.004499e-10 (V)  Node1566::MIPI_DSI1_DATA2_P
1.004532e-10 (V)  Node1566_Auto_2446::MIPI_DSI1_DATA2_P
1.004511e-10 (V)  Node1566_Auto_2459::MIPI_DSI1_DATA2_P
1.004233e-10 (V)  Node1574::MIPI_DSI1_DATA2_P
1.004192e-10 (V)  Node1574_Auto_2451::MIPI_DSI1_DATA2_P
1.004023e-10 (V)  Node1574_Auto_2452::MIPI_DSI1_DATA2_P
1.004212e-10 (V)  Node1574_Auto_2458::MIPI_DSI1_DATA2_P
1.003973e-10 (V)  Node1577::MIPI_DSI1_DATA2_P
1.003892e-10 (V)  Node1586::MIPI_DSI1_DATA2_P
1.003631e-10 (V)  Node1589::MIPI_DSI1_DATA2_P
1.003673e-10 (V)  Node1589_Auto_2453::MIPI_DSI1_DATA2_P
1.003842e-10 (V)  Node1589_Auto_2454::MIPI_DSI1_DATA2_P
1.003651e-10 (V)  Node1589_Auto_2457::MIPI_DSI1_DATA2_P
1.003542e-10 (V)  Node1592::MIPI_DSI1_DATA2_P
1.003522e-10 (V)  Node1592_Auto_1422::MIPI_DSI1_DATA2_P
1.003501e-10 (V)  Node1594::MIPI_DSI1_DATA2_P
1.003424e-10 (V)  Node1596::MIPI_DSI1_DATA2_P
1.003419e-10 (V)  Node1596_Auto_1425::MIPI_DSI1_DATA2_P
1.003223e-10 (V)  Node1599::MIPI_DSI1_DATA2_P
0.000000e+00 (V)  Node16!!3::HDMI_DATA2_N
1.003205e-10 (V)  Node1600::MIPI_DSI1_DATA2_P
1.003167e-10 (V)  Node1600_Auto_1424::MIPI_DSI1_DATA2_P
1.002896e-10 (V)  Node1604::MIPI_DSI1_DATA2_P
1.002762e-10 (V)  Node1604_Auto_1429::MIPI_DSI1_DATA2_P
1.002735e-10 (V)  Node1606::MIPI_DSI1_DATA2_P
1.002708e-10 (V)  Node1606_Auto_1430::MIPI_DSI1_DATA2_P
1.002654e-10 (V)  Node1608::MIPI_DSI1_DATA2_P
1.002614e-10 (V)  Node1611::MIPI_DSI1_DATA2_P
1.002533e-10 (V)  Node1614::MIPI_DSI1_DATA2_P
1.002427e-10 (V)  Node1622::MIPI_DSI1_DATA2_P
1.002346e-10 (V)  Node1625::MIPI_DSI1_DATA2_P
1.002159e-10 (V)  Node1636::MIPI_DSI1_DATA2_P
1.002119e-10 (V)  Node1639::MIPI_DSI1_DATA2_P
1.002053e-10 (V)  Node1644::MIPI_DSI1_DATA2_P
1.002029e-10 (V)  Node1644_Auto_1432::MIPI_DSI1_DATA2_P
1.001972e-10 (V)  Node1647::MIPI_DSI1_DATA2_P
1.001866e-10 (V)  Node1655::MIPI_DSI1_DATA2_P
1.001809e-10 (V)  Node1658::MIPI_DSI1_DATA2_P
1.001702e-10 (V)  Node1666::MIPI_DSI1_DATA2_P
1.001645e-10 (V)  Node1669::MIPI_DSI1_DATA2_P
1.001605e-10 (V)  Node1672::MIPI_DSI1_DATA2_P
1.001595e-10 (V)  Node1672_Auto_1517::MIPI_DSI1_DATA2_P
1.001493e-10 (V)  Node1672_Auto_1519::MIPI_DSI1_DATA2_P
1.001483e-10 (V)  Node1675::MIPI_DSI1_DATA2_P
1.001448e-10 (V)  Node1676::MIPI_DSI1_DATA2_P
1.000737e-10 (V)  Node1676_Auto_1479::MIPI_DSI1_DATA2_P
1.000678e-10 (V)  Node1676_Auto_1480::MIPI_DSI1_DATA2_P
1.001077e-10 (V)  Node1676_Auto_1481::MIPI_DSI1_DATA2_P
1.001018e-10 (V)  Node1676_Auto_1482::MIPI_DSI1_DATA2_P
1.000907e-10 (V)  Node1676_Auto_1483::MIPI_DSI1_DATA2_P
1.000848e-10 (V)  Node1676_Auto_1484::MIPI_DSI1_DATA2_P
1.001247e-10 (V)  Node1676_Auto_1485::MIPI_DSI1_DATA2_P
1.001188e-10 (V)  Node1676_Auto_1486::MIPI_DSI1_DATA2_P
1.001438e-10 (V)  Node1676_Auto_1515::MIPI_DSI1_DATA2_P
1.001358e-10 (V)  Node1676_Auto_1516::MIPI_DSI1_DATA2_P
1.000388e-10 (V)  Node1679::MIPI_DSI1_DATA2_P
1.000453e-10 (V)  Node1679_Auto_1500::MIPI_DSI1_DATA2_P
1.000488e-10 (V)  Node1679_Auto_1501::MIPI_DSI1_DATA2_P
1.000567e-10 (V)  Node1679_Auto_1508::MIPI_DSI1_DATA2_P
1.000579e-10 (V)  Node1679_Auto_1513::MIPI_DSI1_DATA2_P
1.000600e-10 (V)  Node1679_Auto_1514::MIPI_DSI1_DATA2_P
1.000370e-10 (V)  Node1680::MIPI_DSI1_DATA2_P
1.000298e-10 (V)  Node1680_Auto_1470::MIPI_DSI1_DATA2_P
1.000269e-10 (V)  Node1680_Auto_1471::MIPI_DSI1_DATA2_P
1.000330e-10 (V)  Node1680_Auto_1474::MIPI_DSI1_DATA2_P
1.000301e-10 (V)  Node1680_Auto_1475::MIPI_DSI1_DATA2_P
1.000202e-10 (V)  Node1680_Auto_1487::MIPI_DSI1_DATA2_P
1.000175e-10 (V)  Node1682::MIPI_DSI1_DATA2_P
1.000148e-10 (V)  Node1682_Auto_1927::MIPI_DSI1_DATA2_P
1.000113e-10 (V)  Node1683::MIPI_DSI1_DATA2_P
1.000093e-10 (V)  Node1684::MIPI_DSI1_DATA2_P
1.000014e-10 (V)  Node1685!!11_Auto_1934::MIPI_DSI1_DATA2_P
1.000082e-10 (V)  Node1685!!11_Auto_1935::MIPI_DSI1_DATA2_P
0.000000e+00 (V)  Node17!!9::HDMI_DATA2_N
0.000000e+00 (V)  Node1795!!14::MIPI_DSI1_DATA1_N
0.000000e+00 (V)  Node18!!F1::HDMI_DATA2_P
0.000000e+00 (V)  Node180!!H10::MIPI_DSI0_DATA0_P
0.000000e+00 (V)  Node181!!J3::INT
0.000000e+00 (V)  Node182!!K4::I2C_SCL
0.000000e+00 (V)  Node183!!K3::I2C_SDA
0.000000e+00 (V)  Node184!!2::RESETN
0.000000e+00 (V)  Node185!!2::RESETN
0.000000e+00 (V)  Node186!!2::RESETN
0.000000e+00 (V)  Node187!!1::RESETN
0.000000e+00 (V)  Node188!!K8::RESETN
0.000000e+00 (V)  Node19!!1::HDMI_DATA2_P
0.000000e+00 (V)  Node20!!1::HDMI_DATA2_P
0.000000e+00 (V)  Node2035!!13::MIPI_DSI1_DATA1_P
0.000000e+00 (V)  Node21!!10::HDMI_DATA2_P
0.000000e+00 (V)  Node2165!!18::MIPI_DSI1_DATA0_N
0.000000e+00 (V)  Node22!!D1::HDMI_DATA0_P
0.000000e+00 (V)  Node2243!!17::MIPI_DSI1_DATA0_P
0.000000e+00 (V)  Node23!!1::HDMI_DATA0_P
2.500000e+00 (V)  Node2327!!5_Auto_1940::MIPI_DSI0_CLK_N
2.500000e+00 (V)  Node2328::MIPI_DSI0_CLK_N
2.500000e+00 (V)  Node2328_Auto_2110::MIPI_DSI0_CLK_N
2.500000e+00 (V)  Node2328_Auto_2111::MIPI_DSI0_CLK_N
2.500000e+00 (V)  Node2328_Auto_2113::MIPI_DSI0_CLK_N
2.500000e+00 (V)  Node2328_Auto_2119::MIPI_DSI0_CLK_N
2.500000e+00 (V)  Node2328_Auto_2122::MIPI_DSI0_CLK_N
2.500000e+00 (V)  Node2329::MIPI_DSI0_CLK_N
2.500000e+00 (V)  Node2329_Auto_1451::MIPI_DSI0_CLK_N
2.500000e+00 (V)  Node2329_Auto_1452::MIPI_DSI0_CLK_N
2.500000e+00 (V)  Node2329_Auto_1453::MIPI_DSI0_CLK_N
2.500000e+00 (V)  Node2329_Auto_1454::MIPI_DSI0_CLK_N
2.500000e+00 (V)  Node2329_Auto_1455::MIPI_DSI0_CLK_N
2.500000e+00 (V)  Node2329_Auto_1456::MIPI_DSI0_CLK_N
2.500000e+00 (V)  Node2329_Auto_1457::MIPI_DSI0_CLK_N
2.500000e+00 (V)  Node2329_Auto_1458::MIPI_DSI0_CLK_N
2.500000e+00 (V)  Node2330::MIPI_DSI0_CLK_N
2.500000e+00 (V)  Node2355::MIPI_DSI0_CLK_N
2.500000e+00 (V)  Node2356::MIPI_DSI0_CLK_N
2.500000e+00 (V)  Node2356_Auto_352::MIPI_DSI0_CLK_N
2.500000e+00 (V)  Node2356_Auto_358::MIPI_DSI0_CLK_N
2.500000e+00 (V)  Node2358::MIPI_DSI0_CLK_N
2.500000e+00 (V)  Node2361::MIPI_DSI0_CLK_N
2.500000e+00 (V)  Node2364::MIPI_DSI0_CLK_N
2.500000e+00 (V)  Node2372::MIPI_DSI0_CLK_N
2.500000e+00 (V)  Node2375::MIPI_DSI0_CLK_N
2.500000e+00 (V)  Node2378::MIPI_DSI0_CLK_N
2.500000e+00 (V)  Node2380::MIPI_DSI0_CLK_N
2.500000e+00 (V)  Node2384::MIPI_DSI0_CLK_N
2.500000e+00 (V)  Node2387::MIPI_DSI0_CLK_N
2.500000e+00 (V)  Node2387_Auto_269::MIPI_DSI0_CLK_N
2.500000e+00 (V)  Node2387_Auto_271::MIPI_DSI0_CLK_N
2.500000e+00 (V)  Node2392::MIPI_DSI0_CLK_N
2.500000e+00 (V)  Node2392_Auto_226::MIPI_DSI0_CLK_N
2.500000e+00 (V)  Node2393::MIPI_DSI0_CLK_N
2.500000e+00 (V)  Node2395::MIPI_DSI0_CLK_N
2.500000e+00 (V)  Node2395_Auto_273::MIPI_DSI0_CLK_N
2.500000e+00 (V)  Node2395_Auto_274::MIPI_DSI0_CLK_N
2.500000e+00 (V)  Node2398::MIPI_DSI0_CLK_N
0.000000e+00 (V)  Node24!!7::HDMI_DATA0_P
2.500000e+00 (V)  Node2401::MIPI_DSI0_CLK_N
2.500000e+00 (V)  Node2401_Auto_227::MIPI_DSI0_CLK_N
2.500000e+00 (V)  Node2401_Auto_228::MIPI_DSI0_CLK_N
2.500000e+00 (V)  Node2401_Auto_293::MIPI_DSI0_CLK_N
2.500000e+00 (V)  Node2403::MIPI_DSI0_CLK_N
2.500000e+00 (V)  Node2403_Auto_205::MIPI_DSI0_CLK_N
2.500000e+00 (V)  Node2405::MIPI_DSI0_CLK_N
2.500000e+00 (V)  Node2405_Auto_250::MIPI_DSI0_CLK_N
2.500000e+00 (V)  Node2405_Auto_252::MIPI_DSI0_CLK_N
2.500000e+00 (V)  Node2412_Auto_330::MIPI_DSI0_DATA3_N
2.500000e+00 (V)  Node2412_Auto_331::MIPI_DSI0_DATA3_N
2.500000e+00 (V)  Node2412_Auto_332::MIPI_DSI0_DATA3_N
2.500000e+00 (V)  Node2412_Auto_333::MIPI_DSI0_DATA3_N
2.500000e+00 (V)  Node2412_Auto_334::MIPI_DSI0_DATA3_N
2.500000e+00 (V)  Node2412_Auto_335::MIPI_DSI0_DATA3_N
2.500000e+00 (V)  Node2412_Auto_336::MIPI_DSI0_DATA3_N
2.500000e+00 (V)  Node2412_Auto_337::MIPI_DSI0_DATA3_N
2.500000e+00 (V)  Node2412_Auto_338::MIPI_DSI0_DATA3_N
2.500000e+00 (V)  Node2412_Auto_339::MIPI_DSI0_DATA3_N
2.500000e+00 (V)  Node2412_Auto_341::MIPI_DSI0_DATA3_N
2.500000e+00 (V)  Node2412_Auto_342::MIPI_DSI0_DATA3_N
2.500000e+00 (V)  Node2413::MIPI_DSI0_DATA3_N
2.500000e+00 (V)  Node2413_Auto_211::MIPI_DSI0_DATA3_N
2.500000e+00 (V)  Node2413_Auto_218::MIPI_DSI0_DATA3_N
2.500000e+00 (V)  Node2413_Auto_219::MIPI_DSI0_DATA3_N
2.500000e+00 (V)  Node2413_Auto_223::MIPI_DSI0_DATA3_N
2.500000e+00 (V)  Node2413_Auto_235::MIPI_DSI0_DATA3_N
2.500000e+00 (V)  Node2413_Auto_236::MIPI_DSI0_DATA3_N
2.500000e+00 (V)  Node2413_Auto_239::MIPI_DSI0_DATA3_N
2.500000e+00 (V)  Node2413_Auto_268::MIPI_DSI0_DATA3_N
2.500000e+00 (V)  Node2413_Auto_269::MIPI_DSI0_DATA3_N
2.500000e+00 (V)  Node2413_Auto_274::MIPI_DSI0_DATA3_N
2.500000e+00 (V)  Node2413_Auto_284::MIPI_DSI0_DATA3_N
2.500000e+00 (V)  Node2413_Auto_288::MIPI_DSI0_DATA3_N
2.500000e+00 (V)  Node2413_Auto_301::MIPI_DSI0_DATA3_N
2.500000e+00 (V)  Node2414::MIPI_DSI0_DATA3_N
2.500000e+00 (V)  Node2414_Auto_241::MIPI_DSI0_DATA3_N
2.500000e+00 (V)  Node2414_Auto_248::MIPI_DSI0_DATA3_N
2.500000e+00 (V)  Node2415::MIPI_DSI0_DATA3_N
2.500000e+00 (V)  Node2416::MIPI_DSI0_DATA3_N
2.500000e+00 (V)  Node2416_Auto_257::MIPI_DSI0_DATA3_N
2.500000e+00 (V)  Node2417!!1_Auto_1459::MIPI_DSI0_DATA3_N
2.500000e+00 (V)  Node2417!!1_Auto_1460::MIPI_DSI0_DATA3_N
2.500000e+00 (V)  Node2417!!1_Auto_1461::MIPI_DSI0_DATA3_N
2.500000e+00 (V)  Node2418::MIPI_DSI0_DATA3_N
2.500000e+00 (V)  Node2428::MIPI_DSI0_DATA2_N
2.500000e+00 (V)  Node2428_Auto_2420::MIPI_DSI0_DATA2_N
2.500000e+00 (V)  Node2430::MIPI_DSI0_DATA2_N
2.500000e+00 (V)  Node2432::MIPI_DSI0_DATA2_N
2.500000e+00 (V)  Node2432_Auto_2414::MIPI_DSI0_DATA2_N
2.500000e+00 (V)  Node2432_Auto_2415::MIPI_DSI0_DATA2_N
2.500000e+00 (V)  Node2432_Auto_2423::MIPI_DSI0_DATA2_N
2.500000e+00 (V)  Node2435::MIPI_DSI0_DATA2_N
2.500000e+00 (V)  Node2438::MIPI_DSI0_DATA2_N
2.500000e+00 (V)  Node2438_Auto_1463::MIPI_DSI0_DATA2_N
2.500000e+00 (V)  Node2438_Auto_1464::MIPI_DSI0_DATA2_N
2.500000e+00 (V)  Node2441::MIPI_DSI0_DATA2_N
2.500000e+00 (V)  Node2443::MIPI_DSI0_DATA2_N
2.500000e+00 (V)  Node2443_Auto_1495::MIPI_DSI0_DATA2_N
2.500000e+00 (V)  Node2443_Auto_1510::MIPI_DSI0_DATA2_N
2.500000e+00 (V)  Node2447::MIPI_DSI0_DATA2_N
2.500000e+00 (V)  Node2449::MIPI_DSI0_DATA2_N
2.500000e+00 (V)  Node2453::MIPI_DSI0_DATA2_N
2.500000e+00 (V)  Node2453_Auto_1490::MIPI_DSI0_DATA2_N
2.500000e+00 (V)  Node2453_Auto_1494::MIPI_DSI0_DATA2_N
2.500000e+00 (V)  Node2456::MIPI_DSI0_DATA2_N
2.500000e+00 (V)  Node2459::MIPI_DSI0_DATA2_N
2.500000e+00 (V)  Node2460::MIPI_DSI0_DATA2_N
2.500000e+00 (V)  Node2461::MIPI_DSI0_DATA2_N
2.500000e+00 (V)  Node2464::MIPI_DSI0_DATA2_N
2.500000e+00 (V)  Node2466::MIPI_DSI0_DATA2_N
2.500000e+00 (V)  Node2466_Auto_1493::MIPI_DSI0_DATA2_N
2.500000e+00 (V)  Node2466_Auto_1498::MIPI_DSI0_DATA2_N
2.500000e+00 (V)  Node2466_Auto_1506::MIPI_DSI0_DATA2_N
2.500000e+00 (V)  Node2466_Auto_1507::MIPI_DSI0_DATA2_N
2.500000e+00 (V)  Node2467::MIPI_DSI0_DATA2_N
2.500000e+00 (V)  Node2468::MIPI_DSI0_DATA2_N
2.500000e+00 (V)  Node2471::MIPI_DSI0_DATA2_N
2.500000e+00 (V)  Node2471_Auto_2102::MIPI_DSI0_DATA2_N
2.500000e+00 (V)  Node2473::MIPI_DSI0_DATA2_N
2.500000e+00 (V)  Node2474!!9_Auto_1931::MIPI_DSI0_DATA2_N
2.500000e+00 (V)  Node2474!!9_Auto_1932::MIPI_DSI0_DATA2_N
2.500000e+00 (V)  Node2477::MIPI_DSI0_DATA2_N
2.500000e+00 (V)  Node2477_Auto_260::MIPI_DSI0_DATA2_N
2.500000e+00 (V)  Node2477_Auto_261::MIPI_DSI0_DATA2_N
2.500000e+00 (V)  Node2478::MIPI_DSI0_DATA2_N
2.500000e+00 (V)  Node2479::MIPI_DSI0_DATA2_N
2.500000e+00 (V)  Node2479_Auto_244::MIPI_DSI0_DATA2_N
2.500000e+00 (V)  Node2479_Auto_246::MIPI_DSI0_DATA2_N
2.500000e+00 (V)  Node2480::MIPI_DSI0_DATA2_N
2.500000e+00 (V)  Node2481::MIPI_DSI0_DATA2_N
2.500000e+00 (V)  Node2481_Auto_214::MIPI_DSI0_DATA2_N
2.500000e+00 (V)  Node2481_Auto_215::MIPI_DSI0_DATA2_N
2.500000e+00 (V)  Node2481_Auto_231::MIPI_DSI0_DATA2_N
2.500000e+00 (V)  Node2481_Auto_232::MIPI_DSI0_DATA2_N
2.500000e+00 (V)  Node2481_Auto_264::MIPI_DSI0_DATA2_N
2.500000e+00 (V)  Node2481_Auto_265::MIPI_DSI0_DATA2_N
2.500000e+00 (V)  Node2481_Auto_272::MIPI_DSI0_DATA2_N
2.500000e+00 (V)  Node2481_Auto_282::MIPI_DSI0_DATA2_N
2.500000e+00 (V)  Node2481_Auto_286::MIPI_DSI0_DATA2_N
2.500000e+00 (V)  Node2481_Auto_297::MIPI_DSI0_DATA2_N
2.500000e+00 (V)  Node2483::MIPI_DSI0_DATA2_N
2.500000e+00 (V)  Node2484::MIPI_DSI0_DATA2_N
2.500000e+00 (V)  Node2484_Auto_347::MIPI_DSI0_DATA2_N
2.500000e+00 (V)  Node2484_Auto_353::MIPI_DSI0_DATA2_N
2.500000e+00 (V)  Node2484_Auto_355::MIPI_DSI0_DATA2_N
2.500000e+00 (V)  Node2486::MIPI_DSI0_DATA2_N
2.500000e+00 (V)  Node2486_Auto_69::MIPI_DSI0_DATA2_N
2.500000e+00 (V)  Node2486_Auto_70::MIPI_DSI0_DATA2_N
2.500000e+00 (V)  Node2487::MIPI_DSI0_DATA2_N
2.500000e+00 (V)  Node2489::MIPI_DSI0_DATA2_N
2.500000e+00 (V)  Node2489_Auto_145::MIPI_DSI0_DATA2_N
2.500000e+00 (V)  Node2491::MIPI_DSI0_DATA2_N
2.500000e+00 (V)  Node2493::MIPI_DSI0_DATA2_N
2.500000e+00 (V)  Node2495!!7::MIPI_DSI0_DATA1_N
2.500000e+00 (V)  Node2497::MIPI_DSI0_DATA1_N
2.500000e+00 (V)  Node2497_Auto_2094::MIPI_DSI0_DATA1_N
2.500000e+00 (V)  Node2497_Auto_2095::MIPI_DSI0_DATA1_N
2.500000e+00 (V)  Node2497_Auto_2100::MIPI_DSI0_DATA1_N
2.500000e+00 (V)  Node2497_Auto_2101::MIPI_DSI0_DATA1_N
2.500000e+00 (V)  Node2497_Auto_2106::MIPI_DSI0_DATA1_N
2.500000e+00 (V)  Node2497_Auto_2107::MIPI_DSI0_DATA1_N
2.500000e+00 (V)  Node2497_Auto_2115::MIPI_DSI0_DATA1_N
2.500000e+00 (V)  Node2497_Auto_2120::MIPI_DSI0_DATA1_N
0.000000e+00 (V)  Node25!!10::HDMI_DATA0_P
2.500000e+00 (V)  Node2500::MIPI_DSI0_DATA1_N
2.500000e+00 (V)  Node2500_Auto_2406::MIPI_DSI0_DATA1_N
2.500000e+00 (V)  Node2500_Auto_2407::MIPI_DSI0_DATA1_N
2.500000e+00 (V)  Node2501::MIPI_DSI0_DATA1_N
2.500000e+00 (V)  Node2501_Auto_2408::MIPI_DSI0_DATA1_N
2.500000e+00 (V)  Node2501_Auto_2409::MIPI_DSI0_DATA1_N
2.500000e+00 (V)  Node2502::MIPI_DSI0_DATA1_N
2.500000e+00 (V)  Node2503::MIPI_DSI0_DATA1_N
2.500000e+00 (V)  Node2505::MIPI_DSI0_DATA1_N
2.500000e+00 (V)  Node2505_Auto_2411::MIPI_DSI0_DATA1_N
2.500000e+00 (V)  Node2506::MIPI_DSI0_DATA1_N
2.500000e+00 (V)  Node2508::MIPI_DSI0_DATA1_N
2.500000e+00 (V)  Node2509::MIPI_DSI0_DATA1_N
2.500000e+00 (V)  Node2509_Auto_2419::MIPI_DSI0_DATA1_N
2.500000e+00 (V)  Node2510::MIPI_DSI0_DATA1_N
2.500000e+00 (V)  Node2510_Auto_2424::MIPI_DSI0_DATA1_N
2.500000e+00 (V)  Node2510_Auto_2425::MIPI_DSI0_DATA1_N
2.500000e+00 (V)  Node2513::MIPI_DSI0_DATA1_N
2.500000e+00 (V)  Node2514::MIPI_DSI0_DATA1_N
2.500000e+00 (V)  Node2514_Auto_2428::MIPI_DSI0_DATA1_N
2.500000e+00 (V)  Node2516::MIPI_DSI0_DATA1_N
2.500000e+00 (V)  Node2518::MIPI_DSI0_DATA1_N
2.500000e+00 (V)  Node2518_Auto_2433::MIPI_DSI0_DATA1_N
2.500000e+00 (V)  Node2521::MIPI_DSI0_DATA1_N
2.500000e+00 (V)  Node2522::MIPI_DSI0_DATA1_N
2.500000e+00 (V)  Node2524::MIPI_DSI0_DATA1_N
2.500000e+00 (V)  Node2525::MIPI_DSI0_DATA1_N
2.500000e+00 (V)  Node2540::MIPI_DSI0_DATA1_N
2.500000e+00 (V)  Node2541::MIPI_DSI0_DATA1_N
2.500000e+00 (V)  Node2543::MIPI_DSI0_DATA1_N
2.500000e+00 (V)  Node2547::MIPI_DSI0_DATA1_N
2.500000e+00 (V)  Node2547_Auto_154::MIPI_DSI0_DATA1_N
2.500000e+00 (V)  Node2547_Auto_157::MIPI_DSI0_DATA1_N
2.500000e+00 (V)  Node2550::MIPI_DSI0_DATA1_N
2.500000e+00 (V)  Node2558::MIPI_DSI0_DATA1_N
2.500000e+00 (V)  Node2561::MIPI_DSI0_DATA1_N
2.500000e+00 (V)  Node2561_Auto_158::MIPI_DSI0_DATA1_N
2.500000e+00 (V)  Node2561_Auto_159::MIPI_DSI0_DATA1_N
2.500000e+00 (V)  Node2564::MIPI_DSI0_DATA1_N
2.500000e+00 (V)  Node2564_Auto_277::MIPI_DSI0_DATA1_N
2.500000e+00 (V)  Node2567::MIPI_DSI0_DATA1_N
2.500000e+00 (V)  Node2568::MIPI_DSI0_DATA1_N
2.500000e+00 (V)  Node2568_Auto_278::MIPI_DSI0_DATA1_N
2.500000e+00 (V)  Node2571::MIPI_DSI0_DATA1_N
2.500000e+00 (V)  Node2572::MIPI_DSI0_DATA1_N
2.500000e+00 (V)  Node2572_Auto_291::MIPI_DSI0_DATA1_N
2.500000e+00 (V)  Node2574::MIPI_DSI0_DATA1_N
2.500000e+00 (V)  Node2576::MIPI_DSI0_DATA1_N
2.500000e+00 (V)  Node2577::MIPI_DSI0_DATA1_N
2.500000e+00 (V)  Node2578::MIPI_DSI0_DATA1_N
2.500000e+00 (V)  Node2580::MIPI_DSI0_DATA1_N
2.500000e+00 (V)  Node2580_Auto_255::MIPI_DSI0_DATA1_N
2.500000e+00 (V)  Node2580_Auto_256::MIPI_DSI0_DATA1_N
0.000000e+00 (V)  Node26!!E1::HDMI_DATA1_P
0.000000e+00 (V)  Node2642!!3::MIPI_DSI0_DATA0_N
0.000000e+00 (V)  Node27!!4::HDMI_DATA1_P
0.000000e+00 (V)  Node270!!K9::N284871
1.001209e-10 (V)  Node2708::MIPI_DSI0_CLK_P
1.001213e-10 (V)  Node2708_Auto_144::MIPI_DSI0_CLK_P
1.001253e-10 (V)  Node2711::MIPI_DSI0_CLK_P
1.001334e-10 (V)  Node2719::MIPI_DSI0_CLK_P
1.001409e-10 (V)  Node2722::MIPI_DSI0_CLK_P
1.001374e-10 (V)  Node2722_Auto_143::MIPI_DSI0_CLK_P
0.000000e+00 (V)  Node273!!K2::N284174
1.001490e-10 (V)  Node2730::MIPI_DSI0_CLK_P
1.001524e-10 (V)  Node2730_Auto_141::MIPI_DSI0_CLK_P
1.001564e-10 (V)  Node2733::MIPI_DSI0_CLK_P
1.001645e-10 (V)  Node2741::MIPI_DSI0_CLK_P
1.001687e-10 (V)  Node2744::MIPI_DSI0_CLK_P
1.001685e-10 (V)  Node2744_Auto_142::MIPI_DSI0_CLK_P
0.000000e+00 (V)  Node275!!K1::N284159
1.001855e-10 (V)  Node2753::MIPI_DSI0_CLK_P
1.002153e-10 (V)  Node2754::MIPI_DSI0_CLK_P
1.002179e-10 (V)  Node2754_Auto_212::MIPI_DSI0_CLK_P
1.002207e-10 (V)  Node2754_Auto_213::MIPI_DSI0_CLK_P
1.002354e-10 (V)  Node2754_Auto_262::MIPI_DSI0_CLK_P
1.002453e-10 (V)  Node2754_Auto_263::MIPI_DSI0_CLK_P
1.002022e-10 (V)  Node2754_Auto_349::MIPI_DSI0_CLK_P
1.002126e-10 (V)  Node2754_Auto_351::MIPI_DSI0_CLK_P
1.001995e-10 (V)  Node2754_Auto_357::MIPI_DSI0_CLK_P
1.001882e-10 (V)  Node2754_Auto_359::MIPI_DSI0_CLK_P
1.002484e-10 (V)  Node2756::MIPI_DSI0_CLK_P
1.002585e-10 (V)  Node2759::MIPI_DSI0_CLK_P
1.002645e-10 (V)  Node2762::MIPI_DSI0_CLK_P
1.002615e-10 (V)  Node2762_Auto_270::MIPI_DSI0_CLK_P
0.000000e+00 (V)  Node277!!J1::N284077
1.002751e-10 (V)  Node2770::MIPI_DSI0_CLK_P
1.002780e-10 (V)  Node2770_Auto_272::MIPI_DSI0_CLK_P
1.002811e-10 (V)  Node2773::MIPI_DSI0_CLK_P
1.002927e-10 (V)  Node2776::MIPI_DSI0_CLK_P
1.003186e-10 (V)  Node2776_Auto_229::MIPI_DSI0_CLK_P
1.003224e-10 (V)  Node2776_Auto_230::MIPI_DSI0_CLK_P
1.002947e-10 (V)  Node2776_Auto_281::MIPI_DSI0_CLK_P
1.003516e-10 (V)  Node2776_Auto_295::MIPI_DSI0_CLK_P
1.003541e-10 (V)  Node2778::MIPI_DSI0_CLK_P
1.003578e-10 (V)  Node2782::MIPI_DSI0_CLK_P
1.003617e-10 (V)  Node2783_Auto_245::MIPI_DSI0_CLK_P
1.000014e-10 (V)  Node2788!!6_Auto_1938::MIPI_DSI0_CLK_P
1.000082e-10 (V)  Node2788!!6_Auto_1939::MIPI_DSI0_CLK_P
1.000090e-10 (V)  Node2789::MIPI_DSI0_CLK_P
0.000000e+00 (V)  Node279!!19::HDP
1.000111e-10 (V)  Node2790::MIPI_DSI0_CLK_P
1.000113e-10 (V)  Node2791::MIPI_DSI0_CLK_P
1.000284e-10 (V)  Node2791_Auto_2108::MIPI_DSI0_CLK_P
1.000340e-10 (V)  Node2791_Auto_2109::MIPI_DSI0_CLK_P
1.000395e-10 (V)  Node2791_Auto_2112::MIPI_DSI0_CLK_P
1.000178e-10 (V)  Node2791_Auto_2117::MIPI_DSI0_CLK_P
1.000140e-10 (V)  Node2791_Auto_2118::MIPI_DSI0_CLK_P
1.000473e-10 (V)  Node2792::MIPI_DSI0_CLK_P
1.000543e-10 (V)  Node2794::MIPI_DSI0_CLK_P
1.000569e-10 (V)  Node2798::MIPI_DSI0_CLK_P
0.000000e+00 (V)  Node28!!4::HDMI_DATA1_P
1.000677e-10 (V)  Node2810::MIPI_DSI0_CLK_P
1.000704e-10 (V)  Node2815::MIPI_DSI0_CLK_P
1.000753e-10 (V)  Node2817::MIPI_DSI0_CLK_P
0.000000e+00 (V)  Node282!!B3::SDA
1.000786e-10 (V)  Node2822::MIPI_DSI0_CLK_P
0.000000e+00 (V)  Node283!!16::SDA
1.000895e-10 (V)  Node2834::MIPI_DSI0_CLK_P
1.000921e-10 (V)  Node2839::MIPI_DSI0_CLK_P
1.000944e-10 (V)  Node2841::MIPI_DSI0_CLK_P
1.000969e-10 (V)  Node2842::MIPI_DSI0_CLK_P
1.000155e-10 (V)  Node2849::MIPI_DSI0_DATA3_P
1.000185e-10 (V)  Node2851::MIPI_DSI0_DATA3_P
1.000267e-10 (V)  Node2852::MIPI_DSI0_DATA3_P
1.000277e-10 (V)  Node2853::MIPI_DSI0_DATA3_P
1.000421e-10 (V)  Node2855::MIPI_DSI0_DATA3_P
1.000622e-10 (V)  Node2874::MIPI_DSI0_DATA3_P
1.000670e-10 (V)  Node2876::MIPI_DSI0_DATA3_P
0.000000e+00 (V)  Node288!!15::SCL
1.000891e-10 (V)  Node2896::MIPI_DSI0_DATA3_P
1.000938e-10 (V)  Node2898::MIPI_DSI0_DATA3_P
0.000000e+00 (V)  Node29!!7::HDMI_DATA1_P
0.000000e+00 (V)  Node290!!A3::SCL
1.001155e-10 (V)  Node2918::MIPI_DSI0_DATA3_P
1.001203e-10 (V)  Node2920::MIPI_DSI0_DATA3_P
1.001419e-10 (V)  Node2940::MIPI_DSI0_DATA3_P
1.001700e-10 (V)  Node2940_Auto_343::MIPI_DSI0_DATA3_P
1.001727e-10 (V)  Node2942::MIPI_DSI0_DATA3_P
1.002320e-10 (V)  Node2942_Auto_220::MIPI_DSI0_DATA3_P
1.002348e-10 (V)  Node2942_Auto_221::MIPI_DSI0_DATA3_P
1.002293e-10 (V)  Node2942_Auto_224::MIPI_DSI0_DATA3_P
1.003126e-10 (V)  Node2942_Auto_237::MIPI_DSI0_DATA3_P
1.003164e-10 (V)  Node2942_Auto_238::MIPI_DSI0_DATA3_P
1.002238e-10 (V)  Node2942_Auto_240::MIPI_DSI0_DATA3_P
1.002494e-10 (V)  Node2942_Auto_270::MIPI_DSI0_DATA3_P
1.002593e-10 (V)  Node2942_Auto_271::MIPI_DSI0_DATA3_P
1.002624e-10 (V)  Node2942_Auto_275::MIPI_DSI0_DATA3_P
1.002887e-10 (V)  Node2942_Auto_285::MIPI_DSI0_DATA3_P
1.002867e-10 (V)  Node2942_Auto_289::MIPI_DSI0_DATA3_P
1.003456e-10 (V)  Node2942_Auto_303::MIPI_DSI0_DATA3_P
1.001754e-10 (V)  Node2942_Auto_304::MIPI_DSI0_DATA3_P
1.003479e-10 (V)  Node2943::MIPI_DSI0_DATA3_P
1.003493e-10 (V)  Node2944::MIPI_DSI0_DATA3_P
1.003561e-10 (V)  Node2945::MIPI_DSI0_DATA3_P
1.003552e-10 (V)  Node2945_Auto_242::MIPI_DSI0_DATA3_P
1.003520e-10 (V)  Node2945_Auto_249::MIPI_DSI0_DATA3_P
1.003496e-10 (V)  Node2945_Auto_251::MIPI_DSI0_DATA3_P
1.003565e-10 (V)  Node2946::MIPI_DSI0_DATA3_P
1.000000e-10 (V)  Node2947!!2::MIPI_DSI0_DATA3_P
1.000084e-10 (V)  Node2949::MIPI_DSI0_DATA3_P
1.001342e-10 (V)  Node2958::MIPI_DSI0_DATA2_P
1.001350e-10 (V)  Node2958_Auto_2416::MIPI_DSI0_DATA2_P
1.001377e-10 (V)  Node2958_Auto_2417::MIPI_DSI0_DATA2_P
1.001301e-10 (V)  Node2962::MIPI_DSI0_DATA2_P
1.001148e-10 (V)  Node2965::MIPI_DSI0_DATA2_P
1.001259e-10 (V)  Node2965_Auto_1465::MIPI_DSI0_DATA2_P
1.001289e-10 (V)  Node2965_Auto_1466::MIPI_DSI0_DATA2_P
1.001169e-10 (V)  Node2965_Auto_1467::MIPI_DSI0_DATA2_P
1.001033e-10 (V)  Node2968::MIPI_DSI0_DATA2_P
1.000878e-10 (V)  Node2970::MIPI_DSI0_DATA2_P
1.000912e-10 (V)  Node2970_Auto_1499::MIPI_DSI0_DATA2_P
1.000992e-10 (V)  Node2970_Auto_1509::MIPI_DSI0_DATA2_P
1.001002e-10 (V)  Node2970_Auto_1511::MIPI_DSI0_DATA2_P
1.001023e-10 (V)  Node2970_Auto_1512::MIPI_DSI0_DATA2_P
1.000819e-10 (V)  Node2972::MIPI_DSI0_DATA2_P
1.000789e-10 (V)  Node2973::MIPI_DSI0_DATA2_P
1.000761e-10 (V)  Node2974::MIPI_DSI0_DATA2_P
1.000740e-10 (V)  Node2974_Auto_1468::MIPI_DSI0_DATA2_P
1.000719e-10 (V)  Node2974_Auto_1469::MIPI_DSI0_DATA2_P
1.000655e-10 (V)  Node2976::MIPI_DSI0_DATA2_P
1.000625e-10 (V)  Node2980::MIPI_DSI0_DATA2_P
1.000547e-10 (V)  Node2980_Auto_1496::MIPI_DSI0_DATA2_P
1.000513e-10 (V)  Node2983::MIPI_DSI0_DATA2_P
1.000432e-10 (V)  Node2991::MIPI_DSI0_DATA2_P
1.000253e-10 (V)  Node2993::MIPI_DSI0_DATA2_P
1.000397e-10 (V)  Node2993_Auto_1497::MIPI_DSI0_DATA2_P
1.000320e-10 (V)  Node2993_Auto_1505::MIPI_DSI0_DATA2_P
1.000217e-10 (V)  Node2995::MIPI_DSI0_DATA2_P
1.000134e-10 (V)  Node2998::MIPI_DSI0_DATA2_P
1.000155e-10 (V)  Node2998_Auto_2104::MIPI_DSI0_DATA2_P
1.000200e-10 (V)  Node2998_Auto_2105::MIPI_DSI0_DATA2_P
0.000000e+00 (V)  Node30!!D2::HDMI_DATA0_N
1.000077e-10 (V)  Node3000::MIPI_DSI0_DATA2_P
1.000000e-10 (V)  Node3001::MIPI_DSI0_DATA2_P
1.000067e-10 (V)  Node3001_Auto_1933::MIPI_DSI0_DATA2_P
1.003598e-10 (V)  Node3003::MIPI_DSI0_DATA2_P
1.003574e-10 (V)  Node3004::MIPI_DSI0_DATA2_P
1.003535e-10 (V)  Node3004_Auto_247::MIPI_DSI0_DATA2_P
1.003506e-10 (V)  Node3005::MIPI_DSI0_DATA2_P
1.002262e-10 (V)  Node3006::MIPI_DSI0_DATA2_P
1.002344e-10 (V)  Node3006_Auto_216::MIPI_DSI0_DATA2_P
1.002372e-10 (V)  Node3006_Auto_217::MIPI_DSI0_DATA2_P
1.002318e-10 (V)  Node3006_Auto_222::MIPI_DSI0_DATA2_P
1.003151e-10 (V)  Node3006_Auto_233::MIPI_DSI0_DATA2_P
1.003189e-10 (V)  Node3006_Auto_234::MIPI_DSI0_DATA2_P
1.002518e-10 (V)  Node3006_Auto_266::MIPI_DSI0_DATA2_P
1.002618e-10 (V)  Node3006_Auto_267::MIPI_DSI0_DATA2_P
1.002648e-10 (V)  Node3006_Auto_273::MIPI_DSI0_DATA2_P
1.002912e-10 (V)  Node3006_Auto_283::MIPI_DSI0_DATA2_P
1.002891e-10 (V)  Node3006_Auto_287::MIPI_DSI0_DATA2_P
1.003481e-10 (V)  Node3006_Auto_299::MIPI_DSI0_DATA2_P
1.002240e-10 (V)  Node3006_Auto_344::MIPI_DSI0_DATA2_P
1.002220e-10 (V)  Node3006_Auto_345::MIPI_DSI0_DATA2_P
1.002188e-10 (V)  Node3006_Auto_354::MIPI_DSI0_DATA2_P
1.002215e-10 (V)  Node3006_Auto_356::MIPI_DSI0_DATA2_P
1.002084e-10 (V)  Node3007::MIPI_DSI0_DATA2_P
1.002004e-10 (V)  Node3008::MIPI_DSI0_DATA2_P
1.001978e-10 (V)  Node3009::MIPI_DSI0_DATA2_P
1.001887e-10 (V)  Node3011::MIPI_DSI0_DATA2_P
1.001805e-10 (V)  Node3019::MIPI_DSI0_DATA2_P
1.001714e-10 (V)  Node3021::MIPI_DSI0_DATA2_P
1.001688e-10 (V)  Node3022::MIPI_DSI0_DATA2_P
1.001637e-10 (V)  Node3025::MIPI_DSI0_DATA2_P
1.001611e-10 (V)  Node3025_Auto_144::MIPI_DSI0_DATA2_P
1.001488e-10 (V)  Node3026::MIPI_DSI0_DATA2_P
1.000014e-10 (V)  Node3030!!8_Auto_1929::MIPI_DSI0_DATA1_P
1.000082e-10 (V)  Node3030!!8_Auto_1930::MIPI_DSI0_DATA1_P
1.000109e-10 (V)  Node3031::MIPI_DSI0_DATA1_P
1.000202e-10 (V)  Node3031_Auto_2096::MIPI_DSI0_DATA1_P
1.000223e-10 (V)  Node3031_Auto_2097::MIPI_DSI0_DATA1_P
1.000173e-10 (V)  Node3031_Auto_2099::MIPI_DSI0_DATA1_P
1.000135e-10 (V)  Node3031_Auto_2103::MIPI_DSI0_DATA1_P
1.000250e-10 (V)  Node3031_Auto_2121::MIPI_DSI0_DATA1_P
1.000288e-10 (V)  Node3033::MIPI_DSI0_DATA1_P
1.000322e-10 (V)  Node3036::MIPI_DSI0_DATA1_P
1.000428e-10 (V)  Node3039::MIPI_DSI0_DATA1_P
1.000327e-10 (V)  Node3039_Auto_2093::MIPI_DSI0_DATA1_P
1.000509e-10 (V)  Node3047::MIPI_DSI0_DATA1_P
1.000610e-10 (V)  Node3050::MIPI_DSI0_DATA1_P
1.000646e-10 (V)  Node3053::MIPI_DSI0_DATA1_P
1.000702e-10 (V)  Node3055::MIPI_DSI0_DATA1_P
1.000785e-10 (V)  Node3056::MIPI_DSI0_DATA1_P
1.000838e-10 (V)  Node3057::MIPI_DSI0_DATA1_P
1.000843e-10 (V)  Node3058::MIPI_DSI0_DATA1_P
1.000879e-10 (V)  Node3058_Auto_2426::MIPI_DSI0_DATA1_P
1.000983e-10 (V)  Node3058_Auto_2427::MIPI_DSI0_DATA1_P
1.000985e-10 (V)  Node3060::MIPI_DSI0_DATA1_P
1.001001e-10 (V)  Node3060_Auto_2410::MIPI_DSI0_DATA1_P
1.001025e-10 (V)  Node3061::MIPI_DSI0_DATA1_P
1.001042e-10 (V)  Node3061_Auto_2422::MIPI_DSI0_DATA1_P
1.001065e-10 (V)  Node3064::MIPI_DSI0_DATA1_P
1.001074e-10 (V)  Node3064_Auto_2412::MIPI_DSI0_DATA1_P
1.001101e-10 (V)  Node3064_Auto_2413::MIPI_DSI0_DATA1_P
1.001104e-10 (V)  Node3065::MIPI_DSI0_DATA1_P
1.001120e-10 (V)  Node3065_Auto_2418::MIPI_DSI0_DATA1_P
1.001144e-10 (V)  Node3066::MIPI_DSI0_DATA1_P
1.001167e-10 (V)  Node3066_Auto_2421::MIPI_DSI0_DATA1_P
0.000000e+00 (V)  Node307!!A1::N27399713
1.001249e-10 (V)  Node3070::MIPI_DSI0_DATA1_P
1.001267e-10 (V)  Node3071::MIPI_DSI0_DATA1_P
1.001449e-10 (V)  Node3073::MIPI_DSI0_DATA1_P
1.001478e-10 (V)  Node3075::MIPI_DSI0_DATA1_P
1.001483e-10 (V)  Node3075_Auto_2434::MIPI_DSI0_DATA1_P
1.001540e-10 (V)  Node3075_Auto_2435::MIPI_DSI0_DATA1_P
1.001550e-10 (V)  Node3078::MIPI_DSI0_DATA1_P
1.001585e-10 (V)  Node3079::MIPI_DSI0_DATA1_P
1.001682e-10 (V)  Node3079_Auto_2430::MIPI_DSI0_DATA1_P
1.001595e-10 (V)  Node3079_Auto_2431::MIPI_DSI0_DATA1_P
1.001643e-10 (V)  Node3079_Auto_2432::MIPI_DSI0_DATA1_P
1.001957e-10 (V)  Node3087::MIPI_DSI0_DATA1_P
1.001966e-10 (V)  Node3087_Auto_150::MIPI_DSI0_DATA1_P
1.002110e-10 (V)  Node3087_Auto_152::MIPI_DSI0_DATA1_P
1.002120e-10 (V)  Node3090::MIPI_DSI0_DATA1_P
1.002159e-10 (V)  Node3091::MIPI_DSI0_DATA1_P
1.002169e-10 (V)  Node3091_Auto_149::MIPI_DSI0_DATA1_P
1.002211e-10 (V)  Node3093::MIPI_DSI0_DATA1_P
1.002345e-10 (V)  Node3097::MIPI_DSI0_DATA1_P
1.002358e-10 (V)  Node3097_Auto_155::MIPI_DSI0_DATA1_P
0.000000e+00 (V)  Node31!!2::HDMI_DATA0_N
1.002529e-10 (V)  Node3100::MIPI_DSI0_DATA1_P
1.002636e-10 (V)  Node3108::MIPI_DSI0_DATA1_P
1.002820e-10 (V)  Node3111::MIPI_DSI0_DATA1_P
1.002807e-10 (V)  Node3111_Auto_156::MIPI_DSI0_DATA1_P
1.002887e-10 (V)  Node3113::MIPI_DSI0_DATA1_P
1.002897e-10 (V)  Node3113_Auto_225::MIPI_DSI0_DATA1_P
1.002920e-10 (V)  Node3114::MIPI_DSI0_DATA1_P
1.002931e-10 (V)  Node3114_Auto_276::MIPI_DSI0_DATA1_P
1.003049e-10 (V)  Node3117::MIPI_DSI0_DATA1_P
1.003067e-10 (V)  Node3118::MIPI_DSI0_DATA1_P
1.003072e-10 (V)  Node3118_Auto_279::MIPI_DSI0_DATA1_P
1.003264e-10 (V)  Node3118_Auto_280::MIPI_DSI0_DATA1_P
1.003275e-10 (V)  Node3121::MIPI_DSI0_DATA1_P
1.003313e-10 (V)  Node3122::MIPI_DSI0_DATA1_P
1.003323e-10 (V)  Node3122_Auto_290::MIPI_DSI0_DATA1_P
1.003615e-10 (V)  Node3124::MIPI_DSI0_DATA1_P
1.003630e-10 (V)  Node3125::MIPI_DSI0_DATA1_P
1.003655e-10 (V)  Node3126::MIPI_DSI0_DATA1_P
1.003684e-10 (V)  Node3127::MIPI_DSI0_DATA1_P
1.003719e-10 (V)  Node3128::MIPI_DSI0_DATA1_P
1.003797e-10 (V)  Node3130::MIPI_DSI0_DATA1_P
1.003783e-10 (V)  Node3130_Auto_253::MIPI_DSI0_DATA1_P
1.003733e-10 (V)  Node3130_Auto_254::MIPI_DSI0_DATA1_P
0.000000e+00 (V)  Node319!!A2::N279408
0.000000e+00 (V)  Node32!!9::HDMI_DATA0_N
0.000000e+00 (V)  Node320!!A4::N2739972
0.000000e+00 (V)  Node33!!9::HDMI_DATA0_N
0.000000e+00 (V)  Node337!!14
0.000000e+00 (V)  Node338!!13
0.000000e+00 (V)  Node34!!C1::HDMI_CLK_P
0.000000e+00 (V)  Node341!!G6
0.000000e+00 (V)  Node3411!!4::MIPI_DSI0_DATA0_P
0.000000e+00 (V)  Node342!!J2
0.000000e+00 (V)  Node343!!K5
0.000000e+00 (V)  Node344!!J5
0.000000e+00 (V)  Node345!!J6
0.000000e+00 (V)  Node346!!J8
0.000000e+00 (V)  Node347!!J9
0.000000e+00 (V)  Node348!!K7
0.000000e+00 (V)  Node349!!J4
0.000000e+00 (V)  Node35!!4::HDMI_CLK_P
0.000000e+00 (V)  Node36!!7::HDMI_CLK_P
0.000000e+00 (V)  Node37!!10::HDMI_CLK_P
0.000000e+00 (V)  Node38!!E2::HDMI_DATA1_N
0.000000e+00 (V)  Node39!!5::HDMI_DATA1_N
0.000000e+00 (V)  Node40!!6::HDMI_DATA1_N
0.000000e+00 (V)  Node4007!!32::PWM
0.000000e+00 (V)  Node4066!!29::RESX
0.000000e+00 (V)  Node41!!6::HDMI_DATA1_N
0.000000e+00 (V)  Node42!!C2::HDMI_CLK_N
0.000000e+00 (V)  Node4274!!20::N271809
0.000000e+00 (V)  Node4275!!21::N271809
0.000000e+00 (V)  Node4276!!22::N271809
0.000000e+00 (V)  Node4281!!23::N271809
0.000000e+00 (V)  Node43!!5::HDMI_CLK_N
0.000000e+00 (V)  Node44!!12::HDMI_CLK_N
0.000000e+00 (V)  Node45!!6::HDMI_CLK_N
0.000000e+00 (V)  Node4737!!2::HDP
0.000000e+00 (V)  Node4774!!39::VCC_LED_AB
0.000000e+00 (V)  Node4775!!40::VCC_LED_AB
0.000000e+00 (V)  Node4783!!1::N2739972
0.000000e+00 (V)  Node4785!!P4
0.000000e+00 (V)  Node4786!!P3
0.000000e+00 (V)  Node4787!!P2
0.000000e+00 (V)  Node4788!!P1
0.000000e+00 (V)  Node4789!!31
0.000000e+00 (V)  Node4790!!30
0.000000e+00 (V)  Node63!!B7::MIPI_DSI1_CLK_N
0.000000e+00 (V)  Node64!!A7::MIPI_DSI1_CLK_P
0.000000e+00 (V)  Node65!!B5::MIPI_DSI1_DATA3_N
0.000000e+00 (V)  Node66!!A5::MIPI_DSI1_DATA3_P
0.000000e+00 (V)  Node69!!B8::MIPI_DSI1_DATA1_N
0.000000e+00 (V)  Node9!!18::VCC_HDMIRX_IN
0.000000e+00 (V)  Node973!!16::MIPI_DSI1_CLK_N
2.500000e+00 (V)  Trace1058#BP0::MIPI_DSI1_DATA2_N
2.500000e+00 (V)  Trace1063#BP0::MIPI_DSI1_DATA2_N
2.500000e+00 (V)  Trace1067#BP0::MIPI_DSI1_DATA2_N
2.500000e+00 (V)  Trace1067#BP1::MIPI_DSI1_DATA2_N
2.500000e+00 (V)  Trace1067#BP1_Auto_1518::MIPI_DSI1_DATA2_N
1.005184e-10 (V)  Trace1208#BP0::MIPI_DSI1_DATA2_P
1.005183e-10 (V)  Trace1208#BP1::MIPI_DSI1_DATA2_P
1.005181e-10 (V)  Trace1208#BP1_Auto_2440::MIPI_DSI1_DATA2_P
1.003142e-10 (V)  Trace1262#BP0::MIPI_DSI1_DATA2_P
1.003106e-10 (V)  Trace1262#BP1::MIPI_DSI1_DATA2_P
1.002342e-10 (V)  Trace1286#BP0::MIPI_DSI1_DATA2_P
1.002285e-10 (V)  Trace1290#BP0::MIPI_DSI1_DATA2_P
1.002234e-10 (V)  Trace1294#BP0::MIPI_DSI1_DATA2_P
1.002060e-10 (V)  Trace1304#BP0::MIPI_DSI1_DATA2_P
2.500000e+00 (V)  Trace2183#BP0::MIPI_DSI0_DATA1_N
2.500000e+00 (V)  Trace2183#BP0_Auto_151::MIPI_DSI0_DATA1_N
1.001686e-10 (V)  Trace2721#BP0::MIPI_DSI0_DATA1_P
0.000000e+00 (V)  X_C80.Xpartial.X_SpeedXP_auto_CAP_NP_C0603_100N_100N_C80_C80.nd_en_2
2.500000e+00 (V)  X_CH1.Xpartial.X_SpeedXP_auto_WP7B-P040VA1-R8000_WP7B-P040VA1-R8000_WP7B-P040VA1-R8000_WP7B-P040VA1-R8000_CH1.B_SpeedXP_auto_1.Output0
2.500000e+00 (V)  X_CH1.Xpartial.X_SpeedXP_auto_WP7B-P040VA1-R8000_WP7B-P040VA1-R8000_WP7B-P040VA1-R8000_WP7B-P040VA1-R8000_CH1.B_SpeedXP_auto_1.Output1
1.000000e-10 (V)  X_CH1.Xpartial.X_SpeedXP_auto_WP7B-P040VA1-R8000_WP7B-P040VA1-R8000_WP7B-P040VA1-R8000_WP7B-P040VA1-R8000_CH1.B_SpeedXP_auto_10.Output0
1.000000e-10 (V)  X_CH1.Xpartial.X_SpeedXP_auto_WP7B-P040VA1-R8000_WP7B-P040VA1-R8000_WP7B-P040VA1-R8000_WP7B-P040VA1-R8000_CH1.B_SpeedXP_auto_10.Output1
1.000000e-10 (V)  X_CH1.Xpartial.X_SpeedXP_auto_WP7B-P040VA1-R8000_WP7B-P040VA1-R8000_WP7B-P040VA1-R8000_WP7B-P040VA1-R8000_CH1.B_SpeedXP_auto_11.Output0
1.000000e-10 (V)  X_CH1.Xpartial.X_SpeedXP_auto_WP7B-P040VA1-R8000_WP7B-P040VA1-R8000_WP7B-P040VA1-R8000_WP7B-P040VA1-R8000_CH1.B_SpeedXP_auto_11.Output1
2.500000e+00 (V)  X_CH1.Xpartial.X_SpeedXP_auto_WP7B-P040VA1-R8000_WP7B-P040VA1-R8000_WP7B-P040VA1-R8000_WP7B-P040VA1-R8000_CH1.B_SpeedXP_auto_12.Output0
2.500000e+00 (V)  X_CH1.Xpartial.X_SpeedXP_auto_WP7B-P040VA1-R8000_WP7B-P040VA1-R8000_WP7B-P040VA1-R8000_WP7B-P040VA1-R8000_CH1.B_SpeedXP_auto_12.Output1
1.000000e-10 (V)  X_CH1.Xpartial.X_SpeedXP_auto_WP7B-P040VA1-R8000_WP7B-P040VA1-R8000_WP7B-P040VA1-R8000_WP7B-P040VA1-R8000_CH1.B_SpeedXP_auto_2.Output0
1.000000e-10 (V)  X_CH1.Xpartial.X_SpeedXP_auto_WP7B-P040VA1-R8000_WP7B-P040VA1-R8000_WP7B-P040VA1-R8000_WP7B-P040VA1-R8000_CH1.B_SpeedXP_auto_2.Output1
2.500000e+00 (V)  X_CH1.Xpartial.X_SpeedXP_auto_WP7B-P040VA1-R8000_WP7B-P040VA1-R8000_WP7B-P040VA1-R8000_WP7B-P040VA1-R8000_CH1.B_SpeedXP_auto_5.Output0
2.500000e+00 (V)  X_CH1.Xpartial.X_SpeedXP_auto_WP7B-P040VA1-R8000_WP7B-P040VA1-R8000_WP7B-P040VA1-R8000_WP7B-P040VA1-R8000_CH1.B_SpeedXP_auto_5.Output1
1.000000e-10 (V)  X_CH1.Xpartial.X_SpeedXP_auto_WP7B-P040VA1-R8000_WP7B-P040VA1-R8000_WP7B-P040VA1-R8000_WP7B-P040VA1-R8000_CH1.B_SpeedXP_auto_6.Output0
1.000000e-10 (V)  X_CH1.Xpartial.X_SpeedXP_auto_WP7B-P040VA1-R8000_WP7B-P040VA1-R8000_WP7B-P040VA1-R8000_WP7B-P040VA1-R8000_CH1.B_SpeedXP_auto_6.Output1
2.500000e+00 (V)  X_CH1.Xpartial.X_SpeedXP_auto_WP7B-P040VA1-R8000_WP7B-P040VA1-R8000_WP7B-P040VA1-R8000_WP7B-P040VA1-R8000_CH1.B_SpeedXP_auto_7.Output0
2.500000e+00 (V)  X_CH1.Xpartial.X_SpeedXP_auto_WP7B-P040VA1-R8000_WP7B-P040VA1-R8000_WP7B-P040VA1-R8000_WP7B-P040VA1-R8000_CH1.B_SpeedXP_auto_7.Output1
1.000000e-10 (V)  X_CH1.Xpartial.X_SpeedXP_auto_WP7B-P040VA1-R8000_WP7B-P040VA1-R8000_WP7B-P040VA1-R8000_WP7B-P040VA1-R8000_CH1.B_SpeedXP_auto_8.Output0
1.000000e-10 (V)  X_CH1.Xpartial.X_SpeedXP_auto_WP7B-P040VA1-R8000_WP7B-P040VA1-R8000_WP7B-P040VA1-R8000_WP7B-P040VA1-R8000_CH1.B_SpeedXP_auto_8.Output1
2.500000e+00 (V)  X_CH1.Xpartial.X_SpeedXP_auto_WP7B-P040VA1-R8000_WP7B-P040VA1-R8000_WP7B-P040VA1-R8000_WP7B-P040VA1-R8000_CH1.B_SpeedXP_auto_9.Output0
2.500000e+00 (V)  X_CH1.Xpartial.X_SpeedXP_auto_WP7B-P040VA1-R8000_WP7B-P040VA1-R8000_WP7B-P040VA1-R8000_WP7B-P040VA1-R8000_CH1.B_SpeedXP_auto_9.Output1
1.000000e+00 (V)  X_CH1.Xpartial.X_SpeedXP_auto_WP7B-P040VA1-R8000_WP7B-P040VA1-R8000_WP7B-P040VA1-R8000_WP7B-P040VA1-R8000_CH1.nd_en_1
1.000000e+00 (V)  X_CH1.Xpartial.X_SpeedXP_auto_WP7B-P040VA1-R8000_WP7B-P040VA1-R8000_WP7B-P040VA1-R8000_WP7B-P040VA1-R8000_CH1.nd_en_10
1.000000e+00 (V)  X_CH1.Xpartial.X_SpeedXP_auto_WP7B-P040VA1-R8000_WP7B-P040VA1-R8000_WP7B-P040VA1-R8000_WP7B-P040VA1-R8000_CH1.nd_en_11
1.000000e+00 (V)  X_CH1.Xpartial.X_SpeedXP_auto_WP7B-P040VA1-R8000_WP7B-P040VA1-R8000_WP7B-P040VA1-R8000_WP7B-P040VA1-R8000_CH1.nd_en_12
1.000000e+00 (V)  X_CH1.Xpartial.X_SpeedXP_auto_WP7B-P040VA1-R8000_WP7B-P040VA1-R8000_WP7B-P040VA1-R8000_WP7B-P040VA1-R8000_CH1.nd_en_13
1.000000e+00 (V)  X_CH1.Xpartial.X_SpeedXP_auto_WP7B-P040VA1-R8000_WP7B-P040VA1-R8000_WP7B-P040VA1-R8000_WP7B-P040VA1-R8000_CH1.nd_en_14
1.000000e+00 (V)  X_CH1.Xpartial.X_SpeedXP_auto_WP7B-P040VA1-R8000_WP7B-P040VA1-R8000_WP7B-P040VA1-R8000_WP7B-P040VA1-R8000_CH1.nd_en_15
1.000000e+00 (V)  X_CH1.Xpartial.X_SpeedXP_auto_WP7B-P040VA1-R8000_WP7B-P040VA1-R8000_WP7B-P040VA1-R8000_WP7B-P040VA1-R8000_CH1.nd_en_16
1.000000e+00 (V)  X_CH1.Xpartial.X_SpeedXP_auto_WP7B-P040VA1-R8000_WP7B-P040VA1-R8000_WP7B-P040VA1-R8000_WP7B-P040VA1-R8000_CH1.nd_en_17
1.000000e+00 (V)  X_CH1.Xpartial.X_SpeedXP_auto_WP7B-P040VA1-R8000_WP7B-P040VA1-R8000_WP7B-P040VA1-R8000_WP7B-P040VA1-R8000_CH1.nd_en_18
1.000000e+00 (V)  X_CH1.Xpartial.X_SpeedXP_auto_WP7B-P040VA1-R8000_WP7B-P040VA1-R8000_WP7B-P040VA1-R8000_WP7B-P040VA1-R8000_CH1.nd_en_19
1.000000e+00 (V)  X_CH1.Xpartial.X_SpeedXP_auto_WP7B-P040VA1-R8000_WP7B-P040VA1-R8000_WP7B-P040VA1-R8000_WP7B-P040VA1-R8000_CH1.nd_en_2
1.000000e+00 (V)  X_CH1.Xpartial.X_SpeedXP_auto_WP7B-P040VA1-R8000_WP7B-P040VA1-R8000_WP7B-P040VA1-R8000_WP7B-P040VA1-R8000_CH1.nd_en_20
1.000000e+00 (V)  X_CH1.Xpartial.X_SpeedXP_auto_WP7B-P040VA1-R8000_WP7B-P040VA1-R8000_WP7B-P040VA1-R8000_WP7B-P040VA1-R8000_CH1.nd_en_3
1.000000e+00 (V)  X_CH1.Xpartial.X_SpeedXP_auto_WP7B-P040VA1-R8000_WP7B-P040VA1-R8000_WP7B-P040VA1-R8000_WP7B-P040VA1-R8000_CH1.nd_en_4
1.000000e+00 (V)  X_CH1.Xpartial.X_SpeedXP_auto_WP7B-P040VA1-R8000_WP7B-P040VA1-R8000_WP7B-P040VA1-R8000_WP7B-P040VA1-R8000_CH1.nd_en_5
1.000000e+00 (V)  X_CH1.Xpartial.X_SpeedXP_auto_WP7B-P040VA1-R8000_WP7B-P040VA1-R8000_WP7B-P040VA1-R8000_WP7B-P040VA1-R8000_CH1.nd_en_6
1.000000e+00 (V)  X_CH1.Xpartial.X_SpeedXP_auto_WP7B-P040VA1-R8000_WP7B-P040VA1-R8000_WP7B-P040VA1-R8000_WP7B-P040VA1-R8000_CH1.nd_en_7
1.000000e+00 (V)  X_CH1.Xpartial.X_SpeedXP_auto_WP7B-P040VA1-R8000_WP7B-P040VA1-R8000_WP7B-P040VA1-R8000_WP7B-P040VA1-R8000_CH1.nd_en_8
1.000000e+00 (V)  X_CH1.Xpartial.X_SpeedXP_auto_WP7B-P040VA1-R8000_WP7B-P040VA1-R8000_WP7B-P040VA1-R8000_WP7B-P040VA1-R8000_CH1.nd_en_9
1.000000e+00 (V)  X_CH1.Xpartial.X_SpeedXP_auto_WP7B-P040VA1-R8000_WP7B-P040VA1-R8000_WP7B-P040VA1-R8000_WP7B-P040VA1-R8000_CH1.nd_in_1
0.000000e+00 (V)  X_CH1.Xpartial.X_SpeedXP_auto_WP7B-P040VA1-R8000_WP7B-P040VA1-R8000_WP7B-P040VA1-R8000_WP7B-P040VA1-R8000_CH1.nd_in_10
0.000000e+00 (V)  X_CH1.Xpartial.X_SpeedXP_auto_WP7B-P040VA1-R8000_WP7B-P040VA1-R8000_WP7B-P040VA1-R8000_WP7B-P040VA1-R8000_CH1.nd_in_11
1.000000e+00 (V)  X_CH1.Xpartial.X_SpeedXP_auto_WP7B-P040VA1-R8000_WP7B-P040VA1-R8000_WP7B-P040VA1-R8000_WP7B-P040VA1-R8000_CH1.nd_in_12
0.000000e+00 (V)  X_CH1.Xpartial.X_SpeedXP_auto_WP7B-P040VA1-R8000_WP7B-P040VA1-R8000_WP7B-P040VA1-R8000_WP7B-P040VA1-R8000_CH1.nd_in_13
0.000000e+00 (V)  X_CH1.Xpartial.X_SpeedXP_auto_WP7B-P040VA1-R8000_WP7B-P040VA1-R8000_WP7B-P040VA1-R8000_WP7B-P040VA1-R8000_CH1.nd_in_14
0.000000e+00 (V)  X_CH1.Xpartial.X_SpeedXP_auto_WP7B-P040VA1-R8000_WP7B-P040VA1-R8000_WP7B-P040VA1-R8000_WP7B-P040VA1-R8000_CH1.nd_in_15
0.000000e+00 (V)  X_CH1.Xpartial.X_SpeedXP_auto_WP7B-P040VA1-R8000_WP7B-P040VA1-R8000_WP7B-P040VA1-R8000_WP7B-P040VA1-R8000_CH1.nd_in_16
0.000000e+00 (V)  X_CH1.Xpartial.X_SpeedXP_auto_WP7B-P040VA1-R8000_WP7B-P040VA1-R8000_WP7B-P040VA1-R8000_WP7B-P040VA1-R8000_CH1.nd_in_17
0.000000e+00 (V)  X_CH1.Xpartial.X_SpeedXP_auto_WP7B-P040VA1-R8000_WP7B-P040VA1-R8000_WP7B-P040VA1-R8000_WP7B-P040VA1-R8000_CH1.nd_in_18
0.000000e+00 (V)  X_CH1.Xpartial.X_SpeedXP_auto_WP7B-P040VA1-R8000_WP7B-P040VA1-R8000_WP7B-P040VA1-R8000_WP7B-P040VA1-R8000_CH1.nd_in_19
0.000000e+00 (V)  X_CH1.Xpartial.X_SpeedXP_auto_WP7B-P040VA1-R8000_WP7B-P040VA1-R8000_WP7B-P040VA1-R8000_WP7B-P040VA1-R8000_CH1.nd_in_2
0.000000e+00 (V)  X_CH1.Xpartial.X_SpeedXP_auto_WP7B-P040VA1-R8000_WP7B-P040VA1-R8000_WP7B-P040VA1-R8000_WP7B-P040VA1-R8000_CH1.nd_in_20
0.000000e+00 (V)  X_CH1.Xpartial.X_SpeedXP_auto_WP7B-P040VA1-R8000_WP7B-P040VA1-R8000_WP7B-P040VA1-R8000_WP7B-P040VA1-R8000_CH1.nd_in_3
0.000000e+00 (V)  X_CH1.Xpartial.X_SpeedXP_auto_WP7B-P040VA1-R8000_WP7B-P040VA1-R8000_WP7B-P040VA1-R8000_WP7B-P040VA1-R8000_CH1.nd_in_4
1.000000e+00 (V)  X_CH1.Xpartial.X_SpeedXP_auto_WP7B-P040VA1-R8000_WP7B-P040VA1-R8000_WP7B-P040VA1-R8000_WP7B-P040VA1-R8000_CH1.nd_in_5
0.000000e+00 (V)  X_CH1.Xpartial.X_SpeedXP_auto_WP7B-P040VA1-R8000_WP7B-P040VA1-R8000_WP7B-P040VA1-R8000_WP7B-P040VA1-R8000_CH1.nd_in_6
1.000000e+00 (V)  X_CH1.Xpartial.X_SpeedXP_auto_WP7B-P040VA1-R8000_WP7B-P040VA1-R8000_WP7B-P040VA1-R8000_WP7B-P040VA1-R8000_CH1.nd_in_7
0.000000e+00 (V)  X_CH1.Xpartial.X_SpeedXP_auto_WP7B-P040VA1-R8000_WP7B-P040VA1-R8000_WP7B-P040VA1-R8000_WP7B-P040VA1-R8000_CH1.nd_in_8
1.000000e+00 (V)  X_CH1.Xpartial.X_SpeedXP_auto_WP7B-P040VA1-R8000_WP7B-P040VA1-R8000_WP7B-P040VA1-R8000_WP7B-P040VA1-R8000_CH1.nd_in_9
5.000000e-01 (V)  X_CH1.Xpartial.X_SpeedXP_auto_WP7B-P040VA1-R8000_WP7B-P040VA1-R8000_WP7B-P040VA1-R8000_WP7B-P040VA1-R8000_CH1.nd_out_of_in_1
5.000000e-01 (V)  X_CH1.Xpartial.X_SpeedXP_auto_WP7B-P040VA1-R8000_WP7B-P040VA1-R8000_WP7B-P040VA1-R8000_WP7B-P040VA1-R8000_CH1.nd_out_of_in_10
5.000000e-01 (V)  X_CH1.Xpartial.X_SpeedXP_auto_WP7B-P040VA1-R8000_WP7B-P040VA1-R8000_WP7B-P040VA1-R8000_WP7B-P040VA1-R8000_CH1.nd_out_of_in_11
5.000000e-01 (V)  X_CH1.Xpartial.X_SpeedXP_auto_WP7B-P040VA1-R8000_WP7B-P040VA1-R8000_WP7B-P040VA1-R8000_WP7B-P040VA1-R8000_CH1.nd_out_of_in_12
5.000000e-01 (V)  X_CH1.Xpartial.X_SpeedXP_auto_WP7B-P040VA1-R8000_WP7B-P040VA1-R8000_WP7B-P040VA1-R8000_WP7B-P040VA1-R8000_CH1.nd_out_of_in_2
5.000000e-01 (V)  X_CH1.Xpartial.X_SpeedXP_auto_WP7B-P040VA1-R8000_WP7B-P040VA1-R8000_WP7B-P040VA1-R8000_WP7B-P040VA1-R8000_CH1.nd_out_of_in_5
5.000000e-01 (V)  X_CH1.Xpartial.X_SpeedXP_auto_WP7B-P040VA1-R8000_WP7B-P040VA1-R8000_WP7B-P040VA1-R8000_WP7B-P040VA1-R8000_CH1.nd_out_of_in_6
5.000000e-01 (V)  X_CH1.Xpartial.X_SpeedXP_auto_WP7B-P040VA1-R8000_WP7B-P040VA1-R8000_WP7B-P040VA1-R8000_WP7B-P040VA1-R8000_CH1.nd_out_of_in_7
5.000000e-01 (V)  X_CH1.Xpartial.X_SpeedXP_auto_WP7B-P040VA1-R8000_WP7B-P040VA1-R8000_WP7B-P040VA1-R8000_WP7B-P040VA1-R8000_CH1.nd_out_of_in_8
5.000000e-01 (V)  X_CH1.Xpartial.X_SpeedXP_auto_WP7B-P040VA1-R8000_WP7B-P040VA1-R8000_WP7B-P040VA1-R8000_WP7B-P040VA1-R8000_CH1.nd_out_of_in_9
2.500000e+00 (V)  X_CH1.Xpartial.X_SpeedXP_auto_WP7B-P040VA1-R8000_WP7B-P040VA1-R8000_WP7B-P040VA1-R8000_WP7B-P040VA1-R8000_CH1.Power_1
2.500000e+00 (V)  X_CH1.Xpartial.X_SpeedXP_auto_WP7B-P040VA1-R8000_WP7B-P040VA1-R8000_WP7B-P040VA1-R8000_WP7B-P040VA1-R8000_CH1.Power_10
2.500000e+00 (V)  X_CH1.Xpartial.X_SpeedXP_auto_WP7B-P040VA1-R8000_WP7B-P040VA1-R8000_WP7B-P040VA1-R8000_WP7B-P040VA1-R8000_CH1.Power_11
2.500000e+00 (V)  X_CH1.Xpartial.X_SpeedXP_auto_WP7B-P040VA1-R8000_WP7B-P040VA1-R8000_WP7B-P040VA1-R8000_WP7B-P040VA1-R8000_CH1.Power_12
2.500000e+00 (V)  X_CH1.Xpartial.X_SpeedXP_auto_WP7B-P040VA1-R8000_WP7B-P040VA1-R8000_WP7B-P040VA1-R8000_WP7B-P040VA1-R8000_CH1.Power_2
2.500000e+00 (V)  X_CH1.Xpartial.X_SpeedXP_auto_WP7B-P040VA1-R8000_WP7B-P040VA1-R8000_WP7B-P040VA1-R8000_WP7B-P040VA1-R8000_CH1.Power_5
2.500000e+00 (V)  X_CH1.Xpartial.X_SpeedXP_auto_WP7B-P040VA1-R8000_WP7B-P040VA1-R8000_WP7B-P040VA1-R8000_WP7B-P040VA1-R8000_CH1.Power_6
2.500000e+00 (V)  X_CH1.Xpartial.X_SpeedXP_auto_WP7B-P040VA1-R8000_WP7B-P040VA1-R8000_WP7B-P040VA1-R8000_WP7B-P040VA1-R8000_CH1.Power_7
2.500000e+00 (V)  X_CH1.Xpartial.X_SpeedXP_auto_WP7B-P040VA1-R8000_WP7B-P040VA1-R8000_WP7B-P040VA1-R8000_WP7B-P040VA1-R8000_CH1.Power_8
2.500000e+00 (V)  X_CH1.Xpartial.X_SpeedXP_auto_WP7B-P040VA1-R8000_WP7B-P040VA1-R8000_WP7B-P040VA1-R8000_WP7B-P040VA1-R8000_CH1.Power_9
0.000000e+00 (V)  X_D5.Xpartial.X_SpeedXP_auto_TVS/ESD_SOD-323_H3V3HD3U_H3V3HD3U_D5.nd_en_1
1.000000e+00 (V)  X_ESD1.Xpartial.X_SpeedXP_auto_IP4292CZ10_DFN2510A-10_IP4292CZ10-TBR_115_IP4292CZ10-TBR_115_ESD1_ESD1.nd_en_1
0.000000e+00 (V)  X_ESD1.Xpartial.X_SpeedXP_auto_IP4292CZ10_DFN2510A-10_IP4292CZ10-TBR_115_IP4292CZ10-TBR_115_ESD1_ESD1.nd_en_10
1.000000e+00 (V)  X_ESD1.Xpartial.X_SpeedXP_auto_IP4292CZ10_DFN2510A-10_IP4292CZ10-TBR_115_IP4292CZ10-TBR_115_ESD1_ESD1.nd_en_2
1.000000e+00 (V)  X_ESD1.Xpartial.X_SpeedXP_auto_IP4292CZ10_DFN2510A-10_IP4292CZ10-TBR_115_IP4292CZ10-TBR_115_ESD1_ESD1.nd_en_4
1.000000e+00 (V)  X_ESD1.Xpartial.X_SpeedXP_auto_IP4292CZ10_DFN2510A-10_IP4292CZ10-TBR_115_IP4292CZ10-TBR_115_ESD1_ESD1.nd_en_5
0.000000e+00 (V)  X_ESD1.Xpartial.X_SpeedXP_auto_IP4292CZ10_DFN2510A-10_IP4292CZ10-TBR_115_IP4292CZ10-TBR_115_ESD1_ESD1.nd_en_6
0.000000e+00 (V)  X_ESD1.Xpartial.X_SpeedXP_auto_IP4292CZ10_DFN2510A-10_IP4292CZ10-TBR_115_IP4292CZ10-TBR_115_ESD1_ESD1.nd_en_7
0.000000e+00 (V)  X_ESD1.Xpartial.X_SpeedXP_auto_IP4292CZ10_DFN2510A-10_IP4292CZ10-TBR_115_IP4292CZ10-TBR_115_ESD1_ESD1.nd_en_9
0.000000e+00 (V)  X_ESD1.Xpartial.X_SpeedXP_auto_IP4292CZ10_DFN2510A-10_IP4292CZ10-TBR_115_IP4292CZ10-TBR_115_ESD1_ESD1.nd_in_1
0.000000e+00 (V)  X_ESD1.Xpartial.X_SpeedXP_auto_IP4292CZ10_DFN2510A-10_IP4292CZ10-TBR_115_IP4292CZ10-TBR_115_ESD1_ESD1.nd_in_2
0.000000e+00 (V)  X_ESD1.Xpartial.X_SpeedXP_auto_IP4292CZ10_DFN2510A-10_IP4292CZ10-TBR_115_IP4292CZ10-TBR_115_ESD1_ESD1.nd_in_4
0.000000e+00 (V)  X_ESD1.Xpartial.X_SpeedXP_auto_IP4292CZ10_DFN2510A-10_IP4292CZ10-TBR_115_IP4292CZ10-TBR_115_ESD1_ESD1.nd_in_5
1.000000e+00 (V)  X_ESD2.Xpartial.X_SpeedXP_auto_IP4292CZ10_DFN2510A-10_IP4292CZ10-TBR_115_IP4292CZ10-TBR_115_ESD2_ESD2.nd_en_1
0.000000e+00 (V)  X_ESD2.Xpartial.X_SpeedXP_auto_IP4292CZ10_DFN2510A-10_IP4292CZ10-TBR_115_IP4292CZ10-TBR_115_ESD2_ESD2.nd_en_10
1.000000e+00 (V)  X_ESD2.Xpartial.X_SpeedXP_auto_IP4292CZ10_DFN2510A-10_IP4292CZ10-TBR_115_IP4292CZ10-TBR_115_ESD2_ESD2.nd_en_2
1.000000e+00 (V)  X_ESD2.Xpartial.X_SpeedXP_auto_IP4292CZ10_DFN2510A-10_IP4292CZ10-TBR_115_IP4292CZ10-TBR_115_ESD2_ESD2.nd_en_4
1.000000e+00 (V)  X_ESD2.Xpartial.X_SpeedXP_auto_IP4292CZ10_DFN2510A-10_IP4292CZ10-TBR_115_IP4292CZ10-TBR_115_ESD2_ESD2.nd_en_5
0.000000e+00 (V)  X_ESD2.Xpartial.X_SpeedXP_auto_IP4292CZ10_DFN2510A-10_IP4292CZ10-TBR_115_IP4292CZ10-TBR_115_ESD2_ESD2.nd_en_6
0.000000e+00 (V)  X_ESD2.Xpartial.X_SpeedXP_auto_IP4292CZ10_DFN2510A-10_IP4292CZ10-TBR_115_IP4292CZ10-TBR_115_ESD2_ESD2.nd_en_7
0.000000e+00 (V)  X_ESD2.Xpartial.X_SpeedXP_auto_IP4292CZ10_DFN2510A-10_IP4292CZ10-TBR_115_IP4292CZ10-TBR_115_ESD2_ESD2.nd_en_9
0.000000e+00 (V)  X_ESD2.Xpartial.X_SpeedXP_auto_IP4292CZ10_DFN2510A-10_IP4292CZ10-TBR_115_IP4292CZ10-TBR_115_ESD2_ESD2.nd_in_1
0.000000e+00 (V)  X_ESD2.Xpartial.X_SpeedXP_auto_IP4292CZ10_DFN2510A-10_IP4292CZ10-TBR_115_IP4292CZ10-TBR_115_ESD2_ESD2.nd_in_2
0.000000e+00 (V)  X_ESD2.Xpartial.X_SpeedXP_auto_IP4292CZ10_DFN2510A-10_IP4292CZ10-TBR_115_IP4292CZ10-TBR_115_ESD2_ESD2.nd_in_4
0.000000e+00 (V)  X_ESD2.Xpartial.X_SpeedXP_auto_IP4292CZ10_DFN2510A-10_IP4292CZ10-TBR_115_IP4292CZ10-TBR_115_ESD2_ESD2.nd_in_5
0.000000e+00 (V)  X_HDMI1.Xpartial.X_SpeedXP_auto_HDMI-A_HDMI-001S_HDMI-001S_HDMI-001S_HDMI1.nd_en_1
0.000000e+00 (V)  X_HDMI1.Xpartial.X_SpeedXP_auto_HDMI-A_HDMI-001S_HDMI-001S_HDMI-001S_HDMI1.nd_en_10
0.000000e+00 (V)  X_HDMI1.Xpartial.X_SpeedXP_auto_HDMI-A_HDMI-001S_HDMI-001S_HDMI-001S_HDMI1.nd_en_12
0.000000e+00 (V)  X_HDMI1.Xpartial.X_SpeedXP_auto_HDMI-A_HDMI-001S_HDMI-001S_HDMI-001S_HDMI1.nd_en_3
0.000000e+00 (V)  X_HDMI1.Xpartial.X_SpeedXP_auto_HDMI-A_HDMI-001S_HDMI-001S_HDMI-001S_HDMI1.nd_en_4
0.000000e+00 (V)  X_HDMI1.Xpartial.X_SpeedXP_auto_HDMI-A_HDMI-001S_HDMI-001S_HDMI-001S_HDMI1.nd_en_6
0.000000e+00 (V)  X_HDMI1.Xpartial.X_SpeedXP_auto_HDMI-A_HDMI-001S_HDMI-001S_HDMI-001S_HDMI1.nd_en_7
0.000000e+00 (V)  X_HDMI1.Xpartial.X_SpeedXP_auto_HDMI-A_HDMI-001S_HDMI-001S_HDMI-001S_HDMI1.nd_en_9
0.000000e+00 (V)  X_R24.Xpartial.X_SpeedXP_auto_RES_R0603_10K_10K_R24_R24.nd_en_2
1.000000e+00 (V)  X_R25.Xpartial.X_SpeedXP_auto_RES_R0603_1K_1K_R25_R25.nd_en_1
0.000000e+00 (V)  X_R25.Xpartial.X_SpeedXP_auto_RES_R0603_1K_1K_R25_R25.nd_in_1
0.000000e+00 (V)  X_SW1.Xpartial.X_SpeedXP_auto_SWITCH-2P_SMD4030_1_6N_1_6N_SW1.nd_en_2
1.006217e-10 (V)  X_U8.Xpartial.X_SpeedXP_auto_TC358870XBG_1_VFBGA80_(S1+S2+S3+S4)_TC358870XBG(NOK)_TC358870XBG(NOK)_U8.B_SpeedXP_auto_A6.Output0
1.006217e-10 (V)  X_U8.Xpartial.X_SpeedXP_auto_TC358870XBG_1_VFBGA80_(S1+S2+S3+S4)_TC358870XBG(NOK)_TC358870XBG(NOK)_U8.B_SpeedXP_auto_A6.Output1
2.500000e+00 (V)  X_U8.Xpartial.X_SpeedXP_auto_TC358870XBG_1_VFBGA80_(S1+S2+S3+S4)_TC358870XBG(NOK)_TC358870XBG(NOK)_U8.B_SpeedXP_auto_B6.Output0
2.500000e+00 (V)  X_U8.Xpartial.X_SpeedXP_auto_TC358870XBG_1_VFBGA80_(S1+S2+S3+S4)_TC358870XBG(NOK)_TC358870XBG(NOK)_U8.B_SpeedXP_auto_B6.Output1
1.003626e-10 (V)  X_U8.Xpartial.X_SpeedXP_auto_TC358870XBG_1_VFBGA80_(S1+S2+S3+S4)_TC358870XBG(NOK)_TC358870XBG(NOK)_U8.B_SpeedXP_auto_D10.Output0
1.003626e-10 (V)  X_U8.Xpartial.X_SpeedXP_auto_TC358870XBG_1_VFBGA80_(S1+S2+S3+S4)_TC358870XBG(NOK)_TC358870XBG(NOK)_U8.B_SpeedXP_auto_D10.Output1
2.500000e+00 (V)  X_U8.Xpartial.X_SpeedXP_auto_TC358870XBG_1_VFBGA80_(S1+S2+S3+S4)_TC358870XBG(NOK)_TC358870XBG(NOK)_U8.B_SpeedXP_auto_D9.Output0
2.500000e+00 (V)  X_U8.Xpartial.X_SpeedXP_auto_TC358870XBG_1_VFBGA80_(S1+S2+S3+S4)_TC358870XBG(NOK)_TC358870XBG(NOK)_U8.B_SpeedXP_auto_D9.Output1
1.003670e-10 (V)  X_U8.Xpartial.X_SpeedXP_auto_TC358870XBG_1_VFBGA80_(S1+S2+S3+S4)_TC358870XBG(NOK)_TC358870XBG(NOK)_U8.B_SpeedXP_auto_E10.Output0
1.003670e-10 (V)  X_U8.Xpartial.X_SpeedXP_auto_TC358870XBG_1_VFBGA80_(S1+S2+S3+S4)_TC358870XBG(NOK)_TC358870XBG(NOK)_U8.B_SpeedXP_auto_E10.Output1
2.500000e+00 (V)  X_U8.Xpartial.X_SpeedXP_auto_TC358870XBG_1_VFBGA80_(S1+S2+S3+S4)_TC358870XBG(NOK)_TC358870XBG(NOK)_U8.B_SpeedXP_auto_E9.Output0
2.500000e+00 (V)  X_U8.Xpartial.X_SpeedXP_auto_TC358870XBG_1_VFBGA80_(S1+S2+S3+S4)_TC358870XBG(NOK)_TC358870XBG(NOK)_U8.B_SpeedXP_auto_E9.Output1
1.003666e-10 (V)  X_U8.Xpartial.X_SpeedXP_auto_TC358870XBG_1_VFBGA80_(S1+S2+S3+S4)_TC358870XBG(NOK)_TC358870XBG(NOK)_U8.B_SpeedXP_auto_F10.Output0
1.003666e-10 (V)  X_U8.Xpartial.X_SpeedXP_auto_TC358870XBG_1_VFBGA80_(S1+S2+S3+S4)_TC358870XBG(NOK)_TC358870XBG(NOK)_U8.B_SpeedXP_auto_F10.Output1
2.500000e+00 (V)  X_U8.Xpartial.X_SpeedXP_auto_TC358870XBG_1_VFBGA80_(S1+S2+S3+S4)_TC358870XBG(NOK)_TC358870XBG(NOK)_U8.B_SpeedXP_auto_F9.Output0
2.500000e+00 (V)  X_U8.Xpartial.X_SpeedXP_auto_TC358870XBG_1_VFBGA80_(S1+S2+S3+S4)_TC358870XBG(NOK)_TC358870XBG(NOK)_U8.B_SpeedXP_auto_F9.Output1
1.003807e-10 (V)  X_U8.Xpartial.X_SpeedXP_auto_TC358870XBG_1_VFBGA80_(S1+S2+S3+S4)_TC358870XBG(NOK)_TC358870XBG(NOK)_U8.B_SpeedXP_auto_G10.Output0
1.003807e-10 (V)  X_U8.Xpartial.X_SpeedXP_auto_TC358870XBG_1_VFBGA80_(S1+S2+S3+S4)_TC358870XBG(NOK)_TC358870XBG(NOK)_U8.B_SpeedXP_auto_G10.Output1
2.500000e+00 (V)  X_U8.Xpartial.X_SpeedXP_auto_TC358870XBG_1_VFBGA80_(S1+S2+S3+S4)_TC358870XBG(NOK)_TC358870XBG(NOK)_U8.B_SpeedXP_auto_G9.Output0
2.500000e+00 (V)  X_U8.Xpartial.X_SpeedXP_auto_TC358870XBG_1_VFBGA80_(S1+S2+S3+S4)_TC358870XBG(NOK)_TC358870XBG(NOK)_U8.B_SpeedXP_auto_G9.Output1
0.000000e+00 (V)  X_U8.Xpartial.X_SpeedXP_auto_TC358870XBG_1_VFBGA80_(S1+S2+S3+S4)_TC358870XBG(NOK)_TC358870XBG(NOK)_U8.nd_en_A4
0.000000e+00 (V)  X_U8.Xpartial.X_SpeedXP_auto_TC358870XBG_1_VFBGA80_(S1+S2+S3+S4)_TC358870XBG(NOK)_TC358870XBG(NOK)_U8.nd_en_A5
0.000000e+00 (V)  X_U8.Xpartial.X_SpeedXP_auto_TC358870XBG_1_VFBGA80_(S1+S2+S3+S4)_TC358870XBG(NOK)_TC358870XBG(NOK)_U8.nd_en_A6
0.000000e+00 (V)  X_U8.Xpartial.X_SpeedXP_auto_TC358870XBG_1_VFBGA80_(S1+S2+S3+S4)_TC358870XBG(NOK)_TC358870XBG(NOK)_U8.nd_en_A7
0.000000e+00 (V)  X_U8.Xpartial.X_SpeedXP_auto_TC358870XBG_1_VFBGA80_(S1+S2+S3+S4)_TC358870XBG(NOK)_TC358870XBG(NOK)_U8.nd_en_A8
0.000000e+00 (V)  X_U8.Xpartial.X_SpeedXP_auto_TC358870XBG_1_VFBGA80_(S1+S2+S3+S4)_TC358870XBG(NOK)_TC358870XBG(NOK)_U8.nd_en_A9
0.000000e+00 (V)  X_U8.Xpartial.X_SpeedXP_auto_TC358870XBG_1_VFBGA80_(S1+S2+S3+S4)_TC358870XBG(NOK)_TC358870XBG(NOK)_U8.nd_en_B5
0.000000e+00 (V)  X_U8.Xpartial.X_SpeedXP_auto_TC358870XBG_1_VFBGA80_(S1+S2+S3+S4)_TC358870XBG(NOK)_TC358870XBG(NOK)_U8.nd_en_B6
0.000000e+00 (V)  X_U8.Xpartial.X_SpeedXP_auto_TC358870XBG_1_VFBGA80_(S1+S2+S3+S4)_TC358870XBG(NOK)_TC358870XBG(NOK)_U8.nd_en_B7
0.000000e+00 (V)  X_U8.Xpartial.X_SpeedXP_auto_TC358870XBG_1_VFBGA80_(S1+S2+S3+S4)_TC358870XBG(NOK)_TC358870XBG(NOK)_U8.nd_en_B8
0.000000e+00 (V)  X_U8.Xpartial.X_SpeedXP_auto_TC358870XBG_1_VFBGA80_(S1+S2+S3+S4)_TC358870XBG(NOK)_TC358870XBG(NOK)_U8.nd_en_B9
0.000000e+00 (V)  X_U8.Xpartial.X_SpeedXP_auto_TC358870XBG_1_VFBGA80_(S1+S2+S3+S4)_TC358870XBG(NOK)_TC358870XBG(NOK)_U8.nd_en_C1
0.000000e+00 (V)  X_U8.Xpartial.X_SpeedXP_auto_TC358870XBG_1_VFBGA80_(S1+S2+S3+S4)_TC358870XBG(NOK)_TC358870XBG(NOK)_U8.nd_en_C2
0.000000e+00 (V)  X_U8.Xpartial.X_SpeedXP_auto_TC358870XBG_1_VFBGA80_(S1+S2+S3+S4)_TC358870XBG(NOK)_TC358870XBG(NOK)_U8.nd_en_D1
0.000000e+00 (V)  X_U8.Xpartial.X_SpeedXP_auto_TC358870XBG_1_VFBGA80_(S1+S2+S3+S4)_TC358870XBG(NOK)_TC358870XBG(NOK)_U8.nd_en_D10
0.000000e+00 (V)  X_U8.Xpartial.X_SpeedXP_auto_TC358870XBG_1_VFBGA80_(S1+S2+S3+S4)_TC358870XBG(NOK)_TC358870XBG(NOK)_U8.nd_en_D2
0.000000e+00 (V)  X_U8.Xpartial.X_SpeedXP_auto_TC358870XBG_1_VFBGA80_(S1+S2+S3+S4)_TC358870XBG(NOK)_TC358870XBG(NOK)_U8.nd_en_D9
0.000000e+00 (V)  X_U8.Xpartial.X_SpeedXP_auto_TC358870XBG_1_VFBGA80_(S1+S2+S3+S4)_TC358870XBG(NOK)_TC358870XBG(NOK)_U8.nd_en_E1
0.000000e+00 (V)  X_U8.Xpartial.X_SpeedXP_auto_TC358870XBG_1_VFBGA80_(S1+S2+S3+S4)_TC358870XBG(NOK)_TC358870XBG(NOK)_U8.nd_en_E10
0.000000e+00 (V)  X_U8.Xpartial.X_SpeedXP_auto_TC358870XBG_1_VFBGA80_(S1+S2+S3+S4)_TC358870XBG(NOK)_TC358870XBG(NOK)_U8.nd_en_E2
0.000000e+00 (V)  X_U8.Xpartial.X_SpeedXP_auto_TC358870XBG_1_VFBGA80_(S1+S2+S3+S4)_TC358870XBG(NOK)_TC358870XBG(NOK)_U8.nd_en_E9
0.000000e+00 (V)  X_U8.Xpartial.X_SpeedXP_auto_TC358870XBG_1_VFBGA80_(S1+S2+S3+S4)_TC358870XBG(NOK)_TC358870XBG(NOK)_U8.nd_en_F1
0.000000e+00 (V)  X_U8.Xpartial.X_SpeedXP_auto_TC358870XBG_1_VFBGA80_(S1+S2+S3+S4)_TC358870XBG(NOK)_TC358870XBG(NOK)_U8.nd_en_F10
0.000000e+00 (V)  X_U8.Xpartial.X_SpeedXP_auto_TC358870XBG_1_VFBGA80_(S1+S2+S3+S4)_TC358870XBG(NOK)_TC358870XBG(NOK)_U8.nd_en_F2
0.000000e+00 (V)  X_U8.Xpartial.X_SpeedXP_auto_TC358870XBG_1_VFBGA80_(S1+S2+S3+S4)_TC358870XBG(NOK)_TC358870XBG(NOK)_U8.nd_en_F9
0.000000e+00 (V)  X_U8.Xpartial.X_SpeedXP_auto_TC358870XBG_1_VFBGA80_(S1+S2+S3+S4)_TC358870XBG(NOK)_TC358870XBG(NOK)_U8.nd_en_G10
0.000000e+00 (V)  X_U8.Xpartial.X_SpeedXP_auto_TC358870XBG_1_VFBGA80_(S1+S2+S3+S4)_TC358870XBG(NOK)_TC358870XBG(NOK)_U8.nd_en_G9
0.000000e+00 (V)  X_U8.Xpartial.X_SpeedXP_auto_TC358870XBG_1_VFBGA80_(S1+S2+S3+S4)_TC358870XBG(NOK)_TC358870XBG(NOK)_U8.nd_en_H10
0.000000e+00 (V)  X_U8.Xpartial.X_SpeedXP_auto_TC358870XBG_1_VFBGA80_(S1+S2+S3+S4)_TC358870XBG(NOK)_TC358870XBG(NOK)_U8.nd_en_H9
0.000000e+00 (V)  X_U8.Xpartial.X_SpeedXP_auto_TC358870XBG_1_VFBGA80_(S1+S2+S3+S4)_TC358870XBG(NOK)_TC358870XBG(NOK)_U8.nd_en_K8
0.000000e+00 (V)  X_U8.Xpartial.X_SpeedXP_auto_TC358870XBG_1_VFBGA80_(S1+S2+S3+S4)_TC358870XBG(NOK)_TC358870XBG(NOK)_U8.nd_in_A6
0.000000e+00 (V)  X_U8.Xpartial.X_SpeedXP_auto_TC358870XBG_1_VFBGA80_(S1+S2+S3+S4)_TC358870XBG(NOK)_TC358870XBG(NOK)_U8.nd_in_B6
0.000000e+00 (V)  X_U8.Xpartial.X_SpeedXP_auto_TC358870XBG_1_VFBGA80_(S1+S2+S3+S4)_TC358870XBG(NOK)_TC358870XBG(NOK)_U8.nd_in_D10
0.000000e+00 (V)  X_U8.Xpartial.X_SpeedXP_auto_TC358870XBG_1_VFBGA80_(S1+S2+S3+S4)_TC358870XBG(NOK)_TC358870XBG(NOK)_U8.nd_in_D9
0.000000e+00 (V)  X_U8.Xpartial.X_SpeedXP_auto_TC358870XBG_1_VFBGA80_(S1+S2+S3+S4)_TC358870XBG(NOK)_TC358870XBG(NOK)_U8.nd_in_E10
0.000000e+00 (V)  X_U8.Xpartial.X_SpeedXP_auto_TC358870XBG_1_VFBGA80_(S1+S2+S3+S4)_TC358870XBG(NOK)_TC358870XBG(NOK)_U8.nd_in_E9
0.000000e+00 (V)  X_U8.Xpartial.X_SpeedXP_auto_TC358870XBG_1_VFBGA80_(S1+S2+S3+S4)_TC358870XBG(NOK)_TC358870XBG(NOK)_U8.nd_in_F10
0.000000e+00 (V)  X_U8.Xpartial.X_SpeedXP_auto_TC358870XBG_1_VFBGA80_(S1+S2+S3+S4)_TC358870XBG(NOK)_TC358870XBG(NOK)_U8.nd_in_F9
0.000000e+00 (V)  X_U8.Xpartial.X_SpeedXP_auto_TC358870XBG_1_VFBGA80_(S1+S2+S3+S4)_TC358870XBG(NOK)_TC358870XBG(NOK)_U8.nd_in_G10
0.000000e+00 (V)  X_U8.Xpartial.X_SpeedXP_auto_TC358870XBG_1_VFBGA80_(S1+S2+S3+S4)_TC358870XBG(NOK)_TC358870XBG(NOK)_U8.nd_in_G9
0.000000e+00 (V)  X_U8.Xpartial.X_SpeedXP_auto_TC358870XBG_1_VFBGA80_(S1+S2+S3+S4)_TC358870XBG(NOK)_TC358870XBG(NOK)_U8.nd_out_of_in_A6
1.000000e+00 (V)  X_U8.Xpartial.X_SpeedXP_auto_TC358870XBG_1_VFBGA80_(S1+S2+S3+S4)_TC358870XBG(NOK)_TC358870XBG(NOK)_U8.nd_out_of_in_B6
0.000000e+00 (V)  X_U8.Xpartial.X_SpeedXP_auto_TC358870XBG_1_VFBGA80_(S1+S2+S3+S4)_TC358870XBG(NOK)_TC358870XBG(NOK)_U8.nd_out_of_in_D10
1.000000e+00 (V)  X_U8.Xpartial.X_SpeedXP_auto_TC358870XBG_1_VFBGA80_(S1+S2+S3+S4)_TC358870XBG(NOK)_TC358870XBG(NOK)_U8.nd_out_of_in_D9
0.000000e+00 (V)  X_U8.Xpartial.X_SpeedXP_auto_TC358870XBG_1_VFBGA80_(S1+S2+S3+S4)_TC358870XBG(NOK)_TC358870XBG(NOK)_U8.nd_out_of_in_E10
1.000000e+00 (V)  X_U8.Xpartial.X_SpeedXP_auto_TC358870XBG_1_VFBGA80_(S1+S2+S3+S4)_TC358870XBG(NOK)_TC358870XBG(NOK)_U8.nd_out_of_in_E9
0.000000e+00 (V)  X_U8.Xpartial.X_SpeedXP_auto_TC358870XBG_1_VFBGA80_(S1+S2+S3+S4)_TC358870XBG(NOK)_TC358870XBG(NOK)_U8.nd_out_of_in_F10
1.000000e+00 (V)  X_U8.Xpartial.X_SpeedXP_auto_TC358870XBG_1_VFBGA80_(S1+S2+S3+S4)_TC358870XBG(NOK)_TC358870XBG(NOK)_U8.nd_out_of_in_F9
0.000000e+00 (V)  X_U8.Xpartial.X_SpeedXP_auto_TC358870XBG_1_VFBGA80_(S1+S2+S3+S4)_TC358870XBG(NOK)_TC358870XBG(NOK)_U8.nd_out_of_in_G10
1.000000e+00 (V)  X_U8.Xpartial.X_SpeedXP_auto_TC358870XBG_1_VFBGA80_(S1+S2+S3+S4)_TC358870XBG(NOK)_TC358870XBG(NOK)_U8.nd_out_of_in_G9
2.500000e+00 (V)  X_U8.Xpartial.X_SpeedXP_auto_TC358870XBG_1_VFBGA80_(S1+S2+S3+S4)_TC358870XBG(NOK)_TC358870XBG(NOK)_U8.Power_A6
2.500000e+00 (V)  X_U8.Xpartial.X_SpeedXP_auto_TC358870XBG_1_VFBGA80_(S1+S2+S3+S4)_TC358870XBG(NOK)_TC358870XBG(NOK)_U8.Power_B6
2.500000e+00 (V)  X_U8.Xpartial.X_SpeedXP_auto_TC358870XBG_1_VFBGA80_(S1+S2+S3+S4)_TC358870XBG(NOK)_TC358870XBG(NOK)_U8.Power_D10
2.500000e+00 (V)  X_U8.Xpartial.X_SpeedXP_auto_TC358870XBG_1_VFBGA80_(S1+S2+S3+S4)_TC358870XBG(NOK)_TC358870XBG(NOK)_U8.Power_D9
2.500000e+00 (V)  X_U8.Xpartial.X_SpeedXP_auto_TC358870XBG_1_VFBGA80_(S1+S2+S3+S4)_TC358870XBG(NOK)_TC358870XBG(NOK)_U8.Power_E10
2.500000e+00 (V)  X_U8.Xpartial.X_SpeedXP_auto_TC358870XBG_1_VFBGA80_(S1+S2+S3+S4)_TC358870XBG(NOK)_TC358870XBG(NOK)_U8.Power_E9
2.500000e+00 (V)  X_U8.Xpartial.X_SpeedXP_auto_TC358870XBG_1_VFBGA80_(S1+S2+S3+S4)_TC358870XBG(NOK)_TC358870XBG(NOK)_U8.Power_F10
2.500000e+00 (V)  X_U8.Xpartial.X_SpeedXP_auto_TC358870XBG_1_VFBGA80_(S1+S2+S3+S4)_TC358870XBG(NOK)_TC358870XBG(NOK)_U8.Power_F9
2.500000e+00 (V)  X_U8.Xpartial.X_SpeedXP_auto_TC358870XBG_1_VFBGA80_(S1+S2+S3+S4)_TC358870XBG(NOK)_TC358870XBG(NOK)_U8.Power_G10
2.500000e+00 (V)  X_U8.Xpartial.X_SpeedXP_auto_TC358870XBG_1_VFBGA80_(S1+S2+S3+S4)_TC358870XBG(NOK)_TC358870XBG(NOK)_U8.Power_G9
2.500000e+00 (V)  Xvia0.Node2529::MIPI_DSI0_DATA1_Ntmp
1.001840e-10 (V)  Xvia0.Node3081::MIPI_DSI0_DATA1_Ptmp
2.500000e+00 (V)  Xvia1.Node2425::MIPI_DSI0_DATA2_Ntmp
1.001431e-10 (V)  Xvia1.Node2955::MIPI_DSI0_DATA2_Ptmp
2.500000e+00 (V)  Xvia2.Node2424::MIPI_DSI0_DATA3_Ntmp
1.000108e-10 (V)  Xvia2.Node2954::MIPI_DSI0_DATA3_Ptmp
2.500000e+00 (V)  Xvia2.Via73::MIPI_DSI0_DATA3_N_PatchSignal#GND
2.500000e+00 (V)  Xvia2.Via73::MIPI_DSI0_DATA3_N_PatchSignal#GNDtmp
2.500000e+00 (V)  Xvia2.Via73::MIPI_DSI0_DATA3_N_PatchSignal#PWOER
2.500000e+00 (V)  Xvia2.Via73::MIPI_DSI0_DATA3_N_PatchSignal#PWOERtmp
1.000124e-10 (V)  Xvia2.Via78::MIPI_DSI0_DATA3_P_PatchSignal#GND
1.000125e-10 (V)  Xvia2.Via78::MIPI_DSI0_DATA3_P_PatchSignal#GNDtmp
1.000108e-10 (V)  Xvia2.Via78::MIPI_DSI0_DATA3_P_PatchSignal#PWOER
1.000124e-10 (V)  Xvia2.Via78::MIPI_DSI0_DATA3_P_PatchSignal#PWOERtmp
2.500000e+00 (V)  Xvia3.Node2341::MIPI_DSI0_CLK_Ntmp
1.001024e-10 (V)  Xvia3.Node2845::MIPI_DSI0_CLK_Ptmp
2.500000e+00 (V)  Xvia4.Node1322::MIPI_DSI1_DATA2_Ntmp
1.005268e-10 (V)  Xvia4.Node1542::MIPI_DSI1_DATA2_Ptmp
-1.100000e-12 (A)  V_PWR_VCC_1V1
-1.200000e-12 (A)  V_PWR_VCC_1V2
-1.800000e-12 (A)  V_PWR_VCC_1V8
-3.300000e-12 (A)  V_PWR_VCC_3V3
-5.000000e-12 (A)  V_PWR_VCC_5V
-5.000000e-12 (A)  V_PWR_VCC_5V5
1.225005e-10 (A)  V_X_CH1.Xpartial.X_SpeedXP_auto_WP7B-P040VA1-R8000_WP7B-P040VA1-R8000_WP7B-P040VA1-R8000_WP7B-P040VA1-R8000_CH1.B_SpeedXP_auto_1.L_pkg
1.250006e-10 (A)  V_X_CH1.Xpartial.X_SpeedXP_auto_WP7B-P040VA1-R8000_WP7B-P040VA1-R8000_WP7B-P040VA1-R8000_WP7B-P040VA1-R8000_CH1.B_SpeedXP_auto_1.R_pkg
-5.000000e-12 (A)  V_X_CH1.Xpartial.X_SpeedXP_auto_WP7B-P040VA1-R8000_WP7B-P040VA1-R8000_WP7B-P040VA1-R8000_WP7B-P040VA1-R8000_CH1.B_SpeedXP_auto_10.L_pkg
-5.000000e-12 (A)  V_X_CH1.Xpartial.X_SpeedXP_auto_WP7B-P040VA1-R8000_WP7B-P040VA1-R8000_WP7B-P040VA1-R8000_WP7B-P040VA1-R8000_CH1.B_SpeedXP_auto_10.R_pkg
-5.000000e-12 (A)  V_X_CH1.Xpartial.X_SpeedXP_auto_WP7B-P040VA1-R8000_WP7B-P040VA1-R8000_WP7B-P040VA1-R8000_WP7B-P040VA1-R8000_CH1.B_SpeedXP_auto_11.L_pkg
-5.000000e-12 (A)  V_X_CH1.Xpartial.X_SpeedXP_auto_WP7B-P040VA1-R8000_WP7B-P040VA1-R8000_WP7B-P040VA1-R8000_WP7B-P040VA1-R8000_CH1.B_SpeedXP_auto_11.R_pkg
2.350013e-10 (A)  V_X_CH1.Xpartial.X_SpeedXP_auto_WP7B-P040VA1-R8000_WP7B-P040VA1-R8000_WP7B-P040VA1-R8000_WP7B-P040VA1-R8000_CH1.B_SpeedXP_auto_12.L_pkg
2.375013e-10 (A)  V_X_CH1.Xpartial.X_SpeedXP_auto_WP7B-P040VA1-R8000_WP7B-P040VA1-R8000_WP7B-P040VA1-R8000_WP7B-P040VA1-R8000_CH1.B_SpeedXP_auto_12.R_pkg
-5.000000e-12 (A)  V_X_CH1.Xpartial.X_SpeedXP_auto_WP7B-P040VA1-R8000_WP7B-P040VA1-R8000_WP7B-P040VA1-R8000_WP7B-P040VA1-R8000_CH1.B_SpeedXP_auto_2.L_pkg
-5.000000e-12 (A)  V_X_CH1.Xpartial.X_SpeedXP_auto_WP7B-P040VA1-R8000_WP7B-P040VA1-R8000_WP7B-P040VA1-R8000_WP7B-P040VA1-R8000_CH1.B_SpeedXP_auto_2.R_pkg
1.425010e-10 (A)  V_X_CH1.Xpartial.X_SpeedXP_auto_WP7B-P040VA1-R8000_WP7B-P040VA1-R8000_WP7B-P040VA1-R8000_WP7B-P040VA1-R8000_CH1.B_SpeedXP_auto_5.L_pkg
1.450010e-10 (A)  V_X_CH1.Xpartial.X_SpeedXP_auto_WP7B-P040VA1-R8000_WP7B-P040VA1-R8000_WP7B-P040VA1-R8000_WP7B-P040VA1-R8000_CH1.B_SpeedXP_auto_5.R_pkg
-5.000000e-12 (A)  V_X_CH1.Xpartial.X_SpeedXP_auto_WP7B-P040VA1-R8000_WP7B-P040VA1-R8000_WP7B-P040VA1-R8000_WP7B-P040VA1-R8000_CH1.B_SpeedXP_auto_6.L_pkg
-5.000000e-12 (A)  V_X_CH1.Xpartial.X_SpeedXP_auto_WP7B-P040VA1-R8000_WP7B-P040VA1-R8000_WP7B-P040VA1-R8000_WP7B-P040VA1-R8000_CH1.B_SpeedXP_auto_6.R_pkg
1.825011e-10 (A)  V_X_CH1.Xpartial.X_SpeedXP_auto_WP7B-P040VA1-R8000_WP7B-P040VA1-R8000_WP7B-P040VA1-R8000_WP7B-P040VA1-R8000_CH1.B_SpeedXP_auto_7.L_pkg
1.850012e-10 (A)  V_X_CH1.Xpartial.X_SpeedXP_auto_WP7B-P040VA1-R8000_WP7B-P040VA1-R8000_WP7B-P040VA1-R8000_WP7B-P040VA1-R8000_CH1.B_SpeedXP_auto_7.R_pkg
-5.000000e-12 (A)  V_X_CH1.Xpartial.X_SpeedXP_auto_WP7B-P040VA1-R8000_WP7B-P040VA1-R8000_WP7B-P040VA1-R8000_WP7B-P040VA1-R8000_CH1.B_SpeedXP_auto_8.L_pkg
-5.000000e-12 (A)  V_X_CH1.Xpartial.X_SpeedXP_auto_WP7B-P040VA1-R8000_WP7B-P040VA1-R8000_WP7B-P040VA1-R8000_WP7B-P040VA1-R8000_CH1.B_SpeedXP_auto_8.R_pkg
1.925010e-10 (A)  V_X_CH1.Xpartial.X_SpeedXP_auto_WP7B-P040VA1-R8000_WP7B-P040VA1-R8000_WP7B-P040VA1-R8000_WP7B-P040VA1-R8000_CH1.B_SpeedXP_auto_9.L_pkg
1.950010e-10 (A)  V_X_CH1.Xpartial.X_SpeedXP_auto_WP7B-P040VA1-R8000_WP7B-P040VA1-R8000_WP7B-P040VA1-R8000_WP7B-P040VA1-R8000_CH1.B_SpeedXP_auto_9.R_pkg
5.000000e-12 (A)  V_X_U8.Xpartial.X_SpeedXP_auto_TC358870XBG_1_VFBGA80_(S1+S2+S3+S4)_TC358870XBG(NOK)_TC358870XBG(NOK)_U8.B_SpeedXP_auto_A6.L_pkg
5.000000e-12 (A)  V_X_U8.Xpartial.X_SpeedXP_auto_TC358870XBG_1_VFBGA80_(S1+S2+S3+S4)_TC358870XBG(NOK)_TC358870XBG(NOK)_U8.B_SpeedXP_auto_A6.R_pkg
-1.000003e-11 (A)  V_X_U8.Xpartial.X_SpeedXP_auto_TC358870XBG_1_VFBGA80_(S1+S2+S3+S4)_TC358870XBG(NOK)_TC358870XBG(NOK)_U8.B_SpeedXP_auto_B6.L_pkg
-7.500028e-12 (A)  V_X_U8.Xpartial.X_SpeedXP_auto_TC358870XBG_1_VFBGA80_(S1+S2+S3+S4)_TC358870XBG(NOK)_TC358870XBG(NOK)_U8.B_SpeedXP_auto_B6.R_pkg
5.000000e-12 (A)  V_X_U8.Xpartial.X_SpeedXP_auto_TC358870XBG_1_VFBGA80_(S1+S2+S3+S4)_TC358870XBG(NOK)_TC358870XBG(NOK)_U8.B_SpeedXP_auto_D10.L_pkg
5.000000e-12 (A)  V_X_U8.Xpartial.X_SpeedXP_auto_TC358870XBG_1_VFBGA80_(S1+S2+S3+S4)_TC358870XBG(NOK)_TC358870XBG(NOK)_U8.B_SpeedXP_auto_D10.R_pkg
-1.000000e-11 (A)  V_X_U8.Xpartial.X_SpeedXP_auto_TC358870XBG_1_VFBGA80_(S1+S2+S3+S4)_TC358870XBG(NOK)_TC358870XBG(NOK)_U8.B_SpeedXP_auto_D9.L_pkg
-7.500001e-12 (A)  V_X_U8.Xpartial.X_SpeedXP_auto_TC358870XBG_1_VFBGA80_(S1+S2+S3+S4)_TC358870XBG(NOK)_TC358870XBG(NOK)_U8.B_SpeedXP_auto_D9.R_pkg
5.000000e-12 (A)  V_X_U8.Xpartial.X_SpeedXP_auto_TC358870XBG_1_VFBGA80_(S1+S2+S3+S4)_TC358870XBG(NOK)_TC358870XBG(NOK)_U8.B_SpeedXP_auto_E10.L_pkg
5.000000e-12 (A)  V_X_U8.Xpartial.X_SpeedXP_auto_TC358870XBG_1_VFBGA80_(S1+S2+S3+S4)_TC358870XBG(NOK)_TC358870XBG(NOK)_U8.B_SpeedXP_auto_E10.R_pkg
-1.000000e-11 (A)  V_X_U8.Xpartial.X_SpeedXP_auto_TC358870XBG_1_VFBGA80_(S1+S2+S3+S4)_TC358870XBG(NOK)_TC358870XBG(NOK)_U8.B_SpeedXP_auto_E9.L_pkg
-7.500001e-12 (A)  V_X_U8.Xpartial.X_SpeedXP_auto_TC358870XBG_1_VFBGA80_(S1+S2+S3+S4)_TC358870XBG(NOK)_TC358870XBG(NOK)_U8.B_SpeedXP_auto_E9.R_pkg
5.000000e-12 (A)  V_X_U8.Xpartial.X_SpeedXP_auto_TC358870XBG_1_VFBGA80_(S1+S2+S3+S4)_TC358870XBG(NOK)_TC358870XBG(NOK)_U8.B_SpeedXP_auto_F10.L_pkg
5.000000e-12 (A)  V_X_U8.Xpartial.X_SpeedXP_auto_TC358870XBG_1_VFBGA80_(S1+S2+S3+S4)_TC358870XBG(NOK)_TC358870XBG(NOK)_U8.B_SpeedXP_auto_F10.R_pkg
-1.000000e-11 (A)  V_X_U8.Xpartial.X_SpeedXP_auto_TC358870XBG_1_VFBGA80_(S1+S2+S3+S4)_TC358870XBG(NOK)_TC358870XBG(NOK)_U8.B_SpeedXP_auto_F9.L_pkg
-7.500001e-12 (A)  V_X_U8.Xpartial.X_SpeedXP_auto_TC358870XBG_1_VFBGA80_(S1+S2+S3+S4)_TC358870XBG(NOK)_TC358870XBG(NOK)_U8.B_SpeedXP_auto_F9.R_pkg
5.000000e-12 (A)  V_X_U8.Xpartial.X_SpeedXP_auto_TC358870XBG_1_VFBGA80_(S1+S2+S3+S4)_TC358870XBG(NOK)_TC358870XBG(NOK)_U8.B_SpeedXP_auto_G10.L_pkg
5.000000e-12 (A)  V_X_U8.Xpartial.X_SpeedXP_auto_TC358870XBG_1_VFBGA80_(S1+S2+S3+S4)_TC358870XBG(NOK)_TC358870XBG(NOK)_U8.B_SpeedXP_auto_G10.R_pkg
-1.000003e-11 (A)  V_X_U8.Xpartial.X_SpeedXP_auto_TC358870XBG_1_VFBGA80_(S1+S2+S3+S4)_TC358870XBG(NOK)_TC358870XBG(NOK)_U8.B_SpeedXP_auto_G9.L_pkg
-7.500001e-12 (A)  V_X_U8.Xpartial.X_SpeedXP_auto_TC358870XBG_1_VFBGA80_(S1+S2+S3+S4)_TC358870XBG(NOK)_TC358870XBG(NOK)_U8.B_SpeedXP_auto_G9.R_pkg
8.000059e-11 (A)  W_Trace1001_Auto_2448::MIPI_DSI1_DATA2_N~0
8.750055e-11 (A)  W_Trace1010::MIPI_DSI1_DATA2_N~0
-9.750057e-11 (A)  W_Trace1012_Auto_2463::MIPI_DSI1_DATA2_N~0
-1.000006e-10 (A)  W_Trace1014::MIPI_DSI1_DATA2_N~0
1.025006e-10 (A)  W_Trace1024_Auto_2465::MIPI_DSI1_DATA2_N~0
1.125007e-10 (A)  W_Trace1028::MIPI_DSI1_DATA2_N~0
1.175007e-10 (A)  W_Trace1032::MIPI_DSI1_DATA2_N~0
-1.200007e-10 (A)  W_Trace1034::MIPI_DSI1_DATA2_N~0
-1.250007e-10 (A)  W_Trace1034_Auto_1427::MIPI_DSI1_DATA2_N~0
-1.275007e-10 (A)  W_Trace1036::MIPI_DSI1_DATA2_N~0
-1.300007e-10 (A)  W_Trace1037::MIPI_DSI1_DATA2_N~0
1.350007e-10 (A)  W_Trace1042::MIPI_DSI1_DATA2_N~0
1.400008e-10 (A)  W_Trace1054::MIPI_DSI1_DATA2_N~0
-1.450007e-10 (A)  W_Trace1058::MIPI_DSI1_DATA2_N~0
1.475007e-10 (A)  W_Trace1062::MIPI_DSI1_DATA2_N~0
1.500008e-10 (A)  W_Trace1064::MIPI_DSI1_DATA2_N~0
-1.525007e-10 (A)  W_Trace1066#BP0::MIPI_DSI1_DATA2_N~0
-1.625008e-10 (A)  W_Trace1067#BP0::MIPI_DSI1_DATA2_N~0
-1.650008e-10 (A)  W_Trace1067#BP1::MIPI_DSI1_DATA2_N~0
-1.600008e-10 (A)  W_Trace1067_Auto_1431::MIPI_DSI1_DATA2_N~0
-1.700008e-10 (A)  W_Trace1069::MIPI_DSI1_DATA2_N~0
1.750008e-10 (A)  W_Trace1091::MIPI_DSI1_DATA2_N~0
1.800008e-10 (A)  W_Trace1113::MIPI_DSI1_DATA2_N~0
1.850008e-10 (A)  W_Trace1135::MIPI_DSI1_DATA2_N~0
1.900010e-10 (A)  W_Trace1157::MIPI_DSI1_DATA2_N~0
1.950010e-10 (A)  W_Trace1179::MIPI_DSI1_DATA2_N~0
2.050011e-10 (A)  W_Trace1181::MIPI_DSI1_DATA2_N~0
-2.075012e-10 (A)  W_Trace1183::MIPI_DSI1_DATA2_N~0
-2.100012e-10 (A)  W_Trace1185::MIPI_DSI1_DATA2_N~0
-2.175012e-10 (A)  W_Trace1185_Auto_1477::MIPI_DSI1_DATA2_N~0
2.325013e-10 (A)  W_Trace1186_Auto_1928::MIPI_DSI1_DATA2_N~0
2.275012e-10 (A)  W_Trace1186_Auto_1937::MIPI_DSI1_DATA2_N~0
5.000000e-12 (A)  W_Trace1189::MIPI_DSI1_DATA2_P~0
5.000000e-12 (A)  W_Trace1191::MIPI_DSI1_DATA2_P~0
5.000000e-12 (A)  W_Trace1192_Auto_1407::MIPI_DSI1_DATA2_P~0
5.000000e-12 (A)  W_Trace1194_Auto_1421::MIPI_DSI1_DATA2_P~0
-5.000000e-12 (A)  W_Trace1198::MIPI_DSI1_DATA2_P~0
5.000000e-12 (A)  W_Trace1208#BP0::MIPI_DSI1_DATA2_P~0
5.000000e-12 (A)  W_Trace1208#BP1::MIPI_DSI1_DATA2_P~0
-5.000000e-12 (A)  W_Trace1208::MIPI_DSI1_DATA2_P~0
5.000000e-12 (A)  W_Trace1210::MIPI_DSI1_DATA2_P~0
5.000000e-12 (A)  W_Trace1211::MIPI_DSI1_DATA2_P~0
5.000000e-12 (A)  W_Trace1213::MIPI_DSI1_DATA2_P~0
-5.000000e-12 (A)  W_Trace1218::MIPI_DSI1_DATA2_P~0
-5.000000e-12 (A)  W_Trace1223::MIPI_DSI1_DATA2_P~0
-5.000000e-12 (A)  W_Trace1225::MIPI_DSI1_DATA2_P~0
5.000000e-12 (A)  W_Trace1227::MIPI_DSI1_DATA2_P~0
5.000000e-12 (A)  W_Trace1236::MIPI_DSI1_DATA2_P~0
-5.000000e-12 (A)  W_Trace1246::MIPI_DSI1_DATA2_P~0
-5.000000e-12 (A)  W_Trace1248::MIPI_DSI1_DATA2_P~0
-5.000000e-12 (A)  W_Trace1252::MIPI_DSI1_DATA2_P~0
5.000000e-12 (A)  W_Trace1253::MIPI_DSI1_DATA2_P~0
5.000000e-12 (A)  W_Trace1255::MIPI_DSI1_DATA2_P~0
5.000000e-12 (A)  W_Trace1258::MIPI_DSI1_DATA2_P~0
5.000000e-12 (A)  W_Trace1260::MIPI_DSI1_DATA2_P~0
5.000000e-12 (A)  W_Trace1262#BP0::MIPI_DSI1_DATA2_P~0
5.000000e-12 (A)  W_Trace1262#BP1::MIPI_DSI1_DATA2_P~0
5.000000e-12 (A)  W_Trace1262_Auto_1424::MIPI_DSI1_DATA2_P~0
5.000000e-12 (A)  W_Trace1266_Auto_1429::MIPI_DSI1_DATA2_P~0
5.000000e-12 (A)  W_Trace1267::MIPI_DSI1_DATA2_P~0
-5.000000e-12 (A)  W_Trace1271::MIPI_DSI1_DATA2_P~0
-5.000000e-12 (A)  W_Trace1282::MIPI_DSI1_DATA2_P~0
5.000000e-12 (A)  W_Trace1286::MIPI_DSI1_DATA2_P~0
-5.000000e-12 (A)  W_Trace1290::MIPI_DSI1_DATA2_P~0
-5.000000e-12 (A)  W_Trace1294::MIPI_DSI1_DATA2_P~0
5.000000e-12 (A)  W_Trace1295::MIPI_DSI1_DATA2_P~0
-5.000000e-12 (A)  W_Trace1299::MIPI_DSI1_DATA2_P~0
5.000000e-12 (A)  W_Trace1304#BP0::MIPI_DSI1_DATA2_P~0
-5.000000e-12 (A)  W_Trace1304::MIPI_DSI1_DATA2_P~0
5.000000e-12 (A)  W_Trace1306::MIPI_DSI1_DATA2_P~0
-5.000000e-12 (A)  W_Trace1315::MIPI_DSI1_DATA2_P~0
-5.000000e-12 (A)  W_Trace1326::MIPI_DSI1_DATA2_P~0
-5.000000e-12 (A)  W_Trace1332::MIPI_DSI1_DATA2_P~0
5.000000e-12 (A)  W_Trace1334::MIPI_DSI1_DATA2_P~0
5.000000e-12 (A)  W_Trace1334_Auto_1519::MIPI_DSI1_DATA2_P~0
5.000000e-12 (A)  W_Trace1336::MIPI_DSI1_DATA2_P~0
5.000000e-12 (A)  W_Trace1338::MIPI_DSI1_DATA2_P~0
5.000000e-12 (A)  W_Trace1338_Auto_1482::MIPI_DSI1_DATA2_P~0
5.000000e-12 (A)  W_Trace1338_Auto_1484::MIPI_DSI1_DATA2_P~0
5.000000e-12 (A)  W_Trace1338_Auto_1486::MIPI_DSI1_DATA2_P~0
-5.000000e-12 (A)  W_Trace1338_Auto_1508::MIPI_DSI1_DATA2_P~0
-5.000000e-12 (A)  W_Trace1338_Auto_1514::MIPI_DSI1_DATA2_P~0
5.000000e-12 (A)  W_Trace1338_Auto_1516::MIPI_DSI1_DATA2_P~0
5.000000e-12 (A)  W_Trace1340::MIPI_DSI1_DATA2_P~0
5.000000e-12 (A)  W_Trace1342_Auto_1475::MIPI_DSI1_DATA2_P~0
5.000000e-12 (A)  W_Trace1342_Auto_1487::MIPI_DSI1_DATA2_P~0
5.000000e-12 (A)  W_Trace1343::MIPI_DSI1_DATA2_P~0
5.000000e-12 (A)  W_Trace1344::MIPI_DSI1_DATA2_P~0
-5.000000e-12 (A)  W_Trace1345::MIPI_DSI1_DATA2_P~0
-5.000000e-12 (A)  W_Trace1345_Auto_1935::MIPI_DSI1_DATA2_P~0
1.400010e-10 (A)  W_Trace1976::MIPI_DSI0_CLK_N~0
1.225009e-10 (A)  W_Trace1977_Auto_2122::MIPI_DSI0_CLK_N~0
1.200009e-10 (A)  W_Trace1978::MIPI_DSI0_CLK_N~0
1.050007e-10 (A)  W_Trace1978_Auto_1452::MIPI_DSI0_CLK_N~0
1.000007e-10 (A)  W_Trace1978_Auto_1454::MIPI_DSI0_CLK_N~0
1.100007e-10 (A)  W_Trace1978_Auto_1456::MIPI_DSI0_CLK_N~0
1.150008e-10 (A)  W_Trace1978_Auto_1458::MIPI_DSI0_CLK_N~0
-9.750062e-11 (A)  W_Trace1989::MIPI_DSI0_CLK_N~0
-9.000057e-11 (A)  W_Trace2002::MIPI_DSI0_CLK_N~0
-7.750045e-11 (A)  W_Trace2008::MIPI_DSI0_CLK_N~0
-7.250042e-11 (A)  W_Trace2019::MIPI_DSI0_CLK_N~0
-6.750028e-11 (A)  W_Trace2025::MIPI_DSI0_CLK_N~0
-6.250029e-11 (A)  W_Trace2031::MIPI_DSI0_CLK_N~0
-5.500025e-11 (A)  W_Trace2033::MIPI_DSI0_CLK_N~0
-6.000030e-11 (A)  W_Trace2033_Auto_271::MIPI_DSI0_CLK_N~0
5.250029e-11 (A)  W_Trace2035::MIPI_DSI0_CLK_N~0
4.750025e-11 (A)  W_Trace2040_Auto_226::MIPI_DSI0_CLK_N~0
-4.500020e-11 (A)  W_Trace2042::MIPI_DSI0_CLK_N~0
4.250017e-11 (A)  W_Trace2043_Auto_266::MIPI_DSI0_CLK_N~0
3.750018e-11 (A)  W_Trace2043_Auto_274::MIPI_DSI0_CLK_N~0
-3.500018e-11 (A)  W_Trace2048::MIPI_DSI0_CLK_N~0
-1.500003e-11 (A)  W_Trace2051_Auto_205::MIPI_DSI0_CLK_N~0
-1.250001e-11 (A)  W_Trace2055::MIPI_DSI0_CLK_N~0
9.250036e-11 (A)  W_Trace2060::MIPI_DSI0_DATA3_N~0
8.750033e-11 (A)  W_Trace2060_Auto_331::MIPI_DSI0_DATA3_N~0
6.500018e-11 (A)  W_Trace2060_Auto_333::MIPI_DSI0_DATA3_N~0
7.500020e-11 (A)  W_Trace2060_Auto_335::MIPI_DSI0_DATA3_N~0
7.000022e-11 (A)  W_Trace2060_Auto_337::MIPI_DSI0_DATA3_N~0
8.000026e-11 (A)  W_Trace2060_Auto_341::MIPI_DSI0_DATA3_N~0
-2.250004e-11 (A)  W_Trace2061_Auto_211::MIPI_DSI0_DATA3_N~0
2.000006e-11 (A)  W_Trace2062::MIPI_DSI0_DATA3_N~0
-1.500001e-11 (A)  W_Trace2063::MIPI_DSI0_DATA3_N~0
1.250001e-11 (A)  W_Trace2064::MIPI_DSI0_DATA3_N~0
1.200006e-10 (A)  W_Trace2065::MIPI_DSI0_DATA3_N~0
1.125005e-10 (A)  W_Trace2065_Auto_1460::MIPI_DSI0_DATA3_N~0
-1.100005e-10 (A)  W_Trace2067::MIPI_DSI0_DATA3_N~0
1.000003e-10 (A)  W_Trace2074::MIPI_DSI0_DATA2_N~0
-1.025004e-10 (A)  W_Trace2076::MIPI_DSI0_DATA2_N~0
1.050004e-10 (A)  W_Trace2077#BP0_Auto_2415::MIPI_DSI0_DATA2_N~0
1.100005e-10 (A)  W_Trace2077#BP0_Auto_2423::MIPI_DSI0_DATA2_N~0
1.150005e-10 (A)  W_Trace2081::MIPI_DSI0_DATA2_N~0
1.250005e-10 (A)  W_Trace2087::MIPI_DSI0_DATA2_N~0
1.350005e-10 (A)  W_Trace2093::MIPI_DSI0_DATA2_N~0
1.400006e-10 (A)  W_Trace2099::MIPI_DSI0_DATA2_N~0
-1.425006e-10 (A)  W_Trace2101_Auto_1488::MIPI_DSI0_DATA2_N~0
-1.475006e-10 (A)  W_Trace2101_Auto_1490::MIPI_DSI0_DATA2_N~0
-1.500007e-10 (A)  W_Trace2103::MIPI_DSI0_DATA2_N~0
1.575007e-10 (A)  W_Trace2110::MIPI_DSI0_DATA2_N~0
1.600007e-10 (A)  W_Trace2112_Auto_1493::MIPI_DSI0_DATA2_N~0
1.650007e-10 (A)  W_Trace2112_Auto_1507::MIPI_DSI0_DATA2_N~0
-1.725008e-10 (A)  W_Trace2113::MIPI_DSI0_DATA2_N~0
1.825009e-10 (A)  W_Trace2119::MIPI_DSI0_DATA2_N~0
1.900010e-10 (A)  W_Trace2120::MIPI_DSI0_DATA2_N~0
1.850009e-10 (A)  W_Trace2120_Auto_1932::MIPI_DSI0_DATA2_N~0
1.250002e-11 (A)  W_Trace2123::MIPI_DSI0_DATA2_N~0
-1.500002e-11 (A)  W_Trace2124::MIPI_DSI0_DATA2_N~0
-2.000004e-11 (A)  W_Trace2124_Auto_261::MIPI_DSI0_DATA2_N~0
-2.250005e-11 (A)  W_Trace2125::MIPI_DSI0_DATA2_N~0
-2.500003e-11 (A)  W_Trace2126::MIPI_DSI0_DATA2_N~0
6.000022e-11 (A)  W_Trace2129::MIPI_DSI0_DATA2_N~0
-6.500024e-11 (A)  W_Trace2132_Auto_348::MIPI_DSI0_DATA2_N~0
-7.500026e-11 (A)  W_Trace2133::MIPI_DSI0_DATA2_N~0
-8.000029e-11 (A)  W_Trace2133_Auto_70::MIPI_DSI0_DATA2_N~0
8.250032e-11 (A)  W_Trace2135::MIPI_DSI0_DATA2_N~0
-8.750029e-11 (A)  W_Trace2136_Auto_145::MIPI_DSI0_DATA2_N~0
9.000028e-11 (A)  W_Trace2139::MIPI_DSI0_DATA2_N~0
1.775011e-10 (A)  W_Trace2145::MIPI_DSI0_DATA1_N~0
1.550010e-10 (A)  W_Trace2146::MIPI_DSI0_DATA1_N~0
1.500009e-10 (A)  W_Trace2146_Auto_2407::MIPI_DSI0_DATA1_N~0
1.475010e-10 (A)  W_Trace2147::MIPI_DSI0_DATA1_N~0
1.425009e-10 (A)  W_Trace2147_Auto_2409::MIPI_DSI0_DATA1_N~0
1.400009e-10 (A)  W_Trace2148::MIPI_DSI0_DATA1_N~0
1.325008e-10 (A)  W_Trace2151_Auto_2411::MIPI_DSI0_DATA1_N~0
1.300008e-10 (A)  W_Trace2152::MIPI_DSI0_DATA1_N~0
1.225007e-10 (A)  W_Trace2155_Auto_2419::MIPI_DSI0_DATA1_N~0
1.200008e-10 (A)  W_Trace2157::MIPI_DSI0_DATA1_N~0
1.150007e-10 (A)  W_Trace2157_Auto_2425::MIPI_DSI0_DATA1_N~0
1.125007e-10 (A)  W_Trace2159#BP0::MIPI_DSI0_DATA1_N~0
1.100007e-10 (A)  W_Trace2161#BP0::MIPI_DSI0_DATA1_N~0
-1.050007e-10 (A)  W_Trace2163::MIPI_DSI0_DATA1_N~0
1.025007e-10 (A)  W_Trace2165::MIPI_DSI0_DATA1_N~0
9.750071e-11 (A)  W_Trace2167::MIPI_DSI0_DATA1_N~0
-9.000069e-11 (A)  W_Trace2173::MIPI_DSI0_DATA1_N~0
8.000073e-11 (A)  W_Trace2183#BP0::MIPI_DSI0_DATA1_N~0
8.250073e-11 (A)  W_Trace2183::MIPI_DSI0_DATA1_N~0
7.500059e-11 (A)  W_Trace2185::MIPI_DSI0_DATA1_N~0
-7.000055e-11 (A)  W_Trace2191::MIPI_DSI0_DATA1_N~0
6.750051e-11 (A)  W_Trace2193::MIPI_DSI0_DATA1_N~0
6.250041e-11 (A)  W_Trace2193_Auto_154::MIPI_DSI0_DATA1_N~0
6.000040e-11 (A)  W_Trace2195::MIPI_DSI0_DATA1_N~0
-5.250037e-11 (A)  W_Trace2204::MIPI_DSI0_DATA1_N~0
-5.750040e-11 (A)  W_Trace2204_Auto_159::MIPI_DSI0_DATA1_N~0
-5.000034e-11 (A)  W_Trace2208::MIPI_DSI0_DATA1_N~0
4.500034e-11 (A)  W_Trace2210_Auto_277::MIPI_DSI0_DATA1_N~0
4.250030e-11 (A)  W_Trace2212::MIPI_DSI0_DATA1_N~0
4.000026e-11 (A)  W_Trace2214::MIPI_DSI0_DATA1_N~0
3.500029e-11 (A)  W_Trace2216::MIPI_DSI0_DATA1_N~0
3.000018e-11 (A)  W_Trace2218_Auto_291::MIPI_DSI0_DATA1_N~0
-2.750016e-11 (A)  W_Trace2220::MIPI_DSI0_DATA1_N~0
2.250015e-11 (A)  W_Trace2222::MIPI_DSI0_DATA1_N~0
-1.500007e-11 (A)  W_Trace2223::MIPI_DSI0_DATA1_N~0
-2.000012e-11 (A)  W_Trace2223_Auto_256::MIPI_DSI0_DATA1_N~0
-1.250004e-11 (A)  W_Trace2227::MIPI_DSI0_DATA1_N~0
5.000000e-12 (A)  W_Trace2351::MIPI_DSI0_CLK_P~0
-5.000000e-12 (A)  W_Trace2353::MIPI_DSI0_CLK_P~0
5.000000e-12 (A)  W_Trace2362::MIPI_DSI0_CLK_P~0
5.000000e-12 (A)  W_Trace2373::MIPI_DSI0_CLK_P~0
5.000000e-12 (A)  W_Trace2384::MIPI_DSI0_CLK_P~0
5.000000e-12 (A)  W_Trace2386::MIPI_DSI0_CLK_P~0
5.000000e-12 (A)  W_Trace2396::MIPI_DSI0_CLK_P~0
5.000000e-12 (A)  W_Trace2397_Auto_359::MIPI_DSI0_CLK_P~0
5.000000e-12 (A)  W_Trace2402::MIPI_DSI0_CLK_P~0
5.000000e-12 (A)  W_Trace2403_Auto_268::MIPI_DSI0_CLK_P~0
5.000000e-12 (A)  W_Trace2413::MIPI_DSI0_CLK_P~0
-5.000000e-12 (A)  W_Trace2416_Auto_267::MIPI_DSI0_CLK_P~0
-5.000000e-12 (A)  W_Trace2417::MIPI_DSI0_CLK_P~0
5.000000e-12 (A)  W_Trace2425::MIPI_DSI0_CLK_P~0
-5.000000e-12 (A)  W_Trace2432::MIPI_DSI0_CLK_P~0
-5.000000e-12 (A)  W_Trace2432_Auto_1939::MIPI_DSI0_CLK_P~0
-5.000000e-12 (A)  W_Trace2434::MIPI_DSI0_CLK_P~0
5.000000e-12 (A)  W_Trace2441::MIPI_DSI0_CLK_P~0
5.000000e-12 (A)  W_Trace2453::MIPI_DSI0_CLK_P~0
5.000000e-12 (A)  W_Trace2458::MIPI_DSI0_CLK_P~0
5.000000e-12 (A)  W_Trace2465::MIPI_DSI0_CLK_P~0
5.000000e-12 (A)  W_Trace2477::MIPI_DSI0_CLK_P~0
5.000000e-12 (A)  W_Trace2482::MIPI_DSI0_CLK_P~0
5.000000e-12 (A)  W_Trace2487::MIPI_DSI0_CLK_P~0
5.000000e-12 (A)  W_Trace2493::MIPI_DSI0_DATA3_P~0
-5.000000e-12 (A)  W_Trace2495::MIPI_DSI0_DATA3_P~0
5.000000e-12 (A)  W_Trace2516::MIPI_DSI0_DATA3_P~0
5.000000e-12 (A)  W_Trace2538::MIPI_DSI0_DATA3_P~0
5.000000e-12 (A)  W_Trace2560::MIPI_DSI0_DATA3_P~0
5.000000e-12 (A)  W_Trace2582::MIPI_DSI0_DATA3_P~0
-5.000000e-12 (A)  W_Trace2584_Auto_343::MIPI_DSI0_DATA3_P~0
-5.000000e-12 (A)  W_Trace2585::MIPI_DSI0_DATA3_P~0
-5.000000e-12 (A)  W_Trace2585_Auto_303::MIPI_DSI0_DATA3_P~0
-5.000000e-12 (A)  W_Trace2586::MIPI_DSI0_DATA3_P~0
5.000000e-12 (A)  W_Trace2587::MIPI_DSI0_DATA3_P~0
5.000000e-12 (A)  W_Trace2587_Auto_251::MIPI_DSI0_DATA3_P~0
-5.000000e-12 (A)  W_Trace2588::MIPI_DSI0_DATA3_P~0
5.000000e-12 (A)  W_Trace2589_Auto_259::MIPI_DSI0_DATA3_P~0
-5.000000e-12 (A)  W_Trace2599::MIPI_DSI0_DATA2_P~0
-5.000000e-12 (A)  W_Trace2599_Auto_2417::MIPI_DSI0_DATA2_P~0
-5.000000e-12 (A)  W_Trace2603::MIPI_DSI0_DATA2_P~0
-5.000000e-12 (A)  W_Trace2605::MIPI_DSI0_DATA2_P~0
-5.000000e-12 (A)  W_Trace2605_Auto_1466::MIPI_DSI0_DATA2_P~0
5.000000e-12 (A)  W_Trace2607::MIPI_DSI0_DATA2_P~0
-5.000000e-12 (A)  W_Trace2611_Auto_1509::MIPI_DSI0_DATA2_P~0
-5.000000e-12 (A)  W_Trace2611_Auto_1512::MIPI_DSI0_DATA2_P~0
-5.000000e-12 (A)  W_Trace2613::MIPI_DSI0_DATA2_P~0
5.000000e-12 (A)  W_Trace2617::MIPI_DSI0_DATA2_P~0
5.000000e-12 (A)  W_Trace2617_Auto_1469::MIPI_DSI0_DATA2_P~0
-5.000000e-12 (A)  W_Trace2621::MIPI_DSI0_DATA2_P~0
-5.000000e-12 (A)  W_Trace2632::MIPI_DSI0_DATA2_P~0
-5.000000e-12 (A)  W_Trace2636::MIPI_DSI0_DATA2_P~0
-5.000000e-12 (A)  W_Trace2638::MIPI_DSI0_DATA2_P~0
-5.000000e-12 (A)  W_Trace2638_Auto_2105::MIPI_DSI0_DATA2_P~0
5.000000e-12 (A)  W_Trace2640::MIPI_DSI0_DATA2_P~0
-5.000000e-12 (A)  W_Trace2642_Auto_1933::MIPI_DSI0_DATA2_P~0
5.000000e-12 (A)  W_Trace2644_Auto_258::MIPI_DSI0_DATA2_P~0
5.000000e-12 (A)  W_Trace2645::MIPI_DSI0_DATA2_P~0
5.000000e-12 (A)  W_Trace2648::MIPI_DSI0_DATA2_P~0
5.000000e-12 (A)  W_Trace2648_Auto_350::MIPI_DSI0_DATA2_P~0
5.000000e-12 (A)  W_Trace2650::MIPI_DSI0_DATA2_P~0
-5.000000e-12 (A)  W_Trace2660::MIPI_DSI0_DATA2_P~0
5.000000e-12 (A)  W_Trace2663::MIPI_DSI0_DATA2_P~0
-5.000000e-12 (A)  W_Trace2666::MIPI_DSI0_DATA2_P~0
5.000000e-12 (A)  W_Trace2667::MIPI_DSI0_DATA2_P~0
-5.000000e-12 (A)  W_Trace2669::MIPI_DSI0_DATA2_P~0
-5.000000e-12 (A)  W_Trace2671::MIPI_DSI0_DATA1_P~0
-5.000000e-12 (A)  W_Trace2671_Auto_1930::MIPI_DSI0_DATA1_P~0
5.000000e-12 (A)  W_Trace2676::MIPI_DSI0_DATA1_P~0
5.000000e-12 (A)  W_Trace2678_Auto_2093::MIPI_DSI0_DATA1_P~0
5.000000e-12 (A)  W_Trace2687::MIPI_DSI0_DATA1_P~0
5.000000e-12 (A)  W_Trace2693::MIPI_DSI0_DATA1_P~0
-5.000000e-12 (A)  W_Trace2698::MIPI_DSI0_DATA1_P~0
-5.000000e-12 (A)  W_Trace2699::MIPI_DSI0_DATA1_P~0
-5.000000e-12 (A)  W_Trace2699_Auto_2427::MIPI_DSI0_DATA1_P~0
-5.000000e-12 (A)  W_Trace2701::MIPI_DSI0_DATA1_P~0
-5.000000e-12 (A)  W_Trace2702::MIPI_DSI0_DATA1_P~0
-5.000000e-12 (A)  W_Trace2705::MIPI_DSI0_DATA1_P~0
-5.000000e-12 (A)  W_Trace2705_Auto_2413::MIPI_DSI0_DATA1_P~0
-5.000000e-12 (A)  W_Trace2706::MIPI_DSI0_DATA1_P~0
-5.000000e-12 (A)  W_Trace2711::MIPI_DSI0_DATA1_P~0
5.000000e-12 (A)  W_Trace2715::MIPI_DSI0_DATA1_P~0
-5.000000e-12 (A)  W_Trace2717::MIPI_DSI0_DATA1_P~0
-5.000000e-12 (A)  W_Trace2717_Auto_2435::MIPI_DSI0_DATA1_P~0
-5.000000e-12 (A)  W_Trace2719::MIPI_DSI0_DATA1_P~0
-5.000000e-12 (A)  W_Trace2721#BP0::MIPI_DSI0_DATA1_P~0
-5.000000e-12 (A)  W_Trace2721::MIPI_DSI0_DATA1_P~0
-5.000000e-12 (A)  W_Trace2721_Auto_2430::MIPI_DSI0_DATA1_P~0
5.000000e-12 (A)  W_Trace2726::MIPI_DSI0_DATA1_P~0
-5.000000e-12 (A)  W_Trace2728#BP0::MIPI_DSI0_DATA1_P~0
-5.000000e-12 (A)  W_Trace2728#BP0_Auto_152::MIPI_DSI0_DATA1_P~0
-5.000000e-12 (A)  W_Trace2730::MIPI_DSI0_DATA1_P~0
-5.000000e-12 (A)  W_Trace2732::MIPI_DSI0_DATA1_P~0
-5.000000e-12 (A)  W_Trace2733::MIPI_DSI0_DATA1_P~0
-5.000000e-12 (A)  W_Trace2738_Auto_153::MIPI_DSI0_DATA1_P~0
5.000000e-12 (A)  W_Trace2747::MIPI_DSI0_DATA1_P~0
5.000000e-12 (A)  W_Trace2749::MIPI_DSI0_DATA1_P~0
-5.000000e-12 (A)  W_Trace2751::MIPI_DSI0_DATA1_P~0
-5.000000e-12 (A)  W_Trace2753::MIPI_DSI0_DATA1_P~0
-5.000000e-12 (A)  W_Trace2755::MIPI_DSI0_DATA1_P~0
-5.000000e-12 (A)  W_Trace2757::MIPI_DSI0_DATA1_P~0
-5.000000e-12 (A)  W_Trace2759::MIPI_DSI0_DATA1_P~0
-5.000000e-12 (A)  W_Trace2759_Auto_280::MIPI_DSI0_DATA1_P~0
-5.000000e-12 (A)  W_Trace2763::MIPI_DSI0_DATA1_P~0
-5.000000e-12 (A)  W_Trace2764::MIPI_DSI0_DATA1_P~0
-5.000000e-12 (A)  W_Trace2767::MIPI_DSI0_DATA1_P~0
5.000000e-12 (A)  W_Trace2768::MIPI_DSI0_DATA1_P~0
5.000000e-12 (A)  W_Trace2768_Auto_254::MIPI_DSI0_DATA1_P~0
-5.000000e-12 (A)  W_Trace2770::MIPI_DSI0_DATA1_P~0
1.250004e-11 (A)  W_Trace971::MIPI_DSI1_DATA2_N~0
-1.500006e-11 (A)  W_Trace973::MIPI_DSI1_DATA2_N~0
-2.250004e-11 (A)  W_Trace975::MIPI_DSI1_DATA2_N~0
3.250012e-11 (A)  W_Trace978::MIPI_DSI1_DATA2_N~0
-3.500017e-11 (A)  W_Trace979::MIPI_DSI1_DATA2_N~0
-4.000029e-11 (A)  W_Trace979_Auto_1419::MIPI_DSI1_DATA2_N~0
-4.250027e-11 (A)  W_Trace980::MIPI_DSI1_DATA2_N~0
4.750035e-11 (A)  W_Trace983::MIPI_DSI1_DATA2_N~0
-5.500040e-11 (A)  W_Trace986::MIPI_DSI1_DATA2_N~0
-5.750043e-11 (A)  W_Trace988::MIPI_DSI1_DATA2_N~0
-6.750057e-11 (A)  W_Trace988_Auto_2439::MIPI_DSI1_DATA2_N~0
-7.000054e-11 (A)  W_Trace989::MIPI_DSI1_DATA2_N~0
-7.500052e-11 (A)  W_Trace989_Auto_2445::MIPI_DSI1_DATA2_N~0
7.750057e-11 (A)  W_Trace999::MIPI_DSI1_DATA2_N~0
1.100007e-10 (A)  WCPL_Trace1024::MIPI_DSI1_DATA2_N~0
-5.000000e-12 (A)  WCPL_Trace1024::MIPI_DSI1_DATA2_N~1
1.075006e-10 (A)  WCPL_Trace1024_Auto_2455::MIPI_DSI1_DATA2_N~0
-5.000000e-12 (A)  WCPL_Trace1024_Auto_2455::MIPI_DSI1_DATA2_N~1
5.000000e-12 (A)  WCPL_Trace1024_Auto_2455::MIPI_DSI1_DATA2_N~2
-9.250054e-11 (A)  WCPL_Trace1024_Auto_2455::MIPI_DSI1_DATA2_N~3
8.250058e-11 (A)  WCPL_Trace1024_Auto_2455::MIPI_DSI1_DATA2_N~4
-5.000000e-12 (A)  WCPL_Trace1024_Auto_2455::MIPI_DSI1_DATA2_N~5
5.000000e-12 (A)  WCPL_Trace1024_Auto_2455::MIPI_DSI1_DATA2_N~6
-7.250054e-11 (A)  WCPL_Trace1024_Auto_2455::MIPI_DSI1_DATA2_N~7
1.050006e-10 (A)  WCPL_Trace1024_Auto_2464::MIPI_DSI1_DATA2_N~0
-5.000000e-12 (A)  WCPL_Trace1024_Auto_2464::MIPI_DSI1_DATA2_N~1
5.000000e-12 (A)  WCPL_Trace1024_Auto_2464::MIPI_DSI1_DATA2_N~2
-9.500054e-11 (A)  WCPL_Trace1024_Auto_2464::MIPI_DSI1_DATA2_N~3
1.425007e-10 (A)  WCPL_Trace1056::MIPI_DSI1_DATA2_N~0
-1.375007e-10 (A)  WCPL_Trace1056::MIPI_DSI1_DATA2_N~1
2.000011e-10 (A)  WCPL_Trace1181_Auto_1502::MIPI_DSI1_DATA2_N~0
-5.000000e-12 (A)  WCPL_Trace1181_Auto_1502::MIPI_DSI1_DATA2_N~1
-5.000000e-12 (A)  WCPL_Trace1181_Auto_1502::MIPI_DSI1_DATA2_N~2
1.325005e-10 (A)  WCPL_Trace1181_Auto_1502::MIPI_DSI1_DATA2_N~3
-1.450006e-10 (A)  WCPL_Trace1181_Auto_1502::MIPI_DSI1_DATA2_N~4
5.000000e-12 (A)  WCPL_Trace1181_Auto_1502::MIPI_DSI1_DATA2_N~5
-5.000000e-12 (A)  WCPL_Trace1181_Auto_1502::MIPI_DSI1_DATA2_N~6
1.625007e-10 (A)  WCPL_Trace1181_Auto_1502::MIPI_DSI1_DATA2_N~7
1.975010e-10 (A)  WCPL_Trace1181_Auto_1503::MIPI_DSI1_DATA2_N~0
-5.000000e-12 (A)  WCPL_Trace1181_Auto_1503::MIPI_DSI1_DATA2_N~1
-5.000000e-12 (A)  WCPL_Trace1181_Auto_1503::MIPI_DSI1_DATA2_N~2
1.300005e-10 (A)  WCPL_Trace1181_Auto_1503::MIPI_DSI1_DATA2_N~3
2.025011e-10 (A)  WCPL_Trace1181_Auto_1504::MIPI_DSI1_DATA2_N~0
-5.000000e-12 (A)  WCPL_Trace1181_Auto_1504::MIPI_DSI1_DATA2_N~1
2.300012e-10 (A)  WCPL_Trace1186_Auto_1936::MIPI_DSI1_DATA2_N~0
-5.000000e-12 (A)  WCPL_Trace1186_Auto_1936::MIPI_DSI1_DATA2_N~1
-5.000000e-12 (A)  WCPL_Trace1186_Auto_1936::MIPI_DSI1_DATA2_N~2
1.875010e-10 (A)  WCPL_Trace1186_Auto_1936::MIPI_DSI1_DATA2_N~3
-5.000000e-12 (A)  WCPL_Trace1186_Auto_1936::MIPI_DSI1_DATA2_N~4
1.800011e-10 (A)  WCPL_Trace1186_Auto_1936::MIPI_DSI1_DATA2_N~5
-5.000000e-12 (A)  WCPL_Trace1186_Auto_1936::MIPI_DSI1_DATA2_N~6
1.375010e-10 (A)  WCPL_Trace1186_Auto_1936::MIPI_DSI1_DATA2_N~7
5.000000e-12 (A)  WCPL_Trace1187::MIPI_DSI1_DATA2_P~0
-1.750006e-11 (A)  WCPL_Trace1187::MIPI_DSI1_DATA2_P~1
5.000000e-12 (A)  WCPL_Trace1188::MIPI_DSI1_DATA2_P~0
-2.000007e-11 (A)  WCPL_Trace1188::MIPI_DSI1_DATA2_P~1
5.000000e-12 (A)  WCPL_Trace1188_Auto_1410::MIPI_DSI1_DATA2_P~0
-2.500008e-11 (A)  WCPL_Trace1188_Auto_1410::MIPI_DSI1_DATA2_P~1
5.000000e-12 (A)  WCPL_Trace1190::MIPI_DSI1_DATA2_P~0
-2.750006e-11 (A)  WCPL_Trace1190::MIPI_DSI1_DATA2_P~1
5.000000e-12 (A)  WCPL_Trace1192::MIPI_DSI1_DATA2_P~0
-3.000012e-11 (A)  WCPL_Trace1192::MIPI_DSI1_DATA2_P~1
5.000000e-12 (A)  WCPL_Trace1193::MIPI_DSI1_DATA2_P~0
-3.750022e-11 (A)  WCPL_Trace1193::MIPI_DSI1_DATA2_P~1
5.000000e-12 (A)  WCPL_Trace1194::MIPI_DSI1_DATA2_P~0
-4.500031e-11 (A)  WCPL_Trace1194::MIPI_DSI1_DATA2_P~1
5.000000e-12 (A)  WCPL_Trace1208#BP1_Auto_2440::MIPI_DSI1_DATA2_P~0
-6.000045e-11 (A)  WCPL_Trace1208#BP1_Auto_2440::MIPI_DSI1_DATA2_P~1
5.000000e-12 (A)  WCPL_Trace1209::MIPI_DSI1_DATA2_P~0
-6.250049e-11 (A)  WCPL_Trace1209::MIPI_DSI1_DATA2_P~1
5.000000e-12 (A)  WCPL_Trace1210_Auto_2438::MIPI_DSI1_DATA2_P~0
-6.500049e-11 (A)  WCPL_Trace1210_Auto_2438::MIPI_DSI1_DATA2_P~1
5.000000e-12 (A)  WCPL_Trace1236_Auto_2458::MIPI_DSI1_DATA2_P~0
-9.000051e-11 (A)  WCPL_Trace1236_Auto_2458::MIPI_DSI1_DATA2_P~1
8.500056e-11 (A)  WCPL_Trace1236_Auto_2458::MIPI_DSI1_DATA2_P~2
-5.000000e-12 (A)  WCPL_Trace1236_Auto_2458::MIPI_DSI1_DATA2_P~3
5.000000e-12 (A)  WCPL_Trace1253_Auto_1422::MIPI_DSI1_DATA2_P~0
-1.150007e-10 (A)  WCPL_Trace1253_Auto_1422::MIPI_DSI1_DATA2_P~1
5.000000e-12 (A)  WCPL_Trace1258_Auto_1425::MIPI_DSI1_DATA2_P~0
-1.225007e-10 (A)  WCPL_Trace1258_Auto_1425::MIPI_DSI1_DATA2_P~1
5.000000e-12 (A)  WCPL_Trace1262::MIPI_DSI1_DATA2_P~0
-1.325007e-10 (A)  WCPL_Trace1262::MIPI_DSI1_DATA2_P~1
5.000000e-12 (A)  WCPL_Trace1266::MIPI_DSI1_DATA2_P~0
-1.550008e-10 (A)  WCPL_Trace1266::MIPI_DSI1_DATA2_P~1
5.000000e-12 (A)  WCPL_Trace1267_Auto_1430::MIPI_DSI1_DATA2_P~0
-1.575008e-10 (A)  WCPL_Trace1267_Auto_1430::MIPI_DSI1_DATA2_P~1
5.000000e-12 (A)  WCPL_Trace1284::MIPI_DSI1_DATA2_P~0
-5.000000e-12 (A)  WCPL_Trace1284::MIPI_DSI1_DATA2_P~1
5.000000e-12 (A)  WCPL_Trace1328::MIPI_DSI1_DATA2_P~0
-5.000000e-12 (A)  WCPL_Trace1328::MIPI_DSI1_DATA2_P~1
5.000000e-12 (A)  WCPL_Trace1328::MIPI_DSI1_DATA2_P~2
5.000000e-12 (A)  WCPL_Trace1334_Auto_1517::MIPI_DSI1_DATA2_P~0
-1.675008e-10 (A)  WCPL_Trace1334_Auto_1517::MIPI_DSI1_DATA2_P~1
5.000000e-12 (A)  WCPL_Trace1338_Auto_1479::MIPI_DSI1_DATA2_P~0
-1.925010e-10 (A)  WCPL_Trace1338_Auto_1479::MIPI_DSI1_DATA2_P~1
5.000000e-12 (A)  WCPL_Trace1338_Auto_1481::MIPI_DSI1_DATA2_P~0
-1.825008e-10 (A)  WCPL_Trace1338_Auto_1481::MIPI_DSI1_DATA2_P~1
5.000000e-12 (A)  WCPL_Trace1338_Auto_1483::MIPI_DSI1_DATA2_P~0
-1.875009e-10 (A)  WCPL_Trace1338_Auto_1483::MIPI_DSI1_DATA2_P~1
5.000000e-12 (A)  WCPL_Trace1338_Auto_1485::MIPI_DSI1_DATA2_P~0
-1.775008e-10 (A)  WCPL_Trace1338_Auto_1485::MIPI_DSI1_DATA2_P~1
-5.000000e-12 (A)  WCPL_Trace1338_Auto_1513::MIPI_DSI1_DATA2_P~0
-5.000000e-12 (A)  WCPL_Trace1338_Auto_1513::MIPI_DSI1_DATA2_P~1
1.275005e-10 (A)  WCPL_Trace1338_Auto_1513::MIPI_DSI1_DATA2_P~2
5.000000e-12 (A)  WCPL_Trace1338_Auto_1515::MIPI_DSI1_DATA2_P~0
-1.725009e-10 (A)  WCPL_Trace1338_Auto_1515::MIPI_DSI1_DATA2_P~1
5.000000e-12 (A)  WCPL_Trace1342::MIPI_DSI1_DATA2_P~0
-2.125012e-10 (A)  WCPL_Trace1342::MIPI_DSI1_DATA2_P~1
5.000000e-12 (A)  WCPL_Trace1342_Auto_1471::MIPI_DSI1_DATA2_P~0
-2.225012e-10 (A)  WCPL_Trace1342_Auto_1471::MIPI_DSI1_DATA2_P~1
5.000000e-12 (A)  WCPL_Trace1343_Auto_1927::MIPI_DSI1_DATA2_P~0
-2.250012e-10 (A)  WCPL_Trace1343_Auto_1927::MIPI_DSI1_DATA2_P~1
-8.250049e-11 (A)  WCPL_Trace2003::MIPI_DSI0_CLK_N~0
5.000000e-12 (A)  WCPL_Trace2003::MIPI_DSI0_CLK_N~1
-7.000025e-11 (A)  WCPL_Trace2003::MIPI_DSI0_CLK_N~2
5.000000e-12 (A)  WCPL_Trace2003::MIPI_DSI0_CLK_N~3
-8.500053e-11 (A)  WCPL_Trace2003_Auto_352::MIPI_DSI0_CLK_N~0
5.000000e-12 (A)  WCPL_Trace2003_Auto_352::MIPI_DSI0_CLK_N~1
-7.250026e-11 (A)  WCPL_Trace2003_Auto_352::MIPI_DSI0_CLK_N~2
-8.750056e-11 (A)  WCPL_Trace2003_Auto_358::MIPI_DSI0_CLK_N~0
5.000000e-12 (A)  WCPL_Trace2003_Auto_358::MIPI_DSI0_CLK_N~1
-7.500048e-11 (A)  WCPL_Trace2010::MIPI_DSI0_CLK_N~0
7.000037e-11 (A)  WCPL_Trace2010::MIPI_DSI0_CLK_N~1
-5.750029e-11 (A)  WCPL_Trace2033_Auto_269::MIPI_DSI0_CLK_N~0
5.000000e-12 (A)  WCPL_Trace2033_Auto_269::MIPI_DSI0_CLK_N~1
-5.000000e-12 (A)  WCPL_Trace2033_Auto_269::MIPI_DSI0_CLK_N~2
4.000017e-11 (A)  WCPL_Trace2033_Auto_269::MIPI_DSI0_CLK_N~3
5.000024e-11 (A)  WCPL_Trace2040::MIPI_DSI0_CLK_N~0
-5.000000e-12 (A)  WCPL_Trace2040::MIPI_DSI0_CLK_N~1
2.250001e-11 (A)  WCPL_Trace2051::MIPI_DSI0_CLK_N~0
-5.000000e-12 (A)  WCPL_Trace2051::MIPI_DSI0_CLK_N~1
2.500017e-11 (A)  WCPL_Trace2051::MIPI_DSI0_CLK_N~2
-2.000001e-11 (A)  WCPL_Trace2051_Auto_250::MIPI_DSI0_CLK_N~0
5.000000e-12 (A)  WCPL_Trace2051_Auto_250::MIPI_DSI0_CLK_N~1
-2.750004e-11 (A)  WCPL_Trace2051_Auto_250::MIPI_DSI0_CLK_N~2
5.000000e-12 (A)  WCPL_Trace2051_Auto_250::MIPI_DSI0_CLK_N~3
-2.500003e-11 (A)  WCPL_Trace2051_Auto_250::MIPI_DSI0_CLK_N~4
5.000000e-12 (A)  WCPL_Trace2051_Auto_250::MIPI_DSI0_CLK_N~5
3.000005e-11 (A)  WCPL_Trace2061_Auto_210::MIPI_DSI0_DATA3_N~0
-5.000000e-12 (A)  WCPL_Trace2061_Auto_210::MIPI_DSI0_DATA3_N~1
3.250007e-11 (A)  WCPL_Trace2061_Auto_210::MIPI_DSI0_DATA3_N~2
-5.000000e-12 (A)  WCPL_Trace2061_Auto_210::MIPI_DSI0_DATA3_N~3
2.500003e-11 (A)  WCPL_Trace2061_Auto_210::MIPI_DSI0_DATA3_N~4
-5.000000e-12 (A)  WCPL_Trace2061_Auto_210::MIPI_DSI0_DATA3_N~5
1.150005e-10 (A)  WCPL_Trace2065_Auto_1459::MIPI_DSI0_DATA3_N~0
-5.000000e-12 (A)  WCPL_Trace2065_Auto_1459::MIPI_DSI0_DATA3_N~1
1.175005e-10 (A)  WCPL_Trace2065_Auto_1461::MIPI_DSI0_DATA3_N~0
-5.000000e-12 (A)  WCPL_Trace2065_Auto_1461::MIPI_DSI0_DATA3_N~1
9.750029e-11 (A)  WCPL_Trace2074_Auto_2420::MIPI_DSI0_DATA2_N~0
-5.000000e-12 (A)  WCPL_Trace2074_Auto_2420::MIPI_DSI0_DATA2_N~1
1.125005e-10 (A)  WCPL_Trace2077#BP0::MIPI_DSI0_DATA2_N~0
-5.000000e-12 (A)  WCPL_Trace2077#BP0::MIPI_DSI0_DATA2_N~1
1.175005e-10 (A)  WCPL_Trace2083_Auto_1462::MIPI_DSI0_DATA2_N~0
-1.550007e-10 (A)  WCPL_Trace2083_Auto_1462::MIPI_DSI0_DATA2_N~1
-1.375005e-10 (A)  WCPL_Trace2095::MIPI_DSI0_DATA2_N~0
5.000000e-12 (A)  WCPL_Trace2095::MIPI_DSI0_DATA2_N~1
1.750009e-10 (A)  WCPL_Trace2114::MIPI_DSI0_DATA2_N~0
-5.000000e-12 (A)  WCPL_Trace2114::MIPI_DSI0_DATA2_N~1
1.750010e-10 (A)  WCPL_Trace2114::MIPI_DSI0_DATA2_N~2
1.775009e-10 (A)  WCPL_Trace2116_Auto_2102::MIPI_DSI0_DATA2_N~0
-5.000000e-12 (A)  WCPL_Trace2116_Auto_2102::MIPI_DSI0_DATA2_N~1
-1.750006e-11 (A)  WCPL_Trace2124_Auto_260::MIPI_DSI0_DATA2_N~0
5.000000e-12 (A)  WCPL_Trace2124_Auto_260::MIPI_DSI0_DATA2_N~1
-1.750006e-11 (A)  WCPL_Trace2124_Auto_260::MIPI_DSI0_DATA2_N~2
5.000000e-12 (A)  WCPL_Trace2124_Auto_260::MIPI_DSI0_DATA2_N~3
-3.000009e-11 (A)  WCPL_Trace2126_Auto_246::MIPI_DSI0_DATA2_N~0
5.000000e-12 (A)  WCPL_Trace2126_Auto_246::MIPI_DSI0_DATA2_N~1
-2.750005e-11 (A)  WCPL_Trace2126_Auto_246::MIPI_DSI0_DATA2_N~2
5.000000e-12 (A)  WCPL_Trace2126_Auto_246::MIPI_DSI0_DATA2_N~3
-6.250019e-11 (A)  WCPL_Trace2130::MIPI_DSI0_DATA2_N~0
5.000000e-12 (A)  WCPL_Trace2130::MIPI_DSI0_DATA2_N~1
-7.750026e-11 (A)  WCPL_Trace2133_Auto_69::MIPI_DSI0_DATA2_N~0
5.000000e-12 (A)  WCPL_Trace2133_Auto_69::MIPI_DSI0_DATA2_N~1
-8.500031e-11 (A)  WCPL_Trace2136::MIPI_DSI0_DATA2_N~0
5.000000e-12 (A)  WCPL_Trace2136::MIPI_DSI0_DATA2_N~1
1.575010e-10 (A)  WCPL_Trace2145_Auto_2107::MIPI_DSI0_DATA1_N~0
-5.000000e-12 (A)  WCPL_Trace2145_Auto_2107::MIPI_DSI0_DATA1_N~1
1.275010e-10 (A)  WCPL_Trace2145_Auto_2107::MIPI_DSI0_DATA1_N~2
1.625010e-10 (A)  WCPL_Trace2145_Auto_2115::MIPI_DSI0_DATA1_N~0
-5.000000e-12 (A)  WCPL_Trace2145_Auto_2115::MIPI_DSI0_DATA1_N~1
1.325010e-10 (A)  WCPL_Trace2145_Auto_2115::MIPI_DSI0_DATA1_N~2
-5.500038e-11 (A)  WCPL_Trace2204_Auto_158::MIPI_DSI0_DATA1_N~0
5.000000e-12 (A)  WCPL_Trace2204_Auto_158::MIPI_DSI0_DATA1_N~1
-5.000000e-12 (A)  WCPL_Trace2204_Auto_158::MIPI_DSI0_DATA1_N~2
6.500042e-11 (A)  WCPL_Trace2204_Auto_158::MIPI_DSI0_DATA1_N~3
-1.750008e-11 (A)  WCPL_Trace2223_Auto_255::MIPI_DSI0_DATA1_N~0
5.000000e-12 (A)  WCPL_Trace2223_Auto_255::MIPI_DSI0_DATA1_N~1
-1.750002e-11 (A)  WCPL_Trace2223_Auto_255::MIPI_DSI0_DATA1_N~2
5.000000e-12 (A)  WCPL_Trace2223_Auto_255::MIPI_DSI0_DATA1_N~3
-5.000000e-12 (A)  WCPL_Trace2375_Auto_140::MIPI_DSI0_CLK_P~0
5.000000e-12 (A)  WCPL_Trace2375_Auto_140::MIPI_DSI0_CLK_P~1
5.000000e-12 (A)  WCPL_Trace2386_Auto_142::MIPI_DSI0_CLK_P~0
-5.000000e-12 (A)  WCPL_Trace2386_Auto_142::MIPI_DSI0_CLK_P~1
5.000000e-12 (A)  WCPL_Trace2386_Auto_142::MIPI_DSI0_CLK_P~2
-5.000000e-12 (A)  WCPL_Trace2386_Auto_142::MIPI_DSI0_CLK_P~3
5.000000e-12 (A)  WCPL_Trace2397::MIPI_DSI0_CLK_P~0
-6.750028e-11 (A)  WCPL_Trace2397::MIPI_DSI0_CLK_P~1
5.000000e-12 (A)  WCPL_Trace2397::MIPI_DSI0_CLK_P~2
-5.000000e-12 (A)  WCPL_Trace2435_Auto_2112::MIPI_DSI0_CLK_P~0
1.250009e-10 (A)  WCPL_Trace2435_Auto_2112::MIPI_DSI0_CLK_P~1
-5.000000e-12 (A)  WCPL_Trace2436::MIPI_DSI0_CLK_P~0
1.175008e-10 (A)  WCPL_Trace2436::MIPI_DSI0_CLK_P~1
-5.000000e-12 (A)  WCPL_Trace2460::MIPI_DSI0_CLK_P~0
1.125008e-10 (A)  WCPL_Trace2460::MIPI_DSI0_CLK_P~1
-5.000000e-12 (A)  WCPL_Trace2484#BP0::MIPI_DSI0_CLK_P~0
1.075007e-10 (A)  WCPL_Trace2484#BP0::MIPI_DSI0_CLK_P~1
-5.000000e-12 (A)  WCPL_Trace2485::MIPI_DSI0_CLK_P~0
1.025007e-10 (A)  WCPL_Trace2485::MIPI_DSI0_CLK_P~1
-5.000000e-12 (A)  WCPL_Trace2491::MIPI_DSI0_DATA3_P~0
9.000036e-11 (A)  WCPL_Trace2491::MIPI_DSI0_DATA3_P~1
-5.000000e-12 (A)  WCPL_Trace2494::MIPI_DSI0_DATA3_P~0
8.500029e-11 (A)  WCPL_Trace2494::MIPI_DSI0_DATA3_P~1
-5.000000e-12 (A)  WCPL_Trace2496::MIPI_DSI0_DATA3_P~0
8.250026e-11 (A)  WCPL_Trace2496::MIPI_DSI0_DATA3_P~1
-5.000000e-12 (A)  WCPL_Trace2518::MIPI_DSI0_DATA3_P~0
7.750025e-11 (A)  WCPL_Trace2518::MIPI_DSI0_DATA3_P~1
-5.000000e-12 (A)  WCPL_Trace2540::MIPI_DSI0_DATA3_P~0
7.250018e-11 (A)  WCPL_Trace2540::MIPI_DSI0_DATA3_P~1
-5.000000e-12 (A)  WCPL_Trace2562::MIPI_DSI0_DATA3_P~0
6.750024e-11 (A)  WCPL_Trace2562::MIPI_DSI0_DATA3_P~1
-5.000000e-12 (A)  WCPL_Trace2584::MIPI_DSI0_DATA3_P~0
6.250018e-11 (A)  WCPL_Trace2584::MIPI_DSI0_DATA3_P~1
-5.000000e-12 (A)  WCPL_Trace2585_Auto_220::MIPI_DSI0_DATA3_P~0
5.250016e-11 (A)  WCPL_Trace2585_Auto_220::MIPI_DSI0_DATA3_P~1
-5.000000e-12 (A)  WCPL_Trace2585_Auto_220::MIPI_DSI0_DATA3_P~2
5.500022e-11 (A)  WCPL_Trace2585_Auto_220::MIPI_DSI0_DATA3_P~3
-5.000000e-12 (A)  WCPL_Trace2585_Auto_220::MIPI_DSI0_DATA3_P~4
8.000049e-11 (A)  WCPL_Trace2585_Auto_220::MIPI_DSI0_DATA3_P~5
-5.000000e-12 (A)  WCPL_Trace2585_Auto_221::MIPI_DSI0_DATA3_P~0
5.000017e-11 (A)  WCPL_Trace2585_Auto_221::MIPI_DSI0_DATA3_P~1
-5.000000e-12 (A)  WCPL_Trace2585_Auto_221::MIPI_DSI0_DATA3_P~2
5.250016e-11 (A)  WCPL_Trace2585_Auto_221::MIPI_DSI0_DATA3_P~3
-5.000000e-12 (A)  WCPL_Trace2585_Auto_221::MIPI_DSI0_DATA3_P~4
-5.000000e-12 (A)  WCPL_Trace2585_Auto_224::MIPI_DSI0_DATA3_P~0
5.500019e-11 (A)  WCPL_Trace2585_Auto_224::MIPI_DSI0_DATA3_P~1
-5.000000e-12 (A)  WCPL_Trace2585_Auto_224::MIPI_DSI0_DATA3_P~2
5.750022e-11 (A)  WCPL_Trace2585_Auto_224::MIPI_DSI0_DATA3_P~3
-5.000000e-12 (A)  WCPL_Trace2585_Auto_224::MIPI_DSI0_DATA3_P~4
-5.000000e-12 (A)  WCPL_Trace2585_Auto_237::MIPI_DSI0_DATA3_P~0
3.500004e-11 (A)  WCPL_Trace2585_Auto_237::MIPI_DSI0_DATA3_P~1
-5.000000e-12 (A)  WCPL_Trace2585_Auto_237::MIPI_DSI0_DATA3_P~2
3.750010e-11 (A)  WCPL_Trace2585_Auto_237::MIPI_DSI0_DATA3_P~3
-5.000000e-12 (A)  WCPL_Trace2585_Auto_237::MIPI_DSI0_DATA3_P~4
3.000012e-11 (A)  WCPL_Trace2585_Auto_237::MIPI_DSI0_DATA3_P~5
-5.000000e-12 (A)  WCPL_Trace2585_Auto_237::MIPI_DSI0_DATA3_P~6
-5.000000e-12 (A)  WCPL_Trace2585_Auto_240::MIPI_DSI0_DATA3_P~0
5.750020e-11 (A)  WCPL_Trace2585_Auto_240::MIPI_DSI0_DATA3_P~1
-5.000000e-12 (A)  WCPL_Trace2585_Auto_240::MIPI_DSI0_DATA3_P~2
-5.000000e-12 (A)  WCPL_Trace2585_Auto_270::MIPI_DSI0_DATA3_P~0
4.750017e-11 (A)  WCPL_Trace2585_Auto_270::MIPI_DSI0_DATA3_P~1
-5.000000e-12 (A)  WCPL_Trace2585_Auto_270::MIPI_DSI0_DATA3_P~2
5.000017e-11 (A)  WCPL_Trace2585_Auto_270::MIPI_DSI0_DATA3_P~3
-5.000000e-12 (A)  WCPL_Trace2585_Auto_270::MIPI_DSI0_DATA3_P~4
6.500030e-11 (A)  WCPL_Trace2585_Auto_270::MIPI_DSI0_DATA3_P~5
-5.000000e-12 (A)  WCPL_Trace2585_Auto_271::MIPI_DSI0_DATA3_P~0
4.500011e-11 (A)  WCPL_Trace2585_Auto_271::MIPI_DSI0_DATA3_P~1
-5.000000e-12 (A)  WCPL_Trace2585_Auto_271::MIPI_DSI0_DATA3_P~2
4.750015e-11 (A)  WCPL_Trace2585_Auto_271::MIPI_DSI0_DATA3_P~3
-5.000000e-12 (A)  WCPL_Trace2585_Auto_271::MIPI_DSI0_DATA3_P~4
-5.000000e-12 (A)  WCPL_Trace2585_Auto_275::MIPI_DSI0_DATA3_P~0
4.250007e-11 (A)  WCPL_Trace2585_Auto_275::MIPI_DSI0_DATA3_P~1
-5.000000e-12 (A)  WCPL_Trace2585_Auto_275::MIPI_DSI0_DATA3_P~2
4.500014e-11 (A)  WCPL_Trace2585_Auto_275::MIPI_DSI0_DATA3_P~3
-5.000000e-12 (A)  WCPL_Trace2585_Auto_285::MIPI_DSI0_DATA3_P~0
3.750006e-11 (A)  WCPL_Trace2585_Auto_285::MIPI_DSI0_DATA3_P~1
-5.000000e-12 (A)  WCPL_Trace2585_Auto_285::MIPI_DSI0_DATA3_P~2
4.000012e-11 (A)  WCPL_Trace2585_Auto_285::MIPI_DSI0_DATA3_P~3
-5.000000e-12 (A)  WCPL_Trace2585_Auto_285::MIPI_DSI0_DATA3_P~4
3.250019e-11 (A)  WCPL_Trace2585_Auto_285::MIPI_DSI0_DATA3_P~5
-5.000000e-12 (A)  WCPL_Trace2585_Auto_289::MIPI_DSI0_DATA3_P~0
4.000008e-11 (A)  WCPL_Trace2585_Auto_289::MIPI_DSI0_DATA3_P~1
-5.000000e-12 (A)  WCPL_Trace2585_Auto_289::MIPI_DSI0_DATA3_P~2
4.250015e-11 (A)  WCPL_Trace2585_Auto_289::MIPI_DSI0_DATA3_P~3
-5.000000e-12 (A)  WCPL_Trace2585_Auto_289::MIPI_DSI0_DATA3_P~4
-5.000000e-12 (A)  WCPL_Trace2585_Auto_302::MIPI_DSI0_DATA3_P~0
3.250007e-11 (A)  WCPL_Trace2585_Auto_302::MIPI_DSI0_DATA3_P~1
-5.000000e-12 (A)  WCPL_Trace2585_Auto_302::MIPI_DSI0_DATA3_P~2
3.500007e-11 (A)  WCPL_Trace2585_Auto_302::MIPI_DSI0_DATA3_P~3
-5.000000e-12 (A)  WCPL_Trace2585_Auto_302::MIPI_DSI0_DATA3_P~4
2.750006e-11 (A)  WCPL_Trace2585_Auto_302::MIPI_DSI0_DATA3_P~5
-5.000000e-12 (A)  WCPL_Trace2585_Auto_302::MIPI_DSI0_DATA3_P~6
3.250027e-11 (A)  WCPL_Trace2585_Auto_302::MIPI_DSI0_DATA3_P~7
-5.000000e-12 (A)  WCPL_Trace2585_Auto_304::MIPI_DSI0_DATA3_P~0
6.000017e-11 (A)  WCPL_Trace2585_Auto_304::MIPI_DSI0_DATA3_P~1
-5.000000e-12 (A)  WCPL_Trace2599_Auto_2416::MIPI_DSI0_DATA2_P~0
1.075005e-10 (A)  WCPL_Trace2599_Auto_2416::MIPI_DSI0_DATA2_P~1
-5.000000e-12 (A)  WCPL_Trace2599_Auto_2416::MIPI_DSI0_DATA2_P~2
1.275008e-10 (A)  WCPL_Trace2599_Auto_2416::MIPI_DSI0_DATA2_P~3
-5.000000e-12 (A)  WCPL_Trace2605_Auto_1465::MIPI_DSI0_DATA2_P~0
1.200006e-10 (A)  WCPL_Trace2605_Auto_1465::MIPI_DSI0_DATA2_P~1
-1.525007e-10 (A)  WCPL_Trace2605_Auto_1465::MIPI_DSI0_DATA2_P~2
-5.000000e-12 (A)  WCPL_Trace2605_Auto_1467::MIPI_DSI0_DATA2_P~0
1.225005e-10 (A)  WCPL_Trace2605_Auto_1467::MIPI_DSI0_DATA2_P~1
5.000000e-12 (A)  WCPL_Trace2614::MIPI_DSI0_DATA2_P~0
5.000000e-12 (A)  WCPL_Trace2614::MIPI_DSI0_DATA2_P~1
-2.150012e-10 (A)  WCPL_Trace2614::MIPI_DSI0_DATA2_P~2
5.000000e-12 (A)  WCPL_Trace2615::MIPI_DSI0_DATA2_P~0
5.000000e-12 (A)  WCPL_Trace2615::MIPI_DSI0_DATA2_P~1
-2.200012e-10 (A)  WCPL_Trace2615::MIPI_DSI0_DATA2_P~2
5.000000e-12 (A)  WCPL_Trace2623_Auto_1489::MIPI_DSI0_DATA2_P~0
-5.000000e-12 (A)  WCPL_Trace2623_Auto_1489::MIPI_DSI0_DATA2_P~1
1.675008e-10 (A)  WCPL_Trace2623_Auto_1489::MIPI_DSI0_DATA2_P~2
-5.000000e-12 (A)  WCPL_Trace2634_Auto_1491::MIPI_DSI0_DATA2_P~0
1.700009e-10 (A)  WCPL_Trace2634_Auto_1491::MIPI_DSI0_DATA2_P~1
-5.000000e-12 (A)  WCPL_Trace2638_Auto_2104::MIPI_DSI0_DATA2_P~0
1.800009e-10 (A)  WCPL_Trace2638_Auto_2104::MIPI_DSI0_DATA2_P~1
-5.000000e-12 (A)  WCPL_Trace2662::MIPI_DSI0_DATA2_P~0
5.000000e-12 (A)  WCPL_Trace2662::MIPI_DSI0_DATA2_P~1
-5.000000e-12 (A)  WCPL_Trace2672_Auto_2096::MIPI_DSI0_DATA1_P~0
1.700011e-10 (A)  WCPL_Trace2672_Auto_2096::MIPI_DSI0_DATA1_P~1
-5.000000e-12 (A)  WCPL_Trace2672_Auto_2096::MIPI_DSI0_DATA1_P~2
-5.000000e-12 (A)  WCPL_Trace2672_Auto_2097::MIPI_DSI0_DATA1_P~0
1.675011e-10 (A)  WCPL_Trace2672_Auto_2097::MIPI_DSI0_DATA1_P~1
-5.000000e-12 (A)  WCPL_Trace2672_Auto_2097::MIPI_DSI0_DATA1_P~2
-5.000000e-12 (A)  WCPL_Trace2672_Auto_2099::MIPI_DSI0_DATA1_P~0
1.725011e-10 (A)  WCPL_Trace2672_Auto_2099::MIPI_DSI0_DATA1_P~1
-5.000000e-12 (A)  WCPL_Trace2672_Auto_2121::MIPI_DSI0_DATA1_P~0
1.650010e-10 (A)  WCPL_Trace2672_Auto_2121::MIPI_DSI0_DATA1_P~1
-5.000000e-12 (A)  WCPL_Trace2672_Auto_2121::MIPI_DSI0_DATA1_P~2
1.350010e-10 (A)  WCPL_Trace2672_Auto_2121::MIPI_DSI0_DATA1_P~3
-5.000000e-12 (A)  WCPL_Trace2689::MIPI_DSI0_DATA1_P~0
5.000000e-12 (A)  WCPL_Trace2689::MIPI_DSI0_DATA1_P~1
-5.000000e-12 (A)  WCPL_Trace2695::MIPI_DSI0_DATA1_P~0
1.600009e-10 (A)  WCPL_Trace2695::MIPI_DSI0_DATA1_P~1
-5.000000e-12 (A)  WCPL_Trace2695::MIPI_DSI0_DATA1_P~2
1.300010e-10 (A)  WCPL_Trace2695::MIPI_DSI0_DATA1_P~3
-5.000000e-12 (A)  WCPL_Trace2696::MIPI_DSI0_DATA1_P~0
1.525009e-10 (A)  WCPL_Trace2696::MIPI_DSI0_DATA1_P~1
-5.000000e-12 (A)  WCPL_Trace2697::MIPI_DSI0_DATA1_P~0
1.450009e-10 (A)  WCPL_Trace2697::MIPI_DSI0_DATA1_P~1
-5.000000e-12 (A)  WCPL_Trace2699_Auto_2426::MIPI_DSI0_DATA1_P~0
1.375009e-10 (A)  WCPL_Trace2699_Auto_2426::MIPI_DSI0_DATA1_P~1
-5.000000e-12 (A)  WCPL_Trace2701_Auto_2410::MIPI_DSI0_DATA1_P~0
1.350009e-10 (A)  WCPL_Trace2701_Auto_2410::MIPI_DSI0_DATA1_P~1
-5.000000e-12 (A)  WCPL_Trace2706_Auto_2418::MIPI_DSI0_DATA1_P~0
1.250008e-10 (A)  WCPL_Trace2706_Auto_2418::MIPI_DSI0_DATA1_P~1
-5.000000e-12 (A)  WCPL_Trace2709#BP0_Auto_2421::MIPI_DSI0_DATA1_P~0
1.175008e-10 (A)  WCPL_Trace2709#BP0_Auto_2421::MIPI_DSI0_DATA1_P~1
-5.000000e-12 (A)  WCPL_Trace2713::MIPI_DSI0_DATA1_P~0
1.075007e-10 (A)  WCPL_Trace2713::MIPI_DSI0_DATA1_P~1
-5.000000e-12 (A)  WCPL_Trace2717_Auto_2434::MIPI_DSI0_DATA1_P~0
1.000007e-10 (A)  WCPL_Trace2717_Auto_2434::MIPI_DSI0_DATA1_P~1
-5.000000e-12 (A)  WCPL_Trace2721_Auto_2429::MIPI_DSI0_DATA1_P~0
9.250071e-11 (A)  WCPL_Trace2721_Auto_2429::MIPI_DSI0_DATA1_P~1
-5.000000e-12 (A)  WCPL_Trace2721_Auto_2431::MIPI_DSI0_DATA1_P~0
9.500075e-11 (A)  WCPL_Trace2721_Auto_2431::MIPI_DSI0_DATA1_P~1
-5.000000e-12 (A)  WCPL_Trace2728#BP0_Auto_150::MIPI_DSI0_DATA1_P~0
7.750066e-11 (A)  WCPL_Trace2728#BP0_Auto_150::MIPI_DSI0_DATA1_P~1
-5.000000e-12 (A)  WCPL_Trace2732_Auto_149::MIPI_DSI0_DATA1_P~0
7.250057e-11 (A)  WCPL_Trace2732_Auto_149::MIPI_DSI0_DATA1_P~1
-5.000000e-12 (A)  WCPL_Trace2755_Auto_276::MIPI_DSI0_DATA1_P~0
4.750031e-11 (A)  WCPL_Trace2755_Auto_276::MIPI_DSI0_DATA1_P~1
-5.000000e-12 (A)  WCPL_Trace2759_Auto_279::MIPI_DSI0_DATA1_P~0
3.750024e-11 (A)  WCPL_Trace2759_Auto_279::MIPI_DSI0_DATA1_P~1
0.000000e+00 (A)  X_C80.Xpartial.X_SpeedXP_auto_CAP_NP_C0603_100N_100N_C80_C80.V_SpeedXP_auto_2_En
-5.050000e-11 (A)  X_CH1.Xpartial.X_SpeedXP_auto_WP7B-P040VA1-R8000_WP7B-P040VA1-R8000_WP7B-P040VA1-R8000_WP7B-P040VA1-R8000_CH1.B_SpeedXP_auto_10_OutOfIn
-5.050000e-11 (A)  X_CH1.Xpartial.X_SpeedXP_auto_WP7B-P040VA1-R8000_WP7B-P040VA1-R8000_WP7B-P040VA1-R8000_WP7B-P040VA1-R8000_CH1.B_SpeedXP_auto_11_OutOfIn
-5.050000e-11 (A)  X_CH1.Xpartial.X_SpeedXP_auto_WP7B-P040VA1-R8000_WP7B-P040VA1-R8000_WP7B-P040VA1-R8000_WP7B-P040VA1-R8000_CH1.B_SpeedXP_auto_12_OutOfIn
-5.050000e-11 (A)  X_CH1.Xpartial.X_SpeedXP_auto_WP7B-P040VA1-R8000_WP7B-P040VA1-R8000_WP7B-P040VA1-R8000_WP7B-P040VA1-R8000_CH1.B_SpeedXP_auto_1_OutOfIn
-5.050000e-11 (A)  X_CH1.Xpartial.X_SpeedXP_auto_WP7B-P040VA1-R8000_WP7B-P040VA1-R8000_WP7B-P040VA1-R8000_WP7B-P040VA1-R8000_CH1.B_SpeedXP_auto_2_OutOfIn
-5.050000e-11 (A)  X_CH1.Xpartial.X_SpeedXP_auto_WP7B-P040VA1-R8000_WP7B-P040VA1-R8000_WP7B-P040VA1-R8000_WP7B-P040VA1-R8000_CH1.B_SpeedXP_auto_5_OutOfIn
-5.050000e-11 (A)  X_CH1.Xpartial.X_SpeedXP_auto_WP7B-P040VA1-R8000_WP7B-P040VA1-R8000_WP7B-P040VA1-R8000_WP7B-P040VA1-R8000_CH1.B_SpeedXP_auto_6_OutOfIn
-5.050000e-11 (A)  X_CH1.Xpartial.X_SpeedXP_auto_WP7B-P040VA1-R8000_WP7B-P040VA1-R8000_WP7B-P040VA1-R8000_WP7B-P040VA1-R8000_CH1.B_SpeedXP_auto_7_OutOfIn
-5.050000e-11 (A)  X_CH1.Xpartial.X_SpeedXP_auto_WP7B-P040VA1-R8000_WP7B-P040VA1-R8000_WP7B-P040VA1-R8000_WP7B-P040VA1-R8000_CH1.B_SpeedXP_auto_8_OutOfIn
-5.050000e-11 (A)  X_CH1.Xpartial.X_SpeedXP_auto_WP7B-P040VA1-R8000_WP7B-P040VA1-R8000_WP7B-P040VA1-R8000_WP7B-P040VA1-R8000_CH1.B_SpeedXP_auto_9_OutOfIn
-1.010000e-10 (A)  X_CH1.Xpartial.X_SpeedXP_auto_WP7B-P040VA1-R8000_WP7B-P040VA1-R8000_WP7B-P040VA1-R8000_WP7B-P040VA1-R8000_CH1.V_SpeedXP_auto_10_En
-1.010000e-10 (A)  X_CH1.Xpartial.X_SpeedXP_auto_WP7B-P040VA1-R8000_WP7B-P040VA1-R8000_WP7B-P040VA1-R8000_WP7B-P040VA1-R8000_CH1.V_SpeedXP_auto_11_En
-1.010000e-10 (A)  X_CH1.Xpartial.X_SpeedXP_auto_WP7B-P040VA1-R8000_WP7B-P040VA1-R8000_WP7B-P040VA1-R8000_WP7B-P040VA1-R8000_CH1.V_SpeedXP_auto_12_En
-1.000000e-12 (A)  X_CH1.Xpartial.X_SpeedXP_auto_WP7B-P040VA1-R8000_WP7B-P040VA1-R8000_WP7B-P040VA1-R8000_WP7B-P040VA1-R8000_CH1.V_SpeedXP_auto_13_En
-1.000000e-12 (A)  X_CH1.Xpartial.X_SpeedXP_auto_WP7B-P040VA1-R8000_WP7B-P040VA1-R8000_WP7B-P040VA1-R8000_WP7B-P040VA1-R8000_CH1.V_SpeedXP_auto_14_En
-1.000000e-12 (A)  X_CH1.Xpartial.X_SpeedXP_auto_WP7B-P040VA1-R8000_WP7B-P040VA1-R8000_WP7B-P040VA1-R8000_WP7B-P040VA1-R8000_CH1.V_SpeedXP_auto_15_En
-1.000000e-12 (A)  X_CH1.Xpartial.X_SpeedXP_auto_WP7B-P040VA1-R8000_WP7B-P040VA1-R8000_WP7B-P040VA1-R8000_WP7B-P040VA1-R8000_CH1.V_SpeedXP_auto_16_En
-1.000000e-12 (A)  X_CH1.Xpartial.X_SpeedXP_auto_WP7B-P040VA1-R8000_WP7B-P040VA1-R8000_WP7B-P040VA1-R8000_WP7B-P040VA1-R8000_CH1.V_SpeedXP_auto_17_En
-1.000000e-12 (A)  X_CH1.Xpartial.X_SpeedXP_auto_WP7B-P040VA1-R8000_WP7B-P040VA1-R8000_WP7B-P040VA1-R8000_WP7B-P040VA1-R8000_CH1.V_SpeedXP_auto_18_En
-1.000000e-12 (A)  X_CH1.Xpartial.X_SpeedXP_auto_WP7B-P040VA1-R8000_WP7B-P040VA1-R8000_WP7B-P040VA1-R8000_WP7B-P040VA1-R8000_CH1.V_SpeedXP_auto_19_En
-1.010000e-10 (A)  X_CH1.Xpartial.X_SpeedXP_auto_WP7B-P040VA1-R8000_WP7B-P040VA1-R8000_WP7B-P040VA1-R8000_WP7B-P040VA1-R8000_CH1.V_SpeedXP_auto_1_En
-1.000000e-12 (A)  X_CH1.Xpartial.X_SpeedXP_auto_WP7B-P040VA1-R8000_WP7B-P040VA1-R8000_WP7B-P040VA1-R8000_WP7B-P040VA1-R8000_CH1.V_SpeedXP_auto_20_En
-1.010000e-10 (A)  X_CH1.Xpartial.X_SpeedXP_auto_WP7B-P040VA1-R8000_WP7B-P040VA1-R8000_WP7B-P040VA1-R8000_WP7B-P040VA1-R8000_CH1.V_SpeedXP_auto_2_En
-1.000000e-12 (A)  X_CH1.Xpartial.X_SpeedXP_auto_WP7B-P040VA1-R8000_WP7B-P040VA1-R8000_WP7B-P040VA1-R8000_WP7B-P040VA1-R8000_CH1.V_SpeedXP_auto_3_En
-1.000000e-12 (A)  X_CH1.Xpartial.X_SpeedXP_auto_WP7B-P040VA1-R8000_WP7B-P040VA1-R8000_WP7B-P040VA1-R8000_WP7B-P040VA1-R8000_CH1.V_SpeedXP_auto_4_En
-1.010000e-10 (A)  X_CH1.Xpartial.X_SpeedXP_auto_WP7B-P040VA1-R8000_WP7B-P040VA1-R8000_WP7B-P040VA1-R8000_WP7B-P040VA1-R8000_CH1.V_SpeedXP_auto_5_En
-1.010000e-10 (A)  X_CH1.Xpartial.X_SpeedXP_auto_WP7B-P040VA1-R8000_WP7B-P040VA1-R8000_WP7B-P040VA1-R8000_WP7B-P040VA1-R8000_CH1.V_SpeedXP_auto_6_En
-1.010000e-10 (A)  X_CH1.Xpartial.X_SpeedXP_auto_WP7B-P040VA1-R8000_WP7B-P040VA1-R8000_WP7B-P040VA1-R8000_WP7B-P040VA1-R8000_CH1.V_SpeedXP_auto_7_En
-1.010000e-10 (A)  X_CH1.Xpartial.X_SpeedXP_auto_WP7B-P040VA1-R8000_WP7B-P040VA1-R8000_WP7B-P040VA1-R8000_WP7B-P040VA1-R8000_CH1.V_SpeedXP_auto_8_En
-1.010000e-10 (A)  X_CH1.Xpartial.X_SpeedXP_auto_WP7B-P040VA1-R8000_WP7B-P040VA1-R8000_WP7B-P040VA1-R8000_WP7B-P040VA1-R8000_CH1.V_SpeedXP_auto_9_En
-1.350006e-10 (A)  X_CH1.Xpartial.X_SpeedXP_auto_WP7B-P040VA1-R8000_WP7B-P040VA1-R8000_WP7B-P040VA1-R8000_WP7B-P040VA1-R8000_CH1.Vpwr_1
-7.500000e-12 (A)  X_CH1.Xpartial.X_SpeedXP_auto_WP7B-P040VA1-R8000_WP7B-P040VA1-R8000_WP7B-P040VA1-R8000_WP7B-P040VA1-R8000_CH1.Vpwr_10
-7.500000e-12 (A)  X_CH1.Xpartial.X_SpeedXP_auto_WP7B-P040VA1-R8000_WP7B-P040VA1-R8000_WP7B-P040VA1-R8000_WP7B-P040VA1-R8000_CH1.Vpwr_11
-2.475014e-10 (A)  X_CH1.Xpartial.X_SpeedXP_auto_WP7B-P040VA1-R8000_WP7B-P040VA1-R8000_WP7B-P040VA1-R8000_WP7B-P040VA1-R8000_CH1.Vpwr_12
-7.500000e-12 (A)  X_CH1.Xpartial.X_SpeedXP_auto_WP7B-P040VA1-R8000_WP7B-P040VA1-R8000_WP7B-P040VA1-R8000_WP7B-P040VA1-R8000_CH1.Vpwr_2
-1.550010e-10 (A)  X_CH1.Xpartial.X_SpeedXP_auto_WP7B-P040VA1-R8000_WP7B-P040VA1-R8000_WP7B-P040VA1-R8000_WP7B-P040VA1-R8000_CH1.Vpwr_5
-7.500000e-12 (A)  X_CH1.Xpartial.X_SpeedXP_auto_WP7B-P040VA1-R8000_WP7B-P040VA1-R8000_WP7B-P040VA1-R8000_WP7B-P040VA1-R8000_CH1.Vpwr_6
-1.950012e-10 (A)  X_CH1.Xpartial.X_SpeedXP_auto_WP7B-P040VA1-R8000_WP7B-P040VA1-R8000_WP7B-P040VA1-R8000_WP7B-P040VA1-R8000_CH1.Vpwr_7
-7.500000e-12 (A)  X_CH1.Xpartial.X_SpeedXP_auto_WP7B-P040VA1-R8000_WP7B-P040VA1-R8000_WP7B-P040VA1-R8000_WP7B-P040VA1-R8000_CH1.Vpwr_8
-2.050011e-10 (A)  X_CH1.Xpartial.X_SpeedXP_auto_WP7B-P040VA1-R8000_WP7B-P040VA1-R8000_WP7B-P040VA1-R8000_WP7B-P040VA1-R8000_CH1.Vpwr_9
0.000000e+00 (A)  X_CH1.Xpartial.X_SpeedXP_auto_WP7B-P040VA1-R8000_WP7B-P040VA1-R8000_WP7B-P040VA1-R8000_WP7B-P040VA1-R8000_CH1.X_SpeedXP_auto_10_St.v1
0.000000e+00 (A)  X_CH1.Xpartial.X_SpeedXP_auto_WP7B-P040VA1-R8000_WP7B-P040VA1-R8000_WP7B-P040VA1-R8000_WP7B-P040VA1-R8000_CH1.X_SpeedXP_auto_11_St.v1
-1.010000e-10 (A)  X_CH1.Xpartial.X_SpeedXP_auto_WP7B-P040VA1-R8000_WP7B-P040VA1-R8000_WP7B-P040VA1-R8000_WP7B-P040VA1-R8000_CH1.X_SpeedXP_auto_12_St.v1
0.000000e+00 (A)  X_CH1.Xpartial.X_SpeedXP_auto_WP7B-P040VA1-R8000_WP7B-P040VA1-R8000_WP7B-P040VA1-R8000_WP7B-P040VA1-R8000_CH1.X_SpeedXP_auto_13_St.v1
0.000000e+00 (A)  X_CH1.Xpartial.X_SpeedXP_auto_WP7B-P040VA1-R8000_WP7B-P040VA1-R8000_WP7B-P040VA1-R8000_WP7B-P040VA1-R8000_CH1.X_SpeedXP_auto_14_St.v1
0.000000e+00 (A)  X_CH1.Xpartial.X_SpeedXP_auto_WP7B-P040VA1-R8000_WP7B-P040VA1-R8000_WP7B-P040VA1-R8000_WP7B-P040VA1-R8000_CH1.X_SpeedXP_auto_15_St.v1
0.000000e+00 (A)  X_CH1.Xpartial.X_SpeedXP_auto_WP7B-P040VA1-R8000_WP7B-P040VA1-R8000_WP7B-P040VA1-R8000_WP7B-P040VA1-R8000_CH1.X_SpeedXP_auto_16_St.v1
0.000000e+00 (A)  X_CH1.Xpartial.X_SpeedXP_auto_WP7B-P040VA1-R8000_WP7B-P040VA1-R8000_WP7B-P040VA1-R8000_WP7B-P040VA1-R8000_CH1.X_SpeedXP_auto_17_St.v1
0.000000e+00 (A)  X_CH1.Xpartial.X_SpeedXP_auto_WP7B-P040VA1-R8000_WP7B-P040VA1-R8000_WP7B-P040VA1-R8000_WP7B-P040VA1-R8000_CH1.X_SpeedXP_auto_18_St.v1
0.000000e+00 (A)  X_CH1.Xpartial.X_SpeedXP_auto_WP7B-P040VA1-R8000_WP7B-P040VA1-R8000_WP7B-P040VA1-R8000_WP7B-P040VA1-R8000_CH1.X_SpeedXP_auto_19_St.v1
-1.010000e-10 (A)  X_CH1.Xpartial.X_SpeedXP_auto_WP7B-P040VA1-R8000_WP7B-P040VA1-R8000_WP7B-P040VA1-R8000_WP7B-P040VA1-R8000_CH1.X_SpeedXP_auto_1_St.v1
0.000000e+00 (A)  X_CH1.Xpartial.X_SpeedXP_auto_WP7B-P040VA1-R8000_WP7B-P040VA1-R8000_WP7B-P040VA1-R8000_WP7B-P040VA1-R8000_CH1.X_SpeedXP_auto_20_St.v1
0.000000e+00 (A)  X_CH1.Xpartial.X_SpeedXP_auto_WP7B-P040VA1-R8000_WP7B-P040VA1-R8000_WP7B-P040VA1-R8000_WP7B-P040VA1-R8000_CH1.X_SpeedXP_auto_2_St.v1
0.000000e+00 (A)  X_CH1.Xpartial.X_SpeedXP_auto_WP7B-P040VA1-R8000_WP7B-P040VA1-R8000_WP7B-P040VA1-R8000_WP7B-P040VA1-R8000_CH1.X_SpeedXP_auto_3_St.v1
0.000000e+00 (A)  X_CH1.Xpartial.X_SpeedXP_auto_WP7B-P040VA1-R8000_WP7B-P040VA1-R8000_WP7B-P040VA1-R8000_WP7B-P040VA1-R8000_CH1.X_SpeedXP_auto_4_St.v1
-1.010000e-10 (A)  X_CH1.Xpartial.X_SpeedXP_auto_WP7B-P040VA1-R8000_WP7B-P040VA1-R8000_WP7B-P040VA1-R8000_WP7B-P040VA1-R8000_CH1.X_SpeedXP_auto_5_St.v1
0.000000e+00 (A)  X_CH1.Xpartial.X_SpeedXP_auto_WP7B-P040VA1-R8000_WP7B-P040VA1-R8000_WP7B-P040VA1-R8000_WP7B-P040VA1-R8000_CH1.X_SpeedXP_auto_6_St.v1
-1.010000e-10 (A)  X_CH1.Xpartial.X_SpeedXP_auto_WP7B-P040VA1-R8000_WP7B-P040VA1-R8000_WP7B-P040VA1-R8000_WP7B-P040VA1-R8000_CH1.X_SpeedXP_auto_7_St.v1
0.000000e+00 (A)  X_CH1.Xpartial.X_SpeedXP_auto_WP7B-P040VA1-R8000_WP7B-P040VA1-R8000_WP7B-P040VA1-R8000_WP7B-P040VA1-R8000_CH1.X_SpeedXP_auto_8_St.v1
-1.010000e-10 (A)  X_CH1.Xpartial.X_SpeedXP_auto_WP7B-P040VA1-R8000_WP7B-P040VA1-R8000_WP7B-P040VA1-R8000_WP7B-P040VA1-R8000_CH1.X_SpeedXP_auto_9_St.v1
0.000000e+00 (A)  X_D5.Xpartial.X_SpeedXP_auto_TVS/ESD_SOD-323_H3V3HD3U_H3V3HD3U_D5.V_SpeedXP_auto_1_En
0.000000e+00 (A)  X_ESD1.Xpartial.X_SpeedXP_auto_IP4292CZ10_DFN2510A-10_IP4292CZ10-TBR_115_IP4292CZ10-TBR_115_ESD1_ESD1.V_SpeedXP_auto_10_En
-1.000000e-12 (A)  X_ESD1.Xpartial.X_SpeedXP_auto_IP4292CZ10_DFN2510A-10_IP4292CZ10-TBR_115_IP4292CZ10-TBR_115_ESD1_ESD1.V_SpeedXP_auto_1_En
-1.000000e-12 (A)  X_ESD1.Xpartial.X_SpeedXP_auto_IP4292CZ10_DFN2510A-10_IP4292CZ10-TBR_115_IP4292CZ10-TBR_115_ESD1_ESD1.V_SpeedXP_auto_2_En
-1.000000e-12 (A)  X_ESD1.Xpartial.X_SpeedXP_auto_IP4292CZ10_DFN2510A-10_IP4292CZ10-TBR_115_IP4292CZ10-TBR_115_ESD1_ESD1.V_SpeedXP_auto_4_En
-1.000000e-12 (A)  X_ESD1.Xpartial.X_SpeedXP_auto_IP4292CZ10_DFN2510A-10_IP4292CZ10-TBR_115_IP4292CZ10-TBR_115_ESD1_ESD1.V_SpeedXP_auto_5_En
0.000000e+00 (A)  X_ESD1.Xpartial.X_SpeedXP_auto_IP4292CZ10_DFN2510A-10_IP4292CZ10-TBR_115_IP4292CZ10-TBR_115_ESD1_ESD1.V_SpeedXP_auto_6_En
0.000000e+00 (A)  X_ESD1.Xpartial.X_SpeedXP_auto_IP4292CZ10_DFN2510A-10_IP4292CZ10-TBR_115_IP4292CZ10-TBR_115_ESD1_ESD1.V_SpeedXP_auto_7_En
0.000000e+00 (A)  X_ESD1.Xpartial.X_SpeedXP_auto_IP4292CZ10_DFN2510A-10_IP4292CZ10-TBR_115_IP4292CZ10-TBR_115_ESD1_ESD1.V_SpeedXP_auto_9_En
0.000000e+00 (A)  X_ESD1.Xpartial.X_SpeedXP_auto_IP4292CZ10_DFN2510A-10_IP4292CZ10-TBR_115_IP4292CZ10-TBR_115_ESD1_ESD1.X_SpeedXP_auto_1_St.v1
0.000000e+00 (A)  X_ESD1.Xpartial.X_SpeedXP_auto_IP4292CZ10_DFN2510A-10_IP4292CZ10-TBR_115_IP4292CZ10-TBR_115_ESD1_ESD1.X_SpeedXP_auto_2_St.v1
0.000000e+00 (A)  X_ESD1.Xpartial.X_SpeedXP_auto_IP4292CZ10_DFN2510A-10_IP4292CZ10-TBR_115_IP4292CZ10-TBR_115_ESD1_ESD1.X_SpeedXP_auto_4_St.v1
0.000000e+00 (A)  X_ESD1.Xpartial.X_SpeedXP_auto_IP4292CZ10_DFN2510A-10_IP4292CZ10-TBR_115_IP4292CZ10-TBR_115_ESD1_ESD1.X_SpeedXP_auto_5_St.v1
0.000000e+00 (A)  X_ESD2.Xpartial.X_SpeedXP_auto_IP4292CZ10_DFN2510A-10_IP4292CZ10-TBR_115_IP4292CZ10-TBR_115_ESD2_ESD2.V_SpeedXP_auto_10_En
-1.000000e-12 (A)  X_ESD2.Xpartial.X_SpeedXP_auto_IP4292CZ10_DFN2510A-10_IP4292CZ10-TBR_115_IP4292CZ10-TBR_115_ESD2_ESD2.V_SpeedXP_auto_1_En
-1.000000e-12 (A)  X_ESD2.Xpartial.X_SpeedXP_auto_IP4292CZ10_DFN2510A-10_IP4292CZ10-TBR_115_IP4292CZ10-TBR_115_ESD2_ESD2.V_SpeedXP_auto_2_En
-1.000000e-12 (A)  X_ESD2.Xpartial.X_SpeedXP_auto_IP4292CZ10_DFN2510A-10_IP4292CZ10-TBR_115_IP4292CZ10-TBR_115_ESD2_ESD2.V_SpeedXP_auto_4_En
-1.000000e-12 (A)  X_ESD2.Xpartial.X_SpeedXP_auto_IP4292CZ10_DFN2510A-10_IP4292CZ10-TBR_115_IP4292CZ10-TBR_115_ESD2_ESD2.V_SpeedXP_auto_5_En
0.000000e+00 (A)  X_ESD2.Xpartial.X_SpeedXP_auto_IP4292CZ10_DFN2510A-10_IP4292CZ10-TBR_115_IP4292CZ10-TBR_115_ESD2_ESD2.V_SpeedXP_auto_6_En
0.000000e+00 (A)  X_ESD2.Xpartial.X_SpeedXP_auto_IP4292CZ10_DFN2510A-10_IP4292CZ10-TBR_115_IP4292CZ10-TBR_115_ESD2_ESD2.V_SpeedXP_auto_7_En
0.000000e+00 (A)  X_ESD2.Xpartial.X_SpeedXP_auto_IP4292CZ10_DFN2510A-10_IP4292CZ10-TBR_115_IP4292CZ10-TBR_115_ESD2_ESD2.V_SpeedXP_auto_9_En
0.000000e+00 (A)  X_ESD2.Xpartial.X_SpeedXP_auto_IP4292CZ10_DFN2510A-10_IP4292CZ10-TBR_115_IP4292CZ10-TBR_115_ESD2_ESD2.X_SpeedXP_auto_1_St.v1
0.000000e+00 (A)  X_ESD2.Xpartial.X_SpeedXP_auto_IP4292CZ10_DFN2510A-10_IP4292CZ10-TBR_115_IP4292CZ10-TBR_115_ESD2_ESD2.X_SpeedXP_auto_2_St.v1
0.000000e+00 (A)  X_ESD2.Xpartial.X_SpeedXP_auto_IP4292CZ10_DFN2510A-10_IP4292CZ10-TBR_115_IP4292CZ10-TBR_115_ESD2_ESD2.X_SpeedXP_auto_4_St.v1
0.000000e+00 (A)  X_ESD2.Xpartial.X_SpeedXP_auto_IP4292CZ10_DFN2510A-10_IP4292CZ10-TBR_115_IP4292CZ10-TBR_115_ESD2_ESD2.X_SpeedXP_auto_5_St.v1
0.000000e+00 (A)  X_HDMI1.Xpartial.X_SpeedXP_auto_HDMI-A_HDMI-001S_HDMI-001S_HDMI-001S_HDMI1.V_SpeedXP_auto_10_En
0.000000e+00 (A)  X_HDMI1.Xpartial.X_SpeedXP_auto_HDMI-A_HDMI-001S_HDMI-001S_HDMI-001S_HDMI1.V_SpeedXP_auto_12_En
0.000000e+00 (A)  X_HDMI1.Xpartial.X_SpeedXP_auto_HDMI-A_HDMI-001S_HDMI-001S_HDMI-001S_HDMI1.V_SpeedXP_auto_1_En
0.000000e+00 (A)  X_HDMI1.Xpartial.X_SpeedXP_auto_HDMI-A_HDMI-001S_HDMI-001S_HDMI-001S_HDMI1.V_SpeedXP_auto_3_En
0.000000e+00 (A)  X_HDMI1.Xpartial.X_SpeedXP_auto_HDMI-A_HDMI-001S_HDMI-001S_HDMI-001S_HDMI1.V_SpeedXP_auto_4_En
0.000000e+00 (A)  X_HDMI1.Xpartial.X_SpeedXP_auto_HDMI-A_HDMI-001S_HDMI-001S_HDMI-001S_HDMI1.V_SpeedXP_auto_6_En
0.000000e+00 (A)  X_HDMI1.Xpartial.X_SpeedXP_auto_HDMI-A_HDMI-001S_HDMI-001S_HDMI-001S_HDMI1.V_SpeedXP_auto_7_En
0.000000e+00 (A)  X_HDMI1.Xpartial.X_SpeedXP_auto_HDMI-A_HDMI-001S_HDMI-001S_HDMI-001S_HDMI1.V_SpeedXP_auto_9_En
0.000000e+00 (A)  X_R24.Xpartial.X_SpeedXP_auto_RES_R0603_10K_10K_R24_R24.V_SpeedXP_auto_2_En
-1.000000e-12 (A)  X_R25.Xpartial.X_SpeedXP_auto_RES_R0603_1K_1K_R25_R25.V_SpeedXP_auto_1_En
0.000000e+00 (A)  X_R25.Xpartial.X_SpeedXP_auto_RES_R0603_1K_1K_R25_R25.X_SpeedXP_auto_1_St.v1
0.000000e+00 (A)  X_SW1.Xpartial.X_SpeedXP_auto_SWITCH-2P_SMD4030_1_6N_1_6N_SW1.V_SpeedXP_auto_2_En
0.000000e+00 (A)  X_U8.Xpartial.X_SpeedXP_auto_TC358870XBG_1_VFBGA80_(S1+S2+S3+S4)_TC358870XBG(NOK)_TC358870XBG(NOK)_U8.B_SpeedXP_auto_A6_OutOfIn
-1.010000e-10 (A)  X_U8.Xpartial.X_SpeedXP_auto_TC358870XBG_1_VFBGA80_(S1+S2+S3+S4)_TC358870XBG(NOK)_TC358870XBG(NOK)_U8.B_SpeedXP_auto_B6_OutOfIn
0.000000e+00 (A)  X_U8.Xpartial.X_SpeedXP_auto_TC358870XBG_1_VFBGA80_(S1+S2+S3+S4)_TC358870XBG(NOK)_TC358870XBG(NOK)_U8.B_SpeedXP_auto_D10_OutOfIn
-1.010000e-10 (A)  X_U8.Xpartial.X_SpeedXP_auto_TC358870XBG_1_VFBGA80_(S1+S2+S3+S4)_TC358870XBG(NOK)_TC358870XBG(NOK)_U8.B_SpeedXP_auto_D9_OutOfIn
0.000000e+00 (A)  X_U8.Xpartial.X_SpeedXP_auto_TC358870XBG_1_VFBGA80_(S1+S2+S3+S4)_TC358870XBG(NOK)_TC358870XBG(NOK)_U8.B_SpeedXP_auto_E10_OutOfIn
-1.010000e-10 (A)  X_U8.Xpartial.X_SpeedXP_auto_TC358870XBG_1_VFBGA80_(S1+S2+S3+S4)_TC358870XBG(NOK)_TC358870XBG(NOK)_U8.B_SpeedXP_auto_E9_OutOfIn
0.000000e+00 (A)  X_U8.Xpartial.X_SpeedXP_auto_TC358870XBG_1_VFBGA80_(S1+S2+S3+S4)_TC358870XBG(NOK)_TC358870XBG(NOK)_U8.B_SpeedXP_auto_F10_OutOfIn
-1.010000e-10 (A)  X_U8.Xpartial.X_SpeedXP_auto_TC358870XBG_1_VFBGA80_(S1+S2+S3+S4)_TC358870XBG(NOK)_TC358870XBG(NOK)_U8.B_SpeedXP_auto_F9_OutOfIn
0.000000e+00 (A)  X_U8.Xpartial.X_SpeedXP_auto_TC358870XBG_1_VFBGA80_(S1+S2+S3+S4)_TC358870XBG(NOK)_TC358870XBG(NOK)_U8.B_SpeedXP_auto_G10_OutOfIn
-1.010000e-10 (A)  X_U8.Xpartial.X_SpeedXP_auto_TC358870XBG_1_VFBGA80_(S1+S2+S3+S4)_TC358870XBG(NOK)_TC358870XBG(NOK)_U8.B_SpeedXP_auto_G9_OutOfIn
0.000000e+00 (A)  X_U8.Xpartial.X_SpeedXP_auto_TC358870XBG_1_VFBGA80_(S1+S2+S3+S4)_TC358870XBG(NOK)_TC358870XBG(NOK)_U8.V_SpeedXP_auto_A4_En
0.000000e+00 (A)  X_U8.Xpartial.X_SpeedXP_auto_TC358870XBG_1_VFBGA80_(S1+S2+S3+S4)_TC358870XBG(NOK)_TC358870XBG(NOK)_U8.V_SpeedXP_auto_A5_En
0.000000e+00 (A)  X_U8.Xpartial.X_SpeedXP_auto_TC358870XBG_1_VFBGA80_(S1+S2+S3+S4)_TC358870XBG(NOK)_TC358870XBG(NOK)_U8.V_SpeedXP_auto_A6_En
0.000000e+00 (A)  X_U8.Xpartial.X_SpeedXP_auto_TC358870XBG_1_VFBGA80_(S1+S2+S3+S4)_TC358870XBG(NOK)_TC358870XBG(NOK)_U8.V_SpeedXP_auto_A7_En
0.000000e+00 (A)  X_U8.Xpartial.X_SpeedXP_auto_TC358870XBG_1_VFBGA80_(S1+S2+S3+S4)_TC358870XBG(NOK)_TC358870XBG(NOK)_U8.V_SpeedXP_auto_A8_En
0.000000e+00 (A)  X_U8.Xpartial.X_SpeedXP_auto_TC358870XBG_1_VFBGA80_(S1+S2+S3+S4)_TC358870XBG(NOK)_TC358870XBG(NOK)_U8.V_SpeedXP_auto_A9_En
0.000000e+00 (A)  X_U8.Xpartial.X_SpeedXP_auto_TC358870XBG_1_VFBGA80_(S1+S2+S3+S4)_TC358870XBG(NOK)_TC358870XBG(NOK)_U8.V_SpeedXP_auto_B5_En
0.000000e+00 (A)  X_U8.Xpartial.X_SpeedXP_auto_TC358870XBG_1_VFBGA80_(S1+S2+S3+S4)_TC358870XBG(NOK)_TC358870XBG(NOK)_U8.V_SpeedXP_auto_B6_En
0.000000e+00 (A)  X_U8.Xpartial.X_SpeedXP_auto_TC358870XBG_1_VFBGA80_(S1+S2+S3+S4)_TC358870XBG(NOK)_TC358870XBG(NOK)_U8.V_SpeedXP_auto_B7_En
0.000000e+00 (A)  X_U8.Xpartial.X_SpeedXP_auto_TC358870XBG_1_VFBGA80_(S1+S2+S3+S4)_TC358870XBG(NOK)_TC358870XBG(NOK)_U8.V_SpeedXP_auto_B8_En
0.000000e+00 (A)  X_U8.Xpartial.X_SpeedXP_auto_TC358870XBG_1_VFBGA80_(S1+S2+S3+S4)_TC358870XBG(NOK)_TC358870XBG(NOK)_U8.V_SpeedXP_auto_B9_En
0.000000e+00 (A)  X_U8.Xpartial.X_SpeedXP_auto_TC358870XBG_1_VFBGA80_(S1+S2+S3+S4)_TC358870XBG(NOK)_TC358870XBG(NOK)_U8.V_SpeedXP_auto_C1_En
0.000000e+00 (A)  X_U8.Xpartial.X_SpeedXP_auto_TC358870XBG_1_VFBGA80_(S1+S2+S3+S4)_TC358870XBG(NOK)_TC358870XBG(NOK)_U8.V_SpeedXP_auto_C2_En
0.000000e+00 (A)  X_U8.Xpartial.X_SpeedXP_auto_TC358870XBG_1_VFBGA80_(S1+S2+S3+S4)_TC358870XBG(NOK)_TC358870XBG(NOK)_U8.V_SpeedXP_auto_D10_En
0.000000e+00 (A)  X_U8.Xpartial.X_SpeedXP_auto_TC358870XBG_1_VFBGA80_(S1+S2+S3+S4)_TC358870XBG(NOK)_TC358870XBG(NOK)_U8.V_SpeedXP_auto_D1_En
0.000000e+00 (A)  X_U8.Xpartial.X_SpeedXP_auto_TC358870XBG_1_VFBGA80_(S1+S2+S3+S4)_TC358870XBG(NOK)_TC358870XBG(NOK)_U8.V_SpeedXP_auto_D2_En
0.000000e+00 (A)  X_U8.Xpartial.X_SpeedXP_auto_TC358870XBG_1_VFBGA80_(S1+S2+S3+S4)_TC358870XBG(NOK)_TC358870XBG(NOK)_U8.V_SpeedXP_auto_D9_En
0.000000e+00 (A)  X_U8.Xpartial.X_SpeedXP_auto_TC358870XBG_1_VFBGA80_(S1+S2+S3+S4)_TC358870XBG(NOK)_TC358870XBG(NOK)_U8.V_SpeedXP_auto_E10_En
0.000000e+00 (A)  X_U8.Xpartial.X_SpeedXP_auto_TC358870XBG_1_VFBGA80_(S1+S2+S3+S4)_TC358870XBG(NOK)_TC358870XBG(NOK)_U8.V_SpeedXP_auto_E1_En
0.000000e+00 (A)  X_U8.Xpartial.X_SpeedXP_auto_TC358870XBG_1_VFBGA80_(S1+S2+S3+S4)_TC358870XBG(NOK)_TC358870XBG(NOK)_U8.V_SpeedXP_auto_E2_En
0.000000e+00 (A)  X_U8.Xpartial.X_SpeedXP_auto_TC358870XBG_1_VFBGA80_(S1+S2+S3+S4)_TC358870XBG(NOK)_TC358870XBG(NOK)_U8.V_SpeedXP_auto_E9_En
0.000000e+00 (A)  X_U8.Xpartial.X_SpeedXP_auto_TC358870XBG_1_VFBGA80_(S1+S2+S3+S4)_TC358870XBG(NOK)_TC358870XBG(NOK)_U8.V_SpeedXP_auto_F10_En
0.000000e+00 (A)  X_U8.Xpartial.X_SpeedXP_auto_TC358870XBG_1_VFBGA80_(S1+S2+S3+S4)_TC358870XBG(NOK)_TC358870XBG(NOK)_U8.V_SpeedXP_auto_F1_En
0.000000e+00 (A)  X_U8.Xpartial.X_SpeedXP_auto_TC358870XBG_1_VFBGA80_(S1+S2+S3+S4)_TC358870XBG(NOK)_TC358870XBG(NOK)_U8.V_SpeedXP_auto_F2_En
0.000000e+00 (A)  X_U8.Xpartial.X_SpeedXP_auto_TC358870XBG_1_VFBGA80_(S1+S2+S3+S4)_TC358870XBG(NOK)_TC358870XBG(NOK)_U8.V_SpeedXP_auto_F9_En
0.000000e+00 (A)  X_U8.Xpartial.X_SpeedXP_auto_TC358870XBG_1_VFBGA80_(S1+S2+S3+S4)_TC358870XBG(NOK)_TC358870XBG(NOK)_U8.V_SpeedXP_auto_G10_En
0.000000e+00 (A)  X_U8.Xpartial.X_SpeedXP_auto_TC358870XBG_1_VFBGA80_(S1+S2+S3+S4)_TC358870XBG(NOK)_TC358870XBG(NOK)_U8.V_SpeedXP_auto_G9_En
0.000000e+00 (A)  X_U8.Xpartial.X_SpeedXP_auto_TC358870XBG_1_VFBGA80_(S1+S2+S3+S4)_TC358870XBG(NOK)_TC358870XBG(NOK)_U8.V_SpeedXP_auto_H10_En
0.000000e+00 (A)  X_U8.Xpartial.X_SpeedXP_auto_TC358870XBG_1_VFBGA80_(S1+S2+S3+S4)_TC358870XBG(NOK)_TC358870XBG(NOK)_U8.V_SpeedXP_auto_H9_En
0.000000e+00 (A)  X_U8.Xpartial.X_SpeedXP_auto_TC358870XBG_1_VFBGA80_(S1+S2+S3+S4)_TC358870XBG(NOK)_TC358870XBG(NOK)_U8.V_SpeedXP_auto_K8_En
-7.500000e-12 (A)  X_U8.Xpartial.X_SpeedXP_auto_TC358870XBG_1_VFBGA80_(S1+S2+S3+S4)_TC358870XBG(NOK)_TC358870XBG(NOK)_U8.Vpwr_A6
-2.500000e-12 (A)  X_U8.Xpartial.X_SpeedXP_auto_TC358870XBG_1_VFBGA80_(S1+S2+S3+S4)_TC358870XBG(NOK)_TC358870XBG(NOK)_U8.Vpwr_B6
-7.500000e-12 (A)  X_U8.Xpartial.X_SpeedXP_auto_TC358870XBG_1_VFBGA80_(S1+S2+S3+S4)_TC358870XBG(NOK)_TC358870XBG(NOK)_U8.Vpwr_D10
-2.500000e-12 (A)  X_U8.Xpartial.X_SpeedXP_auto_TC358870XBG_1_VFBGA80_(S1+S2+S3+S4)_TC358870XBG(NOK)_TC358870XBG(NOK)_U8.Vpwr_D9
-7.500000e-12 (A)  X_U8.Xpartial.X_SpeedXP_auto_TC358870XBG_1_VFBGA80_(S1+S2+S3+S4)_TC358870XBG(NOK)_TC358870XBG(NOK)_U8.Vpwr_E10
-2.500000e-12 (A)  X_U8.Xpartial.X_SpeedXP_auto_TC358870XBG_1_VFBGA80_(S1+S2+S3+S4)_TC358870XBG(NOK)_TC358870XBG(NOK)_U8.Vpwr_E9
-7.500000e-12 (A)  X_U8.Xpartial.X_SpeedXP_auto_TC358870XBG_1_VFBGA80_(S1+S2+S3+S4)_TC358870XBG(NOK)_TC358870XBG(NOK)_U8.Vpwr_F10
-2.500000e-12 (A)  X_U8.Xpartial.X_SpeedXP_auto_TC358870XBG_1_VFBGA80_(S1+S2+S3+S4)_TC358870XBG(NOK)_TC358870XBG(NOK)_U8.Vpwr_F9
-7.500000e-12 (A)  X_U8.Xpartial.X_SpeedXP_auto_TC358870XBG_1_VFBGA80_(S1+S2+S3+S4)_TC358870XBG(NOK)_TC358870XBG(NOK)_U8.Vpwr_G10
-2.500000e-12 (A)  X_U8.Xpartial.X_SpeedXP_auto_TC358870XBG_1_VFBGA80_(S1+S2+S3+S4)_TC358870XBG(NOK)_TC358870XBG(NOK)_U8.Vpwr_G9
-8.500070e-11 (A)  xvia0.lnode2530::mipi_dsi0_data1_n
5.000000e-12 (A)  xvia0.lnode3082::mipi_dsi0_data1_p
-8.750070e-11 (A)  Xvia0.VRLNode2530::MIPI_DSI0_DATA1_N
5.000000e-12 (A)  Xvia0.VRLNode3082::MIPI_DSI0_DATA1_P
-9.250029e-11 (A)  xvia1.lnode2494::mipi_dsi0_data2_n
5.000000e-12 (A)  xvia1.lnode3029::mipi_dsi0_data2_p
-9.500030e-11 (A)  Xvia1.VRLNode2494::MIPI_DSI0_DATA2_N
5.000000e-12 (A)  Xvia1.VRLNode3029::MIPI_DSI0_DATA2_P
-9.500037e-11 (A)  xvia2.lnode2408::mipi_dsi0_data3_n
5.000000e-12 (A)  xvia2.lnode2846::mipi_dsi0_data3_p
-1.000004e-10 (A)  xvia2.lvia73::mipi_dsi0_data3_n_patchsignal#gnd
-1.050004e-10 (A)  xvia2.lvia73::mipi_dsi0_data3_n_patchsignal#pwoer
5.000000e-12 (A)  xvia2.lvia78::mipi_dsi0_data3_p_patchsignal#gnd
5.000000e-12 (A)  xvia2.lvia78::mipi_dsi0_data3_p_patchsignal#pwoer
-9.750037e-11 (A)  Xvia2.VRLNode2408::MIPI_DSI0_DATA3_N
5.000000e-12 (A)  Xvia2.VRLNode2846::MIPI_DSI0_DATA3_P
-1.025004e-10 (A)  Xvia2.VRLVia73::MIPI_DSI0_DATA3_N_PatchSignal#GND
-1.075004e-10 (A)  Xvia2.VRLVia73::MIPI_DSI0_DATA3_N_PatchSignal#PWOER
5.000000e-12 (A)  Xvia2.VRLVia78::MIPI_DSI0_DATA3_P_PatchSignal#GND
5.000000e-12 (A)  Xvia2.VRLVia78::MIPI_DSI0_DATA3_P_PatchSignal#PWOER
-9.250056e-11 (A)  xvia3.lnode2342::mipi_dsi0_clk_n
5.000000e-12 (A)  xvia3.lnode2702::mipi_dsi0_clk_p
-9.500060e-11 (A)  Xvia3.VRLNode2342::MIPI_DSI0_CLK_N
5.000000e-12 (A)  Xvia3.VRLNode2702::MIPI_DSI0_CLK_P
-5.000039e-11 (A)  xvia4.lnode1321::mipi_dsi1_data2_n
5.000000e-12 (A)  xvia4.lnode1541::mipi_dsi1_data2_p
-5.250042e-11 (A)  Xvia4.VRLNode1321::MIPI_DSI1_DATA2_N
5.000000e-12 (A)  Xvia4.VRLNode1541::MIPI_DSI1_DATA2_P
