0.000000e+00 (V)  __Gnd
2.500000e+00 (V)  FILLETpad~polygon0103::mipi_dsi1_data2_n
1.001469e-10 (V)  FILLETpad~polygon0107::mipi_dsi0_data2_n
2.500000e+00 (V)  FILLETpad~polygon0108::mipi_dsi0_data2_p
2.500000e+00 (V)  FILLETpad~polygon0110::mipi_dsi1_data1_p
1.000000e-10 (V)  FILLETpad~polygon0118::mipi_dsi1_data3_n
1.000000e-10 (V)  FILLETpad~polygon0121::mipi_dsi1_clk_n
1.000000e-10 (V)  FILLETpad~polygon0122::mipi_dsi1_data2_p
2.500000e+00 (V)  FILLETpad~polygon0123::mipi_dsi1_data1_p
2.500000e+00 (V)  FILLETpad~polygon0125::mipi_dsi1_data3_p
2.500000e+00 (V)  FILLETpad~polygon0128::mipi_dsi1_data2_n
1.000000e-10 (V)  FILLETpad~polygon0129::mipi_dsi1_data1_n
1.000000e-10 (V)  FILLETpad~polygon0131::mipi_dsi0_data2_n
2.500000e+00 (V)  FILLETpad~polygon0265::mipi_dsi0_data2_p
1.001568e-10 (V)  FILLETpad~polygon0324::mipi_dsi1_data1_n
2.500000e+00 (V)  FILLETpad~polygon0326::mipi_dsi1_data2_n
2.500000e+00 (V)  FILLETpad~polygon0330::mipi_dsi1_data1_p
1.001587e-10 (V)  FILLETpad~polygon0332::mipi_dsi1_data3_n
2.500000e+00 (V)  FILLETpad~polygon0337::mipi_dsi1_clk_p
2.500000e+00 (V)  FILLETpad~polygon0340::mipi_dsi1_data3_p
1.001109e-10 (V)  FILLETpad~polygon0342::mipi_dsi1_clk_n
1.005248e-10 (V)  FILLETpad~polygon0405::mipi_dsi1_data2_p
1.003722e-10 (V)  FILLETpad~polygon0418::mipi_dsi0_data2_n
1.006310e-10 (V)  FILLETpad~polygon0419::mipi_dsi1_data3_n
2.500000e+00 (V)  FILLETpad~polygon0422::mipi_dsi1_data2_n
2.500000e+00 (V)  FILLETpad~polygon0431::mipi_dsi1_data1_p
2.500000e+00 (V)  FILLETpad~polygon0432::mipi_dsi1_data3_p
2.500000e+00 (V)  FILLETpad~polygon0435::mipi_dsi1_clk_p
2.500000e+00 (V)  FILLETpad~polygon0437::mipi_dsi0_data2_p
1.006190e-10 (V)  FILLETpad~polygon0438::mipi_dsi1_data2_p
1.006367e-10 (V)  FILLETpad~polygon0443::mipi_dsi1_data1_n
1.006273e-10 (V)  FILLETpad~polygon0447::mipi_dsi1_clk_n
1.005230e-10 (V)  FILLETpad~polygon088::mipi_dsi1_data2_p
1.001569e-10 (V)  FILLETpad~polygon094::mipi_dsi1_data3_n
2.500000e+00 (V)  FILLETpad~polygon097::mipi_dsi1_data3_p
1.001550e-10 (V)  FILLETpad~polygon098::mipi_dsi1_data1_n
1.001092e-10 (V)  FILLETpad~polygon099::mipi_dsi1_clk_n
1.100000e+00 (V)  IPGPWR_VCC_1V1
1.200000e+00 (V)  IPGPWR_VCC_1V2
1.800000e+00 (V)  IPGPWR_VCC_1V8
3.300000e+00 (V)  IPGPWR_VCC_3V3
5.000000e+00 (V)  IPGPWR_VCC_5V
5.000000e+00 (V)  IPGPWR_VCC_5V5
2.500000e+00 (V)  Node1002::MIPI_DSI1_CLK_P
2.500000e+00 (V)  Node1003::MIPI_DSI1_CLK_P
2.500000e+00 (V)  Node1005::MIPI_DSI1_CLK_P
2.500000e+00 (V)  Node101!!A8_Auto_751::MIPI_DSI1_DATA1_P
2.500000e+00 (V)  Node1015::MIPI_DSI1_CLK_P
2.500000e+00 (V)  Node1015_Auto_46::MIPI_DSI1_CLK_P
2.500000e+00 (V)  Node1017::MIPI_DSI1_CLK_P
2.500000e+00 (V)  Node1017_Auto_17::MIPI_DSI1_CLK_P
2.500000e+00 (V)  Node1018::MIPI_DSI1_CLK_P
2.500000e+00 (V)  Node1018_Auto_38::MIPI_DSI1_CLK_P
2.500000e+00 (V)  Node1018_Auto_43::MIPI_DSI1_CLK_P
2.500000e+00 (V)  Node1018_Auto_44::MIPI_DSI1_CLK_P
0.000000e+00 (V)  Node102!!B9::MIPI_DSI1_DATA0_N
2.500000e+00 (V)  Node1020::MIPI_DSI1_CLK_P
2.500000e+00 (V)  Node1028::MIPI_DSI1_CLK_P
0.000000e+00 (V)  Node103!!A9::MIPI_DSI1_DATA0_P
2.500000e+00 (V)  Node1031::MIPI_DSI1_CLK_P
2.500000e+00 (V)  Node1031_Auto_11::MIPI_DSI1_CLK_P
2.500000e+00 (V)  Node1031_Auto_12::MIPI_DSI1_CLK_P
2.500000e+00 (V)  Node1031_Auto_31::MIPI_DSI1_CLK_P
2.500000e+00 (V)  Node1031_Auto_32::MIPI_DSI1_CLK_P
2.500000e+00 (V)  Node1031_Auto_34::MIPI_DSI1_CLK_P
2.500000e+00 (V)  Node1031_Auto_48::MIPI_DSI1_CLK_P
2.500000e+00 (V)  Node1031_Auto_51::MIPI_DSI1_CLK_P
0.000000e+00 (V)  Node104!!F9::MIPI_DSI0_CLK_N
2.500000e+00 (V)  Node1040::MIPI_DSI1_CLK_P
2.500000e+00 (V)  Node1040_Auto_13::MIPI_DSI1_CLK_P
2.500000e+00 (V)  Node1040_Auto_14::MIPI_DSI1_CLK_P
2.500000e+00 (V)  Node1040_Auto_29::MIPI_DSI1_CLK_P
2.500000e+00 (V)  Node1040_Auto_30::MIPI_DSI1_CLK_P
2.500000e+00 (V)  Node1040_Auto_33::MIPI_DSI1_CLK_P
2.500000e+00 (V)  Node1040_Auto_49::MIPI_DSI1_CLK_P
2.500000e+00 (V)  Node1040_Auto_52::MIPI_DSI1_CLK_P
2.500000e+00 (V)  Node1043::MIPI_DSI1_CLK_P
2.500000e+00 (V)  Node1046::MIPI_DSI1_CLK_P
2.500000e+00 (V)  Node1047::MIPI_DSI1_CLK_P
2.500000e+00 (V)  Node1048::MIPI_DSI1_CLK_P
0.000000e+00 (V)  Node105!!D9::MIPI_DSI0_DATA3_N
2.500000e+00 (V)  Node1051::MIPI_DSI1_CLK_P
2.500000e+00 (V)  Node1054::MIPI_DSI1_CLK_P
2.500000e+00 (V)  Node1054_Auto_20::MIPI_DSI1_CLK_P
2.500000e+00 (V)  Node1054_Auto_23::MIPI_DSI1_CLK_P
2.500000e+00 (V)  Node1058::MIPI_DSI1_CLK_P
2.500000e+00 (V)  Node1063::MIPI_DSI1_CLK_P
2.500000e+00 (V)  Node1063_Auto_19::MIPI_DSI1_CLK_P
2.500000e+00 (V)  Node1063_Auto_25::MIPI_DSI1_CLK_P
2.500000e+00 (V)  Node1066::MIPI_DSI1_CLK_P
2.500000e+00 (V)  Node1069::MIPI_DSI1_CLK_P
0.000000e+00 (V)  Node107!!G9::MIPI_DSI0_DATA1_N
2.500000e+00 (V)  Node1071::MIPI_DSI1_CLK_P
2.500000e+00 (V)  Node1071_Auto_612::MIPI_DSI1_CLK_P
2.500000e+00 (V)  Node1071_Auto_613::MIPI_DSI1_CLK_P
2.500000e+00 (V)  Node1071_Auto_623::MIPI_DSI1_CLK_P
2.500000e+00 (V)  Node1071_Auto_624::MIPI_DSI1_CLK_P
2.500000e+00 (V)  Node1073::MIPI_DSI1_CLK_P
2.500000e+00 (V)  Node1073_Auto_1153::MIPI_DSI1_CLK_P
2.500000e+00 (V)  Node1073_Auto_1154::MIPI_DSI1_CLK_P
2.500000e+00 (V)  Node1073_Auto_1161::MIPI_DSI1_CLK_P
2.500000e+00 (V)  Node1073_Auto_1162::MIPI_DSI1_CLK_P
2.500000e+00 (V)  Node1073_Auto_1169::MIPI_DSI1_CLK_P
2.500000e+00 (V)  Node1073_Auto_1173::MIPI_DSI1_CLK_P
2.500000e+00 (V)  Node1073_Auto_1177::MIPI_DSI1_CLK_P
2.500000e+00 (V)  Node1073_Auto_1178::MIPI_DSI1_CLK_P
2.500000e+00 (V)  Node1073_Auto_1191::MIPI_DSI1_CLK_P
2.500000e+00 (V)  Node1073_Auto_1192::MIPI_DSI1_CLK_P
2.500000e+00 (V)  Node1073_Auto_1202::MIPI_DSI1_CLK_P
2.500000e+00 (V)  Node1073_Auto_1206::MIPI_DSI1_CLK_P
2.500000e+00 (V)  Node1073_Auto_1211::MIPI_DSI1_CLK_P
2.500000e+00 (V)  Node1074::MIPI_DSI1_CLK_P
2.500000e+00 (V)  Node1076::MIPI_DSI1_CLK_P
2.500000e+00 (V)  Node1076_Auto_1230::MIPI_DSI1_CLK_P
2.500000e+00 (V)  Node1076_Auto_1231::MIPI_DSI1_CLK_P
2.500000e+00 (V)  Node1078::MIPI_DSI1_CLK_P
0.000000e+00 (V)  Node108!!H9::MIPI_DSI0_DATA0_N
2.500000e+00 (V)  Node1080::MIPI_DSI1_CLK_P
2.500000e+00 (V)  Node1080_Auto_847::MIPI_DSI1_CLK_P
2.500000e+00 (V)  Node1080_Auto_848::MIPI_DSI1_CLK_P
2.500000e+00 (V)  Node1081!!15::MIPI_DSI1_CLK_P
2.500000e+00 (V)  Node1083::MIPI_DSI1_CLK_P
2.500000e+00 (V)  Node1083_Auto_2226::MIPI_DSI1_CLK_P
2.500000e+00 (V)  Node1084::MIPI_DSI1_CLK_P
2.500000e+00 (V)  Node1085::MIPI_DSI1_CLK_P
2.500000e+00 (V)  Node1085_Auto_2669::MIPI_DSI1_CLK_P
2.500000e+00 (V)  Node1087::MIPI_DSI1_CLK_P
2.500000e+00 (V)  Node1087_Auto_2675::MIPI_DSI1_CLK_P
2.500000e+00 (V)  Node1088::MIPI_DSI1_CLK_P
0.000000e+00 (V)  Node109!!F10::MIPI_DSI0_CLK_P
2.500000e+00 (V)  Node1090::MIPI_DSI1_CLK_P
2.500000e+00 (V)  Node1090_Auto_2678::MIPI_DSI1_CLK_P
2.500000e+00 (V)  Node1090_Auto_2679::MIPI_DSI1_CLK_P
2.500000e+00 (V)  Node1090_Auto_2786::MIPI_DSI1_CLK_P
2.500000e+00 (V)  Node1090_Auto_2787::MIPI_DSI1_CLK_P
2.500000e+00 (V)  Node1090_Auto_2793::MIPI_DSI1_CLK_P
2.500000e+00 (V)  Node1090_Auto_2798::MIPI_DSI1_CLK_P
2.500000e+00 (V)  Node1090_Auto_2799::MIPI_DSI1_CLK_P
2.500000e+00 (V)  Node1090_Auto_2811::MIPI_DSI1_CLK_P
2.500000e+00 (V)  Node1092::MIPI_DSI1_CLK_P
2.500000e+00 (V)  Node1092_Auto_2734::MIPI_DSI1_CLK_P
2.500000e+00 (V)  Node1092_Auto_2737::MIPI_DSI1_CLK_P
2.500000e+00 (V)  Node1093::MIPI_DSI1_CLK_P
2.500000e+00 (V)  Node1093_Auto_2817::MIPI_DSI1_CLK_P
2.500000e+00 (V)  Node1096::MIPI_DSI1_CLK_P
2.500000e+00 (V)  Node1097::MIPI_DSI1_CLK_P
2.500000e+00 (V)  Node1099::MIPI_DSI1_CLK_P
0.000000e+00 (V)  Node11!!B4::VCC_HDMIRX_IN
0.000000e+00 (V)  Node110!!D10::MIPI_DSI0_DATA3_P
2.500000e+00 (V)  Node1103::MIPI_DSI1_CLK_P
2.500000e+00 (V)  Node1106::MIPI_DSI1_CLK_P
2.500000e+00 (V)  Node1106_Auto_2898::MIPI_DSI1_CLK_P
2.500000e+00 (V)  Node111!!E10_Auto_204::MIPI_DSI0_DATA2_P
2.500000e+00 (V)  Node1114::MIPI_DSI1_CLK_P
2.500000e+00 (V)  Node1117::MIPI_DSI1_CLK_P
0.000000e+00 (V)  Node112!!G10::MIPI_DSI0_DATA1_P
2.500000e+00 (V)  Node1128::MIPI_DSI1_CLK_P
1.006178e-10 (V)  Node1133::MIPI_DSI1_DATA3_N
1.006118e-10 (V)  Node1133_Auto_752::MIPI_DSI1_DATA3_N
1.005966e-10 (V)  Node1135::MIPI_DSI1_DATA3_N
1.005445e-10 (V)  Node1135_Auto_819::MIPI_DSI1_DATA3_N
1.005422e-10 (V)  Node1135_Auto_820::MIPI_DSI1_DATA3_N
1.005717e-10 (V)  Node1135_Auto_828::MIPI_DSI1_DATA3_N
1.005754e-10 (V)  Node1135_Auto_829::MIPI_DSI1_DATA3_N
1.005468e-10 (V)  Node1135_Auto_835::MIPI_DSI1_DATA3_N
1.005558e-10 (V)  Node1135_Auto_841::MIPI_DSI1_DATA3_N
1.005582e-10 (V)  Node1135_Auto_843::MIPI_DSI1_DATA3_N
1.005955e-10 (V)  Node1135_Auto_857::MIPI_DSI1_DATA3_N
1.005781e-10 (V)  Node1135_Auto_858::MIPI_DSI1_DATA3_N
1.005759e-10 (V)  Node1135_Auto_868::MIPI_DSI1_DATA3_N
1.005396e-10 (V)  Node1136::MIPI_DSI1_DATA3_N
1.005359e-10 (V)  Node1138::MIPI_DSI1_DATA3_N
1.005279e-10 (V)  Node1138_Auto_1219::MIPI_DSI1_DATA3_N
1.005134e-10 (V)  Node1138_Auto_1220::MIPI_DSI1_DATA3_N
1.005306e-10 (V)  Node1138_Auto_1222::MIPI_DSI1_DATA3_N
1.005332e-10 (V)  Node1138_Auto_1223::MIPI_DSI1_DATA3_N
1.005107e-10 (V)  Node1138_Auto_1225::MIPI_DSI1_DATA3_N
1.004747e-10 (V)  Node1138_Auto_1227::MIPI_DSI1_DATA3_N
1.004737e-10 (V)  Node1140::MIPI_DSI1_DATA3_N
1.004698e-10 (V)  Node1141::MIPI_DSI1_DATA3_N
1.003833e-10 (V)  Node1141_Auto_1159::MIPI_DSI1_DATA3_N
1.003812e-10 (V)  Node1141_Auto_1160::MIPI_DSI1_DATA3_N
1.004071e-10 (V)  Node1141_Auto_1167::MIPI_DSI1_DATA3_N
1.004044e-10 (V)  Node1141_Auto_1168::MIPI_DSI1_DATA3_N
1.003784e-10 (V)  Node1141_Auto_1172::MIPI_DSI1_DATA3_N
1.003865e-10 (V)  Node1141_Auto_1176::MIPI_DSI1_DATA3_N
1.003531e-10 (V)  Node1141_Auto_1183::MIPI_DSI1_DATA3_N
1.003492e-10 (V)  Node1141_Auto_1184::MIPI_DSI1_DATA3_N
1.003456e-10 (V)  Node1141_Auto_1187::MIPI_DSI1_DATA3_N
1.003430e-10 (V)  Node1141_Auto_1189::MIPI_DSI1_DATA3_N
1.004197e-10 (V)  Node1141_Auto_1197::MIPI_DSI1_DATA3_N
1.004165e-10 (V)  Node1141_Auto_1198::MIPI_DSI1_DATA3_N
1.004229e-10 (V)  Node1141_Auto_1200::MIPI_DSI1_DATA3_N
1.003576e-10 (V)  Node1141_Auto_1205::MIPI_DSI1_DATA3_N
1.003597e-10 (V)  Node1141_Auto_1209::MIPI_DSI1_DATA3_N
1.004150e-10 (V)  Node1141_Auto_1214::MIPI_DSI1_DATA3_N
1.004688e-10 (V)  Node1141_Auto_1228::MIPI_DSI1_DATA3_N
1.002560e-10 (V)  Node1143::MIPI_DSI1_DATA3_N
1.002484e-10 (V)  Node1145::MIPI_DSI1_DATA3_N
1.002473e-10 (V)  Node1145_Auto_742::MIPI_DSI1_DATA3_N
1.001990e-10 (V)  Node1147::MIPI_DSI1_DATA3_N
1.001883e-10 (V)  Node1151::MIPI_DSI1_DATA3_N
1.001863e-10 (V)  Node1151_Auto_743::MIPI_DSI1_DATA3_N
1.001842e-10 (V)  Node1153::MIPI_DSI1_DATA3_N
1.001765e-10 (V)  Node1155::MIPI_DSI1_DATA3_N
1.001662e-10 (V)  Node1155_Auto_744::MIPI_DSI1_DATA3_N
1.001754e-10 (V)  Node1155_Auto_745::MIPI_DSI1_DATA3_N
1.001625e-10 (V)  Node1158::MIPI_DSI1_DATA3_N
1.001424e-10 (V)  Node1169::MIPI_DSI1_DATA3_N
1.001259e-10 (V)  Node1169_Auto_2900::MIPI_DSI1_DATA3_N
1.001223e-10 (V)  Node1171::MIPI_DSI1_DATA3_N
1.001020e-10 (V)  Node1191::MIPI_DSI1_DATA3_N
1.000941e-10 (V)  Node1191_Auto_2904::MIPI_DSI1_DATA3_N
1.000895e-10 (V)  Node1191_Auto_2905::MIPI_DSI1_DATA3_N
1.000869e-10 (V)  Node1194::MIPI_DSI1_DATA3_N
1.000839e-10 (V)  Node1195::MIPI_DSI1_DATA3_N
1.000834e-10 (V)  Node1195_Auto_2906::MIPI_DSI1_DATA3_N
1.000448e-10 (V)  Node1198::MIPI_DSI1_DATA3_N
1.000425e-10 (V)  Node1201::MIPI_DSI1_DATA3_N
1.000205e-10 (V)  Node1203::MIPI_DSI1_DATA3_N
1.000170e-10 (V)  Node1204::MIPI_DSI1_DATA3_N
1.000120e-10 (V)  Node1205::MIPI_DSI1_DATA3_N
1.000109e-10 (V)  Node1206::MIPI_DSI1_DATA3_N
2.500000e+00 (V)  Node1215::MIPI_DSI1_DATA3_P
2.500000e+00 (V)  Node1215_Auto_2899::MIPI_DSI1_DATA3_P
2.500000e+00 (V)  Node1218::MIPI_DSI1_DATA3_P
2.500000e+00 (V)  Node1221::MIPI_DSI1_DATA3_P
2.500000e+00 (V)  Node1224::MIPI_DSI1_DATA3_P
2.500000e+00 (V)  Node1224_Auto_2903::MIPI_DSI1_DATA3_P
2.500000e+00 (V)  Node1232::MIPI_DSI1_DATA3_P
2.500000e+00 (V)  Node1232_Auto_2902::MIPI_DSI1_DATA3_P
2.500000e+00 (V)  Node1235::MIPI_DSI1_DATA3_P
2.500000e+00 (V)  Node1243::MIPI_DSI1_DATA3_P
2.500000e+00 (V)  Node1246::MIPI_DSI1_DATA3_P
2.500000e+00 (V)  Node1246_Auto_2901::MIPI_DSI1_DATA3_P
2.500000e+00 (V)  Node1254::MIPI_DSI1_DATA3_P
2.500000e+00 (V)  Node1257::MIPI_DSI1_DATA3_P
2.500000e+00 (V)  Node1260::MIPI_DSI1_DATA3_P
2.500000e+00 (V)  Node1262::MIPI_DSI1_DATA3_P
2.500000e+00 (V)  Node1264::MIPI_DSI1_DATA3_P
2.500000e+00 (V)  Node1264_Auto_2907::MIPI_DSI1_DATA3_P
2.500000e+00 (V)  Node1264_Auto_2908::MIPI_DSI1_DATA3_P
2.500000e+00 (V)  Node1267::MIPI_DSI1_DATA3_P
2.500000e+00 (V)  Node1270::MIPI_DSI1_DATA3_P
2.500000e+00 (V)  Node1270_Auto_2909::MIPI_DSI1_DATA3_P
2.500000e+00 (V)  Node1270_Auto_2910::MIPI_DSI1_DATA3_P
2.500000e+00 (V)  Node1272::MIPI_DSI1_DATA3_P
2.500000e+00 (V)  Node1272_Auto_2911::MIPI_DSI1_DATA3_P
2.500000e+00 (V)  Node1272_Auto_2912::MIPI_DSI1_DATA3_P
2.500000e+00 (V)  Node1273::MIPI_DSI1_DATA3_P
2.500000e+00 (V)  Node1273_Auto_2913::MIPI_DSI1_DATA3_P
2.500000e+00 (V)  Node1274::MIPI_DSI1_DATA3_P
2.500000e+00 (V)  Node1275::MIPI_DSI1_DATA3_P
2.500000e+00 (V)  Node1280::MIPI_DSI1_DATA3_P
2.500000e+00 (V)  Node1280_Auto_817::MIPI_DSI1_DATA3_P
2.500000e+00 (V)  Node1280_Auto_826::MIPI_DSI1_DATA3_P
2.500000e+00 (V)  Node1280_Auto_827::MIPI_DSI1_DATA3_P
2.500000e+00 (V)  Node1280_Auto_833::MIPI_DSI1_DATA3_P
2.500000e+00 (V)  Node1280_Auto_839::MIPI_DSI1_DATA3_P
2.500000e+00 (V)  Node1280_Auto_842::MIPI_DSI1_DATA3_P
2.500000e+00 (V)  Node1280_Auto_855::MIPI_DSI1_DATA3_P
2.500000e+00 (V)  Node1280_Auto_856::MIPI_DSI1_DATA3_P
2.500000e+00 (V)  Node1280_Auto_866::MIPI_DSI1_DATA3_P
2.500000e+00 (V)  Node1281::MIPI_DSI1_DATA3_P
2.500000e+00 (V)  Node1282::MIPI_DSI1_DATA3_P
2.500000e+00 (V)  Node1282_Auto_821::MIPI_DSI1_DATA3_P
2.500000e+00 (V)  Node1283::MIPI_DSI1_DATA3_P
2.500000e+00 (V)  Node1283_Auto_1217::MIPI_DSI1_DATA3_P
2.500000e+00 (V)  Node1283_Auto_1218::MIPI_DSI1_DATA3_P
2.500000e+00 (V)  Node1283_Auto_1221::MIPI_DSI1_DATA3_P
2.500000e+00 (V)  Node1283_Auto_1224::MIPI_DSI1_DATA3_P
2.500000e+00 (V)  Node1285::MIPI_DSI1_DATA3_P
2.500000e+00 (V)  Node1286::MIPI_DSI1_DATA3_P
2.500000e+00 (V)  Node1286_Auto_1157::MIPI_DSI1_DATA3_P
2.500000e+00 (V)  Node1286_Auto_1158::MIPI_DSI1_DATA3_P
2.500000e+00 (V)  Node1286_Auto_1165::MIPI_DSI1_DATA3_P
2.500000e+00 (V)  Node1286_Auto_1166::MIPI_DSI1_DATA3_P
2.500000e+00 (V)  Node1286_Auto_1171::MIPI_DSI1_DATA3_P
2.500000e+00 (V)  Node1286_Auto_1175::MIPI_DSI1_DATA3_P
2.500000e+00 (V)  Node1286_Auto_1181::MIPI_DSI1_DATA3_P
2.500000e+00 (V)  Node1286_Auto_1182::MIPI_DSI1_DATA3_P
2.500000e+00 (V)  Node1286_Auto_1186::MIPI_DSI1_DATA3_P
2.500000e+00 (V)  Node1286_Auto_1188::MIPI_DSI1_DATA3_P
2.500000e+00 (V)  Node1286_Auto_1195::MIPI_DSI1_DATA3_P
2.500000e+00 (V)  Node1286_Auto_1196::MIPI_DSI1_DATA3_P
2.500000e+00 (V)  Node1286_Auto_1199::MIPI_DSI1_DATA3_P
2.500000e+00 (V)  Node1286_Auto_1204::MIPI_DSI1_DATA3_P
2.500000e+00 (V)  Node1286_Auto_1208::MIPI_DSI1_DATA3_P
2.500000e+00 (V)  Node1286_Auto_1213::MIPI_DSI1_DATA3_P
2.500000e+00 (V)  Node1288::MIPI_DSI1_DATA3_P
2.500000e+00 (V)  Node1290::MIPI_DSI1_DATA3_P
2.500000e+00 (V)  Node1292::MIPI_DSI1_DATA3_P
2.500000e+00 (V)  Node1296::MIPI_DSI1_DATA3_P
2.500000e+00 (V)  Node1298::MIPI_DSI1_DATA3_P
2.500000e+00 (V)  Node1300::MIPI_DSI1_DATA3_P
2.500000e+00 (V)  Node1302::MIPI_DSI1_DATA3_P
2.500000e+00 (V)  Node1303::MIPI_DSI1_DATA3_P
2.500000e+00 (V)  Node1309::MIPI_DSI1_DATA2_N
2.500000e+00 (V)  Node1309_Auto_746::MIPI_DSI1_DATA2_N
2.500000e+00 (V)  Node1311::MIPI_DSI1_DATA2_N
2.500000e+00 (V)  Node1311_Auto_853::MIPI_DSI1_DATA2_N
2.500000e+00 (V)  Node1311_Auto_854::MIPI_DSI1_DATA2_N
2.500000e+00 (V)  Node1311_Auto_864::MIPI_DSI1_DATA2_N
2.500000e+00 (V)  Node1312::MIPI_DSI1_DATA2_N
2.500000e+00 (V)  Node1312_Auto_824::MIPI_DSI1_DATA2_N
2.500000e+00 (V)  Node1312_Auto_825::MIPI_DSI1_DATA2_N
2.500000e+00 (V)  Node1313::MIPI_DSI1_DATA2_N
2.500000e+00 (V)  Node1313_Auto_831::MIPI_DSI1_DATA2_N
2.500000e+00 (V)  Node1313_Auto_838::MIPI_DSI1_DATA2_N
2.500000e+00 (V)  Node1314::MIPI_DSI1_DATA2_N
2.500000e+00 (V)  Node1316::MIPI_DSI1_DATA2_N
2.500000e+00 (V)  Node1316_Auto_1215::MIPI_DSI1_DATA2_N
2.500000e+00 (V)  Node1316_Auto_1216::MIPI_DSI1_DATA2_N
2.500000e+00 (V)  Node1317::MIPI_DSI1_DATA2_N
2.500000e+00 (V)  Node1317_Auto_2197::MIPI_DSI1_DATA2_N
2.500000e+00 (V)  Node1318::MIPI_DSI1_DATA2_N
2.500000e+00 (V)  Node1325::MIPI_DSI1_DATA2_N
2.500000e+00 (V)  Node1325_Auto_2915::MIPI_DSI1_DATA2_N
2.500000e+00 (V)  Node1325_Auto_2917::MIPI_DSI1_DATA2_N
2.500000e+00 (V)  Node1325_Auto_2919::MIPI_DSI1_DATA2_N
2.500000e+00 (V)  Node1325_Auto_2920::MIPI_DSI1_DATA2_N
2.500000e+00 (V)  Node1327::MIPI_DSI1_DATA2_N
2.500000e+00 (V)  Node1327_Auto_2921::MIPI_DSI1_DATA2_N
2.500000e+00 (V)  Node1327_Auto_2923::MIPI_DSI1_DATA2_N
2.500000e+00 (V)  Node1329::MIPI_DSI1_DATA2_N
2.500000e+00 (V)  Node1338::MIPI_DSI1_DATA2_N
2.500000e+00 (V)  Node1341::MIPI_DSI1_DATA2_N
2.500000e+00 (V)  Node1341_Auto_2926::MIPI_DSI1_DATA2_N
2.500000e+00 (V)  Node1341_Auto_2938::MIPI_DSI1_DATA2_N
2.500000e+00 (V)  Node1349::MIPI_DSI1_DATA2_N
2.500000e+00 (V)  Node1349_Auto_2928::MIPI_DSI1_DATA2_N
2.500000e+00 (V)  Node1349_Auto_2939::MIPI_DSI1_DATA2_N
2.500000e+00 (V)  Node1349_Auto_2941::MIPI_DSI1_DATA2_N
2.500000e+00 (V)  Node1352::MIPI_DSI1_DATA2_N
2.500000e+00 (V)  Node1361::MIPI_DSI1_DATA2_N
2.500000e+00 (V)  Node1364::MIPI_DSI1_DATA2_N
2.500000e+00 (V)  Node1364_Auto_2933::MIPI_DSI1_DATA2_N
2.500000e+00 (V)  Node1364_Auto_2934::MIPI_DSI1_DATA2_N
2.500000e+00 (V)  Node1364_Auto_2943::MIPI_DSI1_DATA2_N
2.500000e+00 (V)  Node1367::MIPI_DSI1_DATA2_N
2.500000e+00 (V)  Node1369::MIPI_DSI1_DATA2_N
2.500000e+00 (V)  Node1371::MIPI_DSI1_DATA2_N
2.500000e+00 (V)  Node1371_Auto_2203::MIPI_DSI1_DATA2_N
2.500000e+00 (V)  Node1371_Auto_2204::MIPI_DSI1_DATA2_N
2.500000e+00 (V)  Node1374::MIPI_DSI1_DATA2_N
2.500000e+00 (V)  Node1375::MIPI_DSI1_DATA2_N
2.500000e+00 (V)  Node1375_Auto_2200::MIPI_DSI1_DATA2_N
2.500000e+00 (V)  Node1378::MIPI_DSI1_DATA2_N
2.500000e+00 (V)  Node1381::MIPI_DSI1_DATA2_N
2.500000e+00 (V)  Node1384::MIPI_DSI1_DATA2_N
2.500000e+00 (V)  Node1393::MIPI_DSI1_DATA2_N
2.500000e+00 (V)  Node1396::MIPI_DSI1_DATA2_N
0.000000e+00 (V)  Node14!!F2::HDMI_DATA2_N
2.500000e+00 (V)  Node1403::MIPI_DSI1_DATA2_N
2.500000e+00 (V)  Node1403_Auto_2205::MIPI_DSI1_DATA2_N
2.500000e+00 (V)  Node1405::MIPI_DSI1_DATA2_N
2.500000e+00 (V)  Node1405_Auto_2208::MIPI_DSI1_DATA2_N
2.500000e+00 (V)  Node1407::MIPI_DSI1_DATA2_N
2.500000e+00 (V)  Node1408::MIPI_DSI1_DATA2_N
2.500000e+00 (V)  Node1408_Auto_2664::MIPI_DSI1_DATA2_N
2.500000e+00 (V)  Node1408_Auto_2665::MIPI_DSI1_DATA2_N
2.500000e+00 (V)  Node1408_Auto_2688::MIPI_DSI1_DATA2_N
2.500000e+00 (V)  Node1410::MIPI_DSI1_DATA2_N
2.500000e+00 (V)  Node1419::MIPI_DSI1_DATA2_N
2.500000e+00 (V)  Node1421::MIPI_DSI1_DATA2_N
2.500000e+00 (V)  Node1430::MIPI_DSI1_DATA2_N
2.500000e+00 (V)  Node1432::MIPI_DSI1_DATA2_N
2.500000e+00 (V)  Node1441::MIPI_DSI1_DATA2_N
2.500000e+00 (V)  Node1443::MIPI_DSI1_DATA2_N
2.500000e+00 (V)  Node1452::MIPI_DSI1_DATA2_N
2.500000e+00 (V)  Node1454::MIPI_DSI1_DATA2_N
2.500000e+00 (V)  Node1463::MIPI_DSI1_DATA2_N
2.500000e+00 (V)  Node1465::MIPI_DSI1_DATA2_N
2.500000e+00 (V)  Node1474::MIPI_DSI1_DATA2_N
2.500000e+00 (V)  Node1476::MIPI_DSI1_DATA2_N
2.500000e+00 (V)  Node1485::MIPI_DSI1_DATA2_N
2.500000e+00 (V)  Node1487::MIPI_DSI1_DATA2_N
2.500000e+00 (V)  Node1496::MIPI_DSI1_DATA2_N
2.500000e+00 (V)  Node1498::MIPI_DSI1_DATA2_N
0.000000e+00 (V)  Node15!!2::HDMI_DATA2_N
2.500000e+00 (V)  Node1507::MIPI_DSI1_DATA2_N
2.500000e+00 (V)  Node1507_Auto_2746::MIPI_DSI1_DATA2_N
2.500000e+00 (V)  Node1507_Auto_2747::MIPI_DSI1_DATA2_N
2.500000e+00 (V)  Node1509::MIPI_DSI1_DATA2_N
2.500000e+00 (V)  Node1518::MIPI_DSI1_DATA2_N
2.500000e+00 (V)  Node1521::MIPI_DSI1_DATA2_N
2.500000e+00 (V)  Node1521_Auto_2672::MIPI_DSI1_DATA2_N
2.500000e+00 (V)  Node1521_Auto_2780::MIPI_DSI1_DATA2_N
2.500000e+00 (V)  Node1521_Auto_2781::MIPI_DSI1_DATA2_N
2.500000e+00 (V)  Node1521_Auto_2790::MIPI_DSI1_DATA2_N
2.500000e+00 (V)  Node1522::MIPI_DSI1_DATA2_N
2.500000e+00 (V)  Node1522_Auto_2633::MIPI_DSI1_DATA2_N
2.500000e+00 (V)  Node1522_Auto_2634::MIPI_DSI1_DATA2_N
2.500000e+00 (V)  Node1522_Auto_2644::MIPI_DSI1_DATA2_N
2.500000e+00 (V)  Node1522_Auto_2647::MIPI_DSI1_DATA2_N
2.500000e+00 (V)  Node1522_Auto_2649::MIPI_DSI1_DATA2_N
2.500000e+00 (V)  Node1522_Auto_2654::MIPI_DSI1_DATA2_N
2.500000e+00 (V)  Node1522_Auto_2655::MIPI_DSI1_DATA2_N
2.500000e+00 (V)  Node1522_Auto_2658::MIPI_DSI1_DATA2_N
2.500000e+00 (V)  Node1522_Auto_2662::MIPI_DSI1_DATA2_N
2.500000e+00 (V)  Node1524::MIPI_DSI1_DATA2_N
2.500000e+00 (V)  Node1524_Auto_2223::MIPI_DSI1_DATA2_N
2.500000e+00 (V)  Node1525!!12_Auto_2232::MIPI_DSI1_DATA2_N
2.500000e+00 (V)  Node1525!!12_Auto_2233::MIPI_DSI1_DATA2_N
1.006031e-10 (V)  Node1526::MIPI_DSI1_DATA2_P
1.006021e-10 (V)  Node1526_Auto_851::MIPI_DSI1_DATA2_P
1.005847e-10 (V)  Node1526_Auto_852::MIPI_DSI1_DATA2_P
1.005825e-10 (V)  Node1526_Auto_862::MIPI_DSI1_DATA2_P
1.005624e-10 (V)  Node1527::MIPI_DSI1_DATA2_P
1.005783e-10 (V)  Node1527_Auto_822::MIPI_DSI1_DATA2_P
1.005820e-10 (V)  Node1527_Auto_823::MIPI_DSI1_DATA2_P
1.005648e-10 (V)  Node1527_Auto_844::MIPI_DSI1_DATA2_P
1.005618e-10 (V)  Node1528::MIPI_DSI1_DATA2_P
1.005528e-10 (V)  Node1529::MIPI_DSI1_DATA2_P
1.005522e-10 (V)  Node1530::MIPI_DSI1_DATA2_P
1.005499e-10 (V)  Node1530_Auto_815::MIPI_DSI1_DATA2_P
1.005493e-10 (V)  Node1531::MIPI_DSI1_DATA2_P
1.005347e-10 (V)  Node1532::MIPI_DSI1_DATA2_P
1.005322e-10 (V)  Node1532_Auto_2198::MIPI_DSI1_DATA2_P
1.005293e-10 (V)  Node1534::MIPI_DSI1_DATA2_P
1.005050e-10 (V)  Node1548::MIPI_DSI1_DATA2_P
1.005020e-10 (V)  Node1549::MIPI_DSI1_DATA2_P
1.005016e-10 (V)  Node1549_Auto_2916::MIPI_DSI1_DATA2_P
1.004989e-10 (V)  Node1550::MIPI_DSI1_DATA2_P
1.004959e-10 (V)  Node1551::MIPI_DSI1_DATA2_P
1.004931e-10 (V)  Node1551_Auto_2922::MIPI_DSI1_DATA2_P
1.004762e-10 (V)  Node1554::MIPI_DSI1_DATA2_P
1.004721e-10 (V)  Node1558::MIPI_DSI1_DATA2_P
1.004681e-10 (V)  Node1563::MIPI_DSI1_DATA2_P
1.004479e-10 (V)  Node1566::MIPI_DSI1_DATA2_P
1.004512e-10 (V)  Node1566_Auto_2924::MIPI_DSI1_DATA2_P
1.004491e-10 (V)  Node1566_Auto_2937::MIPI_DSI1_DATA2_P
1.004213e-10 (V)  Node1574::MIPI_DSI1_DATA2_P
1.004171e-10 (V)  Node1574_Auto_2929::MIPI_DSI1_DATA2_P
1.004002e-10 (V)  Node1574_Auto_2930::MIPI_DSI1_DATA2_P
1.004192e-10 (V)  Node1574_Auto_2936::MIPI_DSI1_DATA2_P
1.003953e-10 (V)  Node1577::MIPI_DSI1_DATA2_P
1.003872e-10 (V)  Node1586::MIPI_DSI1_DATA2_P
1.003611e-10 (V)  Node1589::MIPI_DSI1_DATA2_P
1.003653e-10 (V)  Node1589_Auto_2931::MIPI_DSI1_DATA2_P
1.003822e-10 (V)  Node1589_Auto_2932::MIPI_DSI1_DATA2_P
1.003631e-10 (V)  Node1589_Auto_2935::MIPI_DSI1_DATA2_P
1.003522e-10 (V)  Node1592::MIPI_DSI1_DATA2_P
1.003502e-10 (V)  Node1592_Auto_2199::MIPI_DSI1_DATA2_P
1.003481e-10 (V)  Node1594::MIPI_DSI1_DATA2_P
1.003404e-10 (V)  Node1596::MIPI_DSI1_DATA2_P
1.003398e-10 (V)  Node1596_Auto_2202::MIPI_DSI1_DATA2_P
1.003203e-10 (V)  Node1599::MIPI_DSI1_DATA2_P
0.000000e+00 (V)  Node16!!3::HDMI_DATA2_N
1.003185e-10 (V)  Node1600::MIPI_DSI1_DATA2_P
1.003147e-10 (V)  Node1600_Auto_2201::MIPI_DSI1_DATA2_P
1.002876e-10 (V)  Node1604::MIPI_DSI1_DATA2_P
1.002742e-10 (V)  Node1604_Auto_2206::MIPI_DSI1_DATA2_P
1.002715e-10 (V)  Node1606::MIPI_DSI1_DATA2_P
1.002688e-10 (V)  Node1606_Auto_2207::MIPI_DSI1_DATA2_P
1.002633e-10 (V)  Node1608::MIPI_DSI1_DATA2_P
1.002593e-10 (V)  Node1611::MIPI_DSI1_DATA2_P
1.002513e-10 (V)  Node1614::MIPI_DSI1_DATA2_P
1.002406e-10 (V)  Node1622::MIPI_DSI1_DATA2_P
1.002326e-10 (V)  Node1625::MIPI_DSI1_DATA2_P
1.002139e-10 (V)  Node1636::MIPI_DSI1_DATA2_P
1.002099e-10 (V)  Node1639::MIPI_DSI1_DATA2_P
1.002032e-10 (V)  Node1644::MIPI_DSI1_DATA2_P
1.002009e-10 (V)  Node1644_Auto_2209::MIPI_DSI1_DATA2_P
1.001952e-10 (V)  Node1647::MIPI_DSI1_DATA2_P
1.001846e-10 (V)  Node1655::MIPI_DSI1_DATA2_P
1.001789e-10 (V)  Node1658::MIPI_DSI1_DATA2_P
1.001682e-10 (V)  Node1666::MIPI_DSI1_DATA2_P
1.001625e-10 (V)  Node1669::MIPI_DSI1_DATA2_P
1.001585e-10 (V)  Node1672::MIPI_DSI1_DATA2_P
1.001582e-10 (V)  Node1672_Auto_2695::MIPI_DSI1_DATA2_P
1.001555e-10 (V)  Node1672_Auto_2696::MIPI_DSI1_DATA2_P
1.001545e-10 (V)  Node1672_Auto_2705::MIPI_DSI1_DATA2_P
1.001488e-10 (V)  Node1672_Auto_2706::MIPI_DSI1_DATA2_P
1.001477e-10 (V)  Node1675::MIPI_DSI1_DATA2_P
1.001443e-10 (V)  Node1676::MIPI_DSI1_DATA2_P
1.001417e-10 (V)  Node1676_Auto_2666::MIPI_DSI1_DATA2_P
1.001395e-10 (V)  Node1676_Auto_2667::MIPI_DSI1_DATA2_P
1.001353e-10 (V)  Node1676_Auto_2682::MIPI_DSI1_DATA2_P
1.001376e-10 (V)  Node1676_Auto_2689::MIPI_DSI1_DATA2_P
1.000734e-10 (V)  Node1676_Auto_2707::MIPI_DSI1_DATA2_P
1.000675e-10 (V)  Node1676_Auto_2708::MIPI_DSI1_DATA2_P
1.001073e-10 (V)  Node1676_Auto_2748::MIPI_DSI1_DATA2_P
1.001014e-10 (V)  Node1676_Auto_2749::MIPI_DSI1_DATA2_P
1.000903e-10 (V)  Node1676_Auto_2754::MIPI_DSI1_DATA2_P
1.000845e-10 (V)  Node1676_Auto_2755::MIPI_DSI1_DATA2_P
1.001242e-10 (V)  Node1676_Auto_2760::MIPI_DSI1_DATA2_P
1.001184e-10 (V)  Node1676_Auto_2761::MIPI_DSI1_DATA2_P
1.000386e-10 (V)  Node1679::MIPI_DSI1_DATA2_P
1.000451e-10 (V)  Node1679_Auto_2778::MIPI_DSI1_DATA2_P
1.000485e-10 (V)  Node1679_Auto_2779::MIPI_DSI1_DATA2_P
1.000564e-10 (V)  Node1679_Auto_2806::MIPI_DSI1_DATA2_P
1.000576e-10 (V)  Node1679_Auto_2815::MIPI_DSI1_DATA2_P
1.000597e-10 (V)  Node1679_Auto_2816::MIPI_DSI1_DATA2_P
1.000368e-10 (V)  Node1680::MIPI_DSI1_DATA2_P
1.000246e-10 (V)  Node1680_Auto_2635::MIPI_DSI1_DATA2_P
1.000225e-10 (V)  Node1680_Auto_2636::MIPI_DSI1_DATA2_P
1.000204e-10 (V)  Node1680_Auto_2637::MIPI_DSI1_DATA2_P
1.000298e-10 (V)  Node1680_Auto_2642::MIPI_DSI1_DATA2_P
1.000272e-10 (V)  Node1680_Auto_2648::MIPI_DSI1_DATA2_P
1.000320e-10 (V)  Node1680_Auto_2650::MIPI_DSI1_DATA2_P
1.000347e-10 (V)  Node1680_Auto_2656::MIPI_DSI1_DATA2_P
1.000324e-10 (V)  Node1680_Auto_2657::MIPI_DSI1_DATA2_P
1.000177e-10 (V)  Node1682::MIPI_DSI1_DATA2_P
1.000150e-10 (V)  Node1682_Auto_2224::MIPI_DSI1_DATA2_P
1.000115e-10 (V)  Node1683::MIPI_DSI1_DATA2_P
1.000095e-10 (V)  Node1684::MIPI_DSI1_DATA2_P
1.000014e-10 (V)  Node1685!!11_Auto_2234::MIPI_DSI1_DATA2_P
1.000085e-10 (V)  Node1685!!11_Auto_2235::MIPI_DSI1_DATA2_P
1.006234e-10 (V)  Node1688::MIPI_DSI1_DATA1_N
1.006170e-10 (V)  Node1688_Auto_750::MIPI_DSI1_DATA1_N
1.006018e-10 (V)  Node1690::MIPI_DSI1_DATA1_N
1.006008e-10 (V)  Node1690_Auto_845::MIPI_DSI1_DATA1_N
1.005834e-10 (V)  Node1692::MIPI_DSI1_DATA1_N
1.005794e-10 (V)  Node1693::MIPI_DSI1_DATA1_N
1.005778e-10 (V)  Node1693_Auto_1229::MIPI_DSI1_DATA1_N
1.005012e-10 (V)  Node1695::MIPI_DSI1_DATA1_N
1.004973e-10 (V)  Node1696::MIPI_DSI1_DATA1_N
1.004967e-10 (V)  Node1696_Auto_1190::MIPI_DSI1_DATA1_N
1.004935e-10 (V)  Node1697::MIPI_DSI1_DATA1_N
1.004925e-10 (V)  Node1697_Auto_1210::MIPI_DSI1_DATA1_N
1.004846e-10 (V)  Node1699::MIPI_DSI1_DATA1_N
0.000000e+00 (V)  Node17!!9::HDMI_DATA2_N
1.004818e-10 (V)  Node1700::MIPI_DSI1_DATA1_N
1.004735e-10 (V)  Node1703::MIPI_DSI1_DATA1_N
1.004437e-10 (V)  Node1706::MIPI_DSI1_DATA1_N
1.004714e-10 (V)  Node1706_Auto_62::MIPI_DSI1_DATA1_N
1.004356e-10 (V)  Node1714::MIPI_DSI1_DATA1_N
1.004079e-10 (V)  Node1714_Auto_57::MIPI_DSI1_DATA1_N
1.004058e-10 (V)  Node1714_Auto_68::MIPI_DSI1_DATA1_N
1.004051e-10 (V)  Node1717::MIPI_DSI1_DATA1_N
1.003978e-10 (V)  Node1720::MIPI_DSI1_DATA1_N
1.003946e-10 (V)  Node1720_Auto_1152::MIPI_DSI1_DATA1_N
1.003925e-10 (V)  Node1722::MIPI_DSI1_DATA1_N
1.003897e-10 (V)  Node1723::MIPI_DSI1_DATA1_N
1.003814e-10 (V)  Node1726::MIPI_DSI1_DATA1_N
1.003484e-10 (V)  Node1729::MIPI_DSI1_DATA1_N
1.003786e-10 (V)  Node1729_Auto_50::MIPI_DSI1_DATA1_N
1.003510e-10 (V)  Node1729_Auto_59::MIPI_DSI1_DATA1_N
1.003403e-10 (V)  Node1737::MIPI_DSI1_DATA1_N
1.003101e-10 (V)  Node1737_Auto_53::MIPI_DSI1_DATA1_N
1.003378e-10 (V)  Node1737_Auto_60::MIPI_DSI1_DATA1_N
1.003073e-10 (V)  Node1740::MIPI_DSI1_DATA1_N
1.002989e-10 (V)  Node1743::MIPI_DSI1_DATA1_N
1.002969e-10 (V)  Node1743_Auto_1201::MIPI_DSI1_DATA1_N
1.002923e-10 (V)  Node1745::MIPI_DSI1_DATA1_N
1.002885e-10 (V)  Node1746::MIPI_DSI1_DATA1_N
1.002847e-10 (V)  Node1747::MIPI_DSI1_DATA1_N
1.002786e-10 (V)  Node1747_Auto_619::MIPI_DSI1_DATA1_N
1.002837e-10 (V)  Node1747_Auto_621::MIPI_DSI1_DATA1_N
1.002495e-10 (V)  Node1749::MIPI_DSI1_DATA1_N
1.002509e-10 (V)  Node1749_Auto_606::MIPI_DSI1_DATA1_N
1.002538e-10 (V)  Node1749_Auto_607::MIPI_DSI1_DATA1_N
1.002568e-10 (V)  Node1749_Auto_610::MIPI_DSI1_DATA1_N
1.002418e-10 (V)  Node1751::MIPI_DSI1_DATA1_N
1.002408e-10 (V)  Node1751_Auto_170::MIPI_DSI1_DATA1_N
1.002266e-10 (V)  Node1751_Auto_171::MIPI_DSI1_DATA1_N
1.002016e-10 (V)  Node1751_Auto_172::MIPI_DSI1_DATA1_N
1.001960e-10 (V)  Node1754::MIPI_DSI1_DATA1_N
1.001814e-10 (V)  Node1774::MIPI_DSI1_DATA1_N
1.001785e-10 (V)  Node1776::MIPI_DSI1_DATA1_N
1.001759e-10 (V)  Node1777::MIPI_DSI1_DATA1_N
1.001426e-10 (V)  Node1783::MIPI_DSI1_DATA1_N
1.001412e-10 (V)  Node1783_Auto_2699::MIPI_DSI1_DATA1_N
1.001385e-10 (V)  Node1783_Auto_2700::MIPI_DSI1_DATA1_N
1.001381e-10 (V)  Node1785::MIPI_DSI1_DATA1_N
1.001365e-10 (V)  Node1786::MIPI_DSI1_DATA1_N
1.001342e-10 (V)  Node1786_Auto_2687::MIPI_DSI1_DATA1_N
1.000721e-10 (V)  Node1786_Auto_2711::MIPI_DSI1_DATA1_N
1.000662e-10 (V)  Node1786_Auto_2712::MIPI_DSI1_DATA1_N
1.001316e-10 (V)  Node1786_Auto_2715::MIPI_DSI1_DATA1_N
1.001257e-10 (V)  Node1786_Auto_2716::MIPI_DSI1_DATA1_N
1.000806e-10 (V)  Node1786_Auto_2719::MIPI_DSI1_DATA1_N
1.000747e-10 (V)  Node1786_Auto_2720::MIPI_DSI1_DATA1_N
1.001146e-10 (V)  Node1786_Auto_2723::MIPI_DSI1_DATA1_N
1.001087e-10 (V)  Node1786_Auto_2724::MIPI_DSI1_DATA1_N
1.000976e-10 (V)  Node1786_Auto_2727::MIPI_DSI1_DATA1_N
1.000917e-10 (V)  Node1786_Auto_2728::MIPI_DSI1_DATA1_N
1.000579e-10 (V)  Node1786_Auto_2732::MIPI_DSI1_DATA1_N
1.000621e-10 (V)  Node1786_Auto_2742::MIPI_DSI1_DATA1_N
1.000601e-10 (V)  Node1786_Auto_2743::MIPI_DSI1_DATA1_N
1.001060e-10 (V)  Node1786_Auto_2752::MIPI_DSI1_DATA1_N
1.001002e-10 (V)  Node1786_Auto_2753::MIPI_DSI1_DATA1_N
1.000890e-10 (V)  Node1786_Auto_2758::MIPI_DSI1_DATA1_N
1.000832e-10 (V)  Node1786_Auto_2759::MIPI_DSI1_DATA1_N
1.001231e-10 (V)  Node1786_Auto_2764::MIPI_DSI1_DATA1_N
1.001172e-10 (V)  Node1786_Auto_2765::MIPI_DSI1_DATA1_N
1.000326e-10 (V)  Node1789::MIPI_DSI1_DATA1_N
1.000439e-10 (V)  Node1789_Auto_2784::MIPI_DSI1_DATA1_N
1.000473e-10 (V)  Node1789_Auto_2785::MIPI_DSI1_DATA1_N
1.000374e-10 (V)  Node1789_Auto_2792::MIPI_DSI1_DATA1_N
1.000346e-10 (V)  Node1789_Auto_2795::MIPI_DSI1_DATA1_N
1.000552e-10 (V)  Node1789_Auto_2810::MIPI_DSI1_DATA1_N
1.000288e-10 (V)  Node1790::MIPI_DSI1_DATA1_N
1.000191e-10 (V)  Node1790_Auto_2660::MIPI_DSI1_DATA1_N
1.000221e-10 (V)  Node1790_Auto_2668::MIPI_DSI1_DATA1_N
1.000248e-10 (V)  Node1790_Auto_2673::MIPI_DSI1_DATA1_N
1.000278e-10 (V)  Node1790_Auto_2674::MIPI_DSI1_DATA1_N
1.000170e-10 (V)  Node1792::MIPI_DSI1_DATA1_N
1.000165e-10 (V)  Node1793::MIPI_DSI1_DATA1_N
1.000138e-10 (V)  Node1793_Auto_2651::MIPI_DSI1_DATA1_N
1.000142e-10 (V)  Node1793_Auto_2653::MIPI_DSI1_DATA1_N
1.000116e-10 (V)  Node1794::MIPI_DSI1_DATA1_N
1.000014e-10 (V)  Node1795!!14_Auto_2228::MIPI_DSI1_DATA1_N
1.000085e-10 (V)  Node1795!!14_Auto_2229::MIPI_DSI1_DATA1_N
0.000000e+00 (V)  Node18!!F1::HDMI_DATA2_P
0.000000e+00 (V)  Node180!!H10::MIPI_DSI0_DATA0_P
0.000000e+00 (V)  Node181!!J3::INT
0.000000e+00 (V)  Node182!!K4::I2C_SCL
0.000000e+00 (V)  Node183!!K3::I2C_SDA
0.000000e+00 (V)  Node184!!2::RESETN
0.000000e+00 (V)  Node185!!2::RESETN
0.000000e+00 (V)  Node186!!2::RESETN
0.000000e+00 (V)  Node187!!1::RESETN
0.000000e+00 (V)  Node188!!K8::RESETN
0.000000e+00 (V)  Node19!!1::HDMI_DATA2_P
2.500000e+00 (V)  Node1906::MIPI_DSI1_DATA1_P
2.500000e+00 (V)  Node1906_Auto_846::MIPI_DSI1_DATA1_P
2.500000e+00 (V)  Node1908::MIPI_DSI1_DATA1_P
2.500000e+00 (V)  Node1909::MIPI_DSI1_DATA1_P
2.500000e+00 (V)  Node1911::MIPI_DSI1_DATA1_P
2.500000e+00 (V)  Node1913::MIPI_DSI1_DATA1_P
2.500000e+00 (V)  Node1915::MIPI_DSI1_DATA1_P
2.500000e+00 (V)  Node1919::MIPI_DSI1_DATA1_P
2.500000e+00 (V)  Node1922::MIPI_DSI1_DATA1_P
2.500000e+00 (V)  Node1922_Auto_63::MIPI_DSI1_DATA1_P
2.500000e+00 (V)  Node1922_Auto_64::MIPI_DSI1_DATA1_P
2.500000e+00 (V)  Node1930::MIPI_DSI1_DATA1_P
2.500000e+00 (V)  Node1930_Auto_46::MIPI_DSI1_DATA1_P
2.500000e+00 (V)  Node1930_Auto_56::MIPI_DSI1_DATA1_P
2.500000e+00 (V)  Node1933::MIPI_DSI1_DATA1_P
2.500000e+00 (V)  Node1936::MIPI_DSI1_DATA1_P
2.500000e+00 (V)  Node1938::MIPI_DSI1_DATA1_P
2.500000e+00 (V)  Node1942::MIPI_DSI1_DATA1_P
2.500000e+00 (V)  Node1945::MIPI_DSI1_DATA1_P
2.500000e+00 (V)  Node1945_Auto_47::MIPI_DSI1_DATA1_P
2.500000e+00 (V)  Node1945_Auto_58::MIPI_DSI1_DATA1_P
2.500000e+00 (V)  Node1945_Auto_65::MIPI_DSI1_DATA1_P
2.500000e+00 (V)  Node1953::MIPI_DSI1_DATA1_P
2.500000e+00 (V)  Node1953_Auto_55::MIPI_DSI1_DATA1_P
2.500000e+00 (V)  Node1953_Auto_61::MIPI_DSI1_DATA1_P
2.500000e+00 (V)  Node1956::MIPI_DSI1_DATA1_P
2.500000e+00 (V)  Node1959::MIPI_DSI1_DATA1_P
2.500000e+00 (V)  Node1961::MIPI_DSI1_DATA1_P
2.500000e+00 (V)  Node1963::MIPI_DSI1_DATA1_P
2.500000e+00 (V)  Node1963_Auto_622::MIPI_DSI1_DATA1_P
2.500000e+00 (V)  Node1965::MIPI_DSI1_DATA1_P
2.500000e+00 (V)  Node1965_Auto_608::MIPI_DSI1_DATA1_P
2.500000e+00 (V)  Node1965_Auto_609::MIPI_DSI1_DATA1_P
2.500000e+00 (V)  Node1965_Auto_611::MIPI_DSI1_DATA1_P
2.500000e+00 (V)  Node1967::MIPI_DSI1_DATA1_P
2.500000e+00 (V)  Node1969::MIPI_DSI1_DATA1_P
2.500000e+00 (V)  Node1973::MIPI_DSI1_DATA1_P
2.500000e+00 (V)  Node1976::MIPI_DSI1_DATA1_P
2.500000e+00 (V)  Node1984::MIPI_DSI1_DATA1_P
2.500000e+00 (V)  Node1987::MIPI_DSI1_DATA1_P
2.500000e+00 (V)  Node1995::MIPI_DSI1_DATA1_P
2.500000e+00 (V)  Node1998::MIPI_DSI1_DATA1_P
2.500000e+00 (V)  Node1998_Auto_57::MIPI_DSI1_DATA1_P
0.000000e+00 (V)  Node20!!1::HDMI_DATA2_P
2.500000e+00 (V)  Node2006::MIPI_DSI1_DATA1_P
2.500000e+00 (V)  Node2006_Auto_58::MIPI_DSI1_DATA1_P
2.500000e+00 (V)  Node2009::MIPI_DSI1_DATA1_P
2.500000e+00 (V)  Node2012::MIPI_DSI1_DATA1_P
2.500000e+00 (V)  Node2012_Auto_168::MIPI_DSI1_DATA1_P
2.500000e+00 (V)  Node2012_Auto_169::MIPI_DSI1_DATA1_P
2.500000e+00 (V)  Node2012_Auto_173::MIPI_DSI1_DATA1_P
2.500000e+00 (V)  Node2017::MIPI_DSI1_DATA1_P
2.500000e+00 (V)  Node2018::MIPI_DSI1_DATA1_P
2.500000e+00 (V)  Node2020::MIPI_DSI1_DATA1_P
2.500000e+00 (V)  Node2021::MIPI_DSI1_DATA1_P
2.500000e+00 (V)  Node2021_Auto_2697::MIPI_DSI1_DATA1_P
2.500000e+00 (V)  Node2021_Auto_2698::MIPI_DSI1_DATA1_P
2.500000e+00 (V)  Node2023::MIPI_DSI1_DATA1_P
2.500000e+00 (V)  Node2023_Auto_2663::MIPI_DSI1_DATA1_P
2.500000e+00 (V)  Node2024::MIPI_DSI1_DATA1_P
2.500000e+00 (V)  Node2024_Auto_2684::MIPI_DSI1_DATA1_P
2.500000e+00 (V)  Node2024_Auto_2686::MIPI_DSI1_DATA1_P
2.500000e+00 (V)  Node2024_Auto_2709::MIPI_DSI1_DATA1_P
2.500000e+00 (V)  Node2024_Auto_2710::MIPI_DSI1_DATA1_P
2.500000e+00 (V)  Node2024_Auto_2713::MIPI_DSI1_DATA1_P
2.500000e+00 (V)  Node2024_Auto_2714::MIPI_DSI1_DATA1_P
2.500000e+00 (V)  Node2024_Auto_2717::MIPI_DSI1_DATA1_P
2.500000e+00 (V)  Node2024_Auto_2718::MIPI_DSI1_DATA1_P
2.500000e+00 (V)  Node2024_Auto_2721::MIPI_DSI1_DATA1_P
2.500000e+00 (V)  Node2024_Auto_2722::MIPI_DSI1_DATA1_P
2.500000e+00 (V)  Node2024_Auto_2725::MIPI_DSI1_DATA1_P
2.500000e+00 (V)  Node2024_Auto_2726::MIPI_DSI1_DATA1_P
2.500000e+00 (V)  Node2024_Auto_2730::MIPI_DSI1_DATA1_P
2.500000e+00 (V)  Node2024_Auto_2744::MIPI_DSI1_DATA1_P
2.500000e+00 (V)  Node2024_Auto_2745::MIPI_DSI1_DATA1_P
2.500000e+00 (V)  Node2024_Auto_2750::MIPI_DSI1_DATA1_P
2.500000e+00 (V)  Node2024_Auto_2751::MIPI_DSI1_DATA1_P
2.500000e+00 (V)  Node2024_Auto_2756::MIPI_DSI1_DATA1_P
2.500000e+00 (V)  Node2024_Auto_2757::MIPI_DSI1_DATA1_P
2.500000e+00 (V)  Node2024_Auto_2762::MIPI_DSI1_DATA1_P
2.500000e+00 (V)  Node2024_Auto_2763::MIPI_DSI1_DATA1_P
2.500000e+00 (V)  Node2027::MIPI_DSI1_DATA1_P
2.500000e+00 (V)  Node2027_Auto_2782::MIPI_DSI1_DATA1_P
2.500000e+00 (V)  Node2027_Auto_2783::MIPI_DSI1_DATA1_P
2.500000e+00 (V)  Node2027_Auto_2791::MIPI_DSI1_DATA1_P
2.500000e+00 (V)  Node2027_Auto_2809::MIPI_DSI1_DATA1_P
2.500000e+00 (V)  Node2028::MIPI_DSI1_DATA1_P
2.500000e+00 (V)  Node2028_Auto_2652::MIPI_DSI1_DATA1_P
2.500000e+00 (V)  Node2028_Auto_2659::MIPI_DSI1_DATA1_P
2.500000e+00 (V)  Node2028_Auto_2661::MIPI_DSI1_DATA1_P
2.500000e+00 (V)  Node2028_Auto_2670::MIPI_DSI1_DATA1_P
2.500000e+00 (V)  Node2028_Auto_2671::MIPI_DSI1_DATA1_P
2.500000e+00 (V)  Node2030::MIPI_DSI1_DATA1_P
2.500000e+00 (V)  Node2031::MIPI_DSI1_DATA1_P
2.500000e+00 (V)  Node2031_Auto_2646::MIPI_DSI1_DATA1_P
2.500000e+00 (V)  Node2032::MIPI_DSI1_DATA1_P
2.500000e+00 (V)  Node2032_Auto_2222::MIPI_DSI1_DATA1_P
2.500000e+00 (V)  Node2033::MIPI_DSI1_DATA1_P
2.500000e+00 (V)  Node2034::MIPI_DSI1_DATA1_P
2.500000e+00 (V)  Node2035!!13_Auto_2230::MIPI_DSI1_DATA1_P
2.500000e+00 (V)  Node2035!!13_Auto_2231::MIPI_DSI1_DATA1_P
0.000000e+00 (V)  Node21!!10::HDMI_DATA2_P
0.000000e+00 (V)  Node2165!!18::MIPI_DSI1_DATA0_N
0.000000e+00 (V)  Node22!!D1::HDMI_DATA0_P
0.000000e+00 (V)  Node2243!!17::MIPI_DSI1_DATA0_P
0.000000e+00 (V)  Node23!!1::HDMI_DATA0_P
0.000000e+00 (V)  Node2327!!5::MIPI_DSI0_CLK_N
0.000000e+00 (V)  Node24!!7::HDMI_DATA0_P
0.000000e+00 (V)  Node2417!!1::MIPI_DSI0_DATA3_N
1.001363e-10 (V)  Node2430::MIPI_DSI0_DATA2_N
1.001360e-10 (V)  Node2430_Auto_2211::MIPI_DSI0_DATA2_N
1.001315e-10 (V)  Node2430_Auto_2212::MIPI_DSI0_DATA2_N
1.001288e-10 (V)  Node2432::MIPI_DSI0_DATA2_N
1.001196e-10 (V)  Node2435::MIPI_DSI0_DATA2_N
1.001046e-10 (V)  Node2438::MIPI_DSI0_DATA2_N
1.001136e-10 (V)  Node2438_Auto_2214::MIPI_DSI0_DATA2_N
1.001166e-10 (V)  Node2438_Auto_2215::MIPI_DSI0_DATA2_N
1.000991e-10 (V)  Node2441::MIPI_DSI0_DATA2_N
1.000857e-10 (V)  Node2443::MIPI_DSI0_DATA2_N
1.000892e-10 (V)  Node2443_Auto_2773::MIPI_DSI0_DATA2_N
1.000971e-10 (V)  Node2443_Auto_2808::MIPI_DSI0_DATA2_N
1.000820e-10 (V)  Node2447::MIPI_DSI0_DATA2_N
1.000799e-10 (V)  Node2449::MIPI_DSI0_DATA2_N
1.000770e-10 (V)  Node2453::MIPI_DSI0_DATA2_N
1.000722e-10 (V)  Node2453_Auto_2768::MIPI_DSI0_DATA2_N
1.000756e-10 (V)  Node2453_Auto_2772::MIPI_DSI0_DATA2_N
1.000712e-10 (V)  Node2456::MIPI_DSI0_DATA2_N
1.000620e-10 (V)  Node2459::MIPI_DSI0_DATA2_N
1.000590e-10 (V)  Node2460::MIPI_DSI0_DATA2_N
1.000560e-10 (V)  Node2461::MIPI_DSI0_DATA2_N
1.000468e-10 (V)  Node2464::MIPI_DSI0_DATA2_N
1.000269e-10 (V)  Node2466::MIPI_DSI0_DATA2_N
1.000458e-10 (V)  Node2466_Auto_2771::MIPI_DSI0_DATA2_N
1.000424e-10 (V)  Node2466_Auto_2776::MIPI_DSI0_DATA2_N
1.000336e-10 (V)  Node2466_Auto_2804::MIPI_DSI0_DATA2_N
1.000414e-10 (V)  Node2466_Auto_2805::MIPI_DSI0_DATA2_N
1.000192e-10 (V)  Node2468::MIPI_DSI0_DATA2_N
1.000187e-10 (V)  Node2468_Auto_2219::MIPI_DSI0_DATA2_N
1.000120e-10 (V)  Node2471::MIPI_DSI0_DATA2_N
1.000093e-10 (V)  Node2473::MIPI_DSI0_DATA2_N
1.000014e-10 (V)  Node2474!!9_Auto_2237::MIPI_DSI0_DATA2_N
1.000085e-10 (V)  Node2474!!9_Auto_2238::MIPI_DSI0_DATA2_N
1.003602e-10 (V)  Node2477::MIPI_DSI0_DATA2_N
1.003515e-10 (V)  Node2477_Auto_203::MIPI_DSI0_DATA2_N
1.003455e-10 (V)  Node2478::MIPI_DSI0_DATA2_N
1.003447e-10 (V)  Node2479::MIPI_DSI0_DATA2_N
1.003423e-10 (V)  Node2479_Auto_202::MIPI_DSI0_DATA2_N
1.003354e-10 (V)  Node2480::MIPI_DSI0_DATA2_N
1.002144e-10 (V)  Node2481::MIPI_DSI0_DATA2_N
1.002122e-10 (V)  Node2483::MIPI_DSI0_DATA2_N
1.002102e-10 (V)  Node2484::MIPI_DSI0_DATA2_N
1.001968e-10 (V)  Node2484_Auto_309::MIPI_DSI0_DATA2_N
1.001941e-10 (V)  Node2486::MIPI_DSI0_DATA2_N
1.001914e-10 (V)  Node2486_Auto_312::MIPI_DSI0_DATA2_N
1.001834e-10 (V)  Node2486_Auto_313::MIPI_DSI0_DATA2_N
1.001783e-10 (V)  Node2487::MIPI_DSI0_DATA2_N
1.001720e-10 (V)  Node2489::MIPI_DSI0_DATA2_N
1.001598e-10 (V)  Node2489_Auto_2::MIPI_DSI0_DATA2_N
1.001538e-10 (V)  Node2491::MIPI_DSI0_DATA2_N
1.001487e-10 (V)  Node2493::MIPI_DSI0_DATA2_N
0.000000e+00 (V)  Node2495!!7::MIPI_DSI0_DATA1_N
0.000000e+00 (V)  Node25!!10::HDMI_DATA0_P
0.000000e+00 (V)  Node26!!E1::HDMI_DATA1_P
0.000000e+00 (V)  Node2642!!3::MIPI_DSI0_DATA0_N
0.000000e+00 (V)  Node27!!4::HDMI_DATA1_P
0.000000e+00 (V)  Node270!!K9::N284871
0.000000e+00 (V)  Node273!!K2::N284174
0.000000e+00 (V)  Node275!!K1::N284159
0.000000e+00 (V)  Node277!!J1::N284077
0.000000e+00 (V)  Node2788!!6::MIPI_DSI0_CLK_P
0.000000e+00 (V)  Node279!!19::HDP
0.000000e+00 (V)  Node28!!4::HDMI_DATA1_P
0.000000e+00 (V)  Node282!!B3::SDA
0.000000e+00 (V)  Node283!!16::SDA
0.000000e+00 (V)  Node288!!15::SCL
0.000000e+00 (V)  Node29!!7::HDMI_DATA1_P
0.000000e+00 (V)  Node290!!A3::SCL
0.000000e+00 (V)  Node2947!!2::MIPI_DSI0_DATA3_P
2.500000e+00 (V)  Node2957_Auto_2210::MIPI_DSI0_DATA2_P
2.500000e+00 (V)  Node2958::MIPI_DSI0_DATA2_P
2.500000e+00 (V)  Node2962::MIPI_DSI0_DATA2_P
2.500000e+00 (V)  Node2965::MIPI_DSI0_DATA2_P
2.500000e+00 (V)  Node2965_Auto_2216::MIPI_DSI0_DATA2_P
2.500000e+00 (V)  Node2965_Auto_2217::MIPI_DSI0_DATA2_P
2.500000e+00 (V)  Node2965_Auto_2218::MIPI_DSI0_DATA2_P
2.500000e+00 (V)  Node2968::MIPI_DSI0_DATA2_P
2.500000e+00 (V)  Node2970::MIPI_DSI0_DATA2_P
2.500000e+00 (V)  Node2970_Auto_2777::MIPI_DSI0_DATA2_P
2.500000e+00 (V)  Node2970_Auto_2807::MIPI_DSI0_DATA2_P
2.500000e+00 (V)  Node2970_Auto_2813::MIPI_DSI0_DATA2_P
2.500000e+00 (V)  Node2970_Auto_2814::MIPI_DSI0_DATA2_P
2.500000e+00 (V)  Node2973::MIPI_DSI0_DATA2_P
2.500000e+00 (V)  Node2974::MIPI_DSI0_DATA2_P
2.500000e+00 (V)  Node2974_Auto_2638::MIPI_DSI0_DATA2_P
2.500000e+00 (V)  Node2974_Auto_2639::MIPI_DSI0_DATA2_P
2.500000e+00 (V)  Node2976::MIPI_DSI0_DATA2_P
2.500000e+00 (V)  Node2980::MIPI_DSI0_DATA2_P
2.500000e+00 (V)  Node2980_Auto_2774::MIPI_DSI0_DATA2_P
2.500000e+00 (V)  Node2983::MIPI_DSI0_DATA2_P
2.500000e+00 (V)  Node2991::MIPI_DSI0_DATA2_P
2.500000e+00 (V)  Node2993::MIPI_DSI0_DATA2_P
2.500000e+00 (V)  Node2993_Auto_2775::MIPI_DSI0_DATA2_P
2.500000e+00 (V)  Node2993_Auto_2803::MIPI_DSI0_DATA2_P
2.500000e+00 (V)  Node2995::MIPI_DSI0_DATA2_P
2.500000e+00 (V)  Node2995_Auto_2220::MIPI_DSI0_DATA2_P
2.500000e+00 (V)  Node2995_Auto_2221::MIPI_DSI0_DATA2_P
2.500000e+00 (V)  Node2998::MIPI_DSI0_DATA2_P
0.000000e+00 (V)  Node30!!D2::HDMI_DATA0_N
2.500000e+00 (V)  Node3000::MIPI_DSI0_DATA2_P
2.500000e+00 (V)  Node3001::MIPI_DSI0_DATA2_P
2.500000e+00 (V)  Node3001_Auto_2236::MIPI_DSI0_DATA2_P
2.500000e+00 (V)  Node3003::MIPI_DSI0_DATA2_P
2.500000e+00 (V)  Node3004::MIPI_DSI0_DATA2_P
2.500000e+00 (V)  Node3005::MIPI_DSI0_DATA2_P
2.500000e+00 (V)  Node3005_Auto_305::MIPI_DSI0_DATA2_P
2.500000e+00 (V)  Node3006::MIPI_DSI0_DATA2_P
2.500000e+00 (V)  Node3006_Auto_306::MIPI_DSI0_DATA2_P
2.500000e+00 (V)  Node3006_Auto_307::MIPI_DSI0_DATA2_P
2.500000e+00 (V)  Node3007::MIPI_DSI0_DATA2_P
2.500000e+00 (V)  Node3008::MIPI_DSI0_DATA2_P
2.500000e+00 (V)  Node3009::MIPI_DSI0_DATA2_P
2.500000e+00 (V)  Node3011::MIPI_DSI0_DATA2_P
2.500000e+00 (V)  Node3019::MIPI_DSI0_DATA2_P
2.500000e+00 (V)  Node3021::MIPI_DSI0_DATA2_P
2.500000e+00 (V)  Node3022::MIPI_DSI0_DATA2_P
2.500000e+00 (V)  Node3025::MIPI_DSI0_DATA2_P
2.500000e+00 (V)  Node3025_Auto_1::MIPI_DSI0_DATA2_P
2.500000e+00 (V)  Node3026::MIPI_DSI0_DATA2_P
0.000000e+00 (V)  Node3030!!8::MIPI_DSI0_DATA1_P
0.000000e+00 (V)  Node307!!A1::N27399713
0.000000e+00 (V)  Node31!!2::HDMI_DATA0_N
0.000000e+00 (V)  Node319!!A2::N279408
0.000000e+00 (V)  Node32!!9::HDMI_DATA0_N
0.000000e+00 (V)  Node320!!A4::N2739972
0.000000e+00 (V)  Node33!!9::HDMI_DATA0_N
0.000000e+00 (V)  Node337!!14
0.000000e+00 (V)  Node338!!13
0.000000e+00 (V)  Node34!!C1::HDMI_CLK_P
0.000000e+00 (V)  Node341!!G6
0.000000e+00 (V)  Node3411!!4::MIPI_DSI0_DATA0_P
0.000000e+00 (V)  Node342!!J2
0.000000e+00 (V)  Node343!!K5
0.000000e+00 (V)  Node344!!J5
0.000000e+00 (V)  Node345!!J6
0.000000e+00 (V)  Node346!!J8
0.000000e+00 (V)  Node347!!J9
0.000000e+00 (V)  Node348!!K7
0.000000e+00 (V)  Node349!!J4
0.000000e+00 (V)  Node35!!4::HDMI_CLK_P
0.000000e+00 (V)  Node36!!7::HDMI_CLK_P
0.000000e+00 (V)  Node37!!10::HDMI_CLK_P
0.000000e+00 (V)  Node38!!E2::HDMI_DATA1_N
0.000000e+00 (V)  Node39!!5::HDMI_DATA1_N
0.000000e+00 (V)  Node40!!6::HDMI_DATA1_N
0.000000e+00 (V)  Node4007!!32::PWM
0.000000e+00 (V)  Node4066!!29::RESX
0.000000e+00 (V)  Node41!!6::HDMI_DATA1_N
0.000000e+00 (V)  Node42!!C2::HDMI_CLK_N
0.000000e+00 (V)  Node4274!!20::N271809
0.000000e+00 (V)  Node4275!!21::N271809
0.000000e+00 (V)  Node4276!!22::N271809
0.000000e+00 (V)  Node4281!!23::N271809
0.000000e+00 (V)  Node43!!5::HDMI_CLK_N
0.000000e+00 (V)  Node44!!12::HDMI_CLK_N
0.000000e+00 (V)  Node45!!6::HDMI_CLK_N
0.000000e+00 (V)  Node4737!!2::HDP
0.000000e+00 (V)  Node4774!!39::VCC_LED_AB
0.000000e+00 (V)  Node4775!!40::VCC_LED_AB
0.000000e+00 (V)  Node4783!!1::N2739972
0.000000e+00 (V)  Node4785!!P4
0.000000e+00 (V)  Node4786!!P3
0.000000e+00 (V)  Node4787!!P2
0.000000e+00 (V)  Node4788!!P1
0.000000e+00 (V)  Node4789!!31
0.000000e+00 (V)  Node4790!!30
2.500000e+00 (V)  Node64!!A7_Auto_749::MIPI_DSI1_CLK_P
1.006184e-10 (V)  Node68!!A6_Auto_747::MIPI_DSI1_DATA2_P
1.001186e-10 (V)  Node886::MIPI_DSI1_CLK_N
1.001350e-10 (V)  Node888::MIPI_DSI1_CLK_N
1.001386e-10 (V)  Node890::MIPI_DSI1_CLK_N
1.001391e-10 (V)  Node890_Auto_7::MIPI_DSI1_CLK_N
1.001685e-10 (V)  Node890_Auto_8::MIPI_DSI1_CLK_N
1.001695e-10 (V)  Node893::MIPI_DSI1_CLK_N
1.001733e-10 (V)  Node894::MIPI_DSI1_CLK_N
1.001743e-10 (V)  Node894_Auto_5::MIPI_DSI1_CLK_N
1.001805e-10 (V)  Node896::MIPI_DSI1_CLK_N
0.000000e+00 (V)  Node9!!18::VCC_HDMIRX_IN
1.002022e-10 (V)  Node906::MIPI_DSI1_CLK_N
1.002032e-10 (V)  Node906_Auto_45::MIPI_DSI1_CLK_N
1.002179e-10 (V)  Node908::MIPI_DSI1_CLK_N
1.002202e-10 (V)  Node908_Auto_18::MIPI_DSI1_CLK_N
1.002208e-10 (V)  Node909::MIPI_DSI1_CLK_N
1.002287e-10 (V)  Node909_Auto_36::MIPI_DSI1_CLK_N
1.002214e-10 (V)  Node909_Auto_37::MIPI_DSI1_CLK_N
1.002321e-10 (V)  Node911::MIPI_DSI1_CLK_N
1.002396e-10 (V)  Node919::MIPI_DSI1_CLK_N
1.002724e-10 (V)  Node922::MIPI_DSI1_CLK_N
1.002503e-10 (V)  Node922_Auto_10::MIPI_DSI1_CLK_N
1.002429e-10 (V)  Node922_Auto_35::MIPI_DSI1_CLK_N
1.002673e-10 (V)  Node922_Auto_47::MIPI_DSI1_CLK_N
1.002701e-10 (V)  Node922_Auto_54::MIPI_DSI1_CLK_N
1.002526e-10 (V)  Node922_Auto_9::MIPI_DSI1_CLK_N
1.002960e-10 (V)  Node931::MIPI_DSI1_CLK_N
1.003170e-10 (V)  Node931_Auto_15::MIPI_DSI1_CLK_N
1.003193e-10 (V)  Node931_Auto_16::MIPI_DSI1_CLK_N
1.003267e-10 (V)  Node931_Auto_26::MIPI_DSI1_CLK_N
1.003288e-10 (V)  Node931_Auto_27::MIPI_DSI1_CLK_N
1.003023e-10 (V)  Node931_Auto_50::MIPI_DSI1_CLK_N
1.002995e-10 (V)  Node931_Auto_53::MIPI_DSI1_CLK_N
1.003294e-10 (V)  Node934::MIPI_DSI1_CLK_N
1.003369e-10 (V)  Node942::MIPI_DSI1_CLK_N
1.003419e-10 (V)  Node945::MIPI_DSI1_CLK_N
1.003399e-10 (V)  Node945_Auto_22::MIPI_DSI1_CLK_N
1.003378e-10 (V)  Node945_Auto_24::MIPI_DSI1_CLK_N
1.003778e-10 (V)  Node960::MIPI_DSI1_CLK_N
1.003921e-10 (V)  Node962::MIPI_DSI1_CLK_N
1.003883e-10 (V)  Node962_Auto_614::MIPI_DSI1_CLK_N
1.003845e-10 (V)  Node962_Auto_615::MIPI_DSI1_CLK_N
1.003831e-10 (V)  Node962_Auto_625::MIPI_DSI1_CLK_N
1.003780e-10 (V)  Node962_Auto_626::MIPI_DSI1_CLK_N
1.004721e-10 (V)  Node964::MIPI_DSI1_CLK_N
1.004324e-10 (V)  Node964_Auto_1155::MIPI_DSI1_CLK_N
1.004304e-10 (V)  Node964_Auto_1156::MIPI_DSI1_CLK_N
1.004563e-10 (V)  Node964_Auto_1163::MIPI_DSI1_CLK_N
1.004535e-10 (V)  Node964_Auto_1164::MIPI_DSI1_CLK_N
1.004276e-10 (V)  Node964_Auto_1170::MIPI_DSI1_CLK_N
1.004357e-10 (V)  Node964_Auto_1174::MIPI_DSI1_CLK_N
1.004022e-10 (V)  Node964_Auto_1179::MIPI_DSI1_CLK_N
1.003984e-10 (V)  Node964_Auto_1180::MIPI_DSI1_CLK_N
1.003948e-10 (V)  Node964_Auto_1185::MIPI_DSI1_CLK_N
1.004689e-10 (V)  Node964_Auto_1193::MIPI_DSI1_CLK_N
1.004657e-10 (V)  Node964_Auto_1194::MIPI_DSI1_CLK_N
1.004068e-10 (V)  Node964_Auto_1203::MIPI_DSI1_CLK_N
1.004088e-10 (V)  Node964_Auto_1207::MIPI_DSI1_CLK_N
1.004642e-10 (V)  Node964_Auto_1212::MIPI_DSI1_CLK_N
1.004759e-10 (V)  Node965::MIPI_DSI1_CLK_N
1.005637e-10 (V)  Node967::MIPI_DSI1_CLK_N
1.005590e-10 (V)  Node967_Auto_1232::MIPI_DSI1_CLK_N
1.004824e-10 (V)  Node967_Auto_1233::MIPI_DSI1_CLK_N
1.004764e-10 (V)  Node967_Auto_1235::MIPI_DSI1_CLK_N
1.005675e-10 (V)  Node968::MIPI_DSI1_CLK_N
1.005712e-10 (V)  Node969::MIPI_DSI1_CLK_N
1.005924e-10 (V)  Node971::MIPI_DSI1_CLK_N
1.005914e-10 (V)  Node971_Auto_849::MIPI_DSI1_CLK_N
1.005739e-10 (V)  Node971_Auto_850::MIPI_DSI1_CLK_N
1.005717e-10 (V)  Node971_Auto_860::MIPI_DSI1_CLK_N
1.006161e-10 (V)  Node972::MIPI_DSI1_CLK_N
1.006076e-10 (V)  Node972_Auto_748::MIPI_DSI1_CLK_N
1.000014e-10 (V)  Node973!!16_Auto_2227::MIPI_DSI1_CLK_N
1.000085e-10 (V)  Node974::MIPI_DSI1_CLK_N
1.000122e-10 (V)  Node976::MIPI_DSI1_CLK_N
1.000255e-10 (V)  Node978::MIPI_DSI1_CLK_N
1.000161e-10 (V)  Node978_Auto_2676::MIPI_DSI1_CLK_N
1.000131e-10 (V)  Node978_Auto_2677::MIPI_DSI1_CLK_N
1.000216e-10 (V)  Node978_Auto_2680::MIPI_DSI1_CLK_N
1.000178e-10 (V)  Node978_Auto_2681::MIPI_DSI1_CLK_N
1.000428e-10 (V)  Node978_Auto_2788::MIPI_DSI1_CLK_N
1.000462e-10 (V)  Node978_Auto_2789::MIPI_DSI1_CLK_N
1.000363e-10 (V)  Node978_Auto_2794::MIPI_DSI1_CLK_N
1.000315e-10 (V)  Node978_Auto_2800::MIPI_DSI1_CLK_N
1.000335e-10 (V)  Node978_Auto_2801::MIPI_DSI1_CLK_N
1.000282e-10 (V)  Node978_Auto_2802::MIPI_DSI1_CLK_N
1.000541e-10 (V)  Node978_Auto_2812::MIPI_DSI1_CLK_N
1.000590e-10 (V)  Node980::MIPI_DSI1_CLK_N
1.000568e-10 (V)  Node980_Auto_2738::MIPI_DSI1_CLK_N
1.000608e-10 (V)  Node981::MIPI_DSI1_CLK_N
1.000613e-10 (V)  Node981_Auto_2818::MIPI_DSI1_CLK_N
1.000746e-10 (V)  Node981_Auto_2819::MIPI_DSI1_CLK_N
1.000756e-10 (V)  Node984::MIPI_DSI1_CLK_N
1.000787e-10 (V)  Node985::MIPI_DSI1_CLK_N
1.000797e-10 (V)  Node985_Auto_2702::MIPI_DSI1_CLK_N
1.000847e-10 (V)  Node985_Auto_2703::MIPI_DSI1_CLK_N
1.000928e-10 (V)  Node988::MIPI_DSI1_CLK_N
2.500000e+00 (V)  Node995::MIPI_DSI1_CLK_P
2.500000e+00 (V)  Node995_Auto_3::MIPI_DSI1_CLK_P
2.500000e+00 (V)  Node995_Auto_4::MIPI_DSI1_CLK_P
2.500000e+00 (V)  Node998::MIPI_DSI1_CLK_P
2.500000e+00 (V)  Node999::MIPI_DSI1_CLK_P
2.500000e+00 (V)  Node999_Auto_6::MIPI_DSI1_CLK_P
2.500000e+00 (V)  Trace1058#BP0::MIPI_DSI1_DATA2_N
2.500000e+00 (V)  Trace1063#BP0::MIPI_DSI1_DATA2_N
2.500000e+00 (V)  Trace1067#BP0::MIPI_DSI1_DATA2_N
2.500000e+00 (V)  Trace1067#BP1::MIPI_DSI1_DATA2_N
2.500000e+00 (V)  Trace1067#BP1_Auto_2640::MIPI_DSI1_DATA2_N
2.500000e+00 (V)  Trace1067#BP1_Auto_2641::MIPI_DSI1_DATA2_N
2.500000e+00 (V)  Trace1067#BP1_Auto_2693::MIPI_DSI1_DATA2_N
2.500000e+00 (V)  Trace1067#BP1_Auto_2694::MIPI_DSI1_DATA2_N
2.500000e+00 (V)  Trace1067#BP1_Auto_2701::MIPI_DSI1_DATA2_N
1.005164e-10 (V)  Trace1208#BP0::MIPI_DSI1_DATA2_P
1.005163e-10 (V)  Trace1208#BP1::MIPI_DSI1_DATA2_P
1.005161e-10 (V)  Trace1208#BP1_Auto_2918::MIPI_DSI1_DATA2_P
1.003122e-10 (V)  Trace1262#BP0::MIPI_DSI1_DATA2_P
1.003086e-10 (V)  Trace1262#BP1::MIPI_DSI1_DATA2_P
1.002322e-10 (V)  Trace1286#BP0::MIPI_DSI1_DATA2_P
1.002265e-10 (V)  Trace1290#BP0::MIPI_DSI1_DATA2_P
1.002214e-10 (V)  Trace1294#BP0::MIPI_DSI1_DATA2_P
1.002040e-10 (V)  Trace1304#BP0::MIPI_DSI1_DATA2_P
2.500000e+00 (V)  Trace1666#BP0::MIPI_DSI1_DATA1_P
2.500000e+00 (V)  Trace1666#BP0_Auto_161::MIPI_DSI1_DATA1_P
0.000000e+00 (V)  X_C80.Xpartial.X_SpeedXP_auto_CAP_NP_C0603_100N_100N_C80_C80.nd_en_2
2.500000e+00 (V)  X_CH1.Xpartial.X_SpeedXP_auto_WP7B-P040VA1-R8000_WP7B-P040VA1-R8000_WP7B-P040VA1-R8000_WP7B-P040VA1-R8000_CH1.B_SpeedXP_auto_10.Output0
2.500000e+00 (V)  X_CH1.Xpartial.X_SpeedXP_auto_WP7B-P040VA1-R8000_WP7B-P040VA1-R8000_WP7B-P040VA1-R8000_WP7B-P040VA1-R8000_CH1.B_SpeedXP_auto_10.Output1
1.000000e-10 (V)  X_CH1.Xpartial.X_SpeedXP_auto_WP7B-P040VA1-R8000_WP7B-P040VA1-R8000_WP7B-P040VA1-R8000_WP7B-P040VA1-R8000_CH1.B_SpeedXP_auto_11.Output0
1.000000e-10 (V)  X_CH1.Xpartial.X_SpeedXP_auto_WP7B-P040VA1-R8000_WP7B-P040VA1-R8000_WP7B-P040VA1-R8000_WP7B-P040VA1-R8000_CH1.B_SpeedXP_auto_11.Output1
2.500000e+00 (V)  X_CH1.Xpartial.X_SpeedXP_auto_WP7B-P040VA1-R8000_WP7B-P040VA1-R8000_WP7B-P040VA1-R8000_WP7B-P040VA1-R8000_CH1.B_SpeedXP_auto_12.Output0
2.500000e+00 (V)  X_CH1.Xpartial.X_SpeedXP_auto_WP7B-P040VA1-R8000_WP7B-P040VA1-R8000_WP7B-P040VA1-R8000_WP7B-P040VA1-R8000_CH1.B_SpeedXP_auto_12.Output1
2.500000e+00 (V)  X_CH1.Xpartial.X_SpeedXP_auto_WP7B-P040VA1-R8000_WP7B-P040VA1-R8000_WP7B-P040VA1-R8000_WP7B-P040VA1-R8000_CH1.B_SpeedXP_auto_13.Output0
2.500000e+00 (V)  X_CH1.Xpartial.X_SpeedXP_auto_WP7B-P040VA1-R8000_WP7B-P040VA1-R8000_WP7B-P040VA1-R8000_WP7B-P040VA1-R8000_CH1.B_SpeedXP_auto_13.Output1
1.000000e-10 (V)  X_CH1.Xpartial.X_SpeedXP_auto_WP7B-P040VA1-R8000_WP7B-P040VA1-R8000_WP7B-P040VA1-R8000_WP7B-P040VA1-R8000_CH1.B_SpeedXP_auto_14.Output0
1.000000e-10 (V)  X_CH1.Xpartial.X_SpeedXP_auto_WP7B-P040VA1-R8000_WP7B-P040VA1-R8000_WP7B-P040VA1-R8000_WP7B-P040VA1-R8000_CH1.B_SpeedXP_auto_14.Output1
2.500000e+00 (V)  X_CH1.Xpartial.X_SpeedXP_auto_WP7B-P040VA1-R8000_WP7B-P040VA1-R8000_WP7B-P040VA1-R8000_WP7B-P040VA1-R8000_CH1.B_SpeedXP_auto_15.Output0
2.500000e+00 (V)  X_CH1.Xpartial.X_SpeedXP_auto_WP7B-P040VA1-R8000_WP7B-P040VA1-R8000_WP7B-P040VA1-R8000_WP7B-P040VA1-R8000_CH1.B_SpeedXP_auto_15.Output1
1.000000e-10 (V)  X_CH1.Xpartial.X_SpeedXP_auto_WP7B-P040VA1-R8000_WP7B-P040VA1-R8000_WP7B-P040VA1-R8000_WP7B-P040VA1-R8000_CH1.B_SpeedXP_auto_16.Output0
1.000000e-10 (V)  X_CH1.Xpartial.X_SpeedXP_auto_WP7B-P040VA1-R8000_WP7B-P040VA1-R8000_WP7B-P040VA1-R8000_WP7B-P040VA1-R8000_CH1.B_SpeedXP_auto_16.Output1
2.500000e+00 (V)  X_CH1.Xpartial.X_SpeedXP_auto_WP7B-P040VA1-R8000_WP7B-P040VA1-R8000_WP7B-P040VA1-R8000_WP7B-P040VA1-R8000_CH1.B_SpeedXP_auto_19.Output0
2.500000e+00 (V)  X_CH1.Xpartial.X_SpeedXP_auto_WP7B-P040VA1-R8000_WP7B-P040VA1-R8000_WP7B-P040VA1-R8000_WP7B-P040VA1-R8000_CH1.B_SpeedXP_auto_19.Output1
1.000000e-10 (V)  X_CH1.Xpartial.X_SpeedXP_auto_WP7B-P040VA1-R8000_WP7B-P040VA1-R8000_WP7B-P040VA1-R8000_WP7B-P040VA1-R8000_CH1.B_SpeedXP_auto_20.Output0
1.000000e-10 (V)  X_CH1.Xpartial.X_SpeedXP_auto_WP7B-P040VA1-R8000_WP7B-P040VA1-R8000_WP7B-P040VA1-R8000_WP7B-P040VA1-R8000_CH1.B_SpeedXP_auto_20.Output1
1.000000e-10 (V)  X_CH1.Xpartial.X_SpeedXP_auto_WP7B-P040VA1-R8000_WP7B-P040VA1-R8000_WP7B-P040VA1-R8000_WP7B-P040VA1-R8000_CH1.B_SpeedXP_auto_9.Output0
1.000000e-10 (V)  X_CH1.Xpartial.X_SpeedXP_auto_WP7B-P040VA1-R8000_WP7B-P040VA1-R8000_WP7B-P040VA1-R8000_WP7B-P040VA1-R8000_CH1.B_SpeedXP_auto_9.Output1
1.000000e+00 (V)  X_CH1.Xpartial.X_SpeedXP_auto_WP7B-P040VA1-R8000_WP7B-P040VA1-R8000_WP7B-P040VA1-R8000_WP7B-P040VA1-R8000_CH1.nd_en_1
1.000000e+00 (V)  X_CH1.Xpartial.X_SpeedXP_auto_WP7B-P040VA1-R8000_WP7B-P040VA1-R8000_WP7B-P040VA1-R8000_WP7B-P040VA1-R8000_CH1.nd_en_10
1.000000e+00 (V)  X_CH1.Xpartial.X_SpeedXP_auto_WP7B-P040VA1-R8000_WP7B-P040VA1-R8000_WP7B-P040VA1-R8000_WP7B-P040VA1-R8000_CH1.nd_en_11
1.000000e+00 (V)  X_CH1.Xpartial.X_SpeedXP_auto_WP7B-P040VA1-R8000_WP7B-P040VA1-R8000_WP7B-P040VA1-R8000_WP7B-P040VA1-R8000_CH1.nd_en_12
1.000000e+00 (V)  X_CH1.Xpartial.X_SpeedXP_auto_WP7B-P040VA1-R8000_WP7B-P040VA1-R8000_WP7B-P040VA1-R8000_WP7B-P040VA1-R8000_CH1.nd_en_13
1.000000e+00 (V)  X_CH1.Xpartial.X_SpeedXP_auto_WP7B-P040VA1-R8000_WP7B-P040VA1-R8000_WP7B-P040VA1-R8000_WP7B-P040VA1-R8000_CH1.nd_en_14
1.000000e+00 (V)  X_CH1.Xpartial.X_SpeedXP_auto_WP7B-P040VA1-R8000_WP7B-P040VA1-R8000_WP7B-P040VA1-R8000_WP7B-P040VA1-R8000_CH1.nd_en_15
1.000000e+00 (V)  X_CH1.Xpartial.X_SpeedXP_auto_WP7B-P040VA1-R8000_WP7B-P040VA1-R8000_WP7B-P040VA1-R8000_WP7B-P040VA1-R8000_CH1.nd_en_16
1.000000e+00 (V)  X_CH1.Xpartial.X_SpeedXP_auto_WP7B-P040VA1-R8000_WP7B-P040VA1-R8000_WP7B-P040VA1-R8000_WP7B-P040VA1-R8000_CH1.nd_en_17
1.000000e+00 (V)  X_CH1.Xpartial.X_SpeedXP_auto_WP7B-P040VA1-R8000_WP7B-P040VA1-R8000_WP7B-P040VA1-R8000_WP7B-P040VA1-R8000_CH1.nd_en_18
1.000000e+00 (V)  X_CH1.Xpartial.X_SpeedXP_auto_WP7B-P040VA1-R8000_WP7B-P040VA1-R8000_WP7B-P040VA1-R8000_WP7B-P040VA1-R8000_CH1.nd_en_19
1.000000e+00 (V)  X_CH1.Xpartial.X_SpeedXP_auto_WP7B-P040VA1-R8000_WP7B-P040VA1-R8000_WP7B-P040VA1-R8000_WP7B-P040VA1-R8000_CH1.nd_en_2
1.000000e+00 (V)  X_CH1.Xpartial.X_SpeedXP_auto_WP7B-P040VA1-R8000_WP7B-P040VA1-R8000_WP7B-P040VA1-R8000_WP7B-P040VA1-R8000_CH1.nd_en_20
1.000000e+00 (V)  X_CH1.Xpartial.X_SpeedXP_auto_WP7B-P040VA1-R8000_WP7B-P040VA1-R8000_WP7B-P040VA1-R8000_WP7B-P040VA1-R8000_CH1.nd_en_3
1.000000e+00 (V)  X_CH1.Xpartial.X_SpeedXP_auto_WP7B-P040VA1-R8000_WP7B-P040VA1-R8000_WP7B-P040VA1-R8000_WP7B-P040VA1-R8000_CH1.nd_en_4
1.000000e+00 (V)  X_CH1.Xpartial.X_SpeedXP_auto_WP7B-P040VA1-R8000_WP7B-P040VA1-R8000_WP7B-P040VA1-R8000_WP7B-P040VA1-R8000_CH1.nd_en_5
1.000000e+00 (V)  X_CH1.Xpartial.X_SpeedXP_auto_WP7B-P040VA1-R8000_WP7B-P040VA1-R8000_WP7B-P040VA1-R8000_WP7B-P040VA1-R8000_CH1.nd_en_6
1.000000e+00 (V)  X_CH1.Xpartial.X_SpeedXP_auto_WP7B-P040VA1-R8000_WP7B-P040VA1-R8000_WP7B-P040VA1-R8000_WP7B-P040VA1-R8000_CH1.nd_en_7
1.000000e+00 (V)  X_CH1.Xpartial.X_SpeedXP_auto_WP7B-P040VA1-R8000_WP7B-P040VA1-R8000_WP7B-P040VA1-R8000_WP7B-P040VA1-R8000_CH1.nd_en_8
1.000000e+00 (V)  X_CH1.Xpartial.X_SpeedXP_auto_WP7B-P040VA1-R8000_WP7B-P040VA1-R8000_WP7B-P040VA1-R8000_WP7B-P040VA1-R8000_CH1.nd_en_9
0.000000e+00 (V)  X_CH1.Xpartial.X_SpeedXP_auto_WP7B-P040VA1-R8000_WP7B-P040VA1-R8000_WP7B-P040VA1-R8000_WP7B-P040VA1-R8000_CH1.nd_in_1
1.000000e+00 (V)  X_CH1.Xpartial.X_SpeedXP_auto_WP7B-P040VA1-R8000_WP7B-P040VA1-R8000_WP7B-P040VA1-R8000_WP7B-P040VA1-R8000_CH1.nd_in_10
0.000000e+00 (V)  X_CH1.Xpartial.X_SpeedXP_auto_WP7B-P040VA1-R8000_WP7B-P040VA1-R8000_WP7B-P040VA1-R8000_WP7B-P040VA1-R8000_CH1.nd_in_11
1.000000e+00 (V)  X_CH1.Xpartial.X_SpeedXP_auto_WP7B-P040VA1-R8000_WP7B-P040VA1-R8000_WP7B-P040VA1-R8000_WP7B-P040VA1-R8000_CH1.nd_in_12
1.000000e+00 (V)  X_CH1.Xpartial.X_SpeedXP_auto_WP7B-P040VA1-R8000_WP7B-P040VA1-R8000_WP7B-P040VA1-R8000_WP7B-P040VA1-R8000_CH1.nd_in_13
0.000000e+00 (V)  X_CH1.Xpartial.X_SpeedXP_auto_WP7B-P040VA1-R8000_WP7B-P040VA1-R8000_WP7B-P040VA1-R8000_WP7B-P040VA1-R8000_CH1.nd_in_14
1.000000e+00 (V)  X_CH1.Xpartial.X_SpeedXP_auto_WP7B-P040VA1-R8000_WP7B-P040VA1-R8000_WP7B-P040VA1-R8000_WP7B-P040VA1-R8000_CH1.nd_in_15
0.000000e+00 (V)  X_CH1.Xpartial.X_SpeedXP_auto_WP7B-P040VA1-R8000_WP7B-P040VA1-R8000_WP7B-P040VA1-R8000_WP7B-P040VA1-R8000_CH1.nd_in_16
0.000000e+00 (V)  X_CH1.Xpartial.X_SpeedXP_auto_WP7B-P040VA1-R8000_WP7B-P040VA1-R8000_WP7B-P040VA1-R8000_WP7B-P040VA1-R8000_CH1.nd_in_17
0.000000e+00 (V)  X_CH1.Xpartial.X_SpeedXP_auto_WP7B-P040VA1-R8000_WP7B-P040VA1-R8000_WP7B-P040VA1-R8000_WP7B-P040VA1-R8000_CH1.nd_in_18
1.000000e+00 (V)  X_CH1.Xpartial.X_SpeedXP_auto_WP7B-P040VA1-R8000_WP7B-P040VA1-R8000_WP7B-P040VA1-R8000_WP7B-P040VA1-R8000_CH1.nd_in_19
0.000000e+00 (V)  X_CH1.Xpartial.X_SpeedXP_auto_WP7B-P040VA1-R8000_WP7B-P040VA1-R8000_WP7B-P040VA1-R8000_WP7B-P040VA1-R8000_CH1.nd_in_2
0.000000e+00 (V)  X_CH1.Xpartial.X_SpeedXP_auto_WP7B-P040VA1-R8000_WP7B-P040VA1-R8000_WP7B-P040VA1-R8000_WP7B-P040VA1-R8000_CH1.nd_in_20
0.000000e+00 (V)  X_CH1.Xpartial.X_SpeedXP_auto_WP7B-P040VA1-R8000_WP7B-P040VA1-R8000_WP7B-P040VA1-R8000_WP7B-P040VA1-R8000_CH1.nd_in_3
0.000000e+00 (V)  X_CH1.Xpartial.X_SpeedXP_auto_WP7B-P040VA1-R8000_WP7B-P040VA1-R8000_WP7B-P040VA1-R8000_WP7B-P040VA1-R8000_CH1.nd_in_4
0.000000e+00 (V)  X_CH1.Xpartial.X_SpeedXP_auto_WP7B-P040VA1-R8000_WP7B-P040VA1-R8000_WP7B-P040VA1-R8000_WP7B-P040VA1-R8000_CH1.nd_in_5
0.000000e+00 (V)  X_CH1.Xpartial.X_SpeedXP_auto_WP7B-P040VA1-R8000_WP7B-P040VA1-R8000_WP7B-P040VA1-R8000_WP7B-P040VA1-R8000_CH1.nd_in_6
0.000000e+00 (V)  X_CH1.Xpartial.X_SpeedXP_auto_WP7B-P040VA1-R8000_WP7B-P040VA1-R8000_WP7B-P040VA1-R8000_WP7B-P040VA1-R8000_CH1.nd_in_7
0.000000e+00 (V)  X_CH1.Xpartial.X_SpeedXP_auto_WP7B-P040VA1-R8000_WP7B-P040VA1-R8000_WP7B-P040VA1-R8000_WP7B-P040VA1-R8000_CH1.nd_in_8
0.000000e+00 (V)  X_CH1.Xpartial.X_SpeedXP_auto_WP7B-P040VA1-R8000_WP7B-P040VA1-R8000_WP7B-P040VA1-R8000_WP7B-P040VA1-R8000_CH1.nd_in_9
5.000000e-01 (V)  X_CH1.Xpartial.X_SpeedXP_auto_WP7B-P040VA1-R8000_WP7B-P040VA1-R8000_WP7B-P040VA1-R8000_WP7B-P040VA1-R8000_CH1.nd_out_of_in_10
5.000000e-01 (V)  X_CH1.Xpartial.X_SpeedXP_auto_WP7B-P040VA1-R8000_WP7B-P040VA1-R8000_WP7B-P040VA1-R8000_WP7B-P040VA1-R8000_CH1.nd_out_of_in_11
5.000000e-01 (V)  X_CH1.Xpartial.X_SpeedXP_auto_WP7B-P040VA1-R8000_WP7B-P040VA1-R8000_WP7B-P040VA1-R8000_WP7B-P040VA1-R8000_CH1.nd_out_of_in_12
5.000000e-01 (V)  X_CH1.Xpartial.X_SpeedXP_auto_WP7B-P040VA1-R8000_WP7B-P040VA1-R8000_WP7B-P040VA1-R8000_WP7B-P040VA1-R8000_CH1.nd_out_of_in_13
5.000000e-01 (V)  X_CH1.Xpartial.X_SpeedXP_auto_WP7B-P040VA1-R8000_WP7B-P040VA1-R8000_WP7B-P040VA1-R8000_WP7B-P040VA1-R8000_CH1.nd_out_of_in_14
5.000000e-01 (V)  X_CH1.Xpartial.X_SpeedXP_auto_WP7B-P040VA1-R8000_WP7B-P040VA1-R8000_WP7B-P040VA1-R8000_WP7B-P040VA1-R8000_CH1.nd_out_of_in_15
5.000000e-01 (V)  X_CH1.Xpartial.X_SpeedXP_auto_WP7B-P040VA1-R8000_WP7B-P040VA1-R8000_WP7B-P040VA1-R8000_WP7B-P040VA1-R8000_CH1.nd_out_of_in_16
5.000000e-01 (V)  X_CH1.Xpartial.X_SpeedXP_auto_WP7B-P040VA1-R8000_WP7B-P040VA1-R8000_WP7B-P040VA1-R8000_WP7B-P040VA1-R8000_CH1.nd_out_of_in_19
5.000000e-01 (V)  X_CH1.Xpartial.X_SpeedXP_auto_WP7B-P040VA1-R8000_WP7B-P040VA1-R8000_WP7B-P040VA1-R8000_WP7B-P040VA1-R8000_CH1.nd_out_of_in_20
5.000000e-01 (V)  X_CH1.Xpartial.X_SpeedXP_auto_WP7B-P040VA1-R8000_WP7B-P040VA1-R8000_WP7B-P040VA1-R8000_WP7B-P040VA1-R8000_CH1.nd_out_of_in_9
2.500000e+00 (V)  X_CH1.Xpartial.X_SpeedXP_auto_WP7B-P040VA1-R8000_WP7B-P040VA1-R8000_WP7B-P040VA1-R8000_WP7B-P040VA1-R8000_CH1.Power_10
2.500000e+00 (V)  X_CH1.Xpartial.X_SpeedXP_auto_WP7B-P040VA1-R8000_WP7B-P040VA1-R8000_WP7B-P040VA1-R8000_WP7B-P040VA1-R8000_CH1.Power_11
2.500000e+00 (V)  X_CH1.Xpartial.X_SpeedXP_auto_WP7B-P040VA1-R8000_WP7B-P040VA1-R8000_WP7B-P040VA1-R8000_WP7B-P040VA1-R8000_CH1.Power_12
2.500000e+00 (V)  X_CH1.Xpartial.X_SpeedXP_auto_WP7B-P040VA1-R8000_WP7B-P040VA1-R8000_WP7B-P040VA1-R8000_WP7B-P040VA1-R8000_CH1.Power_13
2.500000e+00 (V)  X_CH1.Xpartial.X_SpeedXP_auto_WP7B-P040VA1-R8000_WP7B-P040VA1-R8000_WP7B-P040VA1-R8000_WP7B-P040VA1-R8000_CH1.Power_14
2.500000e+00 (V)  X_CH1.Xpartial.X_SpeedXP_auto_WP7B-P040VA1-R8000_WP7B-P040VA1-R8000_WP7B-P040VA1-R8000_WP7B-P040VA1-R8000_CH1.Power_15
2.500000e+00 (V)  X_CH1.Xpartial.X_SpeedXP_auto_WP7B-P040VA1-R8000_WP7B-P040VA1-R8000_WP7B-P040VA1-R8000_WP7B-P040VA1-R8000_CH1.Power_16
2.500000e+00 (V)  X_CH1.Xpartial.X_SpeedXP_auto_WP7B-P040VA1-R8000_WP7B-P040VA1-R8000_WP7B-P040VA1-R8000_WP7B-P040VA1-R8000_CH1.Power_19
2.500000e+00 (V)  X_CH1.Xpartial.X_SpeedXP_auto_WP7B-P040VA1-R8000_WP7B-P040VA1-R8000_WP7B-P040VA1-R8000_WP7B-P040VA1-R8000_CH1.Power_20
2.500000e+00 (V)  X_CH1.Xpartial.X_SpeedXP_auto_WP7B-P040VA1-R8000_WP7B-P040VA1-R8000_WP7B-P040VA1-R8000_WP7B-P040VA1-R8000_CH1.Power_9
0.000000e+00 (V)  X_D5.Xpartial.X_SpeedXP_auto_TVS/ESD_SOD-323_H3V3HD3U_H3V3HD3U_D5.nd_en_1
1.000000e+00 (V)  X_ESD1.Xpartial.X_SpeedXP_auto_IP4292CZ10_DFN2510A-10_IP4292CZ10-TBR_115_IP4292CZ10-TBR_115_ESD1_ESD1.nd_en_1
0.000000e+00 (V)  X_ESD1.Xpartial.X_SpeedXP_auto_IP4292CZ10_DFN2510A-10_IP4292CZ10-TBR_115_IP4292CZ10-TBR_115_ESD1_ESD1.nd_en_10
1.000000e+00 (V)  X_ESD1.Xpartial.X_SpeedXP_auto_IP4292CZ10_DFN2510A-10_IP4292CZ10-TBR_115_IP4292CZ10-TBR_115_ESD1_ESD1.nd_en_2
1.000000e+00 (V)  X_ESD1.Xpartial.X_SpeedXP_auto_IP4292CZ10_DFN2510A-10_IP4292CZ10-TBR_115_IP4292CZ10-TBR_115_ESD1_ESD1.nd_en_4
1.000000e+00 (V)  X_ESD1.Xpartial.X_SpeedXP_auto_IP4292CZ10_DFN2510A-10_IP4292CZ10-TBR_115_IP4292CZ10-TBR_115_ESD1_ESD1.nd_en_5
0.000000e+00 (V)  X_ESD1.Xpartial.X_SpeedXP_auto_IP4292CZ10_DFN2510A-10_IP4292CZ10-TBR_115_IP4292CZ10-TBR_115_ESD1_ESD1.nd_en_6
0.000000e+00 (V)  X_ESD1.Xpartial.X_SpeedXP_auto_IP4292CZ10_DFN2510A-10_IP4292CZ10-TBR_115_IP4292CZ10-TBR_115_ESD1_ESD1.nd_en_7
0.000000e+00 (V)  X_ESD1.Xpartial.X_SpeedXP_auto_IP4292CZ10_DFN2510A-10_IP4292CZ10-TBR_115_IP4292CZ10-TBR_115_ESD1_ESD1.nd_en_9
0.000000e+00 (V)  X_ESD1.Xpartial.X_SpeedXP_auto_IP4292CZ10_DFN2510A-10_IP4292CZ10-TBR_115_IP4292CZ10-TBR_115_ESD1_ESD1.nd_in_1
0.000000e+00 (V)  X_ESD1.Xpartial.X_SpeedXP_auto_IP4292CZ10_DFN2510A-10_IP4292CZ10-TBR_115_IP4292CZ10-TBR_115_ESD1_ESD1.nd_in_2
0.000000e+00 (V)  X_ESD1.Xpartial.X_SpeedXP_auto_IP4292CZ10_DFN2510A-10_IP4292CZ10-TBR_115_IP4292CZ10-TBR_115_ESD1_ESD1.nd_in_4
0.000000e+00 (V)  X_ESD1.Xpartial.X_SpeedXP_auto_IP4292CZ10_DFN2510A-10_IP4292CZ10-TBR_115_IP4292CZ10-TBR_115_ESD1_ESD1.nd_in_5
1.000000e+00 (V)  X_ESD2.Xpartial.X_SpeedXP_auto_IP4292CZ10_DFN2510A-10_IP4292CZ10-TBR_115_IP4292CZ10-TBR_115_ESD2_ESD2.nd_en_1
0.000000e+00 (V)  X_ESD2.Xpartial.X_SpeedXP_auto_IP4292CZ10_DFN2510A-10_IP4292CZ10-TBR_115_IP4292CZ10-TBR_115_ESD2_ESD2.nd_en_10
1.000000e+00 (V)  X_ESD2.Xpartial.X_SpeedXP_auto_IP4292CZ10_DFN2510A-10_IP4292CZ10-TBR_115_IP4292CZ10-TBR_115_ESD2_ESD2.nd_en_2
1.000000e+00 (V)  X_ESD2.Xpartial.X_SpeedXP_auto_IP4292CZ10_DFN2510A-10_IP4292CZ10-TBR_115_IP4292CZ10-TBR_115_ESD2_ESD2.nd_en_4
1.000000e+00 (V)  X_ESD2.Xpartial.X_SpeedXP_auto_IP4292CZ10_DFN2510A-10_IP4292CZ10-TBR_115_IP4292CZ10-TBR_115_ESD2_ESD2.nd_en_5
0.000000e+00 (V)  X_ESD2.Xpartial.X_SpeedXP_auto_IP4292CZ10_DFN2510A-10_IP4292CZ10-TBR_115_IP4292CZ10-TBR_115_ESD2_ESD2.nd_en_6
0.000000e+00 (V)  X_ESD2.Xpartial.X_SpeedXP_auto_IP4292CZ10_DFN2510A-10_IP4292CZ10-TBR_115_IP4292CZ10-TBR_115_ESD2_ESD2.nd_en_7
0.000000e+00 (V)  X_ESD2.Xpartial.X_SpeedXP_auto_IP4292CZ10_DFN2510A-10_IP4292CZ10-TBR_115_IP4292CZ10-TBR_115_ESD2_ESD2.nd_en_9
0.000000e+00 (V)  X_ESD2.Xpartial.X_SpeedXP_auto_IP4292CZ10_DFN2510A-10_IP4292CZ10-TBR_115_IP4292CZ10-TBR_115_ESD2_ESD2.nd_in_1
0.000000e+00 (V)  X_ESD2.Xpartial.X_SpeedXP_auto_IP4292CZ10_DFN2510A-10_IP4292CZ10-TBR_115_IP4292CZ10-TBR_115_ESD2_ESD2.nd_in_2
0.000000e+00 (V)  X_ESD2.Xpartial.X_SpeedXP_auto_IP4292CZ10_DFN2510A-10_IP4292CZ10-TBR_115_IP4292CZ10-TBR_115_ESD2_ESD2.nd_in_4
0.000000e+00 (V)  X_ESD2.Xpartial.X_SpeedXP_auto_IP4292CZ10_DFN2510A-10_IP4292CZ10-TBR_115_IP4292CZ10-TBR_115_ESD2_ESD2.nd_in_5
0.000000e+00 (V)  X_HDMI1.Xpartial.X_SpeedXP_auto_HDMI-A_HDMI-001S_HDMI-001S_HDMI-001S_HDMI1.nd_en_1
0.000000e+00 (V)  X_HDMI1.Xpartial.X_SpeedXP_auto_HDMI-A_HDMI-001S_HDMI-001S_HDMI-001S_HDMI1.nd_en_10
0.000000e+00 (V)  X_HDMI1.Xpartial.X_SpeedXP_auto_HDMI-A_HDMI-001S_HDMI-001S_HDMI-001S_HDMI1.nd_en_12
0.000000e+00 (V)  X_HDMI1.Xpartial.X_SpeedXP_auto_HDMI-A_HDMI-001S_HDMI-001S_HDMI-001S_HDMI1.nd_en_3
0.000000e+00 (V)  X_HDMI1.Xpartial.X_SpeedXP_auto_HDMI-A_HDMI-001S_HDMI-001S_HDMI-001S_HDMI1.nd_en_4
0.000000e+00 (V)  X_HDMI1.Xpartial.X_SpeedXP_auto_HDMI-A_HDMI-001S_HDMI-001S_HDMI-001S_HDMI1.nd_en_6
0.000000e+00 (V)  X_HDMI1.Xpartial.X_SpeedXP_auto_HDMI-A_HDMI-001S_HDMI-001S_HDMI-001S_HDMI1.nd_en_7
0.000000e+00 (V)  X_HDMI1.Xpartial.X_SpeedXP_auto_HDMI-A_HDMI-001S_HDMI-001S_HDMI-001S_HDMI1.nd_en_9
0.000000e+00 (V)  X_R24.Xpartial.X_SpeedXP_auto_RES_R0603_10K_10K_R24_R24.nd_en_2
1.000000e+00 (V)  X_R25.Xpartial.X_SpeedXP_auto_RES_R0603_1K_1K_R25_R25.nd_en_1
0.000000e+00 (V)  X_R25.Xpartial.X_SpeedXP_auto_RES_R0603_1K_1K_R25_R25.nd_in_1
0.000000e+00 (V)  X_SW1.Xpartial.X_SpeedXP_auto_SWITCH-2P_SMD4030_1_6N_1_6N_SW1.nd_en_2
2.500000e+00 (V)  X_U8.Xpartial.X_SpeedXP_auto_TC358870XBG_1_VFBGA80_(S1+S2+S3+S4)_TC358870XBG(NOK)_TC358870XBG(NOK)_U8.B_SpeedXP_auto_A5.Output0
2.500000e+00 (V)  X_U8.Xpartial.X_SpeedXP_auto_TC358870XBG_1_VFBGA80_(S1+S2+S3+S4)_TC358870XBG(NOK)_TC358870XBG(NOK)_U8.B_SpeedXP_auto_A5.Output1
1.006190e-10 (V)  X_U8.Xpartial.X_SpeedXP_auto_TC358870XBG_1_VFBGA80_(S1+S2+S3+S4)_TC358870XBG(NOK)_TC358870XBG(NOK)_U8.B_SpeedXP_auto_A6.Output0
1.006190e-10 (V)  X_U8.Xpartial.X_SpeedXP_auto_TC358870XBG_1_VFBGA80_(S1+S2+S3+S4)_TC358870XBG(NOK)_TC358870XBG(NOK)_U8.B_SpeedXP_auto_A6.Output1
2.500000e+00 (V)  X_U8.Xpartial.X_SpeedXP_auto_TC358870XBG_1_VFBGA80_(S1+S2+S3+S4)_TC358870XBG(NOK)_TC358870XBG(NOK)_U8.B_SpeedXP_auto_A7.Output0
2.500000e+00 (V)  X_U8.Xpartial.X_SpeedXP_auto_TC358870XBG_1_VFBGA80_(S1+S2+S3+S4)_TC358870XBG(NOK)_TC358870XBG(NOK)_U8.B_SpeedXP_auto_A7.Output1
2.500000e+00 (V)  X_U8.Xpartial.X_SpeedXP_auto_TC358870XBG_1_VFBGA80_(S1+S2+S3+S4)_TC358870XBG(NOK)_TC358870XBG(NOK)_U8.B_SpeedXP_auto_A8.Output0
2.500000e+00 (V)  X_U8.Xpartial.X_SpeedXP_auto_TC358870XBG_1_VFBGA80_(S1+S2+S3+S4)_TC358870XBG(NOK)_TC358870XBG(NOK)_U8.B_SpeedXP_auto_A8.Output1
1.006310e-10 (V)  X_U8.Xpartial.X_SpeedXP_auto_TC358870XBG_1_VFBGA80_(S1+S2+S3+S4)_TC358870XBG(NOK)_TC358870XBG(NOK)_U8.B_SpeedXP_auto_B5.Output0
1.006310e-10 (V)  X_U8.Xpartial.X_SpeedXP_auto_TC358870XBG_1_VFBGA80_(S1+S2+S3+S4)_TC358870XBG(NOK)_TC358870XBG(NOK)_U8.B_SpeedXP_auto_B5.Output1
2.500000e+00 (V)  X_U8.Xpartial.X_SpeedXP_auto_TC358870XBG_1_VFBGA80_(S1+S2+S3+S4)_TC358870XBG(NOK)_TC358870XBG(NOK)_U8.B_SpeedXP_auto_B6.Output0
2.500000e+00 (V)  X_U8.Xpartial.X_SpeedXP_auto_TC358870XBG_1_VFBGA80_(S1+S2+S3+S4)_TC358870XBG(NOK)_TC358870XBG(NOK)_U8.B_SpeedXP_auto_B6.Output1
1.006273e-10 (V)  X_U8.Xpartial.X_SpeedXP_auto_TC358870XBG_1_VFBGA80_(S1+S2+S3+S4)_TC358870XBG(NOK)_TC358870XBG(NOK)_U8.B_SpeedXP_auto_B7.Output0
1.006273e-10 (V)  X_U8.Xpartial.X_SpeedXP_auto_TC358870XBG_1_VFBGA80_(S1+S2+S3+S4)_TC358870XBG(NOK)_TC358870XBG(NOK)_U8.B_SpeedXP_auto_B7.Output1
1.006367e-10 (V)  X_U8.Xpartial.X_SpeedXP_auto_TC358870XBG_1_VFBGA80_(S1+S2+S3+S4)_TC358870XBG(NOK)_TC358870XBG(NOK)_U8.B_SpeedXP_auto_B8.Output0
1.006367e-10 (V)  X_U8.Xpartial.X_SpeedXP_auto_TC358870XBG_1_VFBGA80_(S1+S2+S3+S4)_TC358870XBG(NOK)_TC358870XBG(NOK)_U8.B_SpeedXP_auto_B8.Output1
2.500000e+00 (V)  X_U8.Xpartial.X_SpeedXP_auto_TC358870XBG_1_VFBGA80_(S1+S2+S3+S4)_TC358870XBG(NOK)_TC358870XBG(NOK)_U8.B_SpeedXP_auto_E10.Output0
2.500000e+00 (V)  X_U8.Xpartial.X_SpeedXP_auto_TC358870XBG_1_VFBGA80_(S1+S2+S3+S4)_TC358870XBG(NOK)_TC358870XBG(NOK)_U8.B_SpeedXP_auto_E10.Output1
1.003722e-10 (V)  X_U8.Xpartial.X_SpeedXP_auto_TC358870XBG_1_VFBGA80_(S1+S2+S3+S4)_TC358870XBG(NOK)_TC358870XBG(NOK)_U8.B_SpeedXP_auto_E9.Output0
1.003722e-10 (V)  X_U8.Xpartial.X_SpeedXP_auto_TC358870XBG_1_VFBGA80_(S1+S2+S3+S4)_TC358870XBG(NOK)_TC358870XBG(NOK)_U8.B_SpeedXP_auto_E9.Output1
0.000000e+00 (V)  X_U8.Xpartial.X_SpeedXP_auto_TC358870XBG_1_VFBGA80_(S1+S2+S3+S4)_TC358870XBG(NOK)_TC358870XBG(NOK)_U8.nd_en_A4
0.000000e+00 (V)  X_U8.Xpartial.X_SpeedXP_auto_TC358870XBG_1_VFBGA80_(S1+S2+S3+S4)_TC358870XBG(NOK)_TC358870XBG(NOK)_U8.nd_en_A5
0.000000e+00 (V)  X_U8.Xpartial.X_SpeedXP_auto_TC358870XBG_1_VFBGA80_(S1+S2+S3+S4)_TC358870XBG(NOK)_TC358870XBG(NOK)_U8.nd_en_A6
0.000000e+00 (V)  X_U8.Xpartial.X_SpeedXP_auto_TC358870XBG_1_VFBGA80_(S1+S2+S3+S4)_TC358870XBG(NOK)_TC358870XBG(NOK)_U8.nd_en_A7
0.000000e+00 (V)  X_U8.Xpartial.X_SpeedXP_auto_TC358870XBG_1_VFBGA80_(S1+S2+S3+S4)_TC358870XBG(NOK)_TC358870XBG(NOK)_U8.nd_en_A8
0.000000e+00 (V)  X_U8.Xpartial.X_SpeedXP_auto_TC358870XBG_1_VFBGA80_(S1+S2+S3+S4)_TC358870XBG(NOK)_TC358870XBG(NOK)_U8.nd_en_A9
0.000000e+00 (V)  X_U8.Xpartial.X_SpeedXP_auto_TC358870XBG_1_VFBGA80_(S1+S2+S3+S4)_TC358870XBG(NOK)_TC358870XBG(NOK)_U8.nd_en_B5
0.000000e+00 (V)  X_U8.Xpartial.X_SpeedXP_auto_TC358870XBG_1_VFBGA80_(S1+S2+S3+S4)_TC358870XBG(NOK)_TC358870XBG(NOK)_U8.nd_en_B6
0.000000e+00 (V)  X_U8.Xpartial.X_SpeedXP_auto_TC358870XBG_1_VFBGA80_(S1+S2+S3+S4)_TC358870XBG(NOK)_TC358870XBG(NOK)_U8.nd_en_B7
0.000000e+00 (V)  X_U8.Xpartial.X_SpeedXP_auto_TC358870XBG_1_VFBGA80_(S1+S2+S3+S4)_TC358870XBG(NOK)_TC358870XBG(NOK)_U8.nd_en_B8
0.000000e+00 (V)  X_U8.Xpartial.X_SpeedXP_auto_TC358870XBG_1_VFBGA80_(S1+S2+S3+S4)_TC358870XBG(NOK)_TC358870XBG(NOK)_U8.nd_en_B9
0.000000e+00 (V)  X_U8.Xpartial.X_SpeedXP_auto_TC358870XBG_1_VFBGA80_(S1+S2+S3+S4)_TC358870XBG(NOK)_TC358870XBG(NOK)_U8.nd_en_C1
0.000000e+00 (V)  X_U8.Xpartial.X_SpeedXP_auto_TC358870XBG_1_VFBGA80_(S1+S2+S3+S4)_TC358870XBG(NOK)_TC358870XBG(NOK)_U8.nd_en_C2
0.000000e+00 (V)  X_U8.Xpartial.X_SpeedXP_auto_TC358870XBG_1_VFBGA80_(S1+S2+S3+S4)_TC358870XBG(NOK)_TC358870XBG(NOK)_U8.nd_en_D1
0.000000e+00 (V)  X_U8.Xpartial.X_SpeedXP_auto_TC358870XBG_1_VFBGA80_(S1+S2+S3+S4)_TC358870XBG(NOK)_TC358870XBG(NOK)_U8.nd_en_D10
0.000000e+00 (V)  X_U8.Xpartial.X_SpeedXP_auto_TC358870XBG_1_VFBGA80_(S1+S2+S3+S4)_TC358870XBG(NOK)_TC358870XBG(NOK)_U8.nd_en_D2
0.000000e+00 (V)  X_U8.Xpartial.X_SpeedXP_auto_TC358870XBG_1_VFBGA80_(S1+S2+S3+S4)_TC358870XBG(NOK)_TC358870XBG(NOK)_U8.nd_en_D9
0.000000e+00 (V)  X_U8.Xpartial.X_SpeedXP_auto_TC358870XBG_1_VFBGA80_(S1+S2+S3+S4)_TC358870XBG(NOK)_TC358870XBG(NOK)_U8.nd_en_E1
0.000000e+00 (V)  X_U8.Xpartial.X_SpeedXP_auto_TC358870XBG_1_VFBGA80_(S1+S2+S3+S4)_TC358870XBG(NOK)_TC358870XBG(NOK)_U8.nd_en_E10
0.000000e+00 (V)  X_U8.Xpartial.X_SpeedXP_auto_TC358870XBG_1_VFBGA80_(S1+S2+S3+S4)_TC358870XBG(NOK)_TC358870XBG(NOK)_U8.nd_en_E2
0.000000e+00 (V)  X_U8.Xpartial.X_SpeedXP_auto_TC358870XBG_1_VFBGA80_(S1+S2+S3+S4)_TC358870XBG(NOK)_TC358870XBG(NOK)_U8.nd_en_E9
0.000000e+00 (V)  X_U8.Xpartial.X_SpeedXP_auto_TC358870XBG_1_VFBGA80_(S1+S2+S3+S4)_TC358870XBG(NOK)_TC358870XBG(NOK)_U8.nd_en_F1
0.000000e+00 (V)  X_U8.Xpartial.X_SpeedXP_auto_TC358870XBG_1_VFBGA80_(S1+S2+S3+S4)_TC358870XBG(NOK)_TC358870XBG(NOK)_U8.nd_en_F10
0.000000e+00 (V)  X_U8.Xpartial.X_SpeedXP_auto_TC358870XBG_1_VFBGA80_(S1+S2+S3+S4)_TC358870XBG(NOK)_TC358870XBG(NOK)_U8.nd_en_F2
0.000000e+00 (V)  X_U8.Xpartial.X_SpeedXP_auto_TC358870XBG_1_VFBGA80_(S1+S2+S3+S4)_TC358870XBG(NOK)_TC358870XBG(NOK)_U8.nd_en_F9
0.000000e+00 (V)  X_U8.Xpartial.X_SpeedXP_auto_TC358870XBG_1_VFBGA80_(S1+S2+S3+S4)_TC358870XBG(NOK)_TC358870XBG(NOK)_U8.nd_en_G10
0.000000e+00 (V)  X_U8.Xpartial.X_SpeedXP_auto_TC358870XBG_1_VFBGA80_(S1+S2+S3+S4)_TC358870XBG(NOK)_TC358870XBG(NOK)_U8.nd_en_G9
0.000000e+00 (V)  X_U8.Xpartial.X_SpeedXP_auto_TC358870XBG_1_VFBGA80_(S1+S2+S3+S4)_TC358870XBG(NOK)_TC358870XBG(NOK)_U8.nd_en_H10
0.000000e+00 (V)  X_U8.Xpartial.X_SpeedXP_auto_TC358870XBG_1_VFBGA80_(S1+S2+S3+S4)_TC358870XBG(NOK)_TC358870XBG(NOK)_U8.nd_en_H9
0.000000e+00 (V)  X_U8.Xpartial.X_SpeedXP_auto_TC358870XBG_1_VFBGA80_(S1+S2+S3+S4)_TC358870XBG(NOK)_TC358870XBG(NOK)_U8.nd_en_K8
0.000000e+00 (V)  X_U8.Xpartial.X_SpeedXP_auto_TC358870XBG_1_VFBGA80_(S1+S2+S3+S4)_TC358870XBG(NOK)_TC358870XBG(NOK)_U8.nd_in_A5
0.000000e+00 (V)  X_U8.Xpartial.X_SpeedXP_auto_TC358870XBG_1_VFBGA80_(S1+S2+S3+S4)_TC358870XBG(NOK)_TC358870XBG(NOK)_U8.nd_in_A6
0.000000e+00 (V)  X_U8.Xpartial.X_SpeedXP_auto_TC358870XBG_1_VFBGA80_(S1+S2+S3+S4)_TC358870XBG(NOK)_TC358870XBG(NOK)_U8.nd_in_A7
0.000000e+00 (V)  X_U8.Xpartial.X_SpeedXP_auto_TC358870XBG_1_VFBGA80_(S1+S2+S3+S4)_TC358870XBG(NOK)_TC358870XBG(NOK)_U8.nd_in_A8
0.000000e+00 (V)  X_U8.Xpartial.X_SpeedXP_auto_TC358870XBG_1_VFBGA80_(S1+S2+S3+S4)_TC358870XBG(NOK)_TC358870XBG(NOK)_U8.nd_in_B5
0.000000e+00 (V)  X_U8.Xpartial.X_SpeedXP_auto_TC358870XBG_1_VFBGA80_(S1+S2+S3+S4)_TC358870XBG(NOK)_TC358870XBG(NOK)_U8.nd_in_B6
0.000000e+00 (V)  X_U8.Xpartial.X_SpeedXP_auto_TC358870XBG_1_VFBGA80_(S1+S2+S3+S4)_TC358870XBG(NOK)_TC358870XBG(NOK)_U8.nd_in_B7
0.000000e+00 (V)  X_U8.Xpartial.X_SpeedXP_auto_TC358870XBG_1_VFBGA80_(S1+S2+S3+S4)_TC358870XBG(NOK)_TC358870XBG(NOK)_U8.nd_in_B8
0.000000e+00 (V)  X_U8.Xpartial.X_SpeedXP_auto_TC358870XBG_1_VFBGA80_(S1+S2+S3+S4)_TC358870XBG(NOK)_TC358870XBG(NOK)_U8.nd_in_E10
0.000000e+00 (V)  X_U8.Xpartial.X_SpeedXP_auto_TC358870XBG_1_VFBGA80_(S1+S2+S3+S4)_TC358870XBG(NOK)_TC358870XBG(NOK)_U8.nd_in_E9
1.000000e+00 (V)  X_U8.Xpartial.X_SpeedXP_auto_TC358870XBG_1_VFBGA80_(S1+S2+S3+S4)_TC358870XBG(NOK)_TC358870XBG(NOK)_U8.nd_out_of_in_A5
0.000000e+00 (V)  X_U8.Xpartial.X_SpeedXP_auto_TC358870XBG_1_VFBGA80_(S1+S2+S3+S4)_TC358870XBG(NOK)_TC358870XBG(NOK)_U8.nd_out_of_in_A6
1.000000e+00 (V)  X_U8.Xpartial.X_SpeedXP_auto_TC358870XBG_1_VFBGA80_(S1+S2+S3+S4)_TC358870XBG(NOK)_TC358870XBG(NOK)_U8.nd_out_of_in_A7
1.000000e+00 (V)  X_U8.Xpartial.X_SpeedXP_auto_TC358870XBG_1_VFBGA80_(S1+S2+S3+S4)_TC358870XBG(NOK)_TC358870XBG(NOK)_U8.nd_out_of_in_A8
0.000000e+00 (V)  X_U8.Xpartial.X_SpeedXP_auto_TC358870XBG_1_VFBGA80_(S1+S2+S3+S4)_TC358870XBG(NOK)_TC358870XBG(NOK)_U8.nd_out_of_in_B5
1.000000e+00 (V)  X_U8.Xpartial.X_SpeedXP_auto_TC358870XBG_1_VFBGA80_(S1+S2+S3+S4)_TC358870XBG(NOK)_TC358870XBG(NOK)_U8.nd_out_of_in_B6
0.000000e+00 (V)  X_U8.Xpartial.X_SpeedXP_auto_TC358870XBG_1_VFBGA80_(S1+S2+S3+S4)_TC358870XBG(NOK)_TC358870XBG(NOK)_U8.nd_out_of_in_B7
0.000000e+00 (V)  X_U8.Xpartial.X_SpeedXP_auto_TC358870XBG_1_VFBGA80_(S1+S2+S3+S4)_TC358870XBG(NOK)_TC358870XBG(NOK)_U8.nd_out_of_in_B8
1.000000e+00 (V)  X_U8.Xpartial.X_SpeedXP_auto_TC358870XBG_1_VFBGA80_(S1+S2+S3+S4)_TC358870XBG(NOK)_TC358870XBG(NOK)_U8.nd_out_of_in_E10
0.000000e+00 (V)  X_U8.Xpartial.X_SpeedXP_auto_TC358870XBG_1_VFBGA80_(S1+S2+S3+S4)_TC358870XBG(NOK)_TC358870XBG(NOK)_U8.nd_out_of_in_E9
2.500000e+00 (V)  X_U8.Xpartial.X_SpeedXP_auto_TC358870XBG_1_VFBGA80_(S1+S2+S3+S4)_TC358870XBG(NOK)_TC358870XBG(NOK)_U8.Power_A5
2.500000e+00 (V)  X_U8.Xpartial.X_SpeedXP_auto_TC358870XBG_1_VFBGA80_(S1+S2+S3+S4)_TC358870XBG(NOK)_TC358870XBG(NOK)_U8.Power_A6
2.500000e+00 (V)  X_U8.Xpartial.X_SpeedXP_auto_TC358870XBG_1_VFBGA80_(S1+S2+S3+S4)_TC358870XBG(NOK)_TC358870XBG(NOK)_U8.Power_A7
2.500000e+00 (V)  X_U8.Xpartial.X_SpeedXP_auto_TC358870XBG_1_VFBGA80_(S1+S2+S3+S4)_TC358870XBG(NOK)_TC358870XBG(NOK)_U8.Power_A8
2.500000e+00 (V)  X_U8.Xpartial.X_SpeedXP_auto_TC358870XBG_1_VFBGA80_(S1+S2+S3+S4)_TC358870XBG(NOK)_TC358870XBG(NOK)_U8.Power_B5
2.500000e+00 (V)  X_U8.Xpartial.X_SpeedXP_auto_TC358870XBG_1_VFBGA80_(S1+S2+S3+S4)_TC358870XBG(NOK)_TC358870XBG(NOK)_U8.Power_B6
2.500000e+00 (V)  X_U8.Xpartial.X_SpeedXP_auto_TC358870XBG_1_VFBGA80_(S1+S2+S3+S4)_TC358870XBG(NOK)_TC358870XBG(NOK)_U8.Power_B7
2.500000e+00 (V)  X_U8.Xpartial.X_SpeedXP_auto_TC358870XBG_1_VFBGA80_(S1+S2+S3+S4)_TC358870XBG(NOK)_TC358870XBG(NOK)_U8.Power_B8
2.500000e+00 (V)  X_U8.Xpartial.X_SpeedXP_auto_TC358870XBG_1_VFBGA80_(S1+S2+S3+S4)_TC358870XBG(NOK)_TC358870XBG(NOK)_U8.Power_E10
2.500000e+00 (V)  X_U8.Xpartial.X_SpeedXP_auto_TC358870XBG_1_VFBGA80_(S1+S2+S3+S4)_TC358870XBG(NOK)_TC358870XBG(NOK)_U8.Power_E9
1.001487e-10 (V)  Xvia0.Node2425::MIPI_DSI0_DATA2_Ntmp
2.500000e+00 (V)  Xvia0.Node2955::MIPI_DSI0_DATA2_Ptmp
1.001568e-10 (V)  Xvia1.Node1781::MIPI_DSI1_DATA1_Ntmp
2.500000e+00 (V)  Xvia1.Node2015::MIPI_DSI1_DATA1_Ptmp
2.500000e+00 (V)  Xvia2.Node1322::MIPI_DSI1_DATA2_Ntmp
1.005248e-10 (V)  Xvia2.Node1542::MIPI_DSI1_DATA2_Ptmp
1.001587e-10 (V)  Xvia3.Node1162::MIPI_DSI1_DATA3_Ntmp
2.500000e+00 (V)  Xvia3.Node1208::MIPI_DSI1_DATA3_Ptmp
2.500000e+00 (V)  Xvia4.Node1130::MIPI_DSI1_CLK_Ptmp
1.001109e-10 (V)  Xvia4.Node991::MIPI_DSI1_CLK_Ntmp
-1.100000e-12 (A)  V_PWR_VCC_1V1
-1.200000e-12 (A)  V_PWR_VCC_1V2
-1.800000e-12 (A)  V_PWR_VCC_1V8
-3.300000e-12 (A)  V_PWR_VCC_3V3
-5.000000e-12 (A)  V_PWR_VCC_5V
-5.000000e-12 (A)  V_PWR_VCC_5V5
1.450009e-10 (A)  V_X_CH1.Xpartial.X_SpeedXP_auto_WP7B-P040VA1-R8000_WP7B-P040VA1-R8000_WP7B-P040VA1-R8000_WP7B-P040VA1-R8000_CH1.B_SpeedXP_auto_10.L_pkg
1.475009e-10 (A)  V_X_CH1.Xpartial.X_SpeedXP_auto_WP7B-P040VA1-R8000_WP7B-P040VA1-R8000_WP7B-P040VA1-R8000_WP7B-P040VA1-R8000_CH1.B_SpeedXP_auto_10.R_pkg
-5.000000e-12 (A)  V_X_CH1.Xpartial.X_SpeedXP_auto_WP7B-P040VA1-R8000_WP7B-P040VA1-R8000_WP7B-P040VA1-R8000_WP7B-P040VA1-R8000_CH1.B_SpeedXP_auto_11.L_pkg
-5.000000e-12 (A)  V_X_CH1.Xpartial.X_SpeedXP_auto_WP7B-P040VA1-R8000_WP7B-P040VA1-R8000_WP7B-P040VA1-R8000_WP7B-P040VA1-R8000_CH1.B_SpeedXP_auto_11.R_pkg
3.075013e-10 (A)  V_X_CH1.Xpartial.X_SpeedXP_auto_WP7B-P040VA1-R8000_WP7B-P040VA1-R8000_WP7B-P040VA1-R8000_WP7B-P040VA1-R8000_CH1.B_SpeedXP_auto_12.L_pkg
3.100014e-10 (A)  V_X_CH1.Xpartial.X_SpeedXP_auto_WP7B-P040VA1-R8000_WP7B-P040VA1-R8000_WP7B-P040VA1-R8000_WP7B-P040VA1-R8000_CH1.B_SpeedXP_auto_12.R_pkg
2.800016e-10 (A)  V_X_CH1.Xpartial.X_SpeedXP_auto_WP7B-P040VA1-R8000_WP7B-P040VA1-R8000_WP7B-P040VA1-R8000_WP7B-P040VA1-R8000_CH1.B_SpeedXP_auto_13.L_pkg
2.825017e-10 (A)  V_X_CH1.Xpartial.X_SpeedXP_auto_WP7B-P040VA1-R8000_WP7B-P040VA1-R8000_WP7B-P040VA1-R8000_WP7B-P040VA1-R8000_CH1.B_SpeedXP_auto_13.R_pkg
-5.000000e-12 (A)  V_X_CH1.Xpartial.X_SpeedXP_auto_WP7B-P040VA1-R8000_WP7B-P040VA1-R8000_WP7B-P040VA1-R8000_WP7B-P040VA1-R8000_CH1.B_SpeedXP_auto_14.L_pkg
-5.000000e-12 (A)  V_X_CH1.Xpartial.X_SpeedXP_auto_WP7B-P040VA1-R8000_WP7B-P040VA1-R8000_WP7B-P040VA1-R8000_WP7B-P040VA1-R8000_CH1.B_SpeedXP_auto_14.R_pkg
2.900014e-10 (A)  V_X_CH1.Xpartial.X_SpeedXP_auto_WP7B-P040VA1-R8000_WP7B-P040VA1-R8000_WP7B-P040VA1-R8000_WP7B-P040VA1-R8000_CH1.B_SpeedXP_auto_15.L_pkg
2.925014e-10 (A)  V_X_CH1.Xpartial.X_SpeedXP_auto_WP7B-P040VA1-R8000_WP7B-P040VA1-R8000_WP7B-P040VA1-R8000_WP7B-P040VA1-R8000_CH1.B_SpeedXP_auto_15.R_pkg
-5.000000e-12 (A)  V_X_CH1.Xpartial.X_SpeedXP_auto_WP7B-P040VA1-R8000_WP7B-P040VA1-R8000_WP7B-P040VA1-R8000_WP7B-P040VA1-R8000_CH1.B_SpeedXP_auto_16.L_pkg
-5.000000e-12 (A)  V_X_CH1.Xpartial.X_SpeedXP_auto_WP7B-P040VA1-R8000_WP7B-P040VA1-R8000_WP7B-P040VA1-R8000_WP7B-P040VA1-R8000_CH1.B_SpeedXP_auto_16.R_pkg
2.075010e-10 (A)  V_X_CH1.Xpartial.X_SpeedXP_auto_WP7B-P040VA1-R8000_WP7B-P040VA1-R8000_WP7B-P040VA1-R8000_WP7B-P040VA1-R8000_CH1.B_SpeedXP_auto_19.L_pkg
2.100010e-10 (A)  V_X_CH1.Xpartial.X_SpeedXP_auto_WP7B-P040VA1-R8000_WP7B-P040VA1-R8000_WP7B-P040VA1-R8000_WP7B-P040VA1-R8000_CH1.B_SpeedXP_auto_19.R_pkg
-5.000000e-12 (A)  V_X_CH1.Xpartial.X_SpeedXP_auto_WP7B-P040VA1-R8000_WP7B-P040VA1-R8000_WP7B-P040VA1-R8000_WP7B-P040VA1-R8000_CH1.B_SpeedXP_auto_20.L_pkg
-5.000000e-12 (A)  V_X_CH1.Xpartial.X_SpeedXP_auto_WP7B-P040VA1-R8000_WP7B-P040VA1-R8000_WP7B-P040VA1-R8000_WP7B-P040VA1-R8000_CH1.B_SpeedXP_auto_20.R_pkg
-5.000000e-12 (A)  V_X_CH1.Xpartial.X_SpeedXP_auto_WP7B-P040VA1-R8000_WP7B-P040VA1-R8000_WP7B-P040VA1-R8000_WP7B-P040VA1-R8000_CH1.B_SpeedXP_auto_9.L_pkg
-5.000000e-12 (A)  V_X_CH1.Xpartial.X_SpeedXP_auto_WP7B-P040VA1-R8000_WP7B-P040VA1-R8000_WP7B-P040VA1-R8000_WP7B-P040VA1-R8000_CH1.B_SpeedXP_auto_9.R_pkg
-1.000003e-11 (A)  V_X_U8.Xpartial.X_SpeedXP_auto_TC358870XBG_1_VFBGA80_(S1+S2+S3+S4)_TC358870XBG(NOK)_TC358870XBG(NOK)_U8.B_SpeedXP_auto_A5.L_pkg
-7.500001e-12 (A)  V_X_U8.Xpartial.X_SpeedXP_auto_TC358870XBG_1_VFBGA80_(S1+S2+S3+S4)_TC358870XBG(NOK)_TC358870XBG(NOK)_U8.B_SpeedXP_auto_A5.R_pkg
5.000000e-12 (A)  V_X_U8.Xpartial.X_SpeedXP_auto_TC358870XBG_1_VFBGA80_(S1+S2+S3+S4)_TC358870XBG(NOK)_TC358870XBG(NOK)_U8.B_SpeedXP_auto_A6.L_pkg
5.000000e-12 (A)  V_X_U8.Xpartial.X_SpeedXP_auto_TC358870XBG_1_VFBGA80_(S1+S2+S3+S4)_TC358870XBG(NOK)_TC358870XBG(NOK)_U8.B_SpeedXP_auto_A6.R_pkg
-1.000003e-11 (A)  V_X_U8.Xpartial.X_SpeedXP_auto_TC358870XBG_1_VFBGA80_(S1+S2+S3+S4)_TC358870XBG(NOK)_TC358870XBG(NOK)_U8.B_SpeedXP_auto_A7.L_pkg
-7.500028e-12 (A)  V_X_U8.Xpartial.X_SpeedXP_auto_TC358870XBG_1_VFBGA80_(S1+S2+S3+S4)_TC358870XBG(NOK)_TC358870XBG(NOK)_U8.B_SpeedXP_auto_A7.R_pkg
-1.000003e-11 (A)  V_X_U8.Xpartial.X_SpeedXP_auto_TC358870XBG_1_VFBGA80_(S1+S2+S3+S4)_TC358870XBG(NOK)_TC358870XBG(NOK)_U8.B_SpeedXP_auto_A8.L_pkg
-7.500028e-12 (A)  V_X_U8.Xpartial.X_SpeedXP_auto_TC358870XBG_1_VFBGA80_(S1+S2+S3+S4)_TC358870XBG(NOK)_TC358870XBG(NOK)_U8.B_SpeedXP_auto_A8.R_pkg
5.000000e-12 (A)  V_X_U8.Xpartial.X_SpeedXP_auto_TC358870XBG_1_VFBGA80_(S1+S2+S3+S4)_TC358870XBG(NOK)_TC358870XBG(NOK)_U8.B_SpeedXP_auto_B5.L_pkg
5.000000e-12 (A)  V_X_U8.Xpartial.X_SpeedXP_auto_TC358870XBG_1_VFBGA80_(S1+S2+S3+S4)_TC358870XBG(NOK)_TC358870XBG(NOK)_U8.B_SpeedXP_auto_B5.R_pkg
-1.000003e-11 (A)  V_X_U8.Xpartial.X_SpeedXP_auto_TC358870XBG_1_VFBGA80_(S1+S2+S3+S4)_TC358870XBG(NOK)_TC358870XBG(NOK)_U8.B_SpeedXP_auto_B6.L_pkg
-7.500028e-12 (A)  V_X_U8.Xpartial.X_SpeedXP_auto_TC358870XBG_1_VFBGA80_(S1+S2+S3+S4)_TC358870XBG(NOK)_TC358870XBG(NOK)_U8.B_SpeedXP_auto_B6.R_pkg
5.000000e-12 (A)  V_X_U8.Xpartial.X_SpeedXP_auto_TC358870XBG_1_VFBGA80_(S1+S2+S3+S4)_TC358870XBG(NOK)_TC358870XBG(NOK)_U8.B_SpeedXP_auto_B7.L_pkg
5.000000e-12 (A)  V_X_U8.Xpartial.X_SpeedXP_auto_TC358870XBG_1_VFBGA80_(S1+S2+S3+S4)_TC358870XBG(NOK)_TC358870XBG(NOK)_U8.B_SpeedXP_auto_B7.R_pkg
5.000000e-12 (A)  V_X_U8.Xpartial.X_SpeedXP_auto_TC358870XBG_1_VFBGA80_(S1+S2+S3+S4)_TC358870XBG(NOK)_TC358870XBG(NOK)_U8.B_SpeedXP_auto_B8.L_pkg
5.000000e-12 (A)  V_X_U8.Xpartial.X_SpeedXP_auto_TC358870XBG_1_VFBGA80_(S1+S2+S3+S4)_TC358870XBG(NOK)_TC358870XBG(NOK)_U8.B_SpeedXP_auto_B8.R_pkg
-1.000000e-11 (A)  V_X_U8.Xpartial.X_SpeedXP_auto_TC358870XBG_1_VFBGA80_(S1+S2+S3+S4)_TC358870XBG(NOK)_TC358870XBG(NOK)_U8.B_SpeedXP_auto_E10.L_pkg
-7.500001e-12 (A)  V_X_U8.Xpartial.X_SpeedXP_auto_TC358870XBG_1_VFBGA80_(S1+S2+S3+S4)_TC358870XBG(NOK)_TC358870XBG(NOK)_U8.B_SpeedXP_auto_E10.R_pkg
5.000000e-12 (A)  V_X_U8.Xpartial.X_SpeedXP_auto_TC358870XBG_1_VFBGA80_(S1+S2+S3+S4)_TC358870XBG(NOK)_TC358870XBG(NOK)_U8.B_SpeedXP_auto_E9.L_pkg
5.000000e-12 (A)  V_X_U8.Xpartial.X_SpeedXP_auto_TC358870XBG_1_VFBGA80_(S1+S2+S3+S4)_TC358870XBG(NOK)_TC358870XBG(NOK)_U8.B_SpeedXP_auto_E9.R_pkg
9.250033e-11 (A)  W_Trace1001_Auto_2926::MIPI_DSI1_DATA2_N~0
1.000003e-10 (A)  W_Trace1010::MIPI_DSI1_DATA2_N~0
-1.100004e-10 (A)  W_Trace1012_Auto_2941::MIPI_DSI1_DATA2_N~0
-1.125004e-10 (A)  W_Trace1014::MIPI_DSI1_DATA2_N~0
1.150004e-10 (A)  W_Trace1024_Auto_2943::MIPI_DSI1_DATA2_N~0
1.250003e-10 (A)  W_Trace1028::MIPI_DSI1_DATA2_N~0
1.300003e-10 (A)  W_Trace1032::MIPI_DSI1_DATA2_N~0
-1.325004e-10 (A)  W_Trace1034::MIPI_DSI1_DATA2_N~0
-1.375003e-10 (A)  W_Trace1034_Auto_2204::MIPI_DSI1_DATA2_N~0
-1.400003e-10 (A)  W_Trace1036::MIPI_DSI1_DATA2_N~0
-1.425003e-10 (A)  W_Trace1037::MIPI_DSI1_DATA2_N~0
1.475004e-10 (A)  W_Trace1042::MIPI_DSI1_DATA2_N~0
1.525005e-10 (A)  W_Trace1054::MIPI_DSI1_DATA2_N~0
-1.575004e-10 (A)  W_Trace1058::MIPI_DSI1_DATA2_N~0
1.600004e-10 (A)  W_Trace1062::MIPI_DSI1_DATA2_N~0
1.625005e-10 (A)  W_Trace1064::MIPI_DSI1_DATA2_N~0
-1.650005e-10 (A)  W_Trace1066#BP0::MIPI_DSI1_DATA2_N~0
-1.750005e-10 (A)  W_Trace1067#BP0::MIPI_DSI1_DATA2_N~0
-1.775005e-10 (A)  W_Trace1067#BP1::MIPI_DSI1_DATA2_N~0
-1.725005e-10 (A)  W_Trace1067_Auto_2208::MIPI_DSI1_DATA2_N~0
-1.925006e-10 (A)  W_Trace1069::MIPI_DSI1_DATA2_N~0
-1.950007e-10 (A)  W_Trace1071::MIPI_DSI1_DATA2_N~0
-2.000007e-10 (A)  W_Trace1071_Auto_2683::MIPI_DSI1_DATA2_N~0
2.050007e-10 (A)  W_Trace1080::MIPI_DSI1_DATA2_N~0
2.100008e-10 (A)  W_Trace1091::MIPI_DSI1_DATA2_N~0
2.150008e-10 (A)  W_Trace1102::MIPI_DSI1_DATA2_N~0
2.200008e-10 (A)  W_Trace1113::MIPI_DSI1_DATA2_N~0
2.250008e-10 (A)  W_Trace1124::MIPI_DSI1_DATA2_N~0
2.300008e-10 (A)  W_Trace1135::MIPI_DSI1_DATA2_N~0
2.350008e-10 (A)  W_Trace1146::MIPI_DSI1_DATA2_N~0
2.400008e-10 (A)  W_Trace1157::MIPI_DSI1_DATA2_N~0
2.450008e-10 (A)  W_Trace1168::MIPI_DSI1_DATA2_N~0
-2.475009e-10 (A)  W_Trace1170_Auto_2736::MIPI_DSI1_DATA2_N~0
2.550009e-10 (A)  W_Trace1179::MIPI_DSI1_DATA2_N~0
2.650009e-10 (A)  W_Trace1181::MIPI_DSI1_DATA2_N~0
-2.700010e-10 (A)  W_Trace1183_Auto_2672::MIPI_DSI1_DATA2_N~0
-2.725011e-10 (A)  W_Trace1185::MIPI_DSI1_DATA2_N~0
-2.825011e-10 (A)  W_Trace1185_Auto_2655::MIPI_DSI1_DATA2_N~0
-2.775011e-10 (A)  W_Trace1185_Auto_2662::MIPI_DSI1_DATA2_N~0
3.050013e-10 (A)  W_Trace1186_Auto_2223::MIPI_DSI1_DATA2_N~0
3.000012e-10 (A)  W_Trace1186_Auto_2233::MIPI_DSI1_DATA2_N~0
5.000000e-12 (A)  W_Trace1187::MIPI_DSI1_DATA2_P~0
5.000000e-12 (A)  W_Trace1188_Auto_823::MIPI_DSI1_DATA2_P~0
5.000000e-12 (A)  W_Trace1188_Auto_862::MIPI_DSI1_DATA2_P~0
5.000000e-12 (A)  W_Trace1189::MIPI_DSI1_DATA2_P~0
5.000000e-12 (A)  W_Trace1191::MIPI_DSI1_DATA2_P~0
5.000000e-12 (A)  W_Trace1192_Auto_815::MIPI_DSI1_DATA2_P~0
5.000000e-12 (A)  W_Trace1194_Auto_2198::MIPI_DSI1_DATA2_P~0
-5.000000e-12 (A)  W_Trace1198::MIPI_DSI1_DATA2_P~0
5.000000e-12 (A)  W_Trace1208#BP0::MIPI_DSI1_DATA2_P~0
5.000000e-12 (A)  W_Trace1208#BP1::MIPI_DSI1_DATA2_P~0
-5.000000e-12 (A)  W_Trace1208::MIPI_DSI1_DATA2_P~0
5.000000e-12 (A)  W_Trace1210::MIPI_DSI1_DATA2_P~0
5.000000e-12 (A)  W_Trace1211::MIPI_DSI1_DATA2_P~0
5.000000e-12 (A)  W_Trace1213::MIPI_DSI1_DATA2_P~0
-5.000000e-12 (A)  W_Trace1218::MIPI_DSI1_DATA2_P~0
-5.000000e-12 (A)  W_Trace1223::MIPI_DSI1_DATA2_P~0
-5.000000e-12 (A)  W_Trace1225::MIPI_DSI1_DATA2_P~0
5.000000e-12 (A)  W_Trace1227::MIPI_DSI1_DATA2_P~0
5.000000e-12 (A)  W_Trace1236::MIPI_DSI1_DATA2_P~0
-5.000000e-12 (A)  W_Trace1246::MIPI_DSI1_DATA2_P~0
-5.000000e-12 (A)  W_Trace1248::MIPI_DSI1_DATA2_P~0
-5.000000e-12 (A)  W_Trace1252::MIPI_DSI1_DATA2_P~0
5.000000e-12 (A)  W_Trace1253::MIPI_DSI1_DATA2_P~0
5.000000e-12 (A)  W_Trace1255::MIPI_DSI1_DATA2_P~0
5.000000e-12 (A)  W_Trace1258::MIPI_DSI1_DATA2_P~0
5.000000e-12 (A)  W_Trace1260::MIPI_DSI1_DATA2_P~0
5.000000e-12 (A)  W_Trace1262#BP0::MIPI_DSI1_DATA2_P~0
5.000000e-12 (A)  W_Trace1262#BP1::MIPI_DSI1_DATA2_P~0
5.000000e-12 (A)  W_Trace1262_Auto_2201::MIPI_DSI1_DATA2_P~0
5.000000e-12 (A)  W_Trace1266_Auto_2206::MIPI_DSI1_DATA2_P~0
5.000000e-12 (A)  W_Trace1267::MIPI_DSI1_DATA2_P~0
-5.000000e-12 (A)  W_Trace1271::MIPI_DSI1_DATA2_P~0
-5.000000e-12 (A)  W_Trace1282::MIPI_DSI1_DATA2_P~0
5.000000e-12 (A)  W_Trace1286::MIPI_DSI1_DATA2_P~0
-5.000000e-12 (A)  W_Trace1290::MIPI_DSI1_DATA2_P~0
-5.000000e-12 (A)  W_Trace1294::MIPI_DSI1_DATA2_P~0
5.000000e-12 (A)  W_Trace1295::MIPI_DSI1_DATA2_P~0
-5.000000e-12 (A)  W_Trace1299::MIPI_DSI1_DATA2_P~0
5.000000e-12 (A)  W_Trace1304#BP0::MIPI_DSI1_DATA2_P~0
-5.000000e-12 (A)  W_Trace1304::MIPI_DSI1_DATA2_P~0
5.000000e-12 (A)  W_Trace1306::MIPI_DSI1_DATA2_P~0
-5.000000e-12 (A)  W_Trace1315::MIPI_DSI1_DATA2_P~0
-5.000000e-12 (A)  W_Trace1326::MIPI_DSI1_DATA2_P~0
-5.000000e-12 (A)  W_Trace1332::MIPI_DSI1_DATA2_P~0
5.000000e-12 (A)  W_Trace1334::MIPI_DSI1_DATA2_P~0
5.000000e-12 (A)  W_Trace1334_Auto_2696::MIPI_DSI1_DATA2_P~0
5.000000e-12 (A)  W_Trace1334_Auto_2706::MIPI_DSI1_DATA2_P~0
5.000000e-12 (A)  W_Trace1336::MIPI_DSI1_DATA2_P~0
5.000000e-12 (A)  W_Trace1338::MIPI_DSI1_DATA2_P~0
5.000000e-12 (A)  W_Trace1338_Auto_2682::MIPI_DSI1_DATA2_P~0
5.000000e-12 (A)  W_Trace1338_Auto_2685::MIPI_DSI1_DATA2_P~0
5.000000e-12 (A)  W_Trace1338_Auto_2749::MIPI_DSI1_DATA2_P~0
5.000000e-12 (A)  W_Trace1338_Auto_2755::MIPI_DSI1_DATA2_P~0
5.000000e-12 (A)  W_Trace1338_Auto_2761::MIPI_DSI1_DATA2_P~0
-5.000000e-12 (A)  W_Trace1338_Auto_2806::MIPI_DSI1_DATA2_P~0
-5.000000e-12 (A)  W_Trace1338_Auto_2816::MIPI_DSI1_DATA2_P~0
5.000000e-12 (A)  W_Trace1340::MIPI_DSI1_DATA2_P~0
5.000000e-12 (A)  W_Trace1342_Auto_2637::MIPI_DSI1_DATA2_P~0
5.000000e-12 (A)  W_Trace1342_Auto_2657::MIPI_DSI1_DATA2_P~0
5.000000e-12 (A)  W_Trace1343::MIPI_DSI1_DATA2_P~0
5.000000e-12 (A)  W_Trace1344::MIPI_DSI1_DATA2_P~0
-5.000000e-12 (A)  W_Trace1345::MIPI_DSI1_DATA2_P~0
-5.000000e-12 (A)  W_Trace1345_Auto_2235::MIPI_DSI1_DATA2_P~0
-5.000000e-12 (A)  W_Trace1348::MIPI_DSI1_DATA1_N~0
5.000000e-12 (A)  W_Trace1350::MIPI_DSI1_DATA1_N~0
5.000000e-12 (A)  W_Trace1351::MIPI_DSI1_DATA1_N~0
5.000000e-12 (A)  W_Trace1353::MIPI_DSI1_DATA1_N~0
5.000000e-12 (A)  W_Trace1355::MIPI_DSI1_DATA1_N~0
5.000000e-12 (A)  W_Trace1356::MIPI_DSI1_DATA1_N~0
5.000000e-12 (A)  W_Trace1357::MIPI_DSI1_DATA1_N~0
5.000000e-12 (A)  W_Trace1359::MIPI_DSI1_DATA1_N~0
-5.000000e-12 (A)  W_Trace1363::MIPI_DSI1_DATA1_N~0
-5.000000e-12 (A)  W_Trace1374::MIPI_DSI1_DATA1_N~0
5.000000e-12 (A)  W_Trace1376_Auto_68::MIPI_DSI1_DATA1_N~0
-5.000000e-12 (A)  W_Trace1380::MIPI_DSI1_DATA1_N~0
-5.000000e-12 (A)  W_Trace1386::MIPI_DSI1_DATA1_N~0
-5.000000e-12 (A)  W_Trace1397::MIPI_DSI1_DATA1_N~0
5.000000e-12 (A)  W_Trace1401::MIPI_DSI1_DATA1_N~0
-5.000000e-12 (A)  W_Trace1409::MIPI_DSI1_DATA1_N~0
5.000000e-12 (A)  W_Trace1409_Auto_618::MIPI_DSI1_DATA1_N~0
-5.000000e-12 (A)  W_Trace1411::MIPI_DSI1_DATA1_N~0
5.000000e-12 (A)  W_Trace1413::MIPI_DSI1_DATA1_N~0
5.000000e-12 (A)  W_Trace1413_Auto_171::MIPI_DSI1_DATA1_N~0
-5.000000e-12 (A)  W_Trace1434::MIPI_DSI1_DATA1_N~0
-5.000000e-12 (A)  W_Trace1440::MIPI_DSI1_DATA1_N~0
-5.000000e-12 (A)  W_Trace1442::MIPI_DSI1_DATA1_N~0
5.000000e-12 (A)  W_Trace1443::MIPI_DSI1_DATA1_N~0
5.000000e-12 (A)  W_Trace1443_Auto_2700::MIPI_DSI1_DATA1_N~0
5.000000e-12 (A)  W_Trace1445::MIPI_DSI1_DATA1_N~0
5.000000e-12 (A)  W_Trace1451::MIPI_DSI1_DATA1_N~0
5.000000e-12 (A)  W_Trace1452::MIPI_DSI1_DATA1_N~0
5.000000e-12 (A)  W_Trace1453_Auto_2653::MIPI_DSI1_DATA1_N~0
-5.000000e-12 (A)  W_Trace1454::MIPI_DSI1_DATA1_N~0
-1.250004e-11 (A)  W_Trace1558::MIPI_DSI1_DATA1_P~0
-2.000003e-11 (A)  W_Trace1559_Auto_846::MIPI_DSI1_DATA1_P~0
-2.250005e-11 (A)  W_Trace1561::MIPI_DSI1_DATA1_P~0
2.750016e-11 (A)  W_Trace1565::MIPI_DSI1_DATA1_P~0
3.250010e-11 (A)  W_Trace1571::MIPI_DSI1_DATA1_P~0
4.000015e-11 (A)  W_Trace1573::MIPI_DSI1_DATA1_P~0
3.500013e-11 (A)  W_Trace1573_Auto_64::MIPI_DSI1_DATA1_P~0
-4.250012e-11 (A)  W_Trace1575::MIPI_DSI1_DATA1_P~0
-5.000014e-11 (A)  W_Trace1584_Auto_46::MIPI_DSI1_DATA1_P~0
-4.500012e-11 (A)  W_Trace1584_Auto_51::MIPI_DSI1_DATA1_P~0
5.250015e-11 (A)  W_Trace1588::MIPI_DSI1_DATA1_P~0
5.750016e-11 (A)  W_Trace1594::MIPI_DSI1_DATA1_P~0
6.000018e-11 (A)  W_Trace1596_Auto_47::MIPI_DSI1_DATA1_P~0
6.750017e-11 (A)  W_Trace1596_Auto_48::MIPI_DSI1_DATA1_P~0
7.000018e-11 (A)  W_Trace1605::MIPI_DSI1_DATA1_P~0
-7.250020e-11 (A)  W_Trace1607_Auto_54::MIPI_DSI1_DATA1_P~0
-7.750029e-11 (A)  W_Trace1607_Auto_55::MIPI_DSI1_DATA1_P~0
8.000028e-11 (A)  W_Trace1611::MIPI_DSI1_DATA1_P~0
8.500039e-11 (A)  W_Trace1615::MIPI_DSI1_DATA1_P~0
9.750045e-11 (A)  W_Trace1617::MIPI_DSI1_DATA1_P~0
1.000005e-10 (A)  W_Trace1619::MIPI_DSI1_DATA1_P~0
1.050005e-10 (A)  W_Trace1625::MIPI_DSI1_DATA1_P~0
1.100005e-10 (A)  W_Trace1636::MIPI_DSI1_DATA1_P~0
1.150006e-10 (A)  W_Trace1647::MIPI_DSI1_DATA1_P~0
1.200006e-10 (A)  W_Trace1649::MIPI_DSI1_DATA1_P~0
1.225006e-10 (A)  W_Trace1658#BP0::MIPI_DSI1_DATA1_P~0
-1.250006e-10 (A)  W_Trace1660::MIPI_DSI1_DATA1_P~0
1.300007e-10 (A)  W_Trace1664::MIPI_DSI1_DATA1_P~0
-1.450007e-10 (A)  W_Trace1666#BP0_Auto_161::MIPI_DSI1_DATA1_P~0
-1.400007e-10 (A)  W_Trace1666_Auto_169::MIPI_DSI1_DATA1_P~0
-1.350006e-10 (A)  W_Trace1666_Auto_173::MIPI_DSI1_DATA1_P~0
-1.525008e-10 (A)  W_Trace1668::MIPI_DSI1_DATA1_P~0
-1.600008e-10 (A)  W_Trace1672::MIPI_DSI1_DATA1_P~0
-1.675009e-10 (A)  W_Trace1673_Auto_2691::MIPI_DSI1_DATA1_P~0
-1.700010e-10 (A)  W_Trace1675::MIPI_DSI1_DATA1_P~0
-1.750009e-10 (A)  W_Trace1677::MIPI_DSI1_DATA1_P~0
-2.400013e-10 (A)  W_Trace1679::MIPI_DSI1_DATA1_P~0
-2.525013e-10 (A)  W_Trace1681_Auto_2661::MIPI_DSI1_DATA1_P~0
-2.575013e-10 (A)  W_Trace1682::MIPI_DSI1_DATA1_P~0
-2.650015e-10 (A)  W_Trace1684::MIPI_DSI1_DATA1_P~0
2.775016e-10 (A)  W_Trace1686::MIPI_DSI1_DATA1_P~0
2.725016e-10 (A)  W_Trace1686_Auto_2231::MIPI_DSI1_DATA1_P~0
-5.000000e-12 (A)  W_Trace2076::MIPI_DSI0_DATA2_N~0
5.000000e-12 (A)  W_Trace2077#BP0::MIPI_DSI0_DATA2_N~0
5.000000e-12 (A)  W_Trace2077#BP0_Auto_2212::MIPI_DSI0_DATA2_N~0
-5.000000e-12 (A)  W_Trace2081::MIPI_DSI0_DATA2_N~0
-5.000000e-12 (A)  W_Trace2087::MIPI_DSI0_DATA2_N~0
-5.000000e-12 (A)  W_Trace2093::MIPI_DSI0_DATA2_N~0
-5.000000e-12 (A)  W_Trace2099::MIPI_DSI0_DATA2_N~0
5.000000e-12 (A)  W_Trace2101_Auto_2766::MIPI_DSI0_DATA2_N~0
5.000000e-12 (A)  W_Trace2101_Auto_2768::MIPI_DSI0_DATA2_N~0
5.000000e-12 (A)  W_Trace2103::MIPI_DSI0_DATA2_N~0
-5.000000e-12 (A)  W_Trace2110::MIPI_DSI0_DATA2_N~0
-5.000000e-12 (A)  W_Trace2112_Auto_2771::MIPI_DSI0_DATA2_N~0
-5.000000e-12 (A)  W_Trace2112_Auto_2805::MIPI_DSI0_DATA2_N~0
-5.000000e-12 (A)  W_Trace2114::MIPI_DSI0_DATA2_N~0
5.000000e-12 (A)  W_Trace2116::MIPI_DSI0_DATA2_N~0
-5.000000e-12 (A)  W_Trace2119::MIPI_DSI0_DATA2_N~0
-5.000000e-12 (A)  W_Trace2120::MIPI_DSI0_DATA2_N~0
-5.000000e-12 (A)  W_Trace2120_Auto_2238::MIPI_DSI0_DATA2_N~0
-5.000000e-12 (A)  W_Trace2123::MIPI_DSI0_DATA2_N~0
5.000000e-12 (A)  W_Trace2124::MIPI_DSI0_DATA2_N~0
5.000000e-12 (A)  W_Trace2125::MIPI_DSI0_DATA2_N~0
5.000000e-12 (A)  W_Trace2126::MIPI_DSI0_DATA2_N~0
-5.000000e-12 (A)  W_Trace2129::MIPI_DSI0_DATA2_N~0
5.000000e-12 (A)  W_Trace2132_Auto_309::MIPI_DSI0_DATA2_N~0
5.000000e-12 (A)  W_Trace2133::MIPI_DSI0_DATA2_N~0
5.000000e-12 (A)  W_Trace2133_Auto_313::MIPI_DSI0_DATA2_N~0
-5.000000e-12 (A)  W_Trace2135::MIPI_DSI0_DATA2_N~0
5.000000e-12 (A)  W_Trace2136_Auto_2::MIPI_DSI0_DATA2_N~0
-5.000000e-12 (A)  W_Trace2139::MIPI_DSI0_DATA2_N~0
-6.500035e-11 (A)  W_Trace2599::MIPI_DSI0_DATA2_P~0
7.000036e-11 (A)  W_Trace2603::MIPI_DSI0_DATA2_P~0
8.000035e-11 (A)  W_Trace2605::MIPI_DSI0_DATA2_P~0
7.250040e-11 (A)  W_Trace2605_Auto_2217::MIPI_DSI0_DATA2_P~0
-8.250037e-11 (A)  W_Trace2607::MIPI_DSI0_DATA2_P~0
9.000043e-11 (A)  W_Trace2611_Auto_2807::MIPI_DSI0_DATA2_P~0
8.500037e-11 (A)  W_Trace2611_Auto_2814::MIPI_DSI0_DATA2_P~0
9.750051e-11 (A)  W_Trace2614::MIPI_DSI0_DATA2_P~0
-1.025006e-10 (A)  W_Trace2617::MIPI_DSI0_DATA2_P~0
-1.075007e-10 (A)  W_Trace2617_Auto_2639::MIPI_DSI0_DATA2_P~0
1.100007e-10 (A)  W_Trace2621::MIPI_DSI0_DATA2_P~0
1.175007e-10 (A)  W_Trace2632::MIPI_DSI0_DATA2_P~0
1.275008e-10 (A)  W_Trace2636::MIPI_DSI0_DATA2_P~0
-1.300008e-10 (A)  W_Trace2638::MIPI_DSI0_DATA2_P~0
-1.350008e-10 (A)  W_Trace2638_Auto_2221::MIPI_DSI0_DATA2_P~0
-1.375008e-10 (A)  W_Trace2640::MIPI_DSI0_DATA2_P~0
1.400008e-10 (A)  W_Trace2642_Auto_2236::MIPI_DSI0_DATA2_P~0
-1.500005e-11 (A)  W_Trace2644_Auto_204::MIPI_DSI0_DATA2_P~0
-1.750002e-11 (A)  W_Trace2645::MIPI_DSI0_DATA2_P~0
-2.500007e-11 (A)  W_Trace2647_Auto_305::MIPI_DSI0_DATA2_P~0
-2.750007e-11 (A)  W_Trace2648::MIPI_DSI0_DATA2_P~0
-3.750012e-11 (A)  W_Trace2650::MIPI_DSI0_DATA2_P~0
4.250020e-11 (A)  W_Trace2660::MIPI_DSI0_DATA2_P~0
-4.750028e-11 (A)  W_Trace2663::MIPI_DSI0_DATA2_P~0
5.000029e-11 (A)  W_Trace2666::MIPI_DSI0_DATA2_P~0
-5.250027e-11 (A)  W_Trace2667::MIPI_DSI0_DATA2_P~0
5.750031e-11 (A)  W_Trace2669::MIPI_DSI0_DATA2_P~0
5.000000e-12 (A)  W_Trace551::MIPI_DSI1_CLK_N~0
5.000000e-12 (A)  W_Trace555::MIPI_DSI1_CLK_N~0
-5.000000e-12 (A)  W_Trace557::MIPI_DSI1_CLK_N~0
-5.000000e-12 (A)  W_Trace557_Auto_8::MIPI_DSI1_CLK_N~0
-5.000000e-12 (A)  W_Trace559::MIPI_DSI1_CLK_N~0
-5.000000e-12 (A)  W_Trace561::MIPI_DSI1_CLK_N~0
-5.000000e-12 (A)  W_Trace562::MIPI_DSI1_CLK_N~0
-5.000000e-12 (A)  W_Trace573::MIPI_DSI1_CLK_N~0
-5.000000e-12 (A)  W_Trace574_Auto_18::MIPI_DSI1_CLK_N~0
-5.000000e-12 (A)  W_Trace575::MIPI_DSI1_CLK_N~0
5.000000e-12 (A)  W_Trace584::MIPI_DSI1_CLK_N~0
5.000000e-12 (A)  W_Trace586::MIPI_DSI1_CLK_N~0
-5.000000e-12 (A)  W_Trace588::MIPI_DSI1_CLK_N~0
-5.000000e-12 (A)  W_Trace598::MIPI_DSI1_CLK_N~0
-5.000000e-12 (A)  W_Trace598_Auto_27::MIPI_DSI1_CLK_N~0
5.000000e-12 (A)  W_Trace607::MIPI_DSI1_CLK_N~0
5.000000e-12 (A)  W_Trace610::MIPI_DSI1_CLK_N~0
5.000000e-12 (A)  W_Trace610_Auto_24::MIPI_DSI1_CLK_N~0
-5.000000e-12 (A)  W_Trace611::MIPI_DSI1_CLK_N~0
5.000000e-12 (A)  W_Trace627::MIPI_DSI1_CLK_N~0
5.000000e-12 (A)  W_Trace627_Auto_620::MIPI_DSI1_CLK_N~0
5.000000e-12 (A)  W_Trace627_Auto_626::MIPI_DSI1_CLK_N~0
5.000000e-12 (A)  W_Trace628_Auto_1194::MIPI_DSI1_CLK_N~0
-5.000000e-12 (A)  W_Trace630::MIPI_DSI1_CLK_N~0
5.000000e-12 (A)  W_Trace632_Auto_1235::MIPI_DSI1_CLK_N~0
-5.000000e-12 (A)  W_Trace633::MIPI_DSI1_CLK_N~0
5.000000e-12 (A)  W_Trace636::MIPI_DSI1_CLK_N~0
5.000000e-12 (A)  W_Trace636_Auto_860::MIPI_DSI1_CLK_N~0
5.000000e-12 (A)  W_Trace637::MIPI_DSI1_CLK_N~0
-5.000000e-12 (A)  W_Trace638::MIPI_DSI1_CLK_N~0
-5.000000e-12 (A)  W_Trace639::MIPI_DSI1_CLK_N~0
5.000000e-12 (A)  W_Trace641::MIPI_DSI1_CLK_N~0
5.000000e-12 (A)  W_Trace643::MIPI_DSI1_CLK_N~0
5.000000e-12 (A)  W_Trace643_Auto_2677::MIPI_DSI1_CLK_N~0
5.000000e-12 (A)  W_Trace643_Auto_2681::MIPI_DSI1_CLK_N~0
-5.000000e-12 (A)  W_Trace644_Auto_2738::MIPI_DSI1_CLK_N~0
-5.000000e-12 (A)  W_Trace646::MIPI_DSI1_CLK_N~0
-5.000000e-12 (A)  W_Trace648::MIPI_DSI1_CLK_N~0
-5.000000e-12 (A)  W_Trace648_Auto_2819::MIPI_DSI1_CLK_N~0
-5.000000e-12 (A)  W_Trace650::MIPI_DSI1_CLK_N~0
-5.000000e-12 (A)  W_Trace652::MIPI_DSI1_CLK_N~0
-5.000000e-12 (A)  W_Trace652_Auto_2703::MIPI_DSI1_CLK_N~0
-5.000000e-12 (A)  W_Trace654::MIPI_DSI1_CLK_N~0
2.050010e-10 (A)  W_Trace659::MIPI_DSI1_CLK_P~0
2.025010e-10 (A)  W_Trace661#BP0::MIPI_DSI1_CLK_P~0
1.975010e-10 (A)  W_Trace661#BP0_Auto_4::MIPI_DSI1_CLK_P~0
1.950010e-10 (A)  W_Trace663::MIPI_DSI1_CLK_P~0
1.925010e-10 (A)  W_Trace665::MIPI_DSI1_CLK_P~0
1.875009e-10 (A)  W_Trace667::MIPI_DSI1_CLK_P~0
-1.825008e-10 (A)  W_Trace679::MIPI_DSI1_CLK_P~0
1.775008e-10 (A)  W_Trace681_Auto_46::MIPI_DSI1_CLK_P~0
1.750008e-10 (A)  W_Trace682::MIPI_DSI1_CLK_P~0
1.675007e-10 (A)  W_Trace683_Auto_38::MIPI_DSI1_CLK_P~0
1.625006e-10 (A)  W_Trace683_Auto_44::MIPI_DSI1_CLK_P~0
1.600006e-10 (A)  W_Trace685::MIPI_DSI1_CLK_P~0
-1.400005e-10 (A)  W_Trace694::MIPI_DSI1_CLK_P~0
-1.575006e-10 (A)  W_Trace694_Auto_32::MIPI_DSI1_CLK_P~0
-1.525006e-10 (A)  W_Trace694_Auto_34::MIPI_DSI1_CLK_P~0
-1.375005e-10 (A)  W_Trace704::MIPI_DSI1_CLK_P~0
1.350005e-10 (A)  W_Trace706::MIPI_DSI1_CLK_P~0
1.175005e-10 (A)  W_Trace706_Auto_29::MIPI_DSI1_CLK_P~0
1.225005e-10 (A)  W_Trace706_Auto_33::MIPI_DSI1_CLK_P~0
1.150005e-10 (A)  W_Trace708::MIPI_DSI1_CLK_P~0
-1.075005e-10 (A)  W_Trace715::MIPI_DSI1_CLK_P~0
-1.000005e-10 (A)  W_Trace716::MIPI_DSI1_CLK_P~0
-1.050005e-10 (A)  W_Trace716_Auto_21::MIPI_DSI1_CLK_P~0
-9.750044e-11 (A)  W_Trace722::MIPI_DSI1_CLK_P~0
-9.500040e-11 (A)  W_Trace727::MIPI_DSI1_CLK_P~0
9.250037e-11 (A)  W_Trace730::MIPI_DSI1_CLK_P~0
8.750029e-11 (A)  W_Trace730_Auto_25::MIPI_DSI1_CLK_P~0
-8.500030e-11 (A)  W_Trace733::MIPI_DSI1_CLK_P~0
-7.250027e-11 (A)  W_Trace735::MIPI_DSI1_CLK_P~0
-7.750029e-11 (A)  W_Trace735_Auto_616::MIPI_DSI1_CLK_P~0
-8.250034e-11 (A)  W_Trace735_Auto_617::MIPI_DSI1_CLK_P~0
-3.750014e-11 (A)  W_Trace736::MIPI_DSI1_CLK_P~0
-4.250012e-11 (A)  W_Trace736_Auto_1192::MIPI_DSI1_CLK_P~0
3.500016e-11 (A)  W_Trace738::MIPI_DSI1_CLK_P~0
-2.500009e-11 (A)  W_Trace742::MIPI_DSI1_CLK_P~0
-1.750010e-11 (A)  W_Trace744::MIPI_DSI1_CLK_P~0
-1.250007e-11 (A)  W_Trace745::MIPI_DSI1_CLK_P~0
2.825013e-10 (A)  W_Trace748_Auto_2226::MIPI_DSI1_CLK_P~0
-2.800013e-10 (A)  W_Trace749_Auto_2669::MIPI_DSI1_CLK_P~0
-2.750013e-10 (A)  W_Trace751_Auto_2675::MIPI_DSI1_CLK_P~0
2.700013e-10 (A)  W_Trace752::MIPI_DSI1_CLK_P~0
-2.625012e-10 (A)  W_Trace753::MIPI_DSI1_CLK_P~0
-2.675012e-10 (A)  W_Trace753_Auto_2679::MIPI_DSI1_CLK_P~0
2.375011e-10 (A)  W_Trace757::MIPI_DSI1_CLK_P~0
2.350010e-10 (A)  W_Trace759::MIPI_DSI1_CLK_P~0
2.300010e-10 (A)  W_Trace761::MIPI_DSI1_CLK_P~0
-2.250010e-10 (A)  W_Trace767::MIPI_DSI1_CLK_P~0
-2.225010e-10 (A)  W_Trace769_Auto_2898::MIPI_DSI1_CLK_P~0
-2.175010e-10 (A)  W_Trace778::MIPI_DSI1_CLK_P~0
-2.125009e-10 (A)  W_Trace792::MIPI_DSI1_CLK_P~0
-5.000000e-12 (A)  W_Trace797::MIPI_DSI1_DATA3_N~0
5.000000e-12 (A)  W_Trace799::MIPI_DSI1_DATA3_N~0
5.000000e-12 (A)  W_Trace800_Auto_829::MIPI_DSI1_DATA3_N~0
5.000000e-12 (A)  W_Trace800_Auto_868::MIPI_DSI1_DATA3_N~0
-5.000000e-12 (A)  W_Trace802::MIPI_DSI1_DATA3_N~0
5.000000e-12 (A)  W_Trace803::MIPI_DSI1_DATA3_N~0
5.000000e-12 (A)  W_Trace803_Auto_1227::MIPI_DSI1_DATA3_N~0
5.000000e-12 (A)  W_Trace805::MIPI_DSI1_DATA3_N~0
5.000000e-12 (A)  W_Trace807::MIPI_DSI1_DATA3_N~0
5.000000e-12 (A)  W_Trace807_Auto_1198::MIPI_DSI1_DATA3_N~0
-5.000000e-12 (A)  W_Trace809::MIPI_DSI1_DATA3_N~0
5.000000e-12 (A)  W_Trace811::MIPI_DSI1_DATA3_N~0
-5.000000e-12 (A)  W_Trace815::MIPI_DSI1_DATA3_N~0
5.000000e-12 (A)  W_Trace816::MIPI_DSI1_DATA3_N~0
5.000000e-12 (A)  W_Trace818::MIPI_DSI1_DATA3_N~0
5.000000e-12 (A)  W_Trace821::MIPI_DSI1_DATA3_N~0
5.000000e-12 (A)  W_Trace823::MIPI_DSI1_DATA3_N~0
-5.000000e-12 (A)  W_Trace832::MIPI_DSI1_DATA3_N~0
5.000000e-12 (A)  W_Trace834#BP0_Auto_2900::MIPI_DSI1_DATA3_N~0
-5.000000e-12 (A)  W_Trace854::MIPI_DSI1_DATA3_N~0
5.000000e-12 (A)  W_Trace856::MIPI_DSI1_DATA3_N~0
5.000000e-12 (A)  W_Trace856_Auto_2905::MIPI_DSI1_DATA3_N~0
5.000000e-12 (A)  W_Trace858::MIPI_DSI1_DATA3_N~0
5.000000e-12 (A)  W_Trace860::MIPI_DSI1_DATA3_N~0
-5.000000e-12 (A)  W_Trace864::MIPI_DSI1_DATA3_N~0
5.000000e-12 (A)  W_Trace869::MIPI_DSI1_DATA3_N~0
1.300005e-10 (A)  W_Trace877::MIPI_DSI1_DATA3_P~0
-1.325005e-10 (A)  W_Trace879::MIPI_DSI1_DATA3_P~0
1.375005e-10 (A)  W_Trace883::MIPI_DSI1_DATA3_P~0
1.450005e-10 (A)  W_Trace894::MIPI_DSI1_DATA3_P~0
1.525006e-10 (A)  W_Trace905::MIPI_DSI1_DATA3_P~0
1.550006e-10 (A)  W_Trace907_Auto_2901::MIPI_DSI1_DATA3_P~0
1.600006e-10 (A)  W_Trace916::MIPI_DSI1_DATA3_P~0
1.650006e-10 (A)  W_Trace922::MIPI_DSI1_DATA3_P~0
1.700007e-10 (A)  W_Trace926::MIPI_DSI1_DATA3_P~0
-1.725007e-10 (A)  W_Trace928::MIPI_DSI1_DATA3_P~0
-1.775007e-10 (A)  W_Trace928_Auto_2908::MIPI_DSI1_DATA3_P~0
1.800008e-10 (A)  W_Trace932::MIPI_DSI1_DATA3_P~0
-1.825008e-10 (A)  W_Trace934::MIPI_DSI1_DATA3_P~0
-1.875008e-10 (A)  W_Trace934_Auto_2910::MIPI_DSI1_DATA3_P~0
-1.900009e-10 (A)  W_Trace935::MIPI_DSI1_DATA3_P~0
-1.950009e-10 (A)  W_Trace935_Auto_2912::MIPI_DSI1_DATA3_P~0
-1.975009e-10 (A)  W_Trace936::MIPI_DSI1_DATA3_P~0
-2.025009e-10 (A)  W_Trace937::MIPI_DSI1_DATA3_P~0
-1.500006e-11 (A)  W_Trace943_Auto_827::MIPI_DSI1_DATA3_P~0
-2.250002e-11 (A)  W_Trace943_Auto_866::MIPI_DSI1_DATA3_P~0
-4.000002e-11 (A)  W_Trace944::MIPI_DSI1_DATA3_P~0
-4.500005e-11 (A)  W_Trace945_Auto_821::MIPI_DSI1_DATA3_P~0
-6.000010e-11 (A)  W_Trace948::MIPI_DSI1_DATA3_P~0
-7.000024e-11 (A)  W_Trace950_Auto_1196::MIPI_DSI1_DATA3_P~0
1.050004e-10 (A)  W_Trace952::MIPI_DSI1_DATA3_P~0
1.100004e-10 (A)  W_Trace958::MIPI_DSI1_DATA3_P~0
1.150003e-10 (A)  W_Trace962::MIPI_DSI1_DATA3_P~0
-1.225004e-10 (A)  W_Trace966::MIPI_DSI1_DATA3_P~0
1.250007e-11 (A)  W_Trace971::MIPI_DSI1_DATA2_N~0
-1.500010e-11 (A)  W_Trace973::MIPI_DSI1_DATA2_N~0
-2.000016e-11 (A)  W_Trace974_Auto_825::MIPI_DSI1_DATA2_N~0
-2.750016e-11 (A)  W_Trace974_Auto_864::MIPI_DSI1_DATA2_N~0
-3.500019e-11 (A)  W_Trace975::MIPI_DSI1_DATA2_N~0
4.500018e-11 (A)  W_Trace978::MIPI_DSI1_DATA2_N~0
-5.500021e-11 (A)  W_Trace980::MIPI_DSI1_DATA2_N~0
6.000025e-11 (A)  W_Trace983::MIPI_DSI1_DATA2_N~0
-6.750024e-11 (A)  W_Trace986::MIPI_DSI1_DATA2_N~0
-7.000030e-11 (A)  W_Trace988::MIPI_DSI1_DATA2_N~0
-8.000028e-11 (A)  W_Trace988_Auto_2917::MIPI_DSI1_DATA2_N~0
-8.250029e-11 (A)  W_Trace989::MIPI_DSI1_DATA2_N~0
-8.750027e-11 (A)  W_Trace989_Auto_2923::MIPI_DSI1_DATA2_N~0
9.000033e-11 (A)  W_Trace999::MIPI_DSI1_DATA2_N~0
1.225003e-10 (A)  WCPL_Trace1024::MIPI_DSI1_DATA2_N~0
-5.000000e-12 (A)  WCPL_Trace1024::MIPI_DSI1_DATA2_N~1
1.200004e-10 (A)  WCPL_Trace1024_Auto_2933::MIPI_DSI1_DATA2_N~0
-5.000000e-12 (A)  WCPL_Trace1024_Auto_2933::MIPI_DSI1_DATA2_N~1
5.000000e-12 (A)  WCPL_Trace1024_Auto_2933::MIPI_DSI1_DATA2_N~2
-1.050003e-10 (A)  WCPL_Trace1024_Auto_2933::MIPI_DSI1_DATA2_N~3
9.500033e-11 (A)  WCPL_Trace1024_Auto_2933::MIPI_DSI1_DATA2_N~4
-5.000000e-12 (A)  WCPL_Trace1024_Auto_2933::MIPI_DSI1_DATA2_N~5
5.000000e-12 (A)  WCPL_Trace1024_Auto_2933::MIPI_DSI1_DATA2_N~6
-8.500029e-11 (A)  WCPL_Trace1024_Auto_2933::MIPI_DSI1_DATA2_N~7
1.175004e-10 (A)  WCPL_Trace1024_Auto_2942::MIPI_DSI1_DATA2_N~0
-5.000000e-12 (A)  WCPL_Trace1024_Auto_2942::MIPI_DSI1_DATA2_N~1
5.000000e-12 (A)  WCPL_Trace1024_Auto_2942::MIPI_DSI1_DATA2_N~2
-1.075003e-10 (A)  WCPL_Trace1024_Auto_2942::MIPI_DSI1_DATA2_N~3
1.550005e-10 (A)  WCPL_Trace1056::MIPI_DSI1_DATA2_N~0
-1.500004e-10 (A)  WCPL_Trace1056::MIPI_DSI1_DATA2_N~1
-1.800005e-10 (A)  WCPL_Trace1067#BP1_Auto_2640::MIPI_DSI1_DATA2_N~0
-1.550008e-10 (A)  WCPL_Trace1067#BP1_Auto_2640::MIPI_DSI1_DATA2_N~1
-1.850006e-10 (A)  WCPL_Trace1067#BP1_Auto_2701::MIPI_DSI1_DATA2_N~0
-1.625009e-10 (A)  WCPL_Trace1067#BP1_Auto_2701::MIPI_DSI1_DATA2_N~1
-1.825005e-10 (A)  WCPL_Trace1067#BP1_Auto_2704::MIPI_DSI1_DATA2_N~0
-1.575008e-10 (A)  WCPL_Trace1067#BP1_Auto_2704::MIPI_DSI1_DATA2_N~1
-2.075007e-10 (A)  WCPL_Trace1082::MIPI_DSI1_DATA2_N~0
-1.825010e-10 (A)  WCPL_Trace1082::MIPI_DSI1_DATA2_N~1
5.000000e-12 (A)  WCPL_Trace1082::MIPI_DSI1_DATA2_N~2
-2.175008e-10 (A)  WCPL_Trace1104::MIPI_DSI1_DATA2_N~0
-1.925010e-10 (A)  WCPL_Trace1104::MIPI_DSI1_DATA2_N~1
5.000000e-12 (A)  WCPL_Trace1104::MIPI_DSI1_DATA2_N~2
-2.275008e-10 (A)  WCPL_Trace1126::MIPI_DSI1_DATA2_N~0
-2.025011e-10 (A)  WCPL_Trace1126::MIPI_DSI1_DATA2_N~1
5.000000e-12 (A)  WCPL_Trace1126::MIPI_DSI1_DATA2_N~2
-2.375008e-10 (A)  WCPL_Trace1148::MIPI_DSI1_DATA2_N~0
-2.125012e-10 (A)  WCPL_Trace1148::MIPI_DSI1_DATA2_N~1
5.000000e-12 (A)  WCPL_Trace1148::MIPI_DSI1_DATA2_N~2
-2.525009e-10 (A)  WCPL_Trace1170_Auto_2741::MIPI_DSI1_DATA2_N~0
-2.250013e-10 (A)  WCPL_Trace1170_Auto_2741::MIPI_DSI1_DATA2_N~1
5.000000e-12 (A)  WCPL_Trace1170_Auto_2741::MIPI_DSI1_DATA2_N~2
-2.425012e-10 (A)  WCPL_Trace1170_Auto_2741::MIPI_DSI1_DATA2_N~3
5.000000e-12 (A)  WCPL_Trace1170_Auto_2741::MIPI_DSI1_DATA2_N~4
-2.500009e-10 (A)  WCPL_Trace1170_Auto_2746::MIPI_DSI1_DATA2_N~0
-2.225012e-10 (A)  WCPL_Trace1170_Auto_2746::MIPI_DSI1_DATA2_N~1
5.000000e-12 (A)  WCPL_Trace1170_Auto_2746::MIPI_DSI1_DATA2_N~2
-2.400011e-10 (A)  WCPL_Trace1170_Auto_2746::MIPI_DSI1_DATA2_N~3
-2.675009e-10 (A)  WCPL_Trace1183::MIPI_DSI1_DATA2_N~0
-2.450013e-10 (A)  WCPL_Trace1183::MIPI_DSI1_DATA2_N~1
5.000000e-12 (A)  WCPL_Trace1183::MIPI_DSI1_DATA2_N~2
5.000000e-12 (A)  WCPL_Trace1188::MIPI_DSI1_DATA2_P~0
-3.250015e-11 (A)  WCPL_Trace1188::MIPI_DSI1_DATA2_P~1
-2.750002e-11 (A)  WCPL_Trace1188::MIPI_DSI1_DATA2_P~2
5.000000e-12 (A)  WCPL_Trace1188::MIPI_DSI1_DATA2_P~3
5.000000e-12 (A)  WCPL_Trace1188_Auto_837::MIPI_DSI1_DATA2_P~0
-3.750017e-11 (A)  WCPL_Trace1188_Auto_837::MIPI_DSI1_DATA2_P~1
-2.999999e-11 (A)  WCPL_Trace1188_Auto_837::MIPI_DSI1_DATA2_P~2
5.000000e-12 (A)  WCPL_Trace1188_Auto_837::MIPI_DSI1_DATA2_P~3
5.000000e-12 (A)  WCPL_Trace1190::MIPI_DSI1_DATA2_P~0
-4.000018e-11 (A)  WCPL_Trace1190::MIPI_DSI1_DATA2_P~1
-3.250000e-11 (A)  WCPL_Trace1190::MIPI_DSI1_DATA2_P~2
5.000000e-12 (A)  WCPL_Trace1190::MIPI_DSI1_DATA2_P~3
5.000000e-12 (A)  WCPL_Trace1192::MIPI_DSI1_DATA2_P~0
-4.250016e-11 (A)  WCPL_Trace1192::MIPI_DSI1_DATA2_P~1
-3.500000e-11 (A)  WCPL_Trace1192::MIPI_DSI1_DATA2_P~2
5.000000e-12 (A)  WCPL_Trace1192::MIPI_DSI1_DATA2_P~3
5.000000e-12 (A)  WCPL_Trace1193::MIPI_DSI1_DATA2_P~0
-5.000017e-11 (A)  WCPL_Trace1193::MIPI_DSI1_DATA2_P~1
-5.250007e-11 (A)  WCPL_Trace1193::MIPI_DSI1_DATA2_P~2
5.000000e-12 (A)  WCPL_Trace1193::MIPI_DSI1_DATA2_P~3
5.000000e-12 (A)  WCPL_Trace1194::MIPI_DSI1_DATA2_P~0
-5.750020e-11 (A)  WCPL_Trace1194::MIPI_DSI1_DATA2_P~1
5.000000e-12 (A)  WCPL_Trace1208#BP1_Auto_2918::MIPI_DSI1_DATA2_P~0
-7.250030e-11 (A)  WCPL_Trace1208#BP1_Auto_2918::MIPI_DSI1_DATA2_P~1
5.000000e-12 (A)  WCPL_Trace1209::MIPI_DSI1_DATA2_P~0
-7.500024e-11 (A)  WCPL_Trace1209::MIPI_DSI1_DATA2_P~1
5.000000e-12 (A)  WCPL_Trace1210_Auto_2916::MIPI_DSI1_DATA2_P~0
-7.750025e-11 (A)  WCPL_Trace1210_Auto_2916::MIPI_DSI1_DATA2_P~1
5.000000e-12 (A)  WCPL_Trace1236_Auto_2936::MIPI_DSI1_DATA2_P~0
-1.025003e-10 (A)  WCPL_Trace1236_Auto_2936::MIPI_DSI1_DATA2_P~1
9.750032e-11 (A)  WCPL_Trace1236_Auto_2936::MIPI_DSI1_DATA2_P~2
-5.000000e-12 (A)  WCPL_Trace1236_Auto_2936::MIPI_DSI1_DATA2_P~3
5.000000e-12 (A)  WCPL_Trace1253_Auto_2199::MIPI_DSI1_DATA2_P~0
-1.275003e-10 (A)  WCPL_Trace1253_Auto_2199::MIPI_DSI1_DATA2_P~1
5.000000e-12 (A)  WCPL_Trace1258_Auto_2202::MIPI_DSI1_DATA2_P~0
-1.350004e-10 (A)  WCPL_Trace1258_Auto_2202::MIPI_DSI1_DATA2_P~1
5.000000e-12 (A)  WCPL_Trace1262::MIPI_DSI1_DATA2_P~0
-1.450004e-10 (A)  WCPL_Trace1262::MIPI_DSI1_DATA2_P~1
5.000000e-12 (A)  WCPL_Trace1266::MIPI_DSI1_DATA2_P~0
-1.675005e-10 (A)  WCPL_Trace1266::MIPI_DSI1_DATA2_P~1
5.000000e-12 (A)  WCPL_Trace1267_Auto_2207::MIPI_DSI1_DATA2_P~0
-1.700004e-10 (A)  WCPL_Trace1267_Auto_2207::MIPI_DSI1_DATA2_P~1
5.000000e-12 (A)  WCPL_Trace1284::MIPI_DSI1_DATA2_P~0
-5.000000e-12 (A)  WCPL_Trace1284::MIPI_DSI1_DATA2_P~1
5.000000e-12 (A)  WCPL_Trace1328::MIPI_DSI1_DATA2_P~0
-5.000000e-12 (A)  WCPL_Trace1328::MIPI_DSI1_DATA2_P~1
5.000000e-12 (A)  WCPL_Trace1328::MIPI_DSI1_DATA2_P~2
5.000000e-12 (A)  WCPL_Trace1334_Auto_2695::MIPI_DSI1_DATA2_P~0
-1.875007e-10 (A)  WCPL_Trace1334_Auto_2695::MIPI_DSI1_DATA2_P~1
-1.650009e-10 (A)  WCPL_Trace1334_Auto_2695::MIPI_DSI1_DATA2_P~2
5.000000e-12 (A)  WCPL_Trace1334_Auto_2695::MIPI_DSI1_DATA2_P~3
5.000000e-12 (A)  WCPL_Trace1334_Auto_2705::MIPI_DSI1_DATA2_P~0
-1.900007e-10 (A)  WCPL_Trace1334_Auto_2705::MIPI_DSI1_DATA2_P~1
5.000000e-12 (A)  WCPL_Trace1338_Auto_2666::MIPI_DSI1_DATA2_P~0
-1.975007e-10 (A)  WCPL_Trace1338_Auto_2666::MIPI_DSI1_DATA2_P~1
-1.725010e-10 (A)  WCPL_Trace1338_Auto_2666::MIPI_DSI1_DATA2_P~2
5.000000e-12 (A)  WCPL_Trace1338_Auto_2689::MIPI_DSI1_DATA2_P~0
-2.025007e-10 (A)  WCPL_Trace1338_Auto_2689::MIPI_DSI1_DATA2_P~1
-1.775010e-10 (A)  WCPL_Trace1338_Auto_2689::MIPI_DSI1_DATA2_P~2
5.000000e-12 (A)  WCPL_Trace1338_Auto_2689::MIPI_DSI1_DATA2_P~3
5.000000e-12 (A)  WCPL_Trace1338_Auto_2707::MIPI_DSI1_DATA2_P~0
-2.425008e-10 (A)  WCPL_Trace1338_Auto_2707::MIPI_DSI1_DATA2_P~1
-2.175012e-10 (A)  WCPL_Trace1338_Auto_2707::MIPI_DSI1_DATA2_P~2
5.000000e-12 (A)  WCPL_Trace1338_Auto_2707::MIPI_DSI1_DATA2_P~3
5.000000e-12 (A)  WCPL_Trace1338_Auto_2748::MIPI_DSI1_DATA2_P~0
-2.225008e-10 (A)  WCPL_Trace1338_Auto_2748::MIPI_DSI1_DATA2_P~1
-1.975011e-10 (A)  WCPL_Trace1338_Auto_2748::MIPI_DSI1_DATA2_P~2
5.000000e-12 (A)  WCPL_Trace1338_Auto_2748::MIPI_DSI1_DATA2_P~3
5.000000e-12 (A)  WCPL_Trace1338_Auto_2754::MIPI_DSI1_DATA2_P~0
-2.325009e-10 (A)  WCPL_Trace1338_Auto_2754::MIPI_DSI1_DATA2_P~1
-2.075011e-10 (A)  WCPL_Trace1338_Auto_2754::MIPI_DSI1_DATA2_P~2
5.000000e-12 (A)  WCPL_Trace1338_Auto_2754::MIPI_DSI1_DATA2_P~3
5.000000e-12 (A)  WCPL_Trace1338_Auto_2760::MIPI_DSI1_DATA2_P~0
-2.125008e-10 (A)  WCPL_Trace1338_Auto_2760::MIPI_DSI1_DATA2_P~1
-1.875011e-10 (A)  WCPL_Trace1338_Auto_2760::MIPI_DSI1_DATA2_P~2
5.000000e-12 (A)  WCPL_Trace1338_Auto_2760::MIPI_DSI1_DATA2_P~3
-5.000000e-12 (A)  WCPL_Trace1338_Auto_2815::MIPI_DSI1_DATA2_P~0
8.750042e-11 (A)  WCPL_Trace1338_Auto_2815::MIPI_DSI1_DATA2_P~1
-5.000000e-12 (A)  WCPL_Trace1338_Auto_2815::MIPI_DSI1_DATA2_P~2
5.000000e-12 (A)  WCPL_Trace1342::MIPI_DSI1_DATA2_P~0
-2.750011e-10 (A)  WCPL_Trace1342::MIPI_DSI1_DATA2_P~1
-2.500014e-10 (A)  WCPL_Trace1342::MIPI_DSI1_DATA2_P~2
5.000000e-12 (A)  WCPL_Trace1342::MIPI_DSI1_DATA2_P~3
5.000000e-12 (A)  WCPL_Trace1342_Auto_2635::MIPI_DSI1_DATA2_P~0
-2.925012e-10 (A)  WCPL_Trace1342_Auto_2635::MIPI_DSI1_DATA2_P~1
-2.700015e-10 (A)  WCPL_Trace1342_Auto_2635::MIPI_DSI1_DATA2_P~2
5.000000e-12 (A)  WCPL_Trace1342_Auto_2636::MIPI_DSI1_DATA2_P~0
-2.950012e-10 (A)  WCPL_Trace1342_Auto_2636::MIPI_DSI1_DATA2_P~1
5.000000e-12 (A)  WCPL_Trace1342_Auto_2643::MIPI_DSI1_DATA2_P~0
-2.900012e-10 (A)  WCPL_Trace1342_Auto_2643::MIPI_DSI1_DATA2_P~1
5.000000e-12 (A)  WCPL_Trace1342_Auto_2650::MIPI_DSI1_DATA2_P~0
-2.850012e-10 (A)  WCPL_Trace1342_Auto_2650::MIPI_DSI1_DATA2_P~1
-2.600014e-10 (A)  WCPL_Trace1342_Auto_2650::MIPI_DSI1_DATA2_P~2
5.000000e-12 (A)  WCPL_Trace1342_Auto_2650::MIPI_DSI1_DATA2_P~3
5.000000e-12 (A)  WCPL_Trace1342_Auto_2656::MIPI_DSI1_DATA2_P~0
-2.800011e-10 (A)  WCPL_Trace1342_Auto_2656::MIPI_DSI1_DATA2_P~1
-2.550013e-10 (A)  WCPL_Trace1342_Auto_2656::MIPI_DSI1_DATA2_P~2
5.000000e-12 (A)  WCPL_Trace1342_Auto_2656::MIPI_DSI1_DATA2_P~3
5.000000e-12 (A)  WCPL_Trace1343_Auto_2224::MIPI_DSI1_DATA2_P~0
-2.975012e-10 (A)  WCPL_Trace1343_Auto_2224::MIPI_DSI1_DATA2_P~1
-2.675015e-10 (A)  WCPL_Trace1343_Auto_2224::MIPI_DSI1_DATA2_P~2
5.000000e-12 (A)  WCPL_Trace1357_Auto_1190::MIPI_DSI1_DATA1_N~0
-4.000014e-11 (A)  WCPL_Trace1357_Auto_1190::MIPI_DSI1_DATA1_N~1
5.000000e-12 (A)  WCPL_Trace1357_Auto_1190::MIPI_DSI1_DATA1_N~2
-6.750017e-11 (A)  WCPL_Trace1357_Auto_1190::MIPI_DSI1_DATA1_N~3
5.000000e-12 (A)  WCPL_Trace1357_Auto_1190::MIPI_DSI1_DATA1_N~4
5.000000e-12 (A)  WCPL_Trace1360::MIPI_DSI1_DATA1_N~0
-4.750015e-11 (A)  WCPL_Trace1360::MIPI_DSI1_DATA1_N~1
5.000000e-12 (A)  WCPL_Trace1360::MIPI_DSI1_DATA1_N~2
-7.500021e-11 (A)  WCPL_Trace1360::MIPI_DSI1_DATA1_N~3
5.000000e-12 (A)  WCPL_Trace1360::MIPI_DSI1_DATA1_N~4
5.000000e-12 (A)  WCPL_Trace1376_Auto_67::MIPI_DSI1_DATA1_N~0
-5.000000e-12 (A)  WCPL_Trace1376_Auto_67::MIPI_DSI1_DATA1_N~1
5.000000e-12 (A)  WCPL_Trace1382::MIPI_DSI1_DATA1_N~0
-5.250015e-11 (A)  WCPL_Trace1382::MIPI_DSI1_DATA1_N~1
5.000000e-12 (A)  WCPL_Trace1382::MIPI_DSI1_DATA1_N~2
-8.000021e-11 (A)  WCPL_Trace1382::MIPI_DSI1_DATA1_N~3
5.000000e-12 (A)  WCPL_Trace1382::MIPI_DSI1_DATA1_N~4
5.000000e-12 (A)  WCPL_Trace1383::MIPI_DSI1_DATA1_N~0
-5.750024e-11 (A)  WCPL_Trace1383::MIPI_DSI1_DATA1_N~1
5.000000e-12 (A)  WCPL_Trace1383::MIPI_DSI1_DATA1_N~2
-8.500025e-11 (A)  WCPL_Trace1383::MIPI_DSI1_DATA1_N~3
5.000000e-12 (A)  WCPL_Trace1383::MIPI_DSI1_DATA1_N~4
5.000000e-12 (A)  WCPL_Trace1399_Auto_52::MIPI_DSI1_DATA1_N~0
-5.000000e-12 (A)  WCPL_Trace1399_Auto_52::MIPI_DSI1_DATA1_N~1
6.500018e-11 (A)  WCPL_Trace1399_Auto_52::MIPI_DSI1_DATA1_N~2
5.000000e-12 (A)  WCPL_Trace1399_Auto_53::MIPI_DSI1_DATA1_N~0
-5.000000e-12 (A)  WCPL_Trace1399_Auto_53::MIPI_DSI1_DATA1_N~1
5.000000e-12 (A)  WCPL_Trace1405::MIPI_DSI1_DATA1_N~0
-6.250018e-11 (A)  WCPL_Trace1405::MIPI_DSI1_DATA1_N~1
5.000000e-12 (A)  WCPL_Trace1405::MIPI_DSI1_DATA1_N~2
-9.000024e-11 (A)  WCPL_Trace1405::MIPI_DSI1_DATA1_N~3
5.000000e-12 (A)  WCPL_Trace1405::MIPI_DSI1_DATA1_N~4
5.000000e-12 (A)  WCPL_Trace1406::MIPI_DSI1_DATA1_N~0
-6.750026e-11 (A)  WCPL_Trace1406::MIPI_DSI1_DATA1_N~1
5.000000e-12 (A)  WCPL_Trace1406::MIPI_DSI1_DATA1_N~2
-9.500032e-11 (A)  WCPL_Trace1406::MIPI_DSI1_DATA1_N~3
5.000000e-12 (A)  WCPL_Trace1406::MIPI_DSI1_DATA1_N~4
5.000000e-12 (A)  WCPL_Trace1407::MIPI_DSI1_DATA1_N~0
-7.500026e-11 (A)  WCPL_Trace1407::MIPI_DSI1_DATA1_N~1
5.000000e-12 (A)  WCPL_Trace1407::MIPI_DSI1_DATA1_N~2
5.000000e-12 (A)  WCPL_Trace1449::MIPI_DSI1_DATA1_N~0
-2.650012e-10 (A)  WCPL_Trace1449::MIPI_DSI1_DATA1_N~1
5.000000e-12 (A)  WCPL_Trace1449::MIPI_DSI1_DATA1_N~2
-1.500003e-11 (A)  WCPL_Trace1558_Auto_751::MIPI_DSI1_DATA1_P~0
5.000000e-12 (A)  WCPL_Trace1558_Auto_751::MIPI_DSI1_DATA1_P~1
-1.500009e-11 (A)  WCPL_Trace1558_Auto_751::MIPI_DSI1_DATA1_P~2
5.000000e-12 (A)  WCPL_Trace1558_Auto_751::MIPI_DSI1_DATA1_P~3
5.000000e-12 (A)  WCPL_Trace1558_Auto_751::MIPI_DSI1_DATA1_P~4
-1.750008e-11 (A)  WCPL_Trace1558_Auto_751::MIPI_DSI1_DATA1_P~5
-1.250004e-11 (A)  WCPL_Trace1558_Auto_751::MIPI_DSI1_DATA1_P~6
5.000000e-12 (A)  WCPL_Trace1558_Auto_751::MIPI_DSI1_DATA1_P~7
-1.750005e-11 (A)  WCPL_Trace1559::MIPI_DSI1_DATA1_P~0
5.000000e-12 (A)  WCPL_Trace1559::MIPI_DSI1_DATA1_P~1
-2.000011e-11 (A)  WCPL_Trace1559::MIPI_DSI1_DATA1_P~2
5.000000e-12 (A)  WCPL_Trace1559::MIPI_DSI1_DATA1_P~3
5.000000e-12 (A)  WCPL_Trace1559::MIPI_DSI1_DATA1_P~4
-2.250013e-11 (A)  WCPL_Trace1559::MIPI_DSI1_DATA1_P~5
-1.750005e-11 (A)  WCPL_Trace1559::MIPI_DSI1_DATA1_P~6
5.000000e-12 (A)  WCPL_Trace1559::MIPI_DSI1_DATA1_P~7
-2.500011e-11 (A)  WCPL_Trace1563::MIPI_DSI1_DATA1_P~0
5.000000e-12 (A)  WCPL_Trace1563::MIPI_DSI1_DATA1_P~1
-3.000011e-11 (A)  WCPL_Trace1563::MIPI_DSI1_DATA1_P~2
5.000000e-12 (A)  WCPL_Trace1563::MIPI_DSI1_DATA1_P~3
-3.000017e-11 (A)  WCPL_Trace1567::MIPI_DSI1_DATA1_P~0
5.000000e-12 (A)  WCPL_Trace1567::MIPI_DSI1_DATA1_P~1
-4.500015e-11 (A)  WCPL_Trace1567::MIPI_DSI1_DATA1_P~2
5.000000e-12 (A)  WCPL_Trace1567::MIPI_DSI1_DATA1_P~3
-7.250022e-11 (A)  WCPL_Trace1567::MIPI_DSI1_DATA1_P~4
5.000000e-12 (A)  WCPL_Trace1567::MIPI_DSI1_DATA1_P~5
-5.500013e-11 (A)  WCPL_Trace1590::MIPI_DSI1_DATA1_P~0
5.000000e-12 (A)  WCPL_Trace1590::MIPI_DSI1_DATA1_P~1
-5.500013e-11 (A)  WCPL_Trace1590::MIPI_DSI1_DATA1_P~2
5.000000e-12 (A)  WCPL_Trace1590::MIPI_DSI1_DATA1_P~3
-8.250025e-11 (A)  WCPL_Trace1590::MIPI_DSI1_DATA1_P~4
5.000000e-12 (A)  WCPL_Trace1590::MIPI_DSI1_DATA1_P~5
-7.500023e-11 (A)  WCPL_Trace1607_Auto_61::MIPI_DSI1_DATA1_P~0
5.000000e-12 (A)  WCPL_Trace1607_Auto_61::MIPI_DSI1_DATA1_P~1
-5.000000e-12 (A)  WCPL_Trace1607_Auto_61::MIPI_DSI1_DATA1_P~2
6.250018e-11 (A)  WCPL_Trace1607_Auto_61::MIPI_DSI1_DATA1_P~3
-4.750013e-11 (A)  WCPL_Trace1607_Auto_61::MIPI_DSI1_DATA1_P~4
5.000000e-12 (A)  WCPL_Trace1607_Auto_61::MIPI_DSI1_DATA1_P~5
-5.000000e-12 (A)  WCPL_Trace1607_Auto_61::MIPI_DSI1_DATA1_P~6
3.750012e-11 (A)  WCPL_Trace1607_Auto_61::MIPI_DSI1_DATA1_P~7
-8.250032e-11 (A)  WCPL_Trace1613::MIPI_DSI1_DATA1_P~0
5.000000e-12 (A)  WCPL_Trace1613::MIPI_DSI1_DATA1_P~1
-6.500020e-11 (A)  WCPL_Trace1613::MIPI_DSI1_DATA1_P~2
5.000000e-12 (A)  WCPL_Trace1613::MIPI_DSI1_DATA1_P~3
-9.250030e-11 (A)  WCPL_Trace1613::MIPI_DSI1_DATA1_P~4
5.000000e-12 (A)  WCPL_Trace1613::MIPI_DSI1_DATA1_P~5
-8.750044e-11 (A)  WCPL_Trace1617_Auto_611::MIPI_DSI1_DATA1_P~0
5.000000e-12 (A)  WCPL_Trace1617_Auto_611::MIPI_DSI1_DATA1_P~1
-8.000032e-11 (A)  WCPL_Trace1617_Auto_611::MIPI_DSI1_DATA1_P~2
5.000000e-12 (A)  WCPL_Trace1617_Auto_611::MIPI_DSI1_DATA1_P~3
-9.000045e-11 (A)  WCPL_Trace1617_Auto_622::MIPI_DSI1_DATA1_P~0
5.000000e-12 (A)  WCPL_Trace1617_Auto_622::MIPI_DSI1_DATA1_P~1
-1.025005e-10 (A)  WCPL_Trace1621::MIPI_DSI1_DATA1_P~0
5.000000e-12 (A)  WCPL_Trace1621::MIPI_DSI1_DATA1_P~1
-1.275006e-10 (A)  WCPL_Trace1660_Auto_58::MIPI_DSI1_DATA1_P~0
1.175006e-10 (A)  WCPL_Trace1660_Auto_58::MIPI_DSI1_DATA1_P~1
-1.125006e-10 (A)  WCPL_Trace1660_Auto_58::MIPI_DSI1_DATA1_P~2
1.075005e-10 (A)  WCPL_Trace1660_Auto_58::MIPI_DSI1_DATA1_P~3
-1.425007e-10 (A)  WCPL_Trace1666#BP0::MIPI_DSI1_DATA1_P~0
5.000000e-12 (A)  WCPL_Trace1666#BP0::MIPI_DSI1_DATA1_P~1
-1.325006e-10 (A)  WCPL_Trace1666::MIPI_DSI1_DATA1_P~0
5.000000e-12 (A)  WCPL_Trace1666::MIPI_DSI1_DATA1_P~1
-1.375007e-10 (A)  WCPL_Trace1666_Auto_168::MIPI_DSI1_DATA1_P~0
5.000000e-12 (A)  WCPL_Trace1666_Auto_168::MIPI_DSI1_DATA1_P~1
-1.800010e-10 (A)  WCPL_Trace1677_Auto_2684::MIPI_DSI1_DATA1_P~0
5.000000e-12 (A)  WCPL_Trace1677_Auto_2684::MIPI_DSI1_DATA1_P~1
-1.850010e-10 (A)  WCPL_Trace1677_Auto_2714::MIPI_DSI1_DATA1_P~0
5.000000e-12 (A)  WCPL_Trace1677_Auto_2714::MIPI_DSI1_DATA1_P~1
-2.150012e-10 (A)  WCPL_Trace1677_Auto_2718::MIPI_DSI1_DATA1_P~0
5.000000e-12 (A)  WCPL_Trace1677_Auto_2718::MIPI_DSI1_DATA1_P~1
-1.950011e-10 (A)  WCPL_Trace1677_Auto_2722::MIPI_DSI1_DATA1_P~0
5.000000e-12 (A)  WCPL_Trace1677_Auto_2722::MIPI_DSI1_DATA1_P~1
-2.050011e-10 (A)  WCPL_Trace1677_Auto_2726::MIPI_DSI1_DATA1_P~0
5.000000e-12 (A)  WCPL_Trace1677_Auto_2726::MIPI_DSI1_DATA1_P~1
-2.200012e-10 (A)  WCPL_Trace1677_Auto_2735::MIPI_DSI1_DATA1_P~0
5.000000e-12 (A)  WCPL_Trace1677_Auto_2735::MIPI_DSI1_DATA1_P~1
-2.000011e-10 (A)  WCPL_Trace1677_Auto_2751::MIPI_DSI1_DATA1_P~0
5.000000e-12 (A)  WCPL_Trace1677_Auto_2751::MIPI_DSI1_DATA1_P~1
-2.100012e-10 (A)  WCPL_Trace1677_Auto_2757::MIPI_DSI1_DATA1_P~0
5.000000e-12 (A)  WCPL_Trace1677_Auto_2757::MIPI_DSI1_DATA1_P~1
-1.900010e-10 (A)  WCPL_Trace1677_Auto_2763::MIPI_DSI1_DATA1_P~0
5.000000e-12 (A)  WCPL_Trace1677_Auto_2763::MIPI_DSI1_DATA1_P~1
-2.425013e-10 (A)  WCPL_Trace1681::MIPI_DSI1_DATA1_P~0
5.000000e-12 (A)  WCPL_Trace1681::MIPI_DSI1_DATA1_P~1
-2.725013e-10 (A)  WCPL_Trace1681::MIPI_DSI1_DATA1_P~2
5.000000e-12 (A)  WCPL_Trace1681::MIPI_DSI1_DATA1_P~3
-2.475014e-10 (A)  WCPL_Trace1681_Auto_2670::MIPI_DSI1_DATA1_P~0
5.000000e-12 (A)  WCPL_Trace1681_Auto_2670::MIPI_DSI1_DATA1_P~1
-2.775013e-10 (A)  WCPL_Trace1681_Auto_2670::MIPI_DSI1_DATA1_P~2
5.000000e-12 (A)  WCPL_Trace2077#BP0_Auto_2211::MIPI_DSI0_DATA2_N~0
-6.750037e-11 (A)  WCPL_Trace2077#BP0_Auto_2211::MIPI_DSI0_DATA2_N~1
-5.000000e-12 (A)  WCPL_Trace2083_Auto_2213::MIPI_DSI0_DATA2_N~0
5.000000e-12 (A)  WCPL_Trace2083_Auto_2213::MIPI_DSI0_DATA2_N~1
5.000000e-12 (A)  WCPL_Trace2095::MIPI_DSI0_DATA2_N~0
-1.050006e-10 (A)  WCPL_Trace2095::MIPI_DSI0_DATA2_N~1
5.000000e-12 (A)  WCPL_Trace2116_Auto_2219::MIPI_DSI0_DATA2_N~0
-1.325008e-10 (A)  WCPL_Trace2116_Auto_2219::MIPI_DSI0_DATA2_N~1
5.000000e-12 (A)  WCPL_Trace2124_Auto_203::MIPI_DSI0_DATA2_N~0
-1.250004e-11 (A)  WCPL_Trace2124_Auto_203::MIPI_DSI0_DATA2_N~1
5.000000e-12 (A)  WCPL_Trace2126_Auto_202::MIPI_DSI0_DATA2_N~0
-2.000007e-11 (A)  WCPL_Trace2126_Auto_202::MIPI_DSI0_DATA2_N~1
5.000000e-12 (A)  WCPL_Trace2127::MIPI_DSI0_DATA2_N~0
-2.250005e-11 (A)  WCPL_Trace2127::MIPI_DSI0_DATA2_N~1
5.000000e-12 (A)  WCPL_Trace2130::MIPI_DSI0_DATA2_N~0
-3.000010e-11 (A)  WCPL_Trace2130::MIPI_DSI0_DATA2_N~1
5.000000e-12 (A)  WCPL_Trace2132::MIPI_DSI0_DATA2_N~0
-3.250013e-11 (A)  WCPL_Trace2132::MIPI_DSI0_DATA2_N~1
5.000000e-12 (A)  WCPL_Trace2133_Auto_312::MIPI_DSI0_DATA2_N~0
-3.500017e-11 (A)  WCPL_Trace2133_Auto_312::MIPI_DSI0_DATA2_N~1
5.000000e-12 (A)  WCPL_Trace2136::MIPI_DSI0_DATA2_N~0
-5.500027e-11 (A)  WCPL_Trace2136::MIPI_DSI0_DATA2_N~1
7.500031e-11 (A)  WCPL_Trace2605_Auto_2216::MIPI_DSI0_DATA2_P~0
-5.000000e-12 (A)  WCPL_Trace2605_Auto_2216::MIPI_DSI0_DATA2_P~1
5.000000e-12 (A)  WCPL_Trace2605_Auto_2216::MIPI_DSI0_DATA2_P~2
7.750036e-11 (A)  WCPL_Trace2605_Auto_2218::MIPI_DSI0_DATA2_P~0
-5.000000e-12 (A)  WCPL_Trace2605_Auto_2218::MIPI_DSI0_DATA2_P~1
-1.000006e-10 (A)  WCPL_Trace2615::MIPI_DSI0_DATA2_P~0
5.000000e-12 (A)  WCPL_Trace2615::MIPI_DSI0_DATA2_P~1
-2.875012e-10 (A)  WCPL_Trace2615::MIPI_DSI0_DATA2_P~2
-2.625015e-10 (A)  WCPL_Trace2615::MIPI_DSI0_DATA2_P~3
-1.125007e-10 (A)  WCPL_Trace2623_Auto_2767::MIPI_DSI0_DATA2_P~0
1.225007e-10 (A)  WCPL_Trace2623_Auto_2767::MIPI_DSI0_DATA2_P~1
-5.000000e-12 (A)  WCPL_Trace2623_Auto_2767::MIPI_DSI0_DATA2_P~2
1.250007e-10 (A)  WCPL_Trace2634_Auto_2769::MIPI_DSI0_DATA2_P~0
-5.000000e-12 (A)  WCPL_Trace2634_Auto_2769::MIPI_DSI0_DATA2_P~1
4.500024e-11 (A)  WCPL_Trace2662::MIPI_DSI0_DATA2_P~0
-4.000016e-11 (A)  WCPL_Trace2662::MIPI_DSI0_DATA2_P~1
-5.000000e-12 (A)  WCPL_Trace553::MIPI_DSI1_CLK_N~0
2.000010e-10 (A)  WCPL_Trace553::MIPI_DSI1_CLK_N~1
-5.000000e-12 (A)  WCPL_Trace557_Auto_7::MIPI_DSI1_CLK_N~0
1.900009e-10 (A)  WCPL_Trace557_Auto_7::MIPI_DSI1_CLK_N~1
-5.000000e-12 (A)  WCPL_Trace561_Auto_5::MIPI_DSI1_CLK_N~0
1.850009e-10 (A)  WCPL_Trace561_Auto_5::MIPI_DSI1_CLK_N~1
5.000000e-12 (A)  WCPL_Trace586_Auto_35::MIPI_DSI1_CLK_N~0
-5.000000e-12 (A)  WCPL_Trace586_Auto_35::MIPI_DSI1_CLK_N~1
1.650006e-10 (A)  WCPL_Trace586_Auto_35::MIPI_DSI1_CLK_N~2
-5.000000e-12 (A)  WCPL_Trace598_Auto_15::MIPI_DSI1_CLK_N~0
1.275006e-10 (A)  WCPL_Trace598_Auto_15::MIPI_DSI1_CLK_N~1
-1.475006e-10 (A)  WCPL_Trace598_Auto_15::MIPI_DSI1_CLK_N~2
5.000000e-12 (A)  WCPL_Trace598_Auto_15::MIPI_DSI1_CLK_N~3
-5.000000e-12 (A)  WCPL_Trace598_Auto_15::MIPI_DSI1_CLK_N~4
1.725007e-10 (A)  WCPL_Trace598_Auto_15::MIPI_DSI1_CLK_N~5
-5.000000e-12 (A)  WCPL_Trace598_Auto_42::MIPI_DSI1_CLK_N~0
1.250005e-10 (A)  WCPL_Trace598_Auto_42::MIPI_DSI1_CLK_N~1
-1.500005e-10 (A)  WCPL_Trace598_Auto_42::MIPI_DSI1_CLK_N~2
5.000000e-12 (A)  WCPL_Trace598_Auto_42::MIPI_DSI1_CLK_N~3
-5.000000e-12 (A)  WCPL_Trace598_Auto_42::MIPI_DSI1_CLK_N~4
1.700007e-10 (A)  WCPL_Trace598_Auto_42::MIPI_DSI1_CLK_N~5
-5.000000e-12 (A)  WCPL_Trace598_Auto_50::MIPI_DSI1_CLK_N~0
1.300006e-10 (A)  WCPL_Trace598_Auto_50::MIPI_DSI1_CLK_N~1
-1.450005e-10 (A)  WCPL_Trace598_Auto_50::MIPI_DSI1_CLK_N~2
5.000000e-12 (A)  WCPL_Trace598_Auto_50::MIPI_DSI1_CLK_N~3
-5.000000e-12 (A)  WCPL_Trace598_Auto_50::MIPI_DSI1_CLK_N~4
1.800008e-10 (A)  WCPL_Trace598_Auto_50::MIPI_DSI1_CLK_N~5
-5.000000e-12 (A)  WCPL_Trace598_Auto_53::MIPI_DSI1_CLK_N~0
1.325005e-10 (A)  WCPL_Trace598_Auto_53::MIPI_DSI1_CLK_N~1
-1.425005e-10 (A)  WCPL_Trace598_Auto_53::MIPI_DSI1_CLK_N~2
5.000000e-12 (A)  WCPL_Trace598_Auto_53::MIPI_DSI1_CLK_N~3
5.000000e-12 (A)  WCPL_Trace628::MIPI_DSI1_CLK_N~0
-6.500017e-11 (A)  WCPL_Trace628::MIPI_DSI1_CLK_N~1
5.000000e-12 (A)  WCPL_Trace628::MIPI_DSI1_CLK_N~2
5.000000e-12 (A)  WCPL_Trace628_Auto_1185::MIPI_DSI1_CLK_N~0
-1.000004e-10 (A)  WCPL_Trace628_Auto_1185::MIPI_DSI1_CLK_N~1
5.000000e-12 (A)  WCPL_Trace628_Auto_1185::MIPI_DSI1_CLK_N~2
-5.000000e-12 (A)  WCPL_Trace639_Auto_2227::MIPI_DSI1_CLK_N~0
2.875014e-10 (A)  WCPL_Trace639_Auto_2227::MIPI_DSI1_CLK_N~1
-5.000000e-12 (A)  WCPL_Trace639_Auto_2227::MIPI_DSI1_CLK_N~2
2.750016e-10 (A)  WCPL_Trace639_Auto_2227::MIPI_DSI1_CLK_N~3
3.025013e-10 (A)  WCPL_Trace639_Auto_2227::MIPI_DSI1_CLK_N~4
-5.000000e-12 (A)  WCPL_Trace639_Auto_2227::MIPI_DSI1_CLK_N~5
1.425008e-10 (A)  WCPL_Trace639_Auto_2227::MIPI_DSI1_CLK_N~6
-5.000000e-12 (A)  WCPL_Trace639_Auto_2227::MIPI_DSI1_CLK_N~7
-5.000000e-12 (A)  WCPL_Trace644_Auto_2788::MIPI_DSI1_CLK_N~0
2.500012e-10 (A)  WCPL_Trace644_Auto_2788::MIPI_DSI1_CLK_N~1
1.200007e-10 (A)  WCPL_Trace644_Auto_2788::MIPI_DSI1_CLK_N~10
-5.000000e-12 (A)  WCPL_Trace644_Auto_2788::MIPI_DSI1_CLK_N~11
-5.000000e-12 (A)  WCPL_Trace644_Auto_2788::MIPI_DSI1_CLK_N~2
2.325013e-10 (A)  WCPL_Trace644_Auto_2788::MIPI_DSI1_CLK_N~3
2.600010e-10 (A)  WCPL_Trace644_Auto_2788::MIPI_DSI1_CLK_N~4
-5.000000e-12 (A)  WCPL_Trace644_Auto_2788::MIPI_DSI1_CLK_N~5
9.500053e-11 (A)  WCPL_Trace644_Auto_2788::MIPI_DSI1_CLK_N~6
-5.000000e-12 (A)  WCPL_Trace644_Auto_2788::MIPI_DSI1_CLK_N~7
5.000000e-12 (A)  WCPL_Trace644_Auto_2788::MIPI_DSI1_CLK_N~8
-1.150007e-10 (A)  WCPL_Trace644_Auto_2788::MIPI_DSI1_CLK_N~9
-5.000000e-12 (A)  WCPL_Trace644_Auto_2789::MIPI_DSI1_CLK_N~0
2.475012e-10 (A)  WCPL_Trace644_Auto_2789::MIPI_DSI1_CLK_N~1
-5.000000e-12 (A)  WCPL_Trace644_Auto_2789::MIPI_DSI1_CLK_N~2
2.300012e-10 (A)  WCPL_Trace644_Auto_2789::MIPI_DSI1_CLK_N~3
2.575009e-10 (A)  WCPL_Trace644_Auto_2789::MIPI_DSI1_CLK_N~4
-5.000000e-12 (A)  WCPL_Trace644_Auto_2789::MIPI_DSI1_CLK_N~5
9.250044e-11 (A)  WCPL_Trace644_Auto_2789::MIPI_DSI1_CLK_N~6
-5.000000e-12 (A)  WCPL_Trace644_Auto_2789::MIPI_DSI1_CLK_N~7
-5.000000e-12 (A)  WCPL_Trace644_Auto_2794::MIPI_DSI1_CLK_N~0
2.525012e-10 (A)  WCPL_Trace644_Auto_2794::MIPI_DSI1_CLK_N~1
-5.000000e-12 (A)  WCPL_Trace644_Auto_2794::MIPI_DSI1_CLK_N~2
2.350013e-10 (A)  WCPL_Trace644_Auto_2794::MIPI_DSI1_CLK_N~3
2.625009e-10 (A)  WCPL_Trace644_Auto_2794::MIPI_DSI1_CLK_N~4
-5.000000e-12 (A)  WCPL_Trace644_Auto_2794::MIPI_DSI1_CLK_N~5
-5.000000e-12 (A)  WCPL_Trace644_Auto_2797::MIPI_DSI1_CLK_N~0
2.550012e-10 (A)  WCPL_Trace644_Auto_2797::MIPI_DSI1_CLK_N~1
-5.000000e-12 (A)  WCPL_Trace644_Auto_2797::MIPI_DSI1_CLK_N~2
2.375013e-10 (A)  WCPL_Trace644_Auto_2797::MIPI_DSI1_CLK_N~3
-5.000000e-12 (A)  WCPL_Trace644_Auto_2800::MIPI_DSI1_CLK_N~0
2.575012e-10 (A)  WCPL_Trace644_Auto_2800::MIPI_DSI1_CLK_N~1
-5.000000e-12 (A)  WCPL_Trace644_Auto_2800::MIPI_DSI1_CLK_N~2
-5.000000e-12 (A)  WCPL_Trace644_Auto_2802::MIPI_DSI1_CLK_N~0
2.600012e-10 (A)  WCPL_Trace644_Auto_2802::MIPI_DSI1_CLK_N~1
-5.000000e-12 (A)  WCPL_Trace644_Auto_2812::MIPI_DSI1_CLK_N~0
2.450012e-10 (A)  WCPL_Trace644_Auto_2812::MIPI_DSI1_CLK_N~1
-5.000000e-12 (A)  WCPL_Trace644_Auto_2812::MIPI_DSI1_CLK_N~2
2.275013e-10 (A)  WCPL_Trace644_Auto_2812::MIPI_DSI1_CLK_N~3
-5.000000e-12 (A)  WCPL_Trace648_Auto_2818::MIPI_DSI1_CLK_N~0
2.325010e-10 (A)  WCPL_Trace648_Auto_2818::MIPI_DSI1_CLK_N~1
-5.000000e-12 (A)  WCPL_Trace652_Auto_2702::MIPI_DSI1_CLK_N~0
2.275010e-10 (A)  WCPL_Trace652_Auto_2702::MIPI_DSI1_CLK_N~1
1.125005e-10 (A)  WCPL_Trace711::MIPI_DSI1_CLK_P~0
-5.000000e-12 (A)  WCPL_Trace711::MIPI_DSI1_CLK_P~1
9.500043e-11 (A)  WCPL_Trace711::MIPI_DSI1_CLK_P~2
1.100005e-10 (A)  WCPL_Trace712::MIPI_DSI1_CLK_P~0
-5.000000e-12 (A)  WCPL_Trace712::MIPI_DSI1_CLK_P~1
9.250046e-11 (A)  WCPL_Trace712::MIPI_DSI1_CLK_P~2
9.000034e-11 (A)  WCPL_Trace730_Auto_19::MIPI_DSI1_CLK_P~0
-1.025005e-10 (A)  WCPL_Trace730_Auto_19::MIPI_DSI1_CLK_P~1
5.000000e-12 (A)  WCPL_Trace730_Auto_19::MIPI_DSI1_CLK_P~2
-5.000000e-12 (A)  WCPL_Trace730_Auto_19::MIPI_DSI1_CLK_P~3
1.200005e-10 (A)  WCPL_Trace730_Auto_19::MIPI_DSI1_CLK_P~4
-1.550006e-10 (A)  WCPL_Trace730_Auto_19::MIPI_DSI1_CLK_P~5
-5.000014e-11 (A)  WCPL_Trace736_Auto_1162::MIPI_DSI1_CLK_P~0
5.000000e-12 (A)  WCPL_Trace736_Auto_1162::MIPI_DSI1_CLK_P~1
-7.750025e-11 (A)  WCPL_Trace736_Auto_1162::MIPI_DSI1_CLK_P~2
5.000000e-12 (A)  WCPL_Trace736_Auto_1162::MIPI_DSI1_CLK_P~3
-6.000020e-11 (A)  WCPL_Trace736_Auto_1169::MIPI_DSI1_CLK_P~0
5.000000e-12 (A)  WCPL_Trace736_Auto_1169::MIPI_DSI1_CLK_P~1
-8.750028e-11 (A)  WCPL_Trace736_Auto_1169::MIPI_DSI1_CLK_P~2
5.000000e-12 (A)  WCPL_Trace736_Auto_1169::MIPI_DSI1_CLK_P~3
-7.000025e-11 (A)  WCPL_Trace736_Auto_1178::MIPI_DSI1_CLK_P~0
5.000000e-12 (A)  WCPL_Trace736_Auto_1178::MIPI_DSI1_CLK_P~1
-9.750030e-11 (A)  WCPL_Trace736_Auto_1178::MIPI_DSI1_CLK_P~2
5.000000e-12 (A)  WCPL_Trace736_Auto_1178::MIPI_DSI1_CLK_P~3
-2.750013e-11 (A)  WCPL_Trace740::MIPI_DSI1_CLK_P~0
5.000000e-12 (A)  WCPL_Trace740::MIPI_DSI1_CLK_P~1
-3.250014e-11 (A)  WCPL_Trace740_Auto_1231::MIPI_DSI1_CLK_P~0
5.000000e-12 (A)  WCPL_Trace740_Auto_1231::MIPI_DSI1_CLK_P~1
-2.250010e-11 (A)  WCPL_Trace744_Auto_848::MIPI_DSI1_CLK_P~0
5.000000e-12 (A)  WCPL_Trace744_Auto_848::MIPI_DSI1_CLK_P~1
5.000000e-12 (A)  WCPL_Trace744_Auto_848::MIPI_DSI1_CLK_P~2
-2.500015e-11 (A)  WCPL_Trace744_Auto_848::MIPI_DSI1_CLK_P~3
-2.000007e-11 (A)  WCPL_Trace744_Auto_848::MIPI_DSI1_CLK_P~4
5.000000e-12 (A)  WCPL_Trace744_Auto_848::MIPI_DSI1_CLK_P~5
2.850014e-10 (A)  WCPL_Trace748::MIPI_DSI1_CLK_P~0
-5.000000e-12 (A)  WCPL_Trace748::MIPI_DSI1_CLK_P~1
-2.200010e-10 (A)  WCPL_Trace769::MIPI_DSI1_CLK_P~0
2.150010e-10 (A)  WCPL_Trace769::MIPI_DSI1_CLK_P~1
-5.000000e-12 (A)  WCPL_Trace800_Auto_828::MIPI_DSI1_DATA3_N~0
2.500004e-11 (A)  WCPL_Trace800_Auto_828::MIPI_DSI1_DATA3_N~1
3.000017e-11 (A)  WCPL_Trace800_Auto_828::MIPI_DSI1_DATA3_N~2
-5.000000e-12 (A)  WCPL_Trace800_Auto_828::MIPI_DSI1_DATA3_N~3
-5.000000e-12 (A)  WCPL_Trace800_Auto_828::MIPI_DSI1_DATA3_N~4
5.000000e-12 (A)  WCPL_Trace834#BP0::MIPI_DSI1_DATA3_N~0
-1.350006e-10 (A)  WCPL_Trace834#BP0::MIPI_DSI1_DATA3_N~1
5.000000e-12 (A)  WCPL_Trace856_Auto_2904::MIPI_DSI1_DATA3_N~0
-1.675007e-10 (A)  WCPL_Trace856_Auto_2904::MIPI_DSI1_DATA3_N~1
5.000000e-12 (A)  WCPL_Trace860_Auto_2906::MIPI_DSI1_DATA3_N~0
-1.750007e-10 (A)  WCPL_Trace860_Auto_2906::MIPI_DSI1_DATA3_N~1
5.000000e-12 (A)  WCPL_Trace866::MIPI_DSI1_DATA3_N~0
-1.850008e-10 (A)  WCPL_Trace866::MIPI_DSI1_DATA3_N~1
5.000000e-12 (A)  WCPL_Trace867::MIPI_DSI1_DATA3_N~0
-1.925009e-10 (A)  WCPL_Trace867::MIPI_DSI1_DATA3_N~1
5.000000e-12 (A)  WCPL_Trace868::MIPI_DSI1_DATA3_N~0
-2.000009e-10 (A)  WCPL_Trace868::MIPI_DSI1_DATA3_N~1
5.000000e-12 (A)  WCPL_Trace870::MIPI_DSI1_DATA3_N~0
-2.050010e-10 (A)  WCPL_Trace870::MIPI_DSI1_DATA3_N~1
1.425006e-10 (A)  WCPL_Trace885::MIPI_DSI1_DATA3_P~0
-1.475006e-10 (A)  WCPL_Trace885::MIPI_DSI1_DATA3_P~1
1.400005e-10 (A)  WCPL_Trace885_Auto_2903::MIPI_DSI1_DATA3_P~0
-1.500005e-10 (A)  WCPL_Trace885_Auto_2903::MIPI_DSI1_DATA3_P~1
1.575006e-10 (A)  WCPL_Trace885_Auto_2903::MIPI_DSI1_DATA3_P~2
-1.625006e-10 (A)  WCPL_Trace885_Auto_2903::MIPI_DSI1_DATA3_P~3
-3.750001e-11 (A)  WCPL_Trace943_Auto_817::MIPI_DSI1_DATA3_P~0
5.000000e-12 (A)  WCPL_Trace943_Auto_817::MIPI_DSI1_DATA3_P~1
-4.250005e-11 (A)  WCPL_Trace945::MIPI_DSI1_DATA3_P~0
5.000000e-12 (A)  WCPL_Trace945::MIPI_DSI1_DATA3_P~1
-4.750007e-11 (A)  WCPL_Trace946::MIPI_DSI1_DATA3_P~0
5.000000e-12 (A)  WCPL_Trace946::MIPI_DSI1_DATA3_P~1
-5.750008e-11 (A)  WCPL_Trace946_Auto_1224::MIPI_DSI1_DATA3_P~0
5.000000e-12 (A)  WCPL_Trace946_Auto_1224::MIPI_DSI1_DATA3_P~1
-6.250016e-11 (A)  WCPL_Trace950::MIPI_DSI1_DATA3_P~0
5.000000e-12 (A)  WCPL_Trace950::MIPI_DSI1_DATA3_P~1
-1.025004e-10 (A)  WCPL_Trace950_Auto_1188::MIPI_DSI1_DATA3_P~0
5.000000e-12 (A)  WCPL_Trace950_Auto_1188::MIPI_DSI1_DATA3_P~1
-1.075004e-10 (A)  WCPL_Trace954::MIPI_DSI1_DATA3_P~0
5.000000e-12 (A)  WCPL_Trace954::MIPI_DSI1_DATA3_P~1
-1.125003e-10 (A)  WCPL_Trace960::MIPI_DSI1_DATA3_P~0
5.000000e-12 (A)  WCPL_Trace960::MIPI_DSI1_DATA3_P~1
-1.175003e-10 (A)  WCPL_Trace964::MIPI_DSI1_DATA3_P~0
5.000000e-12 (A)  WCPL_Trace964::MIPI_DSI1_DATA3_P~1
-1.200003e-10 (A)  WCPL_Trace965#BP0::MIPI_DSI1_DATA3_P~0
5.000000e-12 (A)  WCPL_Trace965#BP0::MIPI_DSI1_DATA3_P~1
-4.750017e-11 (A)  WCPL_Trace979::MIPI_DSI1_DATA2_N~0
-5.000009e-11 (A)  WCPL_Trace979::MIPI_DSI1_DATA2_N~1
5.000000e-12 (A)  WCPL_Trace979::MIPI_DSI1_DATA2_N~2
-5.250021e-11 (A)  WCPL_Trace979_Auto_1216::MIPI_DSI1_DATA2_N~0
-5.500007e-11 (A)  WCPL_Trace979_Auto_1216::MIPI_DSI1_DATA2_N~1
5.000000e-12 (A)  WCPL_Trace979_Auto_1216::MIPI_DSI1_DATA2_N~2
0.000000e+00 (A)  X_C80.Xpartial.X_SpeedXP_auto_CAP_NP_C0603_100N_100N_C80_C80.V_SpeedXP_auto_2_En
-5.050000e-11 (A)  X_CH1.Xpartial.X_SpeedXP_auto_WP7B-P040VA1-R8000_WP7B-P040VA1-R8000_WP7B-P040VA1-R8000_WP7B-P040VA1-R8000_CH1.B_SpeedXP_auto_10_OutOfIn
-5.050000e-11 (A)  X_CH1.Xpartial.X_SpeedXP_auto_WP7B-P040VA1-R8000_WP7B-P040VA1-R8000_WP7B-P040VA1-R8000_WP7B-P040VA1-R8000_CH1.B_SpeedXP_auto_11_OutOfIn
-5.050000e-11 (A)  X_CH1.Xpartial.X_SpeedXP_auto_WP7B-P040VA1-R8000_WP7B-P040VA1-R8000_WP7B-P040VA1-R8000_WP7B-P040VA1-R8000_CH1.B_SpeedXP_auto_12_OutOfIn
-5.050000e-11 (A)  X_CH1.Xpartial.X_SpeedXP_auto_WP7B-P040VA1-R8000_WP7B-P040VA1-R8000_WP7B-P040VA1-R8000_WP7B-P040VA1-R8000_CH1.B_SpeedXP_auto_13_OutOfIn
-5.050000e-11 (A)  X_CH1.Xpartial.X_SpeedXP_auto_WP7B-P040VA1-R8000_WP7B-P040VA1-R8000_WP7B-P040VA1-R8000_WP7B-P040VA1-R8000_CH1.B_SpeedXP_auto_14_OutOfIn
-5.050000e-11 (A)  X_CH1.Xpartial.X_SpeedXP_auto_WP7B-P040VA1-R8000_WP7B-P040VA1-R8000_WP7B-P040VA1-R8000_WP7B-P040VA1-R8000_CH1.B_SpeedXP_auto_15_OutOfIn
-5.050000e-11 (A)  X_CH1.Xpartial.X_SpeedXP_auto_WP7B-P040VA1-R8000_WP7B-P040VA1-R8000_WP7B-P040VA1-R8000_WP7B-P040VA1-R8000_CH1.B_SpeedXP_auto_16_OutOfIn
-5.050000e-11 (A)  X_CH1.Xpartial.X_SpeedXP_auto_WP7B-P040VA1-R8000_WP7B-P040VA1-R8000_WP7B-P040VA1-R8000_WP7B-P040VA1-R8000_CH1.B_SpeedXP_auto_19_OutOfIn
-5.050000e-11 (A)  X_CH1.Xpartial.X_SpeedXP_auto_WP7B-P040VA1-R8000_WP7B-P040VA1-R8000_WP7B-P040VA1-R8000_WP7B-P040VA1-R8000_CH1.B_SpeedXP_auto_20_OutOfIn
-5.050000e-11 (A)  X_CH1.Xpartial.X_SpeedXP_auto_WP7B-P040VA1-R8000_WP7B-P040VA1-R8000_WP7B-P040VA1-R8000_WP7B-P040VA1-R8000_CH1.B_SpeedXP_auto_9_OutOfIn
-1.010000e-10 (A)  X_CH1.Xpartial.X_SpeedXP_auto_WP7B-P040VA1-R8000_WP7B-P040VA1-R8000_WP7B-P040VA1-R8000_WP7B-P040VA1-R8000_CH1.V_SpeedXP_auto_10_En
-1.010000e-10 (A)  X_CH1.Xpartial.X_SpeedXP_auto_WP7B-P040VA1-R8000_WP7B-P040VA1-R8000_WP7B-P040VA1-R8000_WP7B-P040VA1-R8000_CH1.V_SpeedXP_auto_11_En
-1.010000e-10 (A)  X_CH1.Xpartial.X_SpeedXP_auto_WP7B-P040VA1-R8000_WP7B-P040VA1-R8000_WP7B-P040VA1-R8000_WP7B-P040VA1-R8000_CH1.V_SpeedXP_auto_12_En
-1.010000e-10 (A)  X_CH1.Xpartial.X_SpeedXP_auto_WP7B-P040VA1-R8000_WP7B-P040VA1-R8000_WP7B-P040VA1-R8000_WP7B-P040VA1-R8000_CH1.V_SpeedXP_auto_13_En
-1.010000e-10 (A)  X_CH1.Xpartial.X_SpeedXP_auto_WP7B-P040VA1-R8000_WP7B-P040VA1-R8000_WP7B-P040VA1-R8000_WP7B-P040VA1-R8000_CH1.V_SpeedXP_auto_14_En
-1.010000e-10 (A)  X_CH1.Xpartial.X_SpeedXP_auto_WP7B-P040VA1-R8000_WP7B-P040VA1-R8000_WP7B-P040VA1-R8000_WP7B-P040VA1-R8000_CH1.V_SpeedXP_auto_15_En
-1.010000e-10 (A)  X_CH1.Xpartial.X_SpeedXP_auto_WP7B-P040VA1-R8000_WP7B-P040VA1-R8000_WP7B-P040VA1-R8000_WP7B-P040VA1-R8000_CH1.V_SpeedXP_auto_16_En
-1.000000e-12 (A)  X_CH1.Xpartial.X_SpeedXP_auto_WP7B-P040VA1-R8000_WP7B-P040VA1-R8000_WP7B-P040VA1-R8000_WP7B-P040VA1-R8000_CH1.V_SpeedXP_auto_17_En
-1.000000e-12 (A)  X_CH1.Xpartial.X_SpeedXP_auto_WP7B-P040VA1-R8000_WP7B-P040VA1-R8000_WP7B-P040VA1-R8000_WP7B-P040VA1-R8000_CH1.V_SpeedXP_auto_18_En
-1.010000e-10 (A)  X_CH1.Xpartial.X_SpeedXP_auto_WP7B-P040VA1-R8000_WP7B-P040VA1-R8000_WP7B-P040VA1-R8000_WP7B-P040VA1-R8000_CH1.V_SpeedXP_auto_19_En
-1.000000e-12 (A)  X_CH1.Xpartial.X_SpeedXP_auto_WP7B-P040VA1-R8000_WP7B-P040VA1-R8000_WP7B-P040VA1-R8000_WP7B-P040VA1-R8000_CH1.V_SpeedXP_auto_1_En
-1.010000e-10 (A)  X_CH1.Xpartial.X_SpeedXP_auto_WP7B-P040VA1-R8000_WP7B-P040VA1-R8000_WP7B-P040VA1-R8000_WP7B-P040VA1-R8000_CH1.V_SpeedXP_auto_20_En
-1.000000e-12 (A)  X_CH1.Xpartial.X_SpeedXP_auto_WP7B-P040VA1-R8000_WP7B-P040VA1-R8000_WP7B-P040VA1-R8000_WP7B-P040VA1-R8000_CH1.V_SpeedXP_auto_2_En
-1.000000e-12 (A)  X_CH1.Xpartial.X_SpeedXP_auto_WP7B-P040VA1-R8000_WP7B-P040VA1-R8000_WP7B-P040VA1-R8000_WP7B-P040VA1-R8000_CH1.V_SpeedXP_auto_3_En
-1.000000e-12 (A)  X_CH1.Xpartial.X_SpeedXP_auto_WP7B-P040VA1-R8000_WP7B-P040VA1-R8000_WP7B-P040VA1-R8000_WP7B-P040VA1-R8000_CH1.V_SpeedXP_auto_4_En
-1.000000e-12 (A)  X_CH1.Xpartial.X_SpeedXP_auto_WP7B-P040VA1-R8000_WP7B-P040VA1-R8000_WP7B-P040VA1-R8000_WP7B-P040VA1-R8000_CH1.V_SpeedXP_auto_5_En
-1.000000e-12 (A)  X_CH1.Xpartial.X_SpeedXP_auto_WP7B-P040VA1-R8000_WP7B-P040VA1-R8000_WP7B-P040VA1-R8000_WP7B-P040VA1-R8000_CH1.V_SpeedXP_auto_6_En
-1.000000e-12 (A)  X_CH1.Xpartial.X_SpeedXP_auto_WP7B-P040VA1-R8000_WP7B-P040VA1-R8000_WP7B-P040VA1-R8000_WP7B-P040VA1-R8000_CH1.V_SpeedXP_auto_7_En
-1.000000e-12 (A)  X_CH1.Xpartial.X_SpeedXP_auto_WP7B-P040VA1-R8000_WP7B-P040VA1-R8000_WP7B-P040VA1-R8000_WP7B-P040VA1-R8000_CH1.V_SpeedXP_auto_8_En
-1.010000e-10 (A)  X_CH1.Xpartial.X_SpeedXP_auto_WP7B-P040VA1-R8000_WP7B-P040VA1-R8000_WP7B-P040VA1-R8000_WP7B-P040VA1-R8000_CH1.V_SpeedXP_auto_9_En
-1.575009e-10 (A)  X_CH1.Xpartial.X_SpeedXP_auto_WP7B-P040VA1-R8000_WP7B-P040VA1-R8000_WP7B-P040VA1-R8000_WP7B-P040VA1-R8000_CH1.Vpwr_10
-7.500000e-12 (A)  X_CH1.Xpartial.X_SpeedXP_auto_WP7B-P040VA1-R8000_WP7B-P040VA1-R8000_WP7B-P040VA1-R8000_WP7B-P040VA1-R8000_CH1.Vpwr_11
-3.200015e-10 (A)  X_CH1.Xpartial.X_SpeedXP_auto_WP7B-P040VA1-R8000_WP7B-P040VA1-R8000_WP7B-P040VA1-R8000_WP7B-P040VA1-R8000_CH1.Vpwr_12
-2.925017e-10 (A)  X_CH1.Xpartial.X_SpeedXP_auto_WP7B-P040VA1-R8000_WP7B-P040VA1-R8000_WP7B-P040VA1-R8000_WP7B-P040VA1-R8000_CH1.Vpwr_13
-7.500000e-12 (A)  X_CH1.Xpartial.X_SpeedXP_auto_WP7B-P040VA1-R8000_WP7B-P040VA1-R8000_WP7B-P040VA1-R8000_WP7B-P040VA1-R8000_CH1.Vpwr_14
-3.025016e-10 (A)  X_CH1.Xpartial.X_SpeedXP_auto_WP7B-P040VA1-R8000_WP7B-P040VA1-R8000_WP7B-P040VA1-R8000_WP7B-P040VA1-R8000_CH1.Vpwr_15
-7.500000e-12 (A)  X_CH1.Xpartial.X_SpeedXP_auto_WP7B-P040VA1-R8000_WP7B-P040VA1-R8000_WP7B-P040VA1-R8000_WP7B-P040VA1-R8000_CH1.Vpwr_16
-2.200011e-10 (A)  X_CH1.Xpartial.X_SpeedXP_auto_WP7B-P040VA1-R8000_WP7B-P040VA1-R8000_WP7B-P040VA1-R8000_WP7B-P040VA1-R8000_CH1.Vpwr_19
-7.500000e-12 (A)  X_CH1.Xpartial.X_SpeedXP_auto_WP7B-P040VA1-R8000_WP7B-P040VA1-R8000_WP7B-P040VA1-R8000_WP7B-P040VA1-R8000_CH1.Vpwr_20
-7.500000e-12 (A)  X_CH1.Xpartial.X_SpeedXP_auto_WP7B-P040VA1-R8000_WP7B-P040VA1-R8000_WP7B-P040VA1-R8000_WP7B-P040VA1-R8000_CH1.Vpwr_9
-1.010000e-10 (A)  X_CH1.Xpartial.X_SpeedXP_auto_WP7B-P040VA1-R8000_WP7B-P040VA1-R8000_WP7B-P040VA1-R8000_WP7B-P040VA1-R8000_CH1.X_SpeedXP_auto_10_St.v1
0.000000e+00 (A)  X_CH1.Xpartial.X_SpeedXP_auto_WP7B-P040VA1-R8000_WP7B-P040VA1-R8000_WP7B-P040VA1-R8000_WP7B-P040VA1-R8000_CH1.X_SpeedXP_auto_11_St.v1
-1.010000e-10 (A)  X_CH1.Xpartial.X_SpeedXP_auto_WP7B-P040VA1-R8000_WP7B-P040VA1-R8000_WP7B-P040VA1-R8000_WP7B-P040VA1-R8000_CH1.X_SpeedXP_auto_12_St.v1
-1.010000e-10 (A)  X_CH1.Xpartial.X_SpeedXP_auto_WP7B-P040VA1-R8000_WP7B-P040VA1-R8000_WP7B-P040VA1-R8000_WP7B-P040VA1-R8000_CH1.X_SpeedXP_auto_13_St.v1
0.000000e+00 (A)  X_CH1.Xpartial.X_SpeedXP_auto_WP7B-P040VA1-R8000_WP7B-P040VA1-R8000_WP7B-P040VA1-R8000_WP7B-P040VA1-R8000_CH1.X_SpeedXP_auto_14_St.v1
-1.010000e-10 (A)  X_CH1.Xpartial.X_SpeedXP_auto_WP7B-P040VA1-R8000_WP7B-P040VA1-R8000_WP7B-P040VA1-R8000_WP7B-P040VA1-R8000_CH1.X_SpeedXP_auto_15_St.v1
0.000000e+00 (A)  X_CH1.Xpartial.X_SpeedXP_auto_WP7B-P040VA1-R8000_WP7B-P040VA1-R8000_WP7B-P040VA1-R8000_WP7B-P040VA1-R8000_CH1.X_SpeedXP_auto_16_St.v1
0.000000e+00 (A)  X_CH1.Xpartial.X_SpeedXP_auto_WP7B-P040VA1-R8000_WP7B-P040VA1-R8000_WP7B-P040VA1-R8000_WP7B-P040VA1-R8000_CH1.X_SpeedXP_auto_17_St.v1
0.000000e+00 (A)  X_CH1.Xpartial.X_SpeedXP_auto_WP7B-P040VA1-R8000_WP7B-P040VA1-R8000_WP7B-P040VA1-R8000_WP7B-P040VA1-R8000_CH1.X_SpeedXP_auto_18_St.v1
-1.010000e-10 (A)  X_CH1.Xpartial.X_SpeedXP_auto_WP7B-P040VA1-R8000_WP7B-P040VA1-R8000_WP7B-P040VA1-R8000_WP7B-P040VA1-R8000_CH1.X_SpeedXP_auto_19_St.v1
0.000000e+00 (A)  X_CH1.Xpartial.X_SpeedXP_auto_WP7B-P040VA1-R8000_WP7B-P040VA1-R8000_WP7B-P040VA1-R8000_WP7B-P040VA1-R8000_CH1.X_SpeedXP_auto_1_St.v1
0.000000e+00 (A)  X_CH1.Xpartial.X_SpeedXP_auto_WP7B-P040VA1-R8000_WP7B-P040VA1-R8000_WP7B-P040VA1-R8000_WP7B-P040VA1-R8000_CH1.X_SpeedXP_auto_20_St.v1
0.000000e+00 (A)  X_CH1.Xpartial.X_SpeedXP_auto_WP7B-P040VA1-R8000_WP7B-P040VA1-R8000_WP7B-P040VA1-R8000_WP7B-P040VA1-R8000_CH1.X_SpeedXP_auto_2_St.v1
0.000000e+00 (A)  X_CH1.Xpartial.X_SpeedXP_auto_WP7B-P040VA1-R8000_WP7B-P040VA1-R8000_WP7B-P040VA1-R8000_WP7B-P040VA1-R8000_CH1.X_SpeedXP_auto_3_St.v1
0.000000e+00 (A)  X_CH1.Xpartial.X_SpeedXP_auto_WP7B-P040VA1-R8000_WP7B-P040VA1-R8000_WP7B-P040VA1-R8000_WP7B-P040VA1-R8000_CH1.X_SpeedXP_auto_4_St.v1
0.000000e+00 (A)  X_CH1.Xpartial.X_SpeedXP_auto_WP7B-P040VA1-R8000_WP7B-P040VA1-R8000_WP7B-P040VA1-R8000_WP7B-P040VA1-R8000_CH1.X_SpeedXP_auto_5_St.v1
0.000000e+00 (A)  X_CH1.Xpartial.X_SpeedXP_auto_WP7B-P040VA1-R8000_WP7B-P040VA1-R8000_WP7B-P040VA1-R8000_WP7B-P040VA1-R8000_CH1.X_SpeedXP_auto_6_St.v1
0.000000e+00 (A)  X_CH1.Xpartial.X_SpeedXP_auto_WP7B-P040VA1-R8000_WP7B-P040VA1-R8000_WP7B-P040VA1-R8000_WP7B-P040VA1-R8000_CH1.X_SpeedXP_auto_7_St.v1
0.000000e+00 (A)  X_CH1.Xpartial.X_SpeedXP_auto_WP7B-P040VA1-R8000_WP7B-P040VA1-R8000_WP7B-P040VA1-R8000_WP7B-P040VA1-R8000_CH1.X_SpeedXP_auto_8_St.v1
0.000000e+00 (A)  X_CH1.Xpartial.X_SpeedXP_auto_WP7B-P040VA1-R8000_WP7B-P040VA1-R8000_WP7B-P040VA1-R8000_WP7B-P040VA1-R8000_CH1.X_SpeedXP_auto_9_St.v1
0.000000e+00 (A)  X_D5.Xpartial.X_SpeedXP_auto_TVS/ESD_SOD-323_H3V3HD3U_H3V3HD3U_D5.V_SpeedXP_auto_1_En
0.000000e+00 (A)  X_ESD1.Xpartial.X_SpeedXP_auto_IP4292CZ10_DFN2510A-10_IP4292CZ10-TBR_115_IP4292CZ10-TBR_115_ESD1_ESD1.V_SpeedXP_auto_10_En
-1.000000e-12 (A)  X_ESD1.Xpartial.X_SpeedXP_auto_IP4292CZ10_DFN2510A-10_IP4292CZ10-TBR_115_IP4292CZ10-TBR_115_ESD1_ESD1.V_SpeedXP_auto_1_En
-1.000000e-12 (A)  X_ESD1.Xpartial.X_SpeedXP_auto_IP4292CZ10_DFN2510A-10_IP4292CZ10-TBR_115_IP4292CZ10-TBR_115_ESD1_ESD1.V_SpeedXP_auto_2_En
-1.000000e-12 (A)  X_ESD1.Xpartial.X_SpeedXP_auto_IP4292CZ10_DFN2510A-10_IP4292CZ10-TBR_115_IP4292CZ10-TBR_115_ESD1_ESD1.V_SpeedXP_auto_4_En
-1.000000e-12 (A)  X_ESD1.Xpartial.X_SpeedXP_auto_IP4292CZ10_DFN2510A-10_IP4292CZ10-TBR_115_IP4292CZ10-TBR_115_ESD1_ESD1.V_SpeedXP_auto_5_En
0.000000e+00 (A)  X_ESD1.Xpartial.X_SpeedXP_auto_IP4292CZ10_DFN2510A-10_IP4292CZ10-TBR_115_IP4292CZ10-TBR_115_ESD1_ESD1.V_SpeedXP_auto_6_En
0.000000e+00 (A)  X_ESD1.Xpartial.X_SpeedXP_auto_IP4292CZ10_DFN2510A-10_IP4292CZ10-TBR_115_IP4292CZ10-TBR_115_ESD1_ESD1.V_SpeedXP_auto_7_En
0.000000e+00 (A)  X_ESD1.Xpartial.X_SpeedXP_auto_IP4292CZ10_DFN2510A-10_IP4292CZ10-TBR_115_IP4292CZ10-TBR_115_ESD1_ESD1.V_SpeedXP_auto_9_En
0.000000e+00 (A)  X_ESD1.Xpartial.X_SpeedXP_auto_IP4292CZ10_DFN2510A-10_IP4292CZ10-TBR_115_IP4292CZ10-TBR_115_ESD1_ESD1.X_SpeedXP_auto_1_St.v1
0.000000e+00 (A)  X_ESD1.Xpartial.X_SpeedXP_auto_IP4292CZ10_DFN2510A-10_IP4292CZ10-TBR_115_IP4292CZ10-TBR_115_ESD1_ESD1.X_SpeedXP_auto_2_St.v1
0.000000e+00 (A)  X_ESD1.Xpartial.X_SpeedXP_auto_IP4292CZ10_DFN2510A-10_IP4292CZ10-TBR_115_IP4292CZ10-TBR_115_ESD1_ESD1.X_SpeedXP_auto_4_St.v1
0.000000e+00 (A)  X_ESD1.Xpartial.X_SpeedXP_auto_IP4292CZ10_DFN2510A-10_IP4292CZ10-TBR_115_IP4292CZ10-TBR_115_ESD1_ESD1.X_SpeedXP_auto_5_St.v1
0.000000e+00 (A)  X_ESD2.Xpartial.X_SpeedXP_auto_IP4292CZ10_DFN2510A-10_IP4292CZ10-TBR_115_IP4292CZ10-TBR_115_ESD2_ESD2.V_SpeedXP_auto_10_En
-1.000000e-12 (A)  X_ESD2.Xpartial.X_SpeedXP_auto_IP4292CZ10_DFN2510A-10_IP4292CZ10-TBR_115_IP4292CZ10-TBR_115_ESD2_ESD2.V_SpeedXP_auto_1_En
-1.000000e-12 (A)  X_ESD2.Xpartial.X_SpeedXP_auto_IP4292CZ10_DFN2510A-10_IP4292CZ10-TBR_115_IP4292CZ10-TBR_115_ESD2_ESD2.V_SpeedXP_auto_2_En
-1.000000e-12 (A)  X_ESD2.Xpartial.X_SpeedXP_auto_IP4292CZ10_DFN2510A-10_IP4292CZ10-TBR_115_IP4292CZ10-TBR_115_ESD2_ESD2.V_SpeedXP_auto_4_En
-1.000000e-12 (A)  X_ESD2.Xpartial.X_SpeedXP_auto_IP4292CZ10_DFN2510A-10_IP4292CZ10-TBR_115_IP4292CZ10-TBR_115_ESD2_ESD2.V_SpeedXP_auto_5_En
0.000000e+00 (A)  X_ESD2.Xpartial.X_SpeedXP_auto_IP4292CZ10_DFN2510A-10_IP4292CZ10-TBR_115_IP4292CZ10-TBR_115_ESD2_ESD2.V_SpeedXP_auto_6_En
0.000000e+00 (A)  X_ESD2.Xpartial.X_SpeedXP_auto_IP4292CZ10_DFN2510A-10_IP4292CZ10-TBR_115_IP4292CZ10-TBR_115_ESD2_ESD2.V_SpeedXP_auto_7_En
0.000000e+00 (A)  X_ESD2.Xpartial.X_SpeedXP_auto_IP4292CZ10_DFN2510A-10_IP4292CZ10-TBR_115_IP4292CZ10-TBR_115_ESD2_ESD2.V_SpeedXP_auto_9_En
0.000000e+00 (A)  X_ESD2.Xpartial.X_SpeedXP_auto_IP4292CZ10_DFN2510A-10_IP4292CZ10-TBR_115_IP4292CZ10-TBR_115_ESD2_ESD2.X_SpeedXP_auto_1_St.v1
0.000000e+00 (A)  X_ESD2.Xpartial.X_SpeedXP_auto_IP4292CZ10_DFN2510A-10_IP4292CZ10-TBR_115_IP4292CZ10-TBR_115_ESD2_ESD2.X_SpeedXP_auto_2_St.v1
0.000000e+00 (A)  X_ESD2.Xpartial.X_SpeedXP_auto_IP4292CZ10_DFN2510A-10_IP4292CZ10-TBR_115_IP4292CZ10-TBR_115_ESD2_ESD2.X_SpeedXP_auto_4_St.v1
0.000000e+00 (A)  X_ESD2.Xpartial.X_SpeedXP_auto_IP4292CZ10_DFN2510A-10_IP4292CZ10-TBR_115_IP4292CZ10-TBR_115_ESD2_ESD2.X_SpeedXP_auto_5_St.v1
0.000000e+00 (A)  X_HDMI1.Xpartial.X_SpeedXP_auto_HDMI-A_HDMI-001S_HDMI-001S_HDMI-001S_HDMI1.V_SpeedXP_auto_10_En
0.000000e+00 (A)  X_HDMI1.Xpartial.X_SpeedXP_auto_HDMI-A_HDMI-001S_HDMI-001S_HDMI-001S_HDMI1.V_SpeedXP_auto_12_En
0.000000e+00 (A)  X_HDMI1.Xpartial.X_SpeedXP_auto_HDMI-A_HDMI-001S_HDMI-001S_HDMI-001S_HDMI1.V_SpeedXP_auto_1_En
0.000000e+00 (A)  X_HDMI1.Xpartial.X_SpeedXP_auto_HDMI-A_HDMI-001S_HDMI-001S_HDMI-001S_HDMI1.V_SpeedXP_auto_3_En
0.000000e+00 (A)  X_HDMI1.Xpartial.X_SpeedXP_auto_HDMI-A_HDMI-001S_HDMI-001S_HDMI-001S_HDMI1.V_SpeedXP_auto_4_En
0.000000e+00 (A)  X_HDMI1.Xpartial.X_SpeedXP_auto_HDMI-A_HDMI-001S_HDMI-001S_HDMI-001S_HDMI1.V_SpeedXP_auto_6_En
0.000000e+00 (A)  X_HDMI1.Xpartial.X_SpeedXP_auto_HDMI-A_HDMI-001S_HDMI-001S_HDMI-001S_HDMI1.V_SpeedXP_auto_7_En
0.000000e+00 (A)  X_HDMI1.Xpartial.X_SpeedXP_auto_HDMI-A_HDMI-001S_HDMI-001S_HDMI-001S_HDMI1.V_SpeedXP_auto_9_En
0.000000e+00 (A)  X_R24.Xpartial.X_SpeedXP_auto_RES_R0603_10K_10K_R24_R24.V_SpeedXP_auto_2_En
-1.000000e-12 (A)  X_R25.Xpartial.X_SpeedXP_auto_RES_R0603_1K_1K_R25_R25.V_SpeedXP_auto_1_En
0.000000e+00 (A)  X_R25.Xpartial.X_SpeedXP_auto_RES_R0603_1K_1K_R25_R25.X_SpeedXP_auto_1_St.v1
0.000000e+00 (A)  X_SW1.Xpartial.X_SpeedXP_auto_SWITCH-2P_SMD4030_1_6N_1_6N_SW1.V_SpeedXP_auto_2_En
-1.010000e-10 (A)  X_U8.Xpartial.X_SpeedXP_auto_TC358870XBG_1_VFBGA80_(S1+S2+S3+S4)_TC358870XBG(NOK)_TC358870XBG(NOK)_U8.B_SpeedXP_auto_A5_OutOfIn
0.000000e+00 (A)  X_U8.Xpartial.X_SpeedXP_auto_TC358870XBG_1_VFBGA80_(S1+S2+S3+S4)_TC358870XBG(NOK)_TC358870XBG(NOK)_U8.B_SpeedXP_auto_A6_OutOfIn
-1.010000e-10 (A)  X_U8.Xpartial.X_SpeedXP_auto_TC358870XBG_1_VFBGA80_(S1+S2+S3+S4)_TC358870XBG(NOK)_TC358870XBG(NOK)_U8.B_SpeedXP_auto_A7_OutOfIn
-1.010000e-10 (A)  X_U8.Xpartial.X_SpeedXP_auto_TC358870XBG_1_VFBGA80_(S1+S2+S3+S4)_TC358870XBG(NOK)_TC358870XBG(NOK)_U8.B_SpeedXP_auto_A8_OutOfIn
0.000000e+00 (A)  X_U8.Xpartial.X_SpeedXP_auto_TC358870XBG_1_VFBGA80_(S1+S2+S3+S4)_TC358870XBG(NOK)_TC358870XBG(NOK)_U8.B_SpeedXP_auto_B5_OutOfIn
-1.010000e-10 (A)  X_U8.Xpartial.X_SpeedXP_auto_TC358870XBG_1_VFBGA80_(S1+S2+S3+S4)_TC358870XBG(NOK)_TC358870XBG(NOK)_U8.B_SpeedXP_auto_B6_OutOfIn
0.000000e+00 (A)  X_U8.Xpartial.X_SpeedXP_auto_TC358870XBG_1_VFBGA80_(S1+S2+S3+S4)_TC358870XBG(NOK)_TC358870XBG(NOK)_U8.B_SpeedXP_auto_B7_OutOfIn
0.000000e+00 (A)  X_U8.Xpartial.X_SpeedXP_auto_TC358870XBG_1_VFBGA80_(S1+S2+S3+S4)_TC358870XBG(NOK)_TC358870XBG(NOK)_U8.B_SpeedXP_auto_B8_OutOfIn
-1.010000e-10 (A)  X_U8.Xpartial.X_SpeedXP_auto_TC358870XBG_1_VFBGA80_(S1+S2+S3+S4)_TC358870XBG(NOK)_TC358870XBG(NOK)_U8.B_SpeedXP_auto_E10_OutOfIn
0.000000e+00 (A)  X_U8.Xpartial.X_SpeedXP_auto_TC358870XBG_1_VFBGA80_(S1+S2+S3+S4)_TC358870XBG(NOK)_TC358870XBG(NOK)_U8.B_SpeedXP_auto_E9_OutOfIn
0.000000e+00 (A)  X_U8.Xpartial.X_SpeedXP_auto_TC358870XBG_1_VFBGA80_(S1+S2+S3+S4)_TC358870XBG(NOK)_TC358870XBG(NOK)_U8.V_SpeedXP_auto_A4_En
0.000000e+00 (A)  X_U8.Xpartial.X_SpeedXP_auto_TC358870XBG_1_VFBGA80_(S1+S2+S3+S4)_TC358870XBG(NOK)_TC358870XBG(NOK)_U8.V_SpeedXP_auto_A5_En
0.000000e+00 (A)  X_U8.Xpartial.X_SpeedXP_auto_TC358870XBG_1_VFBGA80_(S1+S2+S3+S4)_TC358870XBG(NOK)_TC358870XBG(NOK)_U8.V_SpeedXP_auto_A6_En
0.000000e+00 (A)  X_U8.Xpartial.X_SpeedXP_auto_TC358870XBG_1_VFBGA80_(S1+S2+S3+S4)_TC358870XBG(NOK)_TC358870XBG(NOK)_U8.V_SpeedXP_auto_A7_En
0.000000e+00 (A)  X_U8.Xpartial.X_SpeedXP_auto_TC358870XBG_1_VFBGA80_(S1+S2+S3+S4)_TC358870XBG(NOK)_TC358870XBG(NOK)_U8.V_SpeedXP_auto_A8_En
0.000000e+00 (A)  X_U8.Xpartial.X_SpeedXP_auto_TC358870XBG_1_VFBGA80_(S1+S2+S3+S4)_TC358870XBG(NOK)_TC358870XBG(NOK)_U8.V_SpeedXP_auto_A9_En
0.000000e+00 (A)  X_U8.Xpartial.X_SpeedXP_auto_TC358870XBG_1_VFBGA80_(S1+S2+S3+S4)_TC358870XBG(NOK)_TC358870XBG(NOK)_U8.V_SpeedXP_auto_B5_En
0.000000e+00 (A)  X_U8.Xpartial.X_SpeedXP_auto_TC358870XBG_1_VFBGA80_(S1+S2+S3+S4)_TC358870XBG(NOK)_TC358870XBG(NOK)_U8.V_SpeedXP_auto_B6_En
0.000000e+00 (A)  X_U8.Xpartial.X_SpeedXP_auto_TC358870XBG_1_VFBGA80_(S1+S2+S3+S4)_TC358870XBG(NOK)_TC358870XBG(NOK)_U8.V_SpeedXP_auto_B7_En
0.000000e+00 (A)  X_U8.Xpartial.X_SpeedXP_auto_TC358870XBG_1_VFBGA80_(S1+S2+S3+S4)_TC358870XBG(NOK)_TC358870XBG(NOK)_U8.V_SpeedXP_auto_B8_En
0.000000e+00 (A)  X_U8.Xpartial.X_SpeedXP_auto_TC358870XBG_1_VFBGA80_(S1+S2+S3+S4)_TC358870XBG(NOK)_TC358870XBG(NOK)_U8.V_SpeedXP_auto_B9_En
0.000000e+00 (A)  X_U8.Xpartial.X_SpeedXP_auto_TC358870XBG_1_VFBGA80_(S1+S2+S3+S4)_TC358870XBG(NOK)_TC358870XBG(NOK)_U8.V_SpeedXP_auto_C1_En
0.000000e+00 (A)  X_U8.Xpartial.X_SpeedXP_auto_TC358870XBG_1_VFBGA80_(S1+S2+S3+S4)_TC358870XBG(NOK)_TC358870XBG(NOK)_U8.V_SpeedXP_auto_C2_En
0.000000e+00 (A)  X_U8.Xpartial.X_SpeedXP_auto_TC358870XBG_1_VFBGA80_(S1+S2+S3+S4)_TC358870XBG(NOK)_TC358870XBG(NOK)_U8.V_SpeedXP_auto_D10_En
0.000000e+00 (A)  X_U8.Xpartial.X_SpeedXP_auto_TC358870XBG_1_VFBGA80_(S1+S2+S3+S4)_TC358870XBG(NOK)_TC358870XBG(NOK)_U8.V_SpeedXP_auto_D1_En
0.000000e+00 (A)  X_U8.Xpartial.X_SpeedXP_auto_TC358870XBG_1_VFBGA80_(S1+S2+S3+S4)_TC358870XBG(NOK)_TC358870XBG(NOK)_U8.V_SpeedXP_auto_D2_En
0.000000e+00 (A)  X_U8.Xpartial.X_SpeedXP_auto_TC358870XBG_1_VFBGA80_(S1+S2+S3+S4)_TC358870XBG(NOK)_TC358870XBG(NOK)_U8.V_SpeedXP_auto_D9_En
0.000000e+00 (A)  X_U8.Xpartial.X_SpeedXP_auto_TC358870XBG_1_VFBGA80_(S1+S2+S3+S4)_TC358870XBG(NOK)_TC358870XBG(NOK)_U8.V_SpeedXP_auto_E10_En
0.000000e+00 (A)  X_U8.Xpartial.X_SpeedXP_auto_TC358870XBG_1_VFBGA80_(S1+S2+S3+S4)_TC358870XBG(NOK)_TC358870XBG(NOK)_U8.V_SpeedXP_auto_E1_En
0.000000e+00 (A)  X_U8.Xpartial.X_SpeedXP_auto_TC358870XBG_1_VFBGA80_(S1+S2+S3+S4)_TC358870XBG(NOK)_TC358870XBG(NOK)_U8.V_SpeedXP_auto_E2_En
0.000000e+00 (A)  X_U8.Xpartial.X_SpeedXP_auto_TC358870XBG_1_VFBGA80_(S1+S2+S3+S4)_TC358870XBG(NOK)_TC358870XBG(NOK)_U8.V_SpeedXP_auto_E9_En
0.000000e+00 (A)  X_U8.Xpartial.X_SpeedXP_auto_TC358870XBG_1_VFBGA80_(S1+S2+S3+S4)_TC358870XBG(NOK)_TC358870XBG(NOK)_U8.V_SpeedXP_auto_F10_En
0.000000e+00 (A)  X_U8.Xpartial.X_SpeedXP_auto_TC358870XBG_1_VFBGA80_(S1+S2+S3+S4)_TC358870XBG(NOK)_TC358870XBG(NOK)_U8.V_SpeedXP_auto_F1_En
0.000000e+00 (A)  X_U8.Xpartial.X_SpeedXP_auto_TC358870XBG_1_VFBGA80_(S1+S2+S3+S4)_TC358870XBG(NOK)_TC358870XBG(NOK)_U8.V_SpeedXP_auto_F2_En
0.000000e+00 (A)  X_U8.Xpartial.X_SpeedXP_auto_TC358870XBG_1_VFBGA80_(S1+S2+S3+S4)_TC358870XBG(NOK)_TC358870XBG(NOK)_U8.V_SpeedXP_auto_F9_En
0.000000e+00 (A)  X_U8.Xpartial.X_SpeedXP_auto_TC358870XBG_1_VFBGA80_(S1+S2+S3+S4)_TC358870XBG(NOK)_TC358870XBG(NOK)_U8.V_SpeedXP_auto_G10_En
0.000000e+00 (A)  X_U8.Xpartial.X_SpeedXP_auto_TC358870XBG_1_VFBGA80_(S1+S2+S3+S4)_TC358870XBG(NOK)_TC358870XBG(NOK)_U8.V_SpeedXP_auto_G9_En
0.000000e+00 (A)  X_U8.Xpartial.X_SpeedXP_auto_TC358870XBG_1_VFBGA80_(S1+S2+S3+S4)_TC358870XBG(NOK)_TC358870XBG(NOK)_U8.V_SpeedXP_auto_H10_En
0.000000e+00 (A)  X_U8.Xpartial.X_SpeedXP_auto_TC358870XBG_1_VFBGA80_(S1+S2+S3+S4)_TC358870XBG(NOK)_TC358870XBG(NOK)_U8.V_SpeedXP_auto_H9_En
0.000000e+00 (A)  X_U8.Xpartial.X_SpeedXP_auto_TC358870XBG_1_VFBGA80_(S1+S2+S3+S4)_TC358870XBG(NOK)_TC358870XBG(NOK)_U8.V_SpeedXP_auto_K8_En
-2.500000e-12 (A)  X_U8.Xpartial.X_SpeedXP_auto_TC358870XBG_1_VFBGA80_(S1+S2+S3+S4)_TC358870XBG(NOK)_TC358870XBG(NOK)_U8.Vpwr_A5
-7.500000e-12 (A)  X_U8.Xpartial.X_SpeedXP_auto_TC358870XBG_1_VFBGA80_(S1+S2+S3+S4)_TC358870XBG(NOK)_TC358870XBG(NOK)_U8.Vpwr_A6
-2.500000e-12 (A)  X_U8.Xpartial.X_SpeedXP_auto_TC358870XBG_1_VFBGA80_(S1+S2+S3+S4)_TC358870XBG(NOK)_TC358870XBG(NOK)_U8.Vpwr_A7
-2.500000e-12 (A)  X_U8.Xpartial.X_SpeedXP_auto_TC358870XBG_1_VFBGA80_(S1+S2+S3+S4)_TC358870XBG(NOK)_TC358870XBG(NOK)_U8.Vpwr_A8
-7.500000e-12 (A)  X_U8.Xpartial.X_SpeedXP_auto_TC358870XBG_1_VFBGA80_(S1+S2+S3+S4)_TC358870XBG(NOK)_TC358870XBG(NOK)_U8.Vpwr_B5
-2.500000e-12 (A)  X_U8.Xpartial.X_SpeedXP_auto_TC358870XBG_1_VFBGA80_(S1+S2+S3+S4)_TC358870XBG(NOK)_TC358870XBG(NOK)_U8.Vpwr_B6
-7.500000e-12 (A)  X_U8.Xpartial.X_SpeedXP_auto_TC358870XBG_1_VFBGA80_(S1+S2+S3+S4)_TC358870XBG(NOK)_TC358870XBG(NOK)_U8.Vpwr_B7
-7.500000e-12 (A)  X_U8.Xpartial.X_SpeedXP_auto_TC358870XBG_1_VFBGA80_(S1+S2+S3+S4)_TC358870XBG(NOK)_TC358870XBG(NOK)_U8.Vpwr_B8
-2.500000e-12 (A)  X_U8.Xpartial.X_SpeedXP_auto_TC358870XBG_1_VFBGA80_(S1+S2+S3+S4)_TC358870XBG(NOK)_TC358870XBG(NOK)_U8.Vpwr_E10
-7.500000e-12 (A)  X_U8.Xpartial.X_SpeedXP_auto_TC358870XBG_1_VFBGA80_(S1+S2+S3+S4)_TC358870XBG(NOK)_TC358870XBG(NOK)_U8.Vpwr_E9
5.000000e-12 (A)  xvia0.lnode2494::mipi_dsi0_data2_n
-6.000037e-11 (A)  xvia0.lnode3029::mipi_dsi0_data2_p
5.000000e-12 (A)  Xvia0.VRLNode2494::MIPI_DSI0_DATA2_N
-6.250036e-11 (A)  Xvia0.VRLNode3029::MIPI_DSI0_DATA2_P
5.000000e-12 (A)  xvia1.lnode1780::mipi_dsi1_data1_n
-1.475007e-10 (A)  xvia1.lnode2014::mipi_dsi1_data1_p
5.000000e-12 (A)  Xvia1.VRLNode1780::MIPI_DSI1_DATA1_N
-1.500008e-10 (A)  Xvia1.VRLNode2014::MIPI_DSI1_DATA1_P
-6.250025e-11 (A)  xvia2.lnode1321::mipi_dsi1_data2_n
5.000000e-12 (A)  xvia2.lnode1541::mipi_dsi1_data2_p
-6.500026e-11 (A)  Xvia2.VRLNode1321::MIPI_DSI1_DATA2_N
5.000000e-12 (A)  Xvia2.VRLNode1541::MIPI_DSI1_DATA2_P
5.000000e-12 (A)  xvia3.lnode1161::mipi_dsi1_data3_n
-1.250005e-10 (A)  xvia3.lnode1306::mipi_dsi1_data3_p
5.000000e-12 (A)  Xvia3.VRLNode1161::MIPI_DSI1_DATA3_N
-1.275005e-10 (A)  Xvia3.VRLNode1306::MIPI_DSI1_DATA3_P
5.000000e-12 (A)  xvia4.lnode883::mipi_dsi1_clk_n
-2.075009e-10 (A)  xvia4.lnode992::mipi_dsi1_clk_p
5.000000e-12 (A)  Xvia4.VRLNode883::MIPI_DSI1_CLK_N
-2.100010e-10 (A)  Xvia4.VRLNode992::MIPI_DSI1_CLK_P
