0.000000e+00 (V)  __Gnd
2.500000e+00 (V)  FILLETpad~polygon0100::mipi_dsi0_data0_p
1.001143e-10 (V)  FILLETpad~polygon0101::mipi_dsi0_clk_n
2.500000e+00 (V)  FILLETpad~polygon0102::mipi_dsi0_data1_p
1.001467e-10 (V)  FILLETpad~polygon0107::mipi_dsi0_data2_n
2.500000e+00 (V)  FILLETpad~polygon0108::mipi_dsi0_data2_p
2.500000e+00 (V)  FILLETpad~polygon0111::mipi_dsi0_clk_p
1.000000e-10 (V)  FILLETpad~polygon0120::mipi_dsi0_clk_n
2.500000e+00 (V)  FILLETpad~polygon0126::mipi_dsi0_clk_p
2.500000e+00 (V)  FILLETpad~polygon0127::mipi_dsi0_data1_p
1.000000e-10 (V)  FILLETpad~polygon0131::mipi_dsi0_data2_n
2.500000e+00 (V)  FILLETpad~polygon0265::mipi_dsi0_data2_p
2.500000e+00 (V)  FILLETpad~polygon0274::mipi_dsi0_clk_p
1.001872e-10 (V)  FILLETpad~polygon0325::mipi_dsi0_data0_n
2.500000e+00 (V)  FILLETpad~polygon0327::mipi_dsi0_data1_p
1.001161e-10 (V)  FILLETpad~polygon0328::mipi_dsi0_clk_n
2.500000e+00 (V)  FILLETpad~polygon0329::mipi_dsi0_data0_p
1.001676e-10 (V)  FILLETpad~polygon0396::mipi_dsi0_data1_n
2.500000e+00 (V)  FILLETpad~polygon0407::mipi_dsi0_clk_p
1.003707e-10 (V)  FILLETpad~polygon0418::mipi_dsi0_data2_n
1.003848e-10 (V)  FILLETpad~polygon0424::mipi_dsi0_clk_n
2.500000e+00 (V)  FILLETpad~polygon0436::mipi_dsi0_data0_p
2.500000e+00 (V)  FILLETpad~polygon0437::mipi_dsi0_data2_p
1.003745e-10 (V)  FILLETpad~polygon0442::mipi_dsi0_data0_n
1.003748e-10 (V)  FILLETpad~polygon0444::mipi_dsi0_data1_n
1.001658e-10 (V)  FILLETpad~polygon048::mipi_dsi0_data1_n
1.001855e-10 (V)  FILLETpad~polygon096::mipi_dsi0_data0_n
1.100000e+00 (V)  IPGPWR_VCC_1V1
1.200000e+00 (V)  IPGPWR_VCC_1V2
1.800000e+00 (V)  IPGPWR_VCC_1V8
3.300000e+00 (V)  IPGPWR_VCC_3V3
5.000000e+00 (V)  IPGPWR_VCC_5V
5.000000e+00 (V)  IPGPWR_VCC_5V5
0.000000e+00 (V)  Node101!!A8::MIPI_DSI1_DATA1_P
0.000000e+00 (V)  Node102!!B9::MIPI_DSI1_DATA0_N
0.000000e+00 (V)  Node103!!A9::MIPI_DSI1_DATA0_P
0.000000e+00 (V)  Node105!!D9::MIPI_DSI0_DATA3_N
0.000000e+00 (V)  Node1081!!15::MIPI_DSI1_CLK_P
0.000000e+00 (V)  Node11!!B4::VCC_HDMIRX_IN
0.000000e+00 (V)  Node110!!D10::MIPI_DSI0_DATA3_P
2.500000e+00 (V)  Node111!!E10_Auto_1034::MIPI_DSI0_DATA2_P
2.500000e+00 (V)  Node112!!G10::MIPI_DSI0_DATA1_P
0.000000e+00 (V)  Node1207!!20::MIPI_DSI1_DATA3_N
0.000000e+00 (V)  Node1276!!19::MIPI_DSI1_DATA3_P
0.000000e+00 (V)  Node14!!F2::HDMI_DATA2_N
0.000000e+00 (V)  Node15!!2::HDMI_DATA2_N
0.000000e+00 (V)  Node1525!!12::MIPI_DSI1_DATA2_N
0.000000e+00 (V)  Node16!!3::HDMI_DATA2_N
0.000000e+00 (V)  Node1685!!11::MIPI_DSI1_DATA2_P
0.000000e+00 (V)  Node17!!9::HDMI_DATA2_N
0.000000e+00 (V)  Node1795!!14::MIPI_DSI1_DATA1_N
0.000000e+00 (V)  Node18!!F1::HDMI_DATA2_P
2.500000e+00 (V)  Node180!!H10_Auto_1027::MIPI_DSI0_DATA0_P
2.500000e+00 (V)  Node180!!H10_Auto_1028::MIPI_DSI0_DATA0_P
0.000000e+00 (V)  Node181!!J3::INT
0.000000e+00 (V)  Node182!!K4::I2C_SCL
0.000000e+00 (V)  Node183!!K3::I2C_SDA
0.000000e+00 (V)  Node184!!2::RESETN
0.000000e+00 (V)  Node185!!2::RESETN
0.000000e+00 (V)  Node186!!2::RESETN
0.000000e+00 (V)  Node187!!1::RESETN
0.000000e+00 (V)  Node188!!K8::RESETN
0.000000e+00 (V)  Node19!!1::HDMI_DATA2_P
0.000000e+00 (V)  Node20!!1::HDMI_DATA2_P
0.000000e+00 (V)  Node2035!!13::MIPI_DSI1_DATA1_P
0.000000e+00 (V)  Node21!!10::HDMI_DATA2_P
0.000000e+00 (V)  Node2165!!18::MIPI_DSI1_DATA0_N
0.000000e+00 (V)  Node22!!D1::HDMI_DATA0_P
0.000000e+00 (V)  Node2243!!17::MIPI_DSI1_DATA0_P
0.000000e+00 (V)  Node23!!1::HDMI_DATA0_P
1.000014e-10 (V)  Node2327!!5_Auto_1296::MIPI_DSI0_CLK_N
1.000082e-10 (V)  Node2328::MIPI_DSI0_CLK_N
1.000144e-10 (V)  Node2328_Auto_1541::MIPI_DSI0_CLK_N
1.000170e-10 (V)  Node2328_Auto_1542::MIPI_DSI0_CLK_N
1.000173e-10 (V)  Node2328_Auto_1549::MIPI_DSI0_CLK_N
1.000197e-10 (V)  Node2328_Auto_1550::MIPI_DSI0_CLK_N
1.000233e-10 (V)  Node2328_Auto_1569::MIPI_DSI0_CLK_N
1.000288e-10 (V)  Node2328_Auto_1570::MIPI_DSI0_CLK_N
1.000344e-10 (V)  Node2328_Auto_1580::MIPI_DSI0_CLK_N
1.000093e-10 (V)  Node2328_Auto_1590::MIPI_DSI0_CLK_N
1.000131e-10 (V)  Node2328_Auto_1591::MIPI_DSI0_CLK_N
1.000422e-10 (V)  Node2328_Auto_1594::MIPI_DSI0_CLK_N
1.000454e-10 (V)  Node2329::MIPI_DSI0_CLK_N
1.000830e-10 (V)  Node2329_Auto_1527::MIPI_DSI0_CLK_N
1.000853e-10 (V)  Node2329_Auto_1528::MIPI_DSI0_CLK_N
1.000562e-10 (V)  Node2329_Auto_1529::MIPI_DSI0_CLK_N
1.000585e-10 (V)  Node2329_Auto_1530::MIPI_DSI0_CLK_N
1.000857e-10 (V)  Node2329_Auto_1531::MIPI_DSI0_CLK_N
1.000882e-10 (V)  Node2329_Auto_1532::MIPI_DSI0_CLK_N
1.000659e-10 (V)  Node2329_Auto_1533::MIPI_DSI0_CLK_N
1.000709e-10 (V)  Node2329_Auto_1534::MIPI_DSI0_CLK_N
1.000477e-10 (V)  Node2329_Auto_1535::MIPI_DSI0_CLK_N
1.000546e-10 (V)  Node2329_Auto_1536::MIPI_DSI0_CLK_N
1.000892e-10 (V)  Node2330::MIPI_DSI0_CLK_N
1.001745e-10 (V)  Node2355::MIPI_DSI0_CLK_N
1.001989e-10 (V)  Node2356::MIPI_DSI0_CLK_N
1.001885e-10 (V)  Node2356_Auto_287::MIPI_DSI0_CLK_N
1.001858e-10 (V)  Node2356_Auto_293::MIPI_DSI0_CLK_N
1.002017e-10 (V)  Node2358::MIPI_DSI0_CLK_N
1.002057e-10 (V)  Node2361::MIPI_DSI0_CLK_N
1.002105e-10 (V)  Node2364::MIPI_DSI0_CLK_N
1.002211e-10 (V)  Node2372::MIPI_DSI0_CLK_N
1.002258e-10 (V)  Node2375::MIPI_DSI0_CLK_N
1.002298e-10 (V)  Node2378::MIPI_DSI0_CLK_N
1.002398e-10 (V)  Node2380::MIPI_DSI0_CLK_N
1.002451e-10 (V)  Node2384::MIPI_DSI0_CLK_N
1.002511e-10 (V)  Node2387::MIPI_DSI0_CLK_N
1.002494e-10 (V)  Node2387_Auto_212::MIPI_DSI0_CLK_N
1.002464e-10 (V)  Node2387_Auto_214::MIPI_DSI0_CLK_N
1.002679e-10 (V)  Node2392::MIPI_DSI0_CLK_N
1.002702e-10 (V)  Node2392_Auto_195::MIPI_DSI0_CLK_N
1.002713e-10 (V)  Node2393::MIPI_DSI0_CLK_N
1.002780e-10 (V)  Node2395::MIPI_DSI0_CLK_N
1.002796e-10 (V)  Node2395_Auto_216::MIPI_DSI0_CLK_N
1.002826e-10 (V)  Node2395_Auto_217::MIPI_DSI0_CLK_N
1.002844e-10 (V)  Node2398::MIPI_DSI0_CLK_N
0.000000e+00 (V)  Node24!!7::HDMI_DATA0_P
1.002898e-10 (V)  Node2401::MIPI_DSI0_CLK_N
1.003137e-10 (V)  Node2401_Auto_196::MIPI_DSI0_CLK_N
1.003174e-10 (V)  Node2401_Auto_197::MIPI_DSI0_CLK_N
1.003220e-10 (V)  Node2401_Auto_222::MIPI_DSI0_CLK_N
1.003262e-10 (V)  Node2401_Auto_223::MIPI_DSI0_CLK_N
1.003186e-10 (V)  Node2401_Auto_231::MIPI_DSI0_CLK_N
1.003363e-10 (V)  Node2401_Auto_256::MIPI_DSI0_CLK_N
1.003477e-10 (V)  Node2401_Auto_257::MIPI_DSI0_CLK_N
1.003502e-10 (V)  Node2403::MIPI_DSI0_CLK_N
1.003531e-10 (V)  Node2403_Auto_1014::MIPI_DSI0_CLK_N
1.003719e-10 (V)  Node2405::MIPI_DSI0_CLK_N
1.003570e-10 (V)  Node2405_Auto_1021::MIPI_DSI0_CLK_N
1.003620e-10 (V)  Node2405_Auto_1022::MIPI_DSI0_CLK_N
0.000000e+00 (V)  Node2417!!1::MIPI_DSI0_DATA3_N
1.001431e-10 (V)  Node2428::MIPI_DSI0_DATA2_N
1.001444e-10 (V)  Node2428_Auto_1397::MIPI_DSI0_DATA2_N
1.001361e-10 (V)  Node2430::MIPI_DSI0_DATA2_N
1.001286e-10 (V)  Node2432::MIPI_DSI0_DATA2_N
1.001324e-10 (V)  Node2432_Auto_1391::MIPI_DSI0_DATA2_N
1.001352e-10 (V)  Node2432_Auto_1392::MIPI_DSI0_DATA2_N
1.001309e-10 (V)  Node2432_Auto_1400::MIPI_DSI0_DATA2_N
1.001195e-10 (V)  Node2435::MIPI_DSI0_DATA2_N
1.001044e-10 (V)  Node2438::MIPI_DSI0_DATA2_N
1.001134e-10 (V)  Node2438_Auto_1239::MIPI_DSI0_DATA2_N
1.001164e-10 (V)  Node2438_Auto_1240::MIPI_DSI0_DATA2_N
1.000990e-10 (V)  Node2441::MIPI_DSI0_DATA2_N
1.000854e-10 (V)  Node2443::MIPI_DSI0_DATA2_N
1.000889e-10 (V)  Node2443_Auto_1262::MIPI_DSI0_DATA2_N
1.000818e-10 (V)  Node2447::MIPI_DSI0_DATA2_N
1.000796e-10 (V)  Node2449::MIPI_DSI0_DATA2_N
1.000767e-10 (V)  Node2453::MIPI_DSI0_DATA2_N
1.000719e-10 (V)  Node2453_Auto_1257::MIPI_DSI0_DATA2_N
1.000754e-10 (V)  Node2453_Auto_1261::MIPI_DSI0_DATA2_N
1.000709e-10 (V)  Node2456::MIPI_DSI0_DATA2_N
1.000618e-10 (V)  Node2459::MIPI_DSI0_DATA2_N
1.000587e-10 (V)  Node2460::MIPI_DSI0_DATA2_N
1.000557e-10 (V)  Node2461::MIPI_DSI0_DATA2_N
1.000466e-10 (V)  Node2464::MIPI_DSI0_DATA2_N
1.000266e-10 (V)  Node2466::MIPI_DSI0_DATA2_N
1.000455e-10 (V)  Node2466_Auto_1260::MIPI_DSI0_DATA2_N
1.000421e-10 (V)  Node2466_Auto_1265::MIPI_DSI0_DATA2_N
1.000333e-10 (V)  Node2466_Auto_1268::MIPI_DSI0_DATA2_N
1.000411e-10 (V)  Node2466_Auto_1269::MIPI_DSI0_DATA2_N
1.000228e-10 (V)  Node2467::MIPI_DSI0_DATA2_N
1.000190e-10 (V)  Node2468::MIPI_DSI0_DATA2_N
1.000118e-10 (V)  Node2471::MIPI_DSI0_DATA2_N
1.000164e-10 (V)  Node2471_Auto_1559::MIPI_DSI0_DATA2_N
1.000091e-10 (V)  Node2473::MIPI_DSI0_DATA2_N
1.000014e-10 (V)  Node2474!!9_Auto_1291::MIPI_DSI0_DATA2_N
1.000082e-10 (V)  Node2474!!9_Auto_1292::MIPI_DSI0_DATA2_N
1.003587e-10 (V)  Node2477::MIPI_DSI0_DATA2_N
1.003500e-10 (V)  Node2477_Auto_1033::MIPI_DSI0_DATA2_N
1.003440e-10 (V)  Node2478::MIPI_DSI0_DATA2_N
1.003433e-10 (V)  Node2479::MIPI_DSI0_DATA2_N
1.003408e-10 (V)  Node2479_Auto_1017::MIPI_DSI0_DATA2_N
1.003370e-10 (V)  Node2479_Auto_1019::MIPI_DSI0_DATA2_N
1.003340e-10 (V)  Node2480::MIPI_DSI0_DATA2_N
1.002142e-10 (V)  Node2481::MIPI_DSI0_DATA2_N
1.002169e-10 (V)  Node2481_Auto_189::MIPI_DSI0_DATA2_N
1.002197e-10 (V)  Node2481_Auto_190::MIPI_DSI0_DATA2_N
1.002975e-10 (V)  Node2481_Auto_200::MIPI_DSI0_DATA2_N
1.003012e-10 (V)  Node2481_Auto_201::MIPI_DSI0_DATA2_N
1.003058e-10 (V)  Node2481_Auto_226::MIPI_DSI0_DATA2_N
1.003100e-10 (V)  Node2481_Auto_227::MIPI_DSI0_DATA2_N
1.003024e-10 (V)  Node2481_Auto_233::MIPI_DSI0_DATA2_N
1.002343e-10 (V)  Node2481_Auto_238::MIPI_DSI0_DATA2_N
1.002442e-10 (V)  Node2481_Auto_239::MIPI_DSI0_DATA2_N
1.002473e-10 (V)  Node2481_Auto_242::MIPI_DSI0_DATA2_N
1.003201e-10 (V)  Node2481_Auto_260::MIPI_DSI0_DATA2_N
1.003315e-10 (V)  Node2481_Auto_261::MIPI_DSI0_DATA2_N
1.002736e-10 (V)  Node2481_Auto_266::MIPI_DSI0_DATA2_N
1.002716e-10 (V)  Node2481_Auto_268::MIPI_DSI0_DATA2_N
1.002120e-10 (V)  Node2483::MIPI_DSI0_DATA2_N
1.002100e-10 (V)  Node2484::MIPI_DSI0_DATA2_N
1.001966e-10 (V)  Node2484_Auto_282::MIPI_DSI0_DATA2_N
1.002070e-10 (V)  Node2484_Auto_288::MIPI_DSI0_DATA2_N
1.002097e-10 (V)  Node2484_Auto_290::MIPI_DSI0_DATA2_N
1.001939e-10 (V)  Node2486::MIPI_DSI0_DATA2_N
1.001912e-10 (V)  Node2486_Auto_61::MIPI_DSI0_DATA2_N
1.001832e-10 (V)  Node2486_Auto_62::MIPI_DSI0_DATA2_N
1.001781e-10 (V)  Node2487::MIPI_DSI0_DATA2_N
1.001719e-10 (V)  Node2489::MIPI_DSI0_DATA2_N
1.001596e-10 (V)  Node2489_Auto_72::MIPI_DSI0_DATA2_N
1.001536e-10 (V)  Node2491::MIPI_DSI0_DATA2_N
1.001485e-10 (V)  Node2493::MIPI_DSI0_DATA2_N
1.000000e-10 (V)  Node2495!!7::MIPI_DSI0_DATA1_N
1.000067e-10 (V)  Node2497::MIPI_DSI0_DATA1_N
1.000140e-10 (V)  Node2497_Auto_1537::MIPI_DSI0_DATA1_N
1.000160e-10 (V)  Node2497_Auto_1538::MIPI_DSI0_DATA1_N
1.000249e-10 (V)  Node2497_Auto_1545::MIPI_DSI0_DATA1_N
1.000275e-10 (V)  Node2497_Auto_1546::MIPI_DSI0_DATA1_N
1.000279e-10 (V)  Node2497_Auto_1553::MIPI_DSI0_DATA1_N
1.000302e-10 (V)  Node2497_Auto_1554::MIPI_DSI0_DATA1_N
1.000072e-10 (V)  Node2497_Auto_1557::MIPI_DSI0_DATA1_N
1.000110e-10 (V)  Node2497_Auto_1558::MIPI_DSI0_DATA1_N
1.000338e-10 (V)  Node2497_Auto_1565::MIPI_DSI0_DATA1_N
1.000394e-10 (V)  Node2497_Auto_1566::MIPI_DSI0_DATA1_N
1.000196e-10 (V)  Node2497_Auto_1585::MIPI_DSI0_DATA1_N
1.000234e-10 (V)  Node2497_Auto_1587::MIPI_DSI0_DATA1_N
1.000187e-10 (V)  Node2497_Auto_1592::MIPI_DSI0_DATA1_N
0.000000e+00 (V)  Node25!!10::HDMI_DATA0_P
1.000449e-10 (V)  Node2500::MIPI_DSI0_DATA1_N
1.000456e-10 (V)  Node2500_Auto_1383::MIPI_DSI0_DATA1_N
1.000539e-10 (V)  Node2500_Auto_1384::MIPI_DSI0_DATA1_N
1.000576e-10 (V)  Node2501::MIPI_DSI0_DATA1_N
1.000610e-10 (V)  Node2501_Auto_1385::MIPI_DSI0_DATA1_N
1.000663e-10 (V)  Node2501_Auto_1386::MIPI_DSI0_DATA1_N
1.000669e-10 (V)  Node2502::MIPI_DSI0_DATA1_N
1.000704e-10 (V)  Node2503::MIPI_DSI0_DATA1_N
1.000807e-10 (V)  Node2505::MIPI_DSI0_DATA1_N
1.000832e-10 (V)  Node2505_Auto_1388::MIPI_DSI0_DATA1_N
1.000835e-10 (V)  Node2506::MIPI_DSI0_DATA1_N
1.000849e-10 (V)  Node2508::MIPI_DSI0_DATA1_N
1.000876e-10 (V)  Node2509::MIPI_DSI0_DATA1_N
1.000901e-10 (V)  Node2509_Auto_1396::MIPI_DSI0_DATA1_N
1.000904e-10 (V)  Node2510::MIPI_DSI0_DATA1_N
1.000910e-10 (V)  Node2510_Auto_1401::MIPI_DSI0_DATA1_N
1.000992e-10 (V)  Node2510_Auto_1402::MIPI_DSI0_DATA1_N
1.001002e-10 (V)  Node2513::MIPI_DSI0_DATA1_N
1.001041e-10 (V)  Node2514::MIPI_DSI0_DATA1_N
1.001051e-10 (V)  Node2514_Auto_1405::MIPI_DSI0_DATA1_N
1.001233e-10 (V)  Node2516::MIPI_DSI0_DATA1_N
1.001303e-10 (V)  Node2518::MIPI_DSI0_DATA1_N
1.001308e-10 (V)  Node2518_Auto_1524::MIPI_DSI0_DATA1_N
1.001364e-10 (V)  Node2521::MIPI_DSI0_DATA1_N
1.001379e-10 (V)  Node2522::MIPI_DSI0_DATA1_N
1.001428e-10 (V)  Node2524::MIPI_DSI0_DATA1_N
1.001466e-10 (V)  Node2525::MIPI_DSI0_DATA1_N
1.001912e-10 (V)  Node2540::MIPI_DSI0_DATA1_N
1.001930e-10 (V)  Node2541::MIPI_DSI0_DATA1_N
1.001972e-10 (V)  Node2543::MIPI_DSI0_DATA1_N
1.002025e-10 (V)  Node2547::MIPI_DSI0_DATA1_N
1.002199e-10 (V)  Node2547_Auto_101::MIPI_DSI0_DATA1_N
1.002028e-10 (V)  Node2547_Auto_104::MIPI_DSI0_DATA1_N
1.002209e-10 (V)  Node2550::MIPI_DSI0_DATA1_N
1.002377e-10 (V)  Node2555::MIPI_DSI0_DATA1_N
1.002410e-10 (V)  Node2556::MIPI_DSI0_DATA1_N
1.002444e-10 (V)  Node2557::MIPI_DSI0_DATA1_N
1.002476e-10 (V)  Node2558::MIPI_DSI0_DATA1_N
1.002660e-10 (V)  Node2561::MIPI_DSI0_DATA1_N
1.002658e-10 (V)  Node2561_Auto_105::MIPI_DSI0_DATA1_N
1.002487e-10 (V)  Node2561_Auto_106::MIPI_DSI0_DATA1_N
1.002700e-10 (V)  Node2564::MIPI_DSI0_DATA1_N
1.002818e-10 (V)  Node2564_Auto_245::MIPI_DSI0_DATA1_N
1.002828e-10 (V)  Node2567::MIPI_DSI0_DATA1_N
1.002837e-10 (V)  Node2567_Auto_208::MIPI_DSI0_DATA1_N
1.002867e-10 (V)  Node2568::MIPI_DSI0_DATA1_N
1.003055e-10 (V)  Node2571::MIPI_DSI0_DATA1_N
1.002874e-10 (V)  Node2571_Auto_212::MIPI_DSI0_DATA1_N
1.003029e-10 (V)  Node2571_Auto_246::MIPI_DSI0_DATA1_N
1.002900e-10 (V)  Node2571_Auto_248::MIPI_DSI0_DATA1_N
1.003073e-10 (V)  Node2572::MIPI_DSI0_DATA1_N
1.003108e-10 (V)  Node2572_Auto_218::MIPI_DSI0_DATA1_N
1.003150e-10 (V)  Node2572_Auto_219::MIPI_DSI0_DATA1_N
1.003250e-10 (V)  Node2572_Auto_251::MIPI_DSI0_DATA1_N
1.003365e-10 (V)  Node2572_Auto_254::MIPI_DSI0_DATA1_N
1.003392e-10 (V)  Node2574::MIPI_DSI0_DATA1_N
1.003403e-10 (V)  Node2576::MIPI_DSI0_DATA1_N
1.003432e-10 (V)  Node2577::MIPI_DSI0_DATA1_N
1.003433e-10 (V)  Node2578::MIPI_DSI0_DATA1_N
1.003622e-10 (V)  Node2580::MIPI_DSI0_DATA1_N
1.003523e-10 (V)  Node2580_Auto_1025::MIPI_DSI0_DATA1_N
1.003473e-10 (V)  Node2580_Auto_1026::MIPI_DSI0_DATA1_N
1.003562e-10 (V)  Node2580_Auto_1032::MIPI_DSI0_DATA1_N
1.003589e-10 (V)  Node2588::MIPI_DSI0_DATA0_N
1.003524e-10 (V)  Node2588_Auto_1029::MIPI_DSI0_DATA0_N
1.003474e-10 (V)  Node2588_Auto_1030::MIPI_DSI0_DATA0_N
1.003563e-10 (V)  Node2588_Auto_1031::MIPI_DSI0_DATA0_N
1.003454e-10 (V)  Node2589::MIPI_DSI0_DATA0_N
1.003436e-10 (V)  Node2590::MIPI_DSI0_DATA0_N
1.003408e-10 (V)  Node2590_Auto_1016::MIPI_DSI0_DATA0_N
1.003399e-10 (V)  Node2591::MIPI_DSI0_DATA0_N
0.000000e+00 (V)  Node26!!E1::HDMI_DATA1_P
1.003007e-10 (V)  Node2607::MIPI_DSI0_DATA0_N
1.002995e-10 (V)  Node2607_Auto_217::MIPI_DSI0_DATA0_N
1.002969e-10 (V)  Node2608::MIPI_DSI0_DATA0_N
1.002856e-10 (V)  Node2610::MIPI_DSI0_DATA0_N
1.002934e-10 (V)  Node2610_Auto_206::MIPI_DSI0_DATA0_N
1.002964e-10 (V)  Node2610_Auto_207::MIPI_DSI0_DATA0_N
1.002795e-10 (V)  Node2611::MIPI_DSI0_DATA0_N
1.002822e-10 (V)  Node2611_Auto_181::MIPI_DSI0_DATA0_N
1.002498e-10 (V)  Node2613::MIPI_DSI0_DATA0_N
1.002584e-10 (V)  Node2613_Auto_86::MIPI_DSI0_DATA0_N
1.002618e-10 (V)  Node2613_Auto_87::MIPI_DSI0_DATA0_N
1.002621e-10 (V)  Node2613_Auto_90::MIPI_DSI0_DATA0_N
1.002654e-10 (V)  Node2613_Auto_91::MIPI_DSI0_DATA0_N
1.002546e-10 (V)  Node2613_Auto_95::MIPI_DSI0_DATA0_N
1.002578e-10 (V)  Node2613_Auto_96::MIPI_DSI0_DATA0_N
1.002769e-10 (V)  Node2613_Auto_99::MIPI_DSI0_DATA0_N
1.002348e-10 (V)  Node2632::MIPI_DSI0_DATA0_N
1.002279e-10 (V)  Node2634::MIPI_DSI0_DATA0_N
1.002252e-10 (V)  Node2634_Auto_80::MIPI_DSI0_DATA0_N
1.002044e-10 (V)  Node2634_Auto_81::MIPI_DSI0_DATA0_N
1.002306e-10 (V)  Node2634_Auto_82::MIPI_DSI0_DATA0_N
1.002022e-10 (V)  Node2635::MIPI_DSI0_DATA0_N
1.002015e-10 (V)  Node2636::MIPI_DSI0_DATA0_N
1.001979e-10 (V)  Node2638::MIPI_DSI0_DATA0_N
1.000000e-10 (V)  Node2642!!3::MIPI_DSI0_DATA0_N
1.000012e-10 (V)  Node2644_Auto_1547::MIPI_DSI0_DATA0_N
1.000036e-10 (V)  Node2645::MIPI_DSI0_DATA0_N
1.000041e-10 (V)  Node2646::MIPI_DSI0_DATA0_N
1.000077e-10 (V)  Node2646_Auto_1573::MIPI_DSI0_DATA0_N
1.000132e-10 (V)  Node2646_Auto_1574::MIPI_DSI0_DATA0_N
1.000188e-10 (V)  Node2646_Auto_1582::MIPI_DSI0_DATA0_N
1.000266e-10 (V)  Node2646_Auto_1596::MIPI_DSI0_DATA0_N
1.000298e-10 (V)  Node2646_Auto_1598::MIPI_DSI0_DATA0_N
1.000308e-10 (V)  Node2646_Auto_1599::MIPI_DSI0_DATA0_N
1.000384e-10 (V)  Node2646_Auto_1600::MIPI_DSI0_DATA0_N
1.000394e-10 (V)  Node2648::MIPI_DSI0_DATA0_N
1.000424e-10 (V)  Node2649::MIPI_DSI0_DATA0_N
1.000434e-10 (V)  Node2649_Auto_1563::MIPI_DSI0_DATA0_N
1.000485e-10 (V)  Node2649_Auto_1564::MIPI_DSI0_DATA0_N
1.000591e-10 (V)  Node2649_Auto_1602::MIPI_DSI0_DATA0_N
1.000664e-10 (V)  Node2652::MIPI_DSI0_DATA0_N
1.000711e-10 (V)  Node2655::MIPI_DSI0_DATA0_N
1.000766e-10 (V)  Node2655_Auto_1860::MIPI_DSI0_DATA0_N
1.000776e-10 (V)  Node2658::MIPI_DSI0_DATA0_N
1.001061e-10 (V)  Node2666::MIPI_DSI0_DATA0_N
1.001128e-10 (V)  Node2669::MIPI_DSI0_DATA0_N
1.001071e-10 (V)  Node2669_Auto_1862::MIPI_DSI0_DATA0_N
1.001251e-10 (V)  Node2678::MIPI_DSI0_DATA0_N
1.001306e-10 (V)  Node2678_Auto_1858::MIPI_DSI0_DATA0_N
1.001316e-10 (V)  Node2681::MIPI_DSI0_DATA0_N
1.001601e-10 (V)  Node2689::MIPI_DSI0_DATA0_N
1.001612e-10 (V)  Node2689_Auto_1863::MIPI_DSI0_DATA0_N
1.001684e-10 (V)  Node2692::MIPI_DSI0_DATA0_N
1.001706e-10 (V)  Node2695::MIPI_DSI0_DATA0_N
1.001797e-10 (V)  Node2695_Auto_1906::MIPI_DSI0_DATA0_N
1.001820e-10 (V)  Node2697::MIPI_DSI0_DATA0_N
0.000000e+00 (V)  Node27!!4::HDMI_DATA1_P
0.000000e+00 (V)  Node270!!K9::N284871
2.500000e+00 (V)  Node2708::MIPI_DSI0_CLK_P
2.500000e+00 (V)  Node2708_Auto_122::MIPI_DSI0_CLK_P
2.500000e+00 (V)  Node2711::MIPI_DSI0_CLK_P
2.500000e+00 (V)  Node2719::MIPI_DSI0_CLK_P
2.500000e+00 (V)  Node2722::MIPI_DSI0_CLK_P
2.500000e+00 (V)  Node2722_Auto_121::MIPI_DSI0_CLK_P
0.000000e+00 (V)  Node273!!K2::N284174
2.500000e+00 (V)  Node2730::MIPI_DSI0_CLK_P
2.500000e+00 (V)  Node2730_Auto_119::MIPI_DSI0_CLK_P
2.500000e+00 (V)  Node2733::MIPI_DSI0_CLK_P
2.500000e+00 (V)  Node2741::MIPI_DSI0_CLK_P
2.500000e+00 (V)  Node2744::MIPI_DSI0_CLK_P
2.500000e+00 (V)  Node2744_Auto_120::MIPI_DSI0_CLK_P
0.000000e+00 (V)  Node275!!K1::N284159
2.500000e+00 (V)  Node2753::MIPI_DSI0_CLK_P
2.500000e+00 (V)  Node2754::MIPI_DSI0_CLK_P
2.500000e+00 (V)  Node2754_Auto_187::MIPI_DSI0_CLK_P
2.500000e+00 (V)  Node2754_Auto_188::MIPI_DSI0_CLK_P
2.500000e+00 (V)  Node2754_Auto_236::MIPI_DSI0_CLK_P
2.500000e+00 (V)  Node2754_Auto_237::MIPI_DSI0_CLK_P
2.500000e+00 (V)  Node2754_Auto_284::MIPI_DSI0_CLK_P
2.500000e+00 (V)  Node2754_Auto_286::MIPI_DSI0_CLK_P
2.500000e+00 (V)  Node2754_Auto_292::MIPI_DSI0_CLK_P
2.500000e+00 (V)  Node2754_Auto_294::MIPI_DSI0_CLK_P
2.500000e+00 (V)  Node2756::MIPI_DSI0_CLK_P
2.500000e+00 (V)  Node2759::MIPI_DSI0_CLK_P
2.500000e+00 (V)  Node2762::MIPI_DSI0_CLK_P
2.500000e+00 (V)  Node2762_Auto_213::MIPI_DSI0_CLK_P
0.000000e+00 (V)  Node277!!J1::N284077
2.500000e+00 (V)  Node2770::MIPI_DSI0_CLK_P
2.500000e+00 (V)  Node2770_Auto_215::MIPI_DSI0_CLK_P
2.500000e+00 (V)  Node2773::MIPI_DSI0_CLK_P
2.500000e+00 (V)  Node2776::MIPI_DSI0_CLK_P
2.500000e+00 (V)  Node2776_Auto_198::MIPI_DSI0_CLK_P
2.500000e+00 (V)  Node2776_Auto_199::MIPI_DSI0_CLK_P
2.500000e+00 (V)  Node2776_Auto_224::MIPI_DSI0_CLK_P
2.500000e+00 (V)  Node2776_Auto_225::MIPI_DSI0_CLK_P
2.500000e+00 (V)  Node2776_Auto_232::MIPI_DSI0_CLK_P
2.500000e+00 (V)  Node2776_Auto_258::MIPI_DSI0_CLK_P
2.500000e+00 (V)  Node2776_Auto_259::MIPI_DSI0_CLK_P
2.500000e+00 (V)  Node2776_Auto_265::MIPI_DSI0_CLK_P
2.500000e+00 (V)  Node2778::MIPI_DSI0_CLK_P
2.500000e+00 (V)  Node2782::MIPI_DSI0_CLK_P
2.500000e+00 (V)  Node2783_Auto_1018::MIPI_DSI0_CLK_P
2.500000e+00 (V)  Node2788!!6_Auto_1294::MIPI_DSI0_CLK_P
2.500000e+00 (V)  Node2788!!6_Auto_1295::MIPI_DSI0_CLK_P
2.500000e+00 (V)  Node2789::MIPI_DSI0_CLK_P
0.000000e+00 (V)  Node279!!19::HDP
2.500000e+00 (V)  Node2790::MIPI_DSI0_CLK_P
2.500000e+00 (V)  Node2791::MIPI_DSI0_CLK_P
2.500000e+00 (V)  Node2791_Auto_1543::MIPI_DSI0_CLK_P
2.500000e+00 (V)  Node2791_Auto_1544::MIPI_DSI0_CLK_P
2.500000e+00 (V)  Node2791_Auto_1551::MIPI_DSI0_CLK_P
2.500000e+00 (V)  Node2791_Auto_1552::MIPI_DSI0_CLK_P
2.500000e+00 (V)  Node2791_Auto_1567::MIPI_DSI0_CLK_P
2.500000e+00 (V)  Node2791_Auto_1568::MIPI_DSI0_CLK_P
2.500000e+00 (V)  Node2791_Auto_1579::MIPI_DSI0_CLK_P
2.500000e+00 (V)  Node2791_Auto_1588::MIPI_DSI0_CLK_P
2.500000e+00 (V)  Node2791_Auto_1589::MIPI_DSI0_CLK_P
2.500000e+00 (V)  Node2791_Auto_1593::MIPI_DSI0_CLK_P
2.500000e+00 (V)  Node2792::MIPI_DSI0_CLK_P
2.500000e+00 (V)  Node2794::MIPI_DSI0_CLK_P
2.500000e+00 (V)  Node2798::MIPI_DSI0_CLK_P
0.000000e+00 (V)  Node28!!4::HDMI_DATA1_P
2.500000e+00 (V)  Node2810::MIPI_DSI0_CLK_P
2.500000e+00 (V)  Node2815::MIPI_DSI0_CLK_P
2.500000e+00 (V)  Node2817::MIPI_DSI0_CLK_P
0.000000e+00 (V)  Node282!!B3::SDA
2.500000e+00 (V)  Node2822::MIPI_DSI0_CLK_P
0.000000e+00 (V)  Node283!!16::SDA
2.500000e+00 (V)  Node2834::MIPI_DSI0_CLK_P
2.500000e+00 (V)  Node2839::MIPI_DSI0_CLK_P
2.500000e+00 (V)  Node2841::MIPI_DSI0_CLK_P
2.500000e+00 (V)  Node2842::MIPI_DSI0_CLK_P
0.000000e+00 (V)  Node288!!15::SCL
0.000000e+00 (V)  Node29!!7::HDMI_DATA1_P
0.000000e+00 (V)  Node290!!A3::SCL
0.000000e+00 (V)  Node2947!!2::MIPI_DSI0_DATA3_P
2.500000e+00 (V)  Node2958::MIPI_DSI0_DATA2_P
2.500000e+00 (V)  Node2958_Auto_1393::MIPI_DSI0_DATA2_P
2.500000e+00 (V)  Node2958_Auto_1394::MIPI_DSI0_DATA2_P
2.500000e+00 (V)  Node2962::MIPI_DSI0_DATA2_P
2.500000e+00 (V)  Node2965::MIPI_DSI0_DATA2_P
2.500000e+00 (V)  Node2965_Auto_1241::MIPI_DSI0_DATA2_P
2.500000e+00 (V)  Node2965_Auto_1242::MIPI_DSI0_DATA2_P
2.500000e+00 (V)  Node2965_Auto_1243::MIPI_DSI0_DATA2_P
2.500000e+00 (V)  Node2968::MIPI_DSI0_DATA2_P
2.500000e+00 (V)  Node2970::MIPI_DSI0_DATA2_P
2.500000e+00 (V)  Node2970_Auto_1266::MIPI_DSI0_DATA2_P
2.500000e+00 (V)  Node2970_Auto_1270::MIPI_DSI0_DATA2_P
2.500000e+00 (V)  Node2970_Auto_1271::MIPI_DSI0_DATA2_P
2.500000e+00 (V)  Node2974::MIPI_DSI0_DATA2_P
2.500000e+00 (V)  Node2974_Auto_1251::MIPI_DSI0_DATA2_P
2.500000e+00 (V)  Node2974_Auto_1252::MIPI_DSI0_DATA2_P
2.500000e+00 (V)  Node2976::MIPI_DSI0_DATA2_P
2.500000e+00 (V)  Node2980::MIPI_DSI0_DATA2_P
2.500000e+00 (V)  Node2980_Auto_1263::MIPI_DSI0_DATA2_P
2.500000e+00 (V)  Node2983::MIPI_DSI0_DATA2_P
2.500000e+00 (V)  Node2991::MIPI_DSI0_DATA2_P
2.500000e+00 (V)  Node2993::MIPI_DSI0_DATA2_P
2.500000e+00 (V)  Node2993_Auto_1264::MIPI_DSI0_DATA2_P
2.500000e+00 (V)  Node2993_Auto_1267::MIPI_DSI0_DATA2_P
2.500000e+00 (V)  Node2995::MIPI_DSI0_DATA2_P
2.500000e+00 (V)  Node2998::MIPI_DSI0_DATA2_P
2.500000e+00 (V)  Node2998_Auto_1561::MIPI_DSI0_DATA2_P
2.500000e+00 (V)  Node2998_Auto_1562::MIPI_DSI0_DATA2_P
0.000000e+00 (V)  Node30!!D2::HDMI_DATA0_N
2.500000e+00 (V)  Node3000::MIPI_DSI0_DATA2_P
2.500000e+00 (V)  Node3001::MIPI_DSI0_DATA2_P
2.500000e+00 (V)  Node3001_Auto_1293::MIPI_DSI0_DATA2_P
2.500000e+00 (V)  Node3003::MIPI_DSI0_DATA2_P
2.500000e+00 (V)  Node3004::MIPI_DSI0_DATA2_P
2.500000e+00 (V)  Node3004_Auto_1020::MIPI_DSI0_DATA2_P
2.500000e+00 (V)  Node3005::MIPI_DSI0_DATA2_P
2.500000e+00 (V)  Node3006::MIPI_DSI0_DATA2_P
2.500000e+00 (V)  Node3006_Auto_191::MIPI_DSI0_DATA2_P
2.500000e+00 (V)  Node3006_Auto_192::MIPI_DSI0_DATA2_P
2.500000e+00 (V)  Node3006_Auto_193::MIPI_DSI0_DATA2_P
2.500000e+00 (V)  Node3006_Auto_202::MIPI_DSI0_DATA2_P
2.500000e+00 (V)  Node3006_Auto_203::MIPI_DSI0_DATA2_P
2.500000e+00 (V)  Node3006_Auto_228::MIPI_DSI0_DATA2_P
2.500000e+00 (V)  Node3006_Auto_229::MIPI_DSI0_DATA2_P
2.500000e+00 (V)  Node3006_Auto_234::MIPI_DSI0_DATA2_P
2.500000e+00 (V)  Node3006_Auto_240::MIPI_DSI0_DATA2_P
2.500000e+00 (V)  Node3006_Auto_241::MIPI_DSI0_DATA2_P
2.500000e+00 (V)  Node3006_Auto_243::MIPI_DSI0_DATA2_P
2.500000e+00 (V)  Node3006_Auto_262::MIPI_DSI0_DATA2_P
2.500000e+00 (V)  Node3006_Auto_263::MIPI_DSI0_DATA2_P
2.500000e+00 (V)  Node3006_Auto_267::MIPI_DSI0_DATA2_P
2.500000e+00 (V)  Node3006_Auto_269::MIPI_DSI0_DATA2_P
2.500000e+00 (V)  Node3006_Auto_279::MIPI_DSI0_DATA2_P
2.500000e+00 (V)  Node3006_Auto_280::MIPI_DSI0_DATA2_P
2.500000e+00 (V)  Node3006_Auto_289::MIPI_DSI0_DATA2_P
2.500000e+00 (V)  Node3006_Auto_291::MIPI_DSI0_DATA2_P
2.500000e+00 (V)  Node3007::MIPI_DSI0_DATA2_P
2.500000e+00 (V)  Node3008::MIPI_DSI0_DATA2_P
2.500000e+00 (V)  Node3009::MIPI_DSI0_DATA2_P
2.500000e+00 (V)  Node3011::MIPI_DSI0_DATA2_P
2.500000e+00 (V)  Node3019::MIPI_DSI0_DATA2_P
2.500000e+00 (V)  Node3021::MIPI_DSI0_DATA2_P
2.500000e+00 (V)  Node3022::MIPI_DSI0_DATA2_P
2.500000e+00 (V)  Node3025::MIPI_DSI0_DATA2_P
2.500000e+00 (V)  Node3025_Auto_71::MIPI_DSI0_DATA2_P
2.500000e+00 (V)  Node3026::MIPI_DSI0_DATA2_P
2.500000e+00 (V)  Node3030!!8_Auto_1289::MIPI_DSI0_DATA1_P
2.500000e+00 (V)  Node3030!!8_Auto_1290::MIPI_DSI0_DATA1_P
2.500000e+00 (V)  Node3031::MIPI_DSI0_DATA1_P
2.500000e+00 (V)  Node3031_Auto_1539::MIPI_DSI0_DATA1_P
2.500000e+00 (V)  Node3031_Auto_1540::MIPI_DSI0_DATA1_P
2.500000e+00 (V)  Node3031_Auto_1556::MIPI_DSI0_DATA1_P
2.500000e+00 (V)  Node3031_Auto_1560::MIPI_DSI0_DATA1_P
2.500000e+00 (V)  Node3031_Auto_1586::MIPI_DSI0_DATA1_P
2.500000e+00 (V)  Node3033::MIPI_DSI0_DATA1_P
2.500000e+00 (V)  Node3036::MIPI_DSI0_DATA1_P
2.500000e+00 (V)  Node3039::MIPI_DSI0_DATA1_P
2.500000e+00 (V)  Node3039_Auto_1381::MIPI_DSI0_DATA1_P
2.500000e+00 (V)  Node3047::MIPI_DSI0_DATA1_P
2.500000e+00 (V)  Node3050::MIPI_DSI0_DATA1_P
2.500000e+00 (V)  Node3053::MIPI_DSI0_DATA1_P
2.500000e+00 (V)  Node3055::MIPI_DSI0_DATA1_P
2.500000e+00 (V)  Node3056::MIPI_DSI0_DATA1_P
2.500000e+00 (V)  Node3057::MIPI_DSI0_DATA1_P
2.500000e+00 (V)  Node3058::MIPI_DSI0_DATA1_P
2.500000e+00 (V)  Node3058_Auto_1403::MIPI_DSI0_DATA1_P
2.500000e+00 (V)  Node3058_Auto_1404::MIPI_DSI0_DATA1_P
2.500000e+00 (V)  Node3060::MIPI_DSI0_DATA1_P
2.500000e+00 (V)  Node3060_Auto_1387::MIPI_DSI0_DATA1_P
2.500000e+00 (V)  Node3061::MIPI_DSI0_DATA1_P
2.500000e+00 (V)  Node3061_Auto_1399::MIPI_DSI0_DATA1_P
2.500000e+00 (V)  Node3064::MIPI_DSI0_DATA1_P
2.500000e+00 (V)  Node3064_Auto_1389::MIPI_DSI0_DATA1_P
2.500000e+00 (V)  Node3064_Auto_1390::MIPI_DSI0_DATA1_P
2.500000e+00 (V)  Node3065::MIPI_DSI0_DATA1_P
2.500000e+00 (V)  Node3065_Auto_1395::MIPI_DSI0_DATA1_P
2.500000e+00 (V)  Node3066::MIPI_DSI0_DATA1_P
2.500000e+00 (V)  Node3066_Auto_1398::MIPI_DSI0_DATA1_P
0.000000e+00 (V)  Node307!!A1::N27399713
2.500000e+00 (V)  Node3070::MIPI_DSI0_DATA1_P
2.500000e+00 (V)  Node3071::MIPI_DSI0_DATA1_P
2.500000e+00 (V)  Node3073::MIPI_DSI0_DATA1_P
2.500000e+00 (V)  Node3075::MIPI_DSI0_DATA1_P
2.500000e+00 (V)  Node3075_Auto_1525::MIPI_DSI0_DATA1_P
2.500000e+00 (V)  Node3075_Auto_1526::MIPI_DSI0_DATA1_P
2.500000e+00 (V)  Node3078::MIPI_DSI0_DATA1_P
2.500000e+00 (V)  Node3079::MIPI_DSI0_DATA1_P
2.500000e+00 (V)  Node3079_Auto_1521::MIPI_DSI0_DATA1_P
2.500000e+00 (V)  Node3079_Auto_1522::MIPI_DSI0_DATA1_P
2.500000e+00 (V)  Node3079_Auto_1523::MIPI_DSI0_DATA1_P
2.500000e+00 (V)  Node3087::MIPI_DSI0_DATA1_P
2.500000e+00 (V)  Node3087_Auto_74::MIPI_DSI0_DATA1_P
2.500000e+00 (V)  Node3087_Auto_76::MIPI_DSI0_DATA1_P
2.500000e+00 (V)  Node3090::MIPI_DSI0_DATA1_P
2.500000e+00 (V)  Node3091::MIPI_DSI0_DATA1_P
2.500000e+00 (V)  Node3091_Auto_73::MIPI_DSI0_DATA1_P
2.500000e+00 (V)  Node3093::MIPI_DSI0_DATA1_P
2.500000e+00 (V)  Node3097::MIPI_DSI0_DATA1_P
2.500000e+00 (V)  Node3097_Auto_102::MIPI_DSI0_DATA1_P
0.000000e+00 (V)  Node31!!2::HDMI_DATA0_N
2.500000e+00 (V)  Node3100::MIPI_DSI0_DATA1_P
2.500000e+00 (V)  Node3108::MIPI_DSI0_DATA1_P
2.500000e+00 (V)  Node3111::MIPI_DSI0_DATA1_P
2.500000e+00 (V)  Node3111_Auto_103::MIPI_DSI0_DATA1_P
2.500000e+00 (V)  Node3113::MIPI_DSI0_DATA1_P
2.500000e+00 (V)  Node3113_Auto_194::MIPI_DSI0_DATA1_P
2.500000e+00 (V)  Node3114::MIPI_DSI0_DATA1_P
2.500000e+00 (V)  Node3114_Auto_244::MIPI_DSI0_DATA1_P
2.500000e+00 (V)  Node3117::MIPI_DSI0_DATA1_P
2.500000e+00 (V)  Node3118::MIPI_DSI0_DATA1_P
2.500000e+00 (V)  Node3121::MIPI_DSI0_DATA1_P
2.500000e+00 (V)  Node3121_Auto_215::MIPI_DSI0_DATA1_P
2.500000e+00 (V)  Node3121_Auto_247::MIPI_DSI0_DATA1_P
2.500000e+00 (V)  Node3121_Auto_250::MIPI_DSI0_DATA1_P
2.500000e+00 (V)  Node3122::MIPI_DSI0_DATA1_P
2.500000e+00 (V)  Node3122_Auto_220::MIPI_DSI0_DATA1_P
2.500000e+00 (V)  Node3122_Auto_221::MIPI_DSI0_DATA1_P
2.500000e+00 (V)  Node3122_Auto_230::MIPI_DSI0_DATA1_P
2.500000e+00 (V)  Node3122_Auto_253::MIPI_DSI0_DATA1_P
2.500000e+00 (V)  Node3124::MIPI_DSI0_DATA1_P
2.500000e+00 (V)  Node3125::MIPI_DSI0_DATA1_P
2.500000e+00 (V)  Node3126::MIPI_DSI0_DATA1_P
2.500000e+00 (V)  Node3127::MIPI_DSI0_DATA1_P
2.500000e+00 (V)  Node3128::MIPI_DSI0_DATA1_P
2.500000e+00 (V)  Node3130::MIPI_DSI0_DATA1_P
2.500000e+00 (V)  Node3130_Auto_1023::MIPI_DSI0_DATA1_P
2.500000e+00 (V)  Node3130_Auto_1024::MIPI_DSI0_DATA1_P
0.000000e+00 (V)  Node319!!A2::N279408
0.000000e+00 (V)  Node32!!9::HDMI_DATA0_N
0.000000e+00 (V)  Node320!!A4::N2739972
0.000000e+00 (V)  Node33!!9::HDMI_DATA0_N
0.000000e+00 (V)  Node337!!14
0.000000e+00 (V)  Node338!!13
0.000000e+00 (V)  Node34!!C1::HDMI_CLK_P
0.000000e+00 (V)  Node341!!G6
2.500000e+00 (V)  Node3411!!4::MIPI_DSI0_DATA0_P
2.500000e+00 (V)  Node3415::MIPI_DSI0_DATA0_P
2.500000e+00 (V)  Node3417::MIPI_DSI0_DATA0_P
2.500000e+00 (V)  Node3418::MIPI_DSI0_DATA0_P
2.500000e+00 (V)  Node3418_Auto_1548::MIPI_DSI0_DATA0_P
2.500000e+00 (V)  Node3418_Auto_1571::MIPI_DSI0_DATA0_P
2.500000e+00 (V)  Node3418_Auto_1572::MIPI_DSI0_DATA0_P
2.500000e+00 (V)  Node3418_Auto_1581::MIPI_DSI0_DATA0_P
2.500000e+00 (V)  Node3418_Auto_1595::MIPI_DSI0_DATA0_P
2.500000e+00 (V)  Node3418_Auto_1597::MIPI_DSI0_DATA0_P
0.000000e+00 (V)  Node342!!J2
2.500000e+00 (V)  Node3420::MIPI_DSI0_DATA0_P
2.500000e+00 (V)  Node3421::MIPI_DSI0_DATA0_P
2.500000e+00 (V)  Node3423::MIPI_DSI0_DATA0_P
2.500000e+00 (V)  Node3428::MIPI_DSI0_DATA0_P
0.000000e+00 (V)  Node343!!K5
2.500000e+00 (V)  Node3433::MIPI_DSI0_DATA0_P
2.500000e+00 (V)  Node3435::MIPI_DSI0_DATA0_P
0.000000e+00 (V)  Node344!!J5
2.500000e+00 (V)  Node3440::MIPI_DSI0_DATA0_P
2.500000e+00 (V)  Node3445::MIPI_DSI0_DATA0_P
2.500000e+00 (V)  Node3445_Auto_1601::MIPI_DSI0_DATA0_P
2.500000e+00 (V)  Node3445_Auto_1603::MIPI_DSI0_DATA0_P
2.500000e+00 (V)  Node3448::MIPI_DSI0_DATA0_P
0.000000e+00 (V)  Node345!!J6
2.500000e+00 (V)  Node3451::MIPI_DSI0_DATA0_P
2.500000e+00 (V)  Node3451_Auto_1859::MIPI_DSI0_DATA0_P
2.500000e+00 (V)  Node3454::MIPI_DSI0_DATA0_P
0.000000e+00 (V)  Node346!!J8
2.500000e+00 (V)  Node3462::MIPI_DSI0_DATA0_P
2.500000e+00 (V)  Node3465::MIPI_DSI0_DATA0_P
2.500000e+00 (V)  Node3465_Auto_1861::MIPI_DSI0_DATA0_P
0.000000e+00 (V)  Node347!!J9
2.500000e+00 (V)  Node3474::MIPI_DSI0_DATA0_P
2.500000e+00 (V)  Node3474_Auto_1857::MIPI_DSI0_DATA0_P
2.500000e+00 (V)  Node3477::MIPI_DSI0_DATA0_P
0.000000e+00 (V)  Node348!!K7
2.500000e+00 (V)  Node3485::MIPI_DSI0_DATA0_P
2.500000e+00 (V)  Node3485_Auto_1864::MIPI_DSI0_DATA0_P
2.500000e+00 (V)  Node3488::MIPI_DSI0_DATA0_P
0.000000e+00 (V)  Node349!!J4
2.500000e+00 (V)  Node3491::MIPI_DSI0_DATA0_P
2.500000e+00 (V)  Node3491_Auto_1905::MIPI_DSI0_DATA0_P
2.500000e+00 (V)  Node3493::MIPI_DSI0_DATA0_P
2.500000e+00 (V)  Node3494::MIPI_DSI0_DATA0_P
2.500000e+00 (V)  Node3494_Auto_1904::MIPI_DSI0_DATA0_P
2.500000e+00 (V)  Node3496::MIPI_DSI0_DATA0_P
0.000000e+00 (V)  Node35!!4::HDMI_CLK_P
2.500000e+00 (V)  Node3503::MIPI_DSI0_DATA0_P
2.500000e+00 (V)  Node3504::MIPI_DSI0_DATA0_P
2.500000e+00 (V)  Node3504_Auto_77::MIPI_DSI0_DATA0_P
2.500000e+00 (V)  Node3504_Auto_79::MIPI_DSI0_DATA0_P
2.500000e+00 (V)  Node3505::MIPI_DSI0_DATA0_P
2.500000e+00 (V)  Node3506::MIPI_DSI0_DATA0_P
2.500000e+00 (V)  Node3506_Auto_83::MIPI_DSI0_DATA0_P
2.500000e+00 (V)  Node3508::MIPI_DSI0_DATA0_P
2.500000e+00 (V)  Node3527::MIPI_DSI0_DATA0_P
2.500000e+00 (V)  Node3527_Auto_84::MIPI_DSI0_DATA0_P
2.500000e+00 (V)  Node3527_Auto_85::MIPI_DSI0_DATA0_P
2.500000e+00 (V)  Node3527_Auto_88::MIPI_DSI0_DATA0_P
2.500000e+00 (V)  Node3527_Auto_89::MIPI_DSI0_DATA0_P
2.500000e+00 (V)  Node3527_Auto_92::MIPI_DSI0_DATA0_P
2.500000e+00 (V)  Node3527_Auto_93::MIPI_DSI0_DATA0_P
2.500000e+00 (V)  Node3527_Auto_98::MIPI_DSI0_DATA0_P
2.500000e+00 (V)  Node3529::MIPI_DSI0_DATA0_P
2.500000e+00 (V)  Node3529_Auto_182::MIPI_DSI0_DATA0_P
2.500000e+00 (V)  Node3530::MIPI_DSI0_DATA0_P
2.500000e+00 (V)  Node3530_Auto_204::MIPI_DSI0_DATA0_P
2.500000e+00 (V)  Node3530_Auto_205::MIPI_DSI0_DATA0_P
2.500000e+00 (V)  Node3530_Auto_235::MIPI_DSI0_DATA0_P
2.500000e+00 (V)  Node3532::MIPI_DSI0_DATA0_P
2.500000e+00 (V)  Node3532_Auto_210::MIPI_DSI0_DATA0_P
2.500000e+00 (V)  Node3532_Auto_249::MIPI_DSI0_DATA0_P
2.500000e+00 (V)  Node3533::MIPI_DSI0_DATA0_P
2.500000e+00 (V)  Node3535::MIPI_DSI0_DATA0_P
2.500000e+00 (V)  Node3556::MIPI_DSI0_DATA0_P
2.500000e+00 (V)  Node3556_Auto_255::MIPI_DSI0_DATA0_P
2.500000e+00 (V)  Node3556_Auto_264::MIPI_DSI0_DATA0_P
2.500000e+00 (V)  Node3558::MIPI_DSI0_DATA0_P
2.500000e+00 (V)  Node3560::MIPI_DSI0_DATA0_P
2.500000e+00 (V)  Node3561::MIPI_DSI0_DATA0_P
2.500000e+00 (V)  Node3561_Auto_1015::MIPI_DSI0_DATA0_P
2.500000e+00 (V)  Node3562::MIPI_DSI0_DATA0_P
0.000000e+00 (V)  Node36!!7::HDMI_CLK_P
0.000000e+00 (V)  Node37!!10::HDMI_CLK_P
0.000000e+00 (V)  Node38!!E2::HDMI_DATA1_N
0.000000e+00 (V)  Node39!!5::HDMI_DATA1_N
0.000000e+00 (V)  Node40!!6::HDMI_DATA1_N
0.000000e+00 (V)  Node4007!!32::PWM
0.000000e+00 (V)  Node4066!!29::RESX
0.000000e+00 (V)  Node41!!6::HDMI_DATA1_N
0.000000e+00 (V)  Node42!!C2::HDMI_CLK_N
0.000000e+00 (V)  Node4274!!20::N271809
0.000000e+00 (V)  Node4275!!21::N271809
0.000000e+00 (V)  Node4276!!22::N271809
0.000000e+00 (V)  Node4281!!23::N271809
0.000000e+00 (V)  Node43!!5::HDMI_CLK_N
0.000000e+00 (V)  Node44!!12::HDMI_CLK_N
0.000000e+00 (V)  Node45!!6::HDMI_CLK_N
0.000000e+00 (V)  Node4737!!2::HDP
0.000000e+00 (V)  Node4774!!39::VCC_LED_AB
0.000000e+00 (V)  Node4775!!40::VCC_LED_AB
0.000000e+00 (V)  Node4783!!1::N2739972
0.000000e+00 (V)  Node4785!!P4
0.000000e+00 (V)  Node4786!!P3
0.000000e+00 (V)  Node4787!!P2
0.000000e+00 (V)  Node4788!!P1
0.000000e+00 (V)  Node4789!!31
0.000000e+00 (V)  Node4790!!30
0.000000e+00 (V)  Node63!!B7::MIPI_DSI1_CLK_N
0.000000e+00 (V)  Node64!!A7::MIPI_DSI1_CLK_P
0.000000e+00 (V)  Node65!!B5::MIPI_DSI1_DATA3_N
0.000000e+00 (V)  Node66!!A5::MIPI_DSI1_DATA3_P
0.000000e+00 (V)  Node67!!B6::MIPI_DSI1_DATA2_N
0.000000e+00 (V)  Node68!!A6::MIPI_DSI1_DATA2_P
0.000000e+00 (V)  Node69!!B8::MIPI_DSI1_DATA1_N
0.000000e+00 (V)  Node9!!18::VCC_HDMIRX_IN
0.000000e+00 (V)  Node973!!16::MIPI_DSI1_CLK_N
1.001735e-10 (V)  Trace2183#BP0::MIPI_DSI0_DATA1_N
1.001768e-10 (V)  Trace2183#BP0_Auto_75::MIPI_DSI0_DATA1_N
2.500000e+00 (V)  Trace2721#BP0::MIPI_DSI0_DATA1_P
0.000000e+00 (V)  X_C80.Xpartial.X_SpeedXP_auto_CAP_NP_C0603_100N_100N_C80_C80.nd_en_2
2.500000e+00 (V)  X_CH1.Xpartial.X_SpeedXP_auto_WP7B-P040VA1-R8000_WP7B-P040VA1-R8000_WP7B-P040VA1-R8000_WP7B-P040VA1-R8000_CH1.B_SpeedXP_auto_10.Output0
2.500000e+00 (V)  X_CH1.Xpartial.X_SpeedXP_auto_WP7B-P040VA1-R8000_WP7B-P040VA1-R8000_WP7B-P040VA1-R8000_WP7B-P040VA1-R8000_CH1.B_SpeedXP_auto_10.Output1
1.000000e-10 (V)  X_CH1.Xpartial.X_SpeedXP_auto_WP7B-P040VA1-R8000_WP7B-P040VA1-R8000_WP7B-P040VA1-R8000_WP7B-P040VA1-R8000_CH1.B_SpeedXP_auto_3.Output0
1.000000e-10 (V)  X_CH1.Xpartial.X_SpeedXP_auto_WP7B-P040VA1-R8000_WP7B-P040VA1-R8000_WP7B-P040VA1-R8000_WP7B-P040VA1-R8000_CH1.B_SpeedXP_auto_3.Output1
2.500000e+00 (V)  X_CH1.Xpartial.X_SpeedXP_auto_WP7B-P040VA1-R8000_WP7B-P040VA1-R8000_WP7B-P040VA1-R8000_WP7B-P040VA1-R8000_CH1.B_SpeedXP_auto_4.Output0
2.500000e+00 (V)  X_CH1.Xpartial.X_SpeedXP_auto_WP7B-P040VA1-R8000_WP7B-P040VA1-R8000_WP7B-P040VA1-R8000_WP7B-P040VA1-R8000_CH1.B_SpeedXP_auto_4.Output1
1.000000e-10 (V)  X_CH1.Xpartial.X_SpeedXP_auto_WP7B-P040VA1-R8000_WP7B-P040VA1-R8000_WP7B-P040VA1-R8000_WP7B-P040VA1-R8000_CH1.B_SpeedXP_auto_5.Output0
1.000000e-10 (V)  X_CH1.Xpartial.X_SpeedXP_auto_WP7B-P040VA1-R8000_WP7B-P040VA1-R8000_WP7B-P040VA1-R8000_WP7B-P040VA1-R8000_CH1.B_SpeedXP_auto_5.Output1
2.500000e+00 (V)  X_CH1.Xpartial.X_SpeedXP_auto_WP7B-P040VA1-R8000_WP7B-P040VA1-R8000_WP7B-P040VA1-R8000_WP7B-P040VA1-R8000_CH1.B_SpeedXP_auto_6.Output0
2.500000e+00 (V)  X_CH1.Xpartial.X_SpeedXP_auto_WP7B-P040VA1-R8000_WP7B-P040VA1-R8000_WP7B-P040VA1-R8000_WP7B-P040VA1-R8000_CH1.B_SpeedXP_auto_6.Output1
1.000000e-10 (V)  X_CH1.Xpartial.X_SpeedXP_auto_WP7B-P040VA1-R8000_WP7B-P040VA1-R8000_WP7B-P040VA1-R8000_WP7B-P040VA1-R8000_CH1.B_SpeedXP_auto_7.Output0
1.000000e-10 (V)  X_CH1.Xpartial.X_SpeedXP_auto_WP7B-P040VA1-R8000_WP7B-P040VA1-R8000_WP7B-P040VA1-R8000_WP7B-P040VA1-R8000_CH1.B_SpeedXP_auto_7.Output1
2.500000e+00 (V)  X_CH1.Xpartial.X_SpeedXP_auto_WP7B-P040VA1-R8000_WP7B-P040VA1-R8000_WP7B-P040VA1-R8000_WP7B-P040VA1-R8000_CH1.B_SpeedXP_auto_8.Output0
2.500000e+00 (V)  X_CH1.Xpartial.X_SpeedXP_auto_WP7B-P040VA1-R8000_WP7B-P040VA1-R8000_WP7B-P040VA1-R8000_WP7B-P040VA1-R8000_CH1.B_SpeedXP_auto_8.Output1
1.000000e-10 (V)  X_CH1.Xpartial.X_SpeedXP_auto_WP7B-P040VA1-R8000_WP7B-P040VA1-R8000_WP7B-P040VA1-R8000_WP7B-P040VA1-R8000_CH1.B_SpeedXP_auto_9.Output0
1.000000e-10 (V)  X_CH1.Xpartial.X_SpeedXP_auto_WP7B-P040VA1-R8000_WP7B-P040VA1-R8000_WP7B-P040VA1-R8000_WP7B-P040VA1-R8000_CH1.B_SpeedXP_auto_9.Output1
1.000000e+00 (V)  X_CH1.Xpartial.X_SpeedXP_auto_WP7B-P040VA1-R8000_WP7B-P040VA1-R8000_WP7B-P040VA1-R8000_WP7B-P040VA1-R8000_CH1.nd_en_1
1.000000e+00 (V)  X_CH1.Xpartial.X_SpeedXP_auto_WP7B-P040VA1-R8000_WP7B-P040VA1-R8000_WP7B-P040VA1-R8000_WP7B-P040VA1-R8000_CH1.nd_en_10
1.000000e+00 (V)  X_CH1.Xpartial.X_SpeedXP_auto_WP7B-P040VA1-R8000_WP7B-P040VA1-R8000_WP7B-P040VA1-R8000_WP7B-P040VA1-R8000_CH1.nd_en_11
1.000000e+00 (V)  X_CH1.Xpartial.X_SpeedXP_auto_WP7B-P040VA1-R8000_WP7B-P040VA1-R8000_WP7B-P040VA1-R8000_WP7B-P040VA1-R8000_CH1.nd_en_12
1.000000e+00 (V)  X_CH1.Xpartial.X_SpeedXP_auto_WP7B-P040VA1-R8000_WP7B-P040VA1-R8000_WP7B-P040VA1-R8000_WP7B-P040VA1-R8000_CH1.nd_en_13
1.000000e+00 (V)  X_CH1.Xpartial.X_SpeedXP_auto_WP7B-P040VA1-R8000_WP7B-P040VA1-R8000_WP7B-P040VA1-R8000_WP7B-P040VA1-R8000_CH1.nd_en_14
1.000000e+00 (V)  X_CH1.Xpartial.X_SpeedXP_auto_WP7B-P040VA1-R8000_WP7B-P040VA1-R8000_WP7B-P040VA1-R8000_WP7B-P040VA1-R8000_CH1.nd_en_15
1.000000e+00 (V)  X_CH1.Xpartial.X_SpeedXP_auto_WP7B-P040VA1-R8000_WP7B-P040VA1-R8000_WP7B-P040VA1-R8000_WP7B-P040VA1-R8000_CH1.nd_en_16
1.000000e+00 (V)  X_CH1.Xpartial.X_SpeedXP_auto_WP7B-P040VA1-R8000_WP7B-P040VA1-R8000_WP7B-P040VA1-R8000_WP7B-P040VA1-R8000_CH1.nd_en_17
1.000000e+00 (V)  X_CH1.Xpartial.X_SpeedXP_auto_WP7B-P040VA1-R8000_WP7B-P040VA1-R8000_WP7B-P040VA1-R8000_WP7B-P040VA1-R8000_CH1.nd_en_18
1.000000e+00 (V)  X_CH1.Xpartial.X_SpeedXP_auto_WP7B-P040VA1-R8000_WP7B-P040VA1-R8000_WP7B-P040VA1-R8000_WP7B-P040VA1-R8000_CH1.nd_en_19
1.000000e+00 (V)  X_CH1.Xpartial.X_SpeedXP_auto_WP7B-P040VA1-R8000_WP7B-P040VA1-R8000_WP7B-P040VA1-R8000_WP7B-P040VA1-R8000_CH1.nd_en_2
1.000000e+00 (V)  X_CH1.Xpartial.X_SpeedXP_auto_WP7B-P040VA1-R8000_WP7B-P040VA1-R8000_WP7B-P040VA1-R8000_WP7B-P040VA1-R8000_CH1.nd_en_20
1.000000e+00 (V)  X_CH1.Xpartial.X_SpeedXP_auto_WP7B-P040VA1-R8000_WP7B-P040VA1-R8000_WP7B-P040VA1-R8000_WP7B-P040VA1-R8000_CH1.nd_en_3
1.000000e+00 (V)  X_CH1.Xpartial.X_SpeedXP_auto_WP7B-P040VA1-R8000_WP7B-P040VA1-R8000_WP7B-P040VA1-R8000_WP7B-P040VA1-R8000_CH1.nd_en_4
1.000000e+00 (V)  X_CH1.Xpartial.X_SpeedXP_auto_WP7B-P040VA1-R8000_WP7B-P040VA1-R8000_WP7B-P040VA1-R8000_WP7B-P040VA1-R8000_CH1.nd_en_5
1.000000e+00 (V)  X_CH1.Xpartial.X_SpeedXP_auto_WP7B-P040VA1-R8000_WP7B-P040VA1-R8000_WP7B-P040VA1-R8000_WP7B-P040VA1-R8000_CH1.nd_en_6
1.000000e+00 (V)  X_CH1.Xpartial.X_SpeedXP_auto_WP7B-P040VA1-R8000_WP7B-P040VA1-R8000_WP7B-P040VA1-R8000_WP7B-P040VA1-R8000_CH1.nd_en_7
1.000000e+00 (V)  X_CH1.Xpartial.X_SpeedXP_auto_WP7B-P040VA1-R8000_WP7B-P040VA1-R8000_WP7B-P040VA1-R8000_WP7B-P040VA1-R8000_CH1.nd_en_8
1.000000e+00 (V)  X_CH1.Xpartial.X_SpeedXP_auto_WP7B-P040VA1-R8000_WP7B-P040VA1-R8000_WP7B-P040VA1-R8000_WP7B-P040VA1-R8000_CH1.nd_en_9
0.000000e+00 (V)  X_CH1.Xpartial.X_SpeedXP_auto_WP7B-P040VA1-R8000_WP7B-P040VA1-R8000_WP7B-P040VA1-R8000_WP7B-P040VA1-R8000_CH1.nd_in_1
1.000000e+00 (V)  X_CH1.Xpartial.X_SpeedXP_auto_WP7B-P040VA1-R8000_WP7B-P040VA1-R8000_WP7B-P040VA1-R8000_WP7B-P040VA1-R8000_CH1.nd_in_10
0.000000e+00 (V)  X_CH1.Xpartial.X_SpeedXP_auto_WP7B-P040VA1-R8000_WP7B-P040VA1-R8000_WP7B-P040VA1-R8000_WP7B-P040VA1-R8000_CH1.nd_in_11
0.000000e+00 (V)  X_CH1.Xpartial.X_SpeedXP_auto_WP7B-P040VA1-R8000_WP7B-P040VA1-R8000_WP7B-P040VA1-R8000_WP7B-P040VA1-R8000_CH1.nd_in_12
0.000000e+00 (V)  X_CH1.Xpartial.X_SpeedXP_auto_WP7B-P040VA1-R8000_WP7B-P040VA1-R8000_WP7B-P040VA1-R8000_WP7B-P040VA1-R8000_CH1.nd_in_13
0.000000e+00 (V)  X_CH1.Xpartial.X_SpeedXP_auto_WP7B-P040VA1-R8000_WP7B-P040VA1-R8000_WP7B-P040VA1-R8000_WP7B-P040VA1-R8000_CH1.nd_in_14
0.000000e+00 (V)  X_CH1.Xpartial.X_SpeedXP_auto_WP7B-P040VA1-R8000_WP7B-P040VA1-R8000_WP7B-P040VA1-R8000_WP7B-P040VA1-R8000_CH1.nd_in_15
0.000000e+00 (V)  X_CH1.Xpartial.X_SpeedXP_auto_WP7B-P040VA1-R8000_WP7B-P040VA1-R8000_WP7B-P040VA1-R8000_WP7B-P040VA1-R8000_CH1.nd_in_16
0.000000e+00 (V)  X_CH1.Xpartial.X_SpeedXP_auto_WP7B-P040VA1-R8000_WP7B-P040VA1-R8000_WP7B-P040VA1-R8000_WP7B-P040VA1-R8000_CH1.nd_in_17
0.000000e+00 (V)  X_CH1.Xpartial.X_SpeedXP_auto_WP7B-P040VA1-R8000_WP7B-P040VA1-R8000_WP7B-P040VA1-R8000_WP7B-P040VA1-R8000_CH1.nd_in_18
0.000000e+00 (V)  X_CH1.Xpartial.X_SpeedXP_auto_WP7B-P040VA1-R8000_WP7B-P040VA1-R8000_WP7B-P040VA1-R8000_WP7B-P040VA1-R8000_CH1.nd_in_19
0.000000e+00 (V)  X_CH1.Xpartial.X_SpeedXP_auto_WP7B-P040VA1-R8000_WP7B-P040VA1-R8000_WP7B-P040VA1-R8000_WP7B-P040VA1-R8000_CH1.nd_in_2
0.000000e+00 (V)  X_CH1.Xpartial.X_SpeedXP_auto_WP7B-P040VA1-R8000_WP7B-P040VA1-R8000_WP7B-P040VA1-R8000_WP7B-P040VA1-R8000_CH1.nd_in_20
0.000000e+00 (V)  X_CH1.Xpartial.X_SpeedXP_auto_WP7B-P040VA1-R8000_WP7B-P040VA1-R8000_WP7B-P040VA1-R8000_WP7B-P040VA1-R8000_CH1.nd_in_3
1.000000e+00 (V)  X_CH1.Xpartial.X_SpeedXP_auto_WP7B-P040VA1-R8000_WP7B-P040VA1-R8000_WP7B-P040VA1-R8000_WP7B-P040VA1-R8000_CH1.nd_in_4
0.000000e+00 (V)  X_CH1.Xpartial.X_SpeedXP_auto_WP7B-P040VA1-R8000_WP7B-P040VA1-R8000_WP7B-P040VA1-R8000_WP7B-P040VA1-R8000_CH1.nd_in_5
1.000000e+00 (V)  X_CH1.Xpartial.X_SpeedXP_auto_WP7B-P040VA1-R8000_WP7B-P040VA1-R8000_WP7B-P040VA1-R8000_WP7B-P040VA1-R8000_CH1.nd_in_6
0.000000e+00 (V)  X_CH1.Xpartial.X_SpeedXP_auto_WP7B-P040VA1-R8000_WP7B-P040VA1-R8000_WP7B-P040VA1-R8000_WP7B-P040VA1-R8000_CH1.nd_in_7
1.000000e+00 (V)  X_CH1.Xpartial.X_SpeedXP_auto_WP7B-P040VA1-R8000_WP7B-P040VA1-R8000_WP7B-P040VA1-R8000_WP7B-P040VA1-R8000_CH1.nd_in_8
0.000000e+00 (V)  X_CH1.Xpartial.X_SpeedXP_auto_WP7B-P040VA1-R8000_WP7B-P040VA1-R8000_WP7B-P040VA1-R8000_WP7B-P040VA1-R8000_CH1.nd_in_9
5.000000e-01 (V)  X_CH1.Xpartial.X_SpeedXP_auto_WP7B-P040VA1-R8000_WP7B-P040VA1-R8000_WP7B-P040VA1-R8000_WP7B-P040VA1-R8000_CH1.nd_out_of_in_10
5.000000e-01 (V)  X_CH1.Xpartial.X_SpeedXP_auto_WP7B-P040VA1-R8000_WP7B-P040VA1-R8000_WP7B-P040VA1-R8000_WP7B-P040VA1-R8000_CH1.nd_out_of_in_3
5.000000e-01 (V)  X_CH1.Xpartial.X_SpeedXP_auto_WP7B-P040VA1-R8000_WP7B-P040VA1-R8000_WP7B-P040VA1-R8000_WP7B-P040VA1-R8000_CH1.nd_out_of_in_4
5.000000e-01 (V)  X_CH1.Xpartial.X_SpeedXP_auto_WP7B-P040VA1-R8000_WP7B-P040VA1-R8000_WP7B-P040VA1-R8000_WP7B-P040VA1-R8000_CH1.nd_out_of_in_5
5.000000e-01 (V)  X_CH1.Xpartial.X_SpeedXP_auto_WP7B-P040VA1-R8000_WP7B-P040VA1-R8000_WP7B-P040VA1-R8000_WP7B-P040VA1-R8000_CH1.nd_out_of_in_6
5.000000e-01 (V)  X_CH1.Xpartial.X_SpeedXP_auto_WP7B-P040VA1-R8000_WP7B-P040VA1-R8000_WP7B-P040VA1-R8000_WP7B-P040VA1-R8000_CH1.nd_out_of_in_7
5.000000e-01 (V)  X_CH1.Xpartial.X_SpeedXP_auto_WP7B-P040VA1-R8000_WP7B-P040VA1-R8000_WP7B-P040VA1-R8000_WP7B-P040VA1-R8000_CH1.nd_out_of_in_8
5.000000e-01 (V)  X_CH1.Xpartial.X_SpeedXP_auto_WP7B-P040VA1-R8000_WP7B-P040VA1-R8000_WP7B-P040VA1-R8000_WP7B-P040VA1-R8000_CH1.nd_out_of_in_9
2.500000e+00 (V)  X_CH1.Xpartial.X_SpeedXP_auto_WP7B-P040VA1-R8000_WP7B-P040VA1-R8000_WP7B-P040VA1-R8000_WP7B-P040VA1-R8000_CH1.Power_10
2.500000e+00 (V)  X_CH1.Xpartial.X_SpeedXP_auto_WP7B-P040VA1-R8000_WP7B-P040VA1-R8000_WP7B-P040VA1-R8000_WP7B-P040VA1-R8000_CH1.Power_3
2.500000e+00 (V)  X_CH1.Xpartial.X_SpeedXP_auto_WP7B-P040VA1-R8000_WP7B-P040VA1-R8000_WP7B-P040VA1-R8000_WP7B-P040VA1-R8000_CH1.Power_4
2.500000e+00 (V)  X_CH1.Xpartial.X_SpeedXP_auto_WP7B-P040VA1-R8000_WP7B-P040VA1-R8000_WP7B-P040VA1-R8000_WP7B-P040VA1-R8000_CH1.Power_5
2.500000e+00 (V)  X_CH1.Xpartial.X_SpeedXP_auto_WP7B-P040VA1-R8000_WP7B-P040VA1-R8000_WP7B-P040VA1-R8000_WP7B-P040VA1-R8000_CH1.Power_6
2.500000e+00 (V)  X_CH1.Xpartial.X_SpeedXP_auto_WP7B-P040VA1-R8000_WP7B-P040VA1-R8000_WP7B-P040VA1-R8000_WP7B-P040VA1-R8000_CH1.Power_7
2.500000e+00 (V)  X_CH1.Xpartial.X_SpeedXP_auto_WP7B-P040VA1-R8000_WP7B-P040VA1-R8000_WP7B-P040VA1-R8000_WP7B-P040VA1-R8000_CH1.Power_8
2.500000e+00 (V)  X_CH1.Xpartial.X_SpeedXP_auto_WP7B-P040VA1-R8000_WP7B-P040VA1-R8000_WP7B-P040VA1-R8000_WP7B-P040VA1-R8000_CH1.Power_9
0.000000e+00 (V)  X_D5.Xpartial.X_SpeedXP_auto_TVS/ESD_SOD-323_H3V3HD3U_H3V3HD3U_D5.nd_en_1
1.000000e+00 (V)  X_ESD1.Xpartial.X_SpeedXP_auto_IP4292CZ10_DFN2510A-10_IP4292CZ10-TBR_115_IP4292CZ10-TBR_115_ESD1_ESD1.nd_en_1
0.000000e+00 (V)  X_ESD1.Xpartial.X_SpeedXP_auto_IP4292CZ10_DFN2510A-10_IP4292CZ10-TBR_115_IP4292CZ10-TBR_115_ESD1_ESD1.nd_en_10
1.000000e+00 (V)  X_ESD1.Xpartial.X_SpeedXP_auto_IP4292CZ10_DFN2510A-10_IP4292CZ10-TBR_115_IP4292CZ10-TBR_115_ESD1_ESD1.nd_en_2
1.000000e+00 (V)  X_ESD1.Xpartial.X_SpeedXP_auto_IP4292CZ10_DFN2510A-10_IP4292CZ10-TBR_115_IP4292CZ10-TBR_115_ESD1_ESD1.nd_en_4
1.000000e+00 (V)  X_ESD1.Xpartial.X_SpeedXP_auto_IP4292CZ10_DFN2510A-10_IP4292CZ10-TBR_115_IP4292CZ10-TBR_115_ESD1_ESD1.nd_en_5
0.000000e+00 (V)  X_ESD1.Xpartial.X_SpeedXP_auto_IP4292CZ10_DFN2510A-10_IP4292CZ10-TBR_115_IP4292CZ10-TBR_115_ESD1_ESD1.nd_en_6
0.000000e+00 (V)  X_ESD1.Xpartial.X_SpeedXP_auto_IP4292CZ10_DFN2510A-10_IP4292CZ10-TBR_115_IP4292CZ10-TBR_115_ESD1_ESD1.nd_en_7
0.000000e+00 (V)  X_ESD1.Xpartial.X_SpeedXP_auto_IP4292CZ10_DFN2510A-10_IP4292CZ10-TBR_115_IP4292CZ10-TBR_115_ESD1_ESD1.nd_en_9
0.000000e+00 (V)  X_ESD1.Xpartial.X_SpeedXP_auto_IP4292CZ10_DFN2510A-10_IP4292CZ10-TBR_115_IP4292CZ10-TBR_115_ESD1_ESD1.nd_in_1
0.000000e+00 (V)  X_ESD1.Xpartial.X_SpeedXP_auto_IP4292CZ10_DFN2510A-10_IP4292CZ10-TBR_115_IP4292CZ10-TBR_115_ESD1_ESD1.nd_in_2
0.000000e+00 (V)  X_ESD1.Xpartial.X_SpeedXP_auto_IP4292CZ10_DFN2510A-10_IP4292CZ10-TBR_115_IP4292CZ10-TBR_115_ESD1_ESD1.nd_in_4
0.000000e+00 (V)  X_ESD1.Xpartial.X_SpeedXP_auto_IP4292CZ10_DFN2510A-10_IP4292CZ10-TBR_115_IP4292CZ10-TBR_115_ESD1_ESD1.nd_in_5
1.000000e+00 (V)  X_ESD2.Xpartial.X_SpeedXP_auto_IP4292CZ10_DFN2510A-10_IP4292CZ10-TBR_115_IP4292CZ10-TBR_115_ESD2_ESD2.nd_en_1
0.000000e+00 (V)  X_ESD2.Xpartial.X_SpeedXP_auto_IP4292CZ10_DFN2510A-10_IP4292CZ10-TBR_115_IP4292CZ10-TBR_115_ESD2_ESD2.nd_en_10
1.000000e+00 (V)  X_ESD2.Xpartial.X_SpeedXP_auto_IP4292CZ10_DFN2510A-10_IP4292CZ10-TBR_115_IP4292CZ10-TBR_115_ESD2_ESD2.nd_en_2
1.000000e+00 (V)  X_ESD2.Xpartial.X_SpeedXP_auto_IP4292CZ10_DFN2510A-10_IP4292CZ10-TBR_115_IP4292CZ10-TBR_115_ESD2_ESD2.nd_en_4
1.000000e+00 (V)  X_ESD2.Xpartial.X_SpeedXP_auto_IP4292CZ10_DFN2510A-10_IP4292CZ10-TBR_115_IP4292CZ10-TBR_115_ESD2_ESD2.nd_en_5
0.000000e+00 (V)  X_ESD2.Xpartial.X_SpeedXP_auto_IP4292CZ10_DFN2510A-10_IP4292CZ10-TBR_115_IP4292CZ10-TBR_115_ESD2_ESD2.nd_en_6
0.000000e+00 (V)  X_ESD2.Xpartial.X_SpeedXP_auto_IP4292CZ10_DFN2510A-10_IP4292CZ10-TBR_115_IP4292CZ10-TBR_115_ESD2_ESD2.nd_en_7
0.000000e+00 (V)  X_ESD2.Xpartial.X_SpeedXP_auto_IP4292CZ10_DFN2510A-10_IP4292CZ10-TBR_115_IP4292CZ10-TBR_115_ESD2_ESD2.nd_en_9
0.000000e+00 (V)  X_ESD2.Xpartial.X_SpeedXP_auto_IP4292CZ10_DFN2510A-10_IP4292CZ10-TBR_115_IP4292CZ10-TBR_115_ESD2_ESD2.nd_in_1
0.000000e+00 (V)  X_ESD2.Xpartial.X_SpeedXP_auto_IP4292CZ10_DFN2510A-10_IP4292CZ10-TBR_115_IP4292CZ10-TBR_115_ESD2_ESD2.nd_in_2
0.000000e+00 (V)  X_ESD2.Xpartial.X_SpeedXP_auto_IP4292CZ10_DFN2510A-10_IP4292CZ10-TBR_115_IP4292CZ10-TBR_115_ESD2_ESD2.nd_in_4
0.000000e+00 (V)  X_ESD2.Xpartial.X_SpeedXP_auto_IP4292CZ10_DFN2510A-10_IP4292CZ10-TBR_115_IP4292CZ10-TBR_115_ESD2_ESD2.nd_in_5
0.000000e+00 (V)  X_HDMI1.Xpartial.X_SpeedXP_auto_HDMI-A_HDMI-001S_HDMI-001S_HDMI-001S_HDMI1.nd_en_1
0.000000e+00 (V)  X_HDMI1.Xpartial.X_SpeedXP_auto_HDMI-A_HDMI-001S_HDMI-001S_HDMI-001S_HDMI1.nd_en_10
0.000000e+00 (V)  X_HDMI1.Xpartial.X_SpeedXP_auto_HDMI-A_HDMI-001S_HDMI-001S_HDMI-001S_HDMI1.nd_en_12
0.000000e+00 (V)  X_HDMI1.Xpartial.X_SpeedXP_auto_HDMI-A_HDMI-001S_HDMI-001S_HDMI-001S_HDMI1.nd_en_3
0.000000e+00 (V)  X_HDMI1.Xpartial.X_SpeedXP_auto_HDMI-A_HDMI-001S_HDMI-001S_HDMI-001S_HDMI1.nd_en_4
0.000000e+00 (V)  X_HDMI1.Xpartial.X_SpeedXP_auto_HDMI-A_HDMI-001S_HDMI-001S_HDMI-001S_HDMI1.nd_en_6
0.000000e+00 (V)  X_HDMI1.Xpartial.X_SpeedXP_auto_HDMI-A_HDMI-001S_HDMI-001S_HDMI-001S_HDMI1.nd_en_7
0.000000e+00 (V)  X_HDMI1.Xpartial.X_SpeedXP_auto_HDMI-A_HDMI-001S_HDMI-001S_HDMI-001S_HDMI1.nd_en_9
0.000000e+00 (V)  X_R24.Xpartial.X_SpeedXP_auto_RES_R0603_10K_10K_R24_R24.nd_en_2
1.000000e+00 (V)  X_R25.Xpartial.X_SpeedXP_auto_RES_R0603_1K_1K_R25_R25.nd_en_1
0.000000e+00 (V)  X_R25.Xpartial.X_SpeedXP_auto_RES_R0603_1K_1K_R25_R25.nd_in_1
0.000000e+00 (V)  X_SW1.Xpartial.X_SpeedXP_auto_SWITCH-2P_SMD4030_1_6N_1_6N_SW1.nd_en_2
2.500000e+00 (V)  X_U8.Xpartial.X_SpeedXP_auto_TC358870XBG_1_VFBGA80_(S1+S2+S3+S4)_TC358870XBG(NOK)_TC358870XBG(NOK)_U8.B_SpeedXP_auto_E10.Output0
2.500000e+00 (V)  X_U8.Xpartial.X_SpeedXP_auto_TC358870XBG_1_VFBGA80_(S1+S2+S3+S4)_TC358870XBG(NOK)_TC358870XBG(NOK)_U8.B_SpeedXP_auto_E10.Output1
1.003707e-10 (V)  X_U8.Xpartial.X_SpeedXP_auto_TC358870XBG_1_VFBGA80_(S1+S2+S3+S4)_TC358870XBG(NOK)_TC358870XBG(NOK)_U8.B_SpeedXP_auto_E9.Output0
1.003707e-10 (V)  X_U8.Xpartial.X_SpeedXP_auto_TC358870XBG_1_VFBGA80_(S1+S2+S3+S4)_TC358870XBG(NOK)_TC358870XBG(NOK)_U8.B_SpeedXP_auto_E9.Output1
2.500000e+00 (V)  X_U8.Xpartial.X_SpeedXP_auto_TC358870XBG_1_VFBGA80_(S1+S2+S3+S4)_TC358870XBG(NOK)_TC358870XBG(NOK)_U8.B_SpeedXP_auto_F10.Output0
2.500000e+00 (V)  X_U8.Xpartial.X_SpeedXP_auto_TC358870XBG_1_VFBGA80_(S1+S2+S3+S4)_TC358870XBG(NOK)_TC358870XBG(NOK)_U8.B_SpeedXP_auto_F10.Output1
1.003848e-10 (V)  X_U8.Xpartial.X_SpeedXP_auto_TC358870XBG_1_VFBGA80_(S1+S2+S3+S4)_TC358870XBG(NOK)_TC358870XBG(NOK)_U8.B_SpeedXP_auto_F9.Output0
1.003848e-10 (V)  X_U8.Xpartial.X_SpeedXP_auto_TC358870XBG_1_VFBGA80_(S1+S2+S3+S4)_TC358870XBG(NOK)_TC358870XBG(NOK)_U8.B_SpeedXP_auto_F9.Output1
2.500000e+00 (V)  X_U8.Xpartial.X_SpeedXP_auto_TC358870XBG_1_VFBGA80_(S1+S2+S3+S4)_TC358870XBG(NOK)_TC358870XBG(NOK)_U8.B_SpeedXP_auto_G10.Output0
2.500000e+00 (V)  X_U8.Xpartial.X_SpeedXP_auto_TC358870XBG_1_VFBGA80_(S1+S2+S3+S4)_TC358870XBG(NOK)_TC358870XBG(NOK)_U8.B_SpeedXP_auto_G10.Output1
1.003748e-10 (V)  X_U8.Xpartial.X_SpeedXP_auto_TC358870XBG_1_VFBGA80_(S1+S2+S3+S4)_TC358870XBG(NOK)_TC358870XBG(NOK)_U8.B_SpeedXP_auto_G9.Output0
1.003748e-10 (V)  X_U8.Xpartial.X_SpeedXP_auto_TC358870XBG_1_VFBGA80_(S1+S2+S3+S4)_TC358870XBG(NOK)_TC358870XBG(NOK)_U8.B_SpeedXP_auto_G9.Output1
2.500000e+00 (V)  X_U8.Xpartial.X_SpeedXP_auto_TC358870XBG_1_VFBGA80_(S1+S2+S3+S4)_TC358870XBG(NOK)_TC358870XBG(NOK)_U8.B_SpeedXP_auto_H10.Output0
2.500000e+00 (V)  X_U8.Xpartial.X_SpeedXP_auto_TC358870XBG_1_VFBGA80_(S1+S2+S3+S4)_TC358870XBG(NOK)_TC358870XBG(NOK)_U8.B_SpeedXP_auto_H10.Output1
1.003745e-10 (V)  X_U8.Xpartial.X_SpeedXP_auto_TC358870XBG_1_VFBGA80_(S1+S2+S3+S4)_TC358870XBG(NOK)_TC358870XBG(NOK)_U8.B_SpeedXP_auto_H9.Output0
1.003745e-10 (V)  X_U8.Xpartial.X_SpeedXP_auto_TC358870XBG_1_VFBGA80_(S1+S2+S3+S4)_TC358870XBG(NOK)_TC358870XBG(NOK)_U8.B_SpeedXP_auto_H9.Output1
0.000000e+00 (V)  X_U8.Xpartial.X_SpeedXP_auto_TC358870XBG_1_VFBGA80_(S1+S2+S3+S4)_TC358870XBG(NOK)_TC358870XBG(NOK)_U8.nd_en_A4
0.000000e+00 (V)  X_U8.Xpartial.X_SpeedXP_auto_TC358870XBG_1_VFBGA80_(S1+S2+S3+S4)_TC358870XBG(NOK)_TC358870XBG(NOK)_U8.nd_en_A5
0.000000e+00 (V)  X_U8.Xpartial.X_SpeedXP_auto_TC358870XBG_1_VFBGA80_(S1+S2+S3+S4)_TC358870XBG(NOK)_TC358870XBG(NOK)_U8.nd_en_A6
0.000000e+00 (V)  X_U8.Xpartial.X_SpeedXP_auto_TC358870XBG_1_VFBGA80_(S1+S2+S3+S4)_TC358870XBG(NOK)_TC358870XBG(NOK)_U8.nd_en_A7
0.000000e+00 (V)  X_U8.Xpartial.X_SpeedXP_auto_TC358870XBG_1_VFBGA80_(S1+S2+S3+S4)_TC358870XBG(NOK)_TC358870XBG(NOK)_U8.nd_en_A8
0.000000e+00 (V)  X_U8.Xpartial.X_SpeedXP_auto_TC358870XBG_1_VFBGA80_(S1+S2+S3+S4)_TC358870XBG(NOK)_TC358870XBG(NOK)_U8.nd_en_A9
0.000000e+00 (V)  X_U8.Xpartial.X_SpeedXP_auto_TC358870XBG_1_VFBGA80_(S1+S2+S3+S4)_TC358870XBG(NOK)_TC358870XBG(NOK)_U8.nd_en_B5
0.000000e+00 (V)  X_U8.Xpartial.X_SpeedXP_auto_TC358870XBG_1_VFBGA80_(S1+S2+S3+S4)_TC358870XBG(NOK)_TC358870XBG(NOK)_U8.nd_en_B6
0.000000e+00 (V)  X_U8.Xpartial.X_SpeedXP_auto_TC358870XBG_1_VFBGA80_(S1+S2+S3+S4)_TC358870XBG(NOK)_TC358870XBG(NOK)_U8.nd_en_B7
0.000000e+00 (V)  X_U8.Xpartial.X_SpeedXP_auto_TC358870XBG_1_VFBGA80_(S1+S2+S3+S4)_TC358870XBG(NOK)_TC358870XBG(NOK)_U8.nd_en_B8
0.000000e+00 (V)  X_U8.Xpartial.X_SpeedXP_auto_TC358870XBG_1_VFBGA80_(S1+S2+S3+S4)_TC358870XBG(NOK)_TC358870XBG(NOK)_U8.nd_en_B9
0.000000e+00 (V)  X_U8.Xpartial.X_SpeedXP_auto_TC358870XBG_1_VFBGA80_(S1+S2+S3+S4)_TC358870XBG(NOK)_TC358870XBG(NOK)_U8.nd_en_C1
0.000000e+00 (V)  X_U8.Xpartial.X_SpeedXP_auto_TC358870XBG_1_VFBGA80_(S1+S2+S3+S4)_TC358870XBG(NOK)_TC358870XBG(NOK)_U8.nd_en_C2
0.000000e+00 (V)  X_U8.Xpartial.X_SpeedXP_auto_TC358870XBG_1_VFBGA80_(S1+S2+S3+S4)_TC358870XBG(NOK)_TC358870XBG(NOK)_U8.nd_en_D1
0.000000e+00 (V)  X_U8.Xpartial.X_SpeedXP_auto_TC358870XBG_1_VFBGA80_(S1+S2+S3+S4)_TC358870XBG(NOK)_TC358870XBG(NOK)_U8.nd_en_D10
0.000000e+00 (V)  X_U8.Xpartial.X_SpeedXP_auto_TC358870XBG_1_VFBGA80_(S1+S2+S3+S4)_TC358870XBG(NOK)_TC358870XBG(NOK)_U8.nd_en_D2
0.000000e+00 (V)  X_U8.Xpartial.X_SpeedXP_auto_TC358870XBG_1_VFBGA80_(S1+S2+S3+S4)_TC358870XBG(NOK)_TC358870XBG(NOK)_U8.nd_en_D9
0.000000e+00 (V)  X_U8.Xpartial.X_SpeedXP_auto_TC358870XBG_1_VFBGA80_(S1+S2+S3+S4)_TC358870XBG(NOK)_TC358870XBG(NOK)_U8.nd_en_E1
0.000000e+00 (V)  X_U8.Xpartial.X_SpeedXP_auto_TC358870XBG_1_VFBGA80_(S1+S2+S3+S4)_TC358870XBG(NOK)_TC358870XBG(NOK)_U8.nd_en_E10
0.000000e+00 (V)  X_U8.Xpartial.X_SpeedXP_auto_TC358870XBG_1_VFBGA80_(S1+S2+S3+S4)_TC358870XBG(NOK)_TC358870XBG(NOK)_U8.nd_en_E2
0.000000e+00 (V)  X_U8.Xpartial.X_SpeedXP_auto_TC358870XBG_1_VFBGA80_(S1+S2+S3+S4)_TC358870XBG(NOK)_TC358870XBG(NOK)_U8.nd_en_E9
0.000000e+00 (V)  X_U8.Xpartial.X_SpeedXP_auto_TC358870XBG_1_VFBGA80_(S1+S2+S3+S4)_TC358870XBG(NOK)_TC358870XBG(NOK)_U8.nd_en_F1
0.000000e+00 (V)  X_U8.Xpartial.X_SpeedXP_auto_TC358870XBG_1_VFBGA80_(S1+S2+S3+S4)_TC358870XBG(NOK)_TC358870XBG(NOK)_U8.nd_en_F10
0.000000e+00 (V)  X_U8.Xpartial.X_SpeedXP_auto_TC358870XBG_1_VFBGA80_(S1+S2+S3+S4)_TC358870XBG(NOK)_TC358870XBG(NOK)_U8.nd_en_F2
0.000000e+00 (V)  X_U8.Xpartial.X_SpeedXP_auto_TC358870XBG_1_VFBGA80_(S1+S2+S3+S4)_TC358870XBG(NOK)_TC358870XBG(NOK)_U8.nd_en_F9
0.000000e+00 (V)  X_U8.Xpartial.X_SpeedXP_auto_TC358870XBG_1_VFBGA80_(S1+S2+S3+S4)_TC358870XBG(NOK)_TC358870XBG(NOK)_U8.nd_en_G10
0.000000e+00 (V)  X_U8.Xpartial.X_SpeedXP_auto_TC358870XBG_1_VFBGA80_(S1+S2+S3+S4)_TC358870XBG(NOK)_TC358870XBG(NOK)_U8.nd_en_G9
0.000000e+00 (V)  X_U8.Xpartial.X_SpeedXP_auto_TC358870XBG_1_VFBGA80_(S1+S2+S3+S4)_TC358870XBG(NOK)_TC358870XBG(NOK)_U8.nd_en_H10
0.000000e+00 (V)  X_U8.Xpartial.X_SpeedXP_auto_TC358870XBG_1_VFBGA80_(S1+S2+S3+S4)_TC358870XBG(NOK)_TC358870XBG(NOK)_U8.nd_en_H9
0.000000e+00 (V)  X_U8.Xpartial.X_SpeedXP_auto_TC358870XBG_1_VFBGA80_(S1+S2+S3+S4)_TC358870XBG(NOK)_TC358870XBG(NOK)_U8.nd_en_K8
0.000000e+00 (V)  X_U8.Xpartial.X_SpeedXP_auto_TC358870XBG_1_VFBGA80_(S1+S2+S3+S4)_TC358870XBG(NOK)_TC358870XBG(NOK)_U8.nd_in_E10
0.000000e+00 (V)  X_U8.Xpartial.X_SpeedXP_auto_TC358870XBG_1_VFBGA80_(S1+S2+S3+S4)_TC358870XBG(NOK)_TC358870XBG(NOK)_U8.nd_in_E9
0.000000e+00 (V)  X_U8.Xpartial.X_SpeedXP_auto_TC358870XBG_1_VFBGA80_(S1+S2+S3+S4)_TC358870XBG(NOK)_TC358870XBG(NOK)_U8.nd_in_F10
0.000000e+00 (V)  X_U8.Xpartial.X_SpeedXP_auto_TC358870XBG_1_VFBGA80_(S1+S2+S3+S4)_TC358870XBG(NOK)_TC358870XBG(NOK)_U8.nd_in_F9
0.000000e+00 (V)  X_U8.Xpartial.X_SpeedXP_auto_TC358870XBG_1_VFBGA80_(S1+S2+S3+S4)_TC358870XBG(NOK)_TC358870XBG(NOK)_U8.nd_in_G10
0.000000e+00 (V)  X_U8.Xpartial.X_SpeedXP_auto_TC358870XBG_1_VFBGA80_(S1+S2+S3+S4)_TC358870XBG(NOK)_TC358870XBG(NOK)_U8.nd_in_G9
0.000000e+00 (V)  X_U8.Xpartial.X_SpeedXP_auto_TC358870XBG_1_VFBGA80_(S1+S2+S3+S4)_TC358870XBG(NOK)_TC358870XBG(NOK)_U8.nd_in_H10
0.000000e+00 (V)  X_U8.Xpartial.X_SpeedXP_auto_TC358870XBG_1_VFBGA80_(S1+S2+S3+S4)_TC358870XBG(NOK)_TC358870XBG(NOK)_U8.nd_in_H9
1.000000e+00 (V)  X_U8.Xpartial.X_SpeedXP_auto_TC358870XBG_1_VFBGA80_(S1+S2+S3+S4)_TC358870XBG(NOK)_TC358870XBG(NOK)_U8.nd_out_of_in_E10
0.000000e+00 (V)  X_U8.Xpartial.X_SpeedXP_auto_TC358870XBG_1_VFBGA80_(S1+S2+S3+S4)_TC358870XBG(NOK)_TC358870XBG(NOK)_U8.nd_out_of_in_E9
1.000000e+00 (V)  X_U8.Xpartial.X_SpeedXP_auto_TC358870XBG_1_VFBGA80_(S1+S2+S3+S4)_TC358870XBG(NOK)_TC358870XBG(NOK)_U8.nd_out_of_in_F10
0.000000e+00 (V)  X_U8.Xpartial.X_SpeedXP_auto_TC358870XBG_1_VFBGA80_(S1+S2+S3+S4)_TC358870XBG(NOK)_TC358870XBG(NOK)_U8.nd_out_of_in_F9
1.000000e+00 (V)  X_U8.Xpartial.X_SpeedXP_auto_TC358870XBG_1_VFBGA80_(S1+S2+S3+S4)_TC358870XBG(NOK)_TC358870XBG(NOK)_U8.nd_out_of_in_G10
0.000000e+00 (V)  X_U8.Xpartial.X_SpeedXP_auto_TC358870XBG_1_VFBGA80_(S1+S2+S3+S4)_TC358870XBG(NOK)_TC358870XBG(NOK)_U8.nd_out_of_in_G9
1.000000e+00 (V)  X_U8.Xpartial.X_SpeedXP_auto_TC358870XBG_1_VFBGA80_(S1+S2+S3+S4)_TC358870XBG(NOK)_TC358870XBG(NOK)_U8.nd_out_of_in_H10
0.000000e+00 (V)  X_U8.Xpartial.X_SpeedXP_auto_TC358870XBG_1_VFBGA80_(S1+S2+S3+S4)_TC358870XBG(NOK)_TC358870XBG(NOK)_U8.nd_out_of_in_H9
2.500000e+00 (V)  X_U8.Xpartial.X_SpeedXP_auto_TC358870XBG_1_VFBGA80_(S1+S2+S3+S4)_TC358870XBG(NOK)_TC358870XBG(NOK)_U8.Power_E10
2.500000e+00 (V)  X_U8.Xpartial.X_SpeedXP_auto_TC358870XBG_1_VFBGA80_(S1+S2+S3+S4)_TC358870XBG(NOK)_TC358870XBG(NOK)_U8.Power_E9
2.500000e+00 (V)  X_U8.Xpartial.X_SpeedXP_auto_TC358870XBG_1_VFBGA80_(S1+S2+S3+S4)_TC358870XBG(NOK)_TC358870XBG(NOK)_U8.Power_F10
2.500000e+00 (V)  X_U8.Xpartial.X_SpeedXP_auto_TC358870XBG_1_VFBGA80_(S1+S2+S3+S4)_TC358870XBG(NOK)_TC358870XBG(NOK)_U8.Power_F9
2.500000e+00 (V)  X_U8.Xpartial.X_SpeedXP_auto_TC358870XBG_1_VFBGA80_(S1+S2+S3+S4)_TC358870XBG(NOK)_TC358870XBG(NOK)_U8.Power_G10
2.500000e+00 (V)  X_U8.Xpartial.X_SpeedXP_auto_TC358870XBG_1_VFBGA80_(S1+S2+S3+S4)_TC358870XBG(NOK)_TC358870XBG(NOK)_U8.Power_G9
2.500000e+00 (V)  X_U8.Xpartial.X_SpeedXP_auto_TC358870XBG_1_VFBGA80_(S1+S2+S3+S4)_TC358870XBG(NOK)_TC358870XBG(NOK)_U8.Power_H10
2.500000e+00 (V)  X_U8.Xpartial.X_SpeedXP_auto_TC358870XBG_1_VFBGA80_(S1+S2+S3+S4)_TC358870XBG(NOK)_TC358870XBG(NOK)_U8.Power_H9
1.001676e-10 (V)  Xvia0.Node2529::MIPI_DSI0_DATA1_Ntmp
2.500000e+00 (V)  Xvia0.Node3081::MIPI_DSI0_DATA1_Ptmp
1.001485e-10 (V)  Xvia1.Node2425::MIPI_DSI0_DATA2_Ntmp
2.500000e+00 (V)  Xvia1.Node2955::MIPI_DSI0_DATA2_Ptmp
1.001161e-10 (V)  Xvia2.Node2341::MIPI_DSI0_CLK_Ntmp
2.500000e+00 (V)  Xvia2.Node2845::MIPI_DSI0_CLK_Ptmp
1.001872e-10 (V)  Xvia3.Node2701::MIPI_DSI0_DATA0_Ntmp
2.500000e+00 (V)  Xvia3.Node3499::MIPI_DSI0_DATA0_Ptmp
-1.100000e-12 (A)  V_PWR_VCC_1V1
-1.200000e-12 (A)  V_PWR_VCC_1V2
-1.800000e-12 (A)  V_PWR_VCC_1V8
-3.300000e-12 (A)  V_PWR_VCC_3V3
-5.000000e-12 (A)  V_PWR_VCC_5V
-5.000000e-12 (A)  V_PWR_VCC_5V5
1.850012e-10 (A)  V_X_CH1.Xpartial.X_SpeedXP_auto_WP7B-P040VA1-R8000_WP7B-P040VA1-R8000_WP7B-P040VA1-R8000_WP7B-P040VA1-R8000_CH1.B_SpeedXP_auto_10.L_pkg
1.875013e-10 (A)  V_X_CH1.Xpartial.X_SpeedXP_auto_WP7B-P040VA1-R8000_WP7B-P040VA1-R8000_WP7B-P040VA1-R8000_WP7B-P040VA1-R8000_CH1.B_SpeedXP_auto_10.R_pkg
-5.000000e-12 (A)  V_X_CH1.Xpartial.X_SpeedXP_auto_WP7B-P040VA1-R8000_WP7B-P040VA1-R8000_WP7B-P040VA1-R8000_WP7B-P040VA1-R8000_CH1.B_SpeedXP_auto_3.L_pkg
-5.000000e-12 (A)  V_X_CH1.Xpartial.X_SpeedXP_auto_WP7B-P040VA1-R8000_WP7B-P040VA1-R8000_WP7B-P040VA1-R8000_WP7B-P040VA1-R8000_CH1.B_SpeedXP_auto_3.R_pkg
2.100010e-10 (A)  V_X_CH1.Xpartial.X_SpeedXP_auto_WP7B-P040VA1-R8000_WP7B-P040VA1-R8000_WP7B-P040VA1-R8000_WP7B-P040VA1-R8000_CH1.B_SpeedXP_auto_4.L_pkg
2.125011e-10 (A)  V_X_CH1.Xpartial.X_SpeedXP_auto_WP7B-P040VA1-R8000_WP7B-P040VA1-R8000_WP7B-P040VA1-R8000_WP7B-P040VA1-R8000_CH1.B_SpeedXP_auto_4.R_pkg
-5.000000e-12 (A)  V_X_CH1.Xpartial.X_SpeedXP_auto_WP7B-P040VA1-R8000_WP7B-P040VA1-R8000_WP7B-P040VA1-R8000_WP7B-P040VA1-R8000_CH1.B_SpeedXP_auto_5.L_pkg
-5.000000e-12 (A)  V_X_CH1.Xpartial.X_SpeedXP_auto_WP7B-P040VA1-R8000_WP7B-P040VA1-R8000_WP7B-P040VA1-R8000_WP7B-P040VA1-R8000_CH1.B_SpeedXP_auto_5.R_pkg
1.900007e-10 (A)  V_X_CH1.Xpartial.X_SpeedXP_auto_WP7B-P040VA1-R8000_WP7B-P040VA1-R8000_WP7B-P040VA1-R8000_WP7B-P040VA1-R8000_CH1.B_SpeedXP_auto_6.L_pkg
1.925007e-10 (A)  V_X_CH1.Xpartial.X_SpeedXP_auto_WP7B-P040VA1-R8000_WP7B-P040VA1-R8000_WP7B-P040VA1-R8000_WP7B-P040VA1-R8000_CH1.B_SpeedXP_auto_6.R_pkg
-5.000000e-12 (A)  V_X_CH1.Xpartial.X_SpeedXP_auto_WP7B-P040VA1-R8000_WP7B-P040VA1-R8000_WP7B-P040VA1-R8000_WP7B-P040VA1-R8000_CH1.B_SpeedXP_auto_7.L_pkg
-5.000000e-12 (A)  V_X_CH1.Xpartial.X_SpeedXP_auto_WP7B-P040VA1-R8000_WP7B-P040VA1-R8000_WP7B-P040VA1-R8000_WP7B-P040VA1-R8000_CH1.B_SpeedXP_auto_7.R_pkg
2.225014e-10 (A)  V_X_CH1.Xpartial.X_SpeedXP_auto_WP7B-P040VA1-R8000_WP7B-P040VA1-R8000_WP7B-P040VA1-R8000_WP7B-P040VA1-R8000_CH1.B_SpeedXP_auto_8.L_pkg
2.250014e-10 (A)  V_X_CH1.Xpartial.X_SpeedXP_auto_WP7B-P040VA1-R8000_WP7B-P040VA1-R8000_WP7B-P040VA1-R8000_WP7B-P040VA1-R8000_CH1.B_SpeedXP_auto_8.R_pkg
-5.000000e-12 (A)  V_X_CH1.Xpartial.X_SpeedXP_auto_WP7B-P040VA1-R8000_WP7B-P040VA1-R8000_WP7B-P040VA1-R8000_WP7B-P040VA1-R8000_CH1.B_SpeedXP_auto_9.L_pkg
-5.000000e-12 (A)  V_X_CH1.Xpartial.X_SpeedXP_auto_WP7B-P040VA1-R8000_WP7B-P040VA1-R8000_WP7B-P040VA1-R8000_WP7B-P040VA1-R8000_CH1.B_SpeedXP_auto_9.R_pkg
-1.000000e-11 (A)  V_X_U8.Xpartial.X_SpeedXP_auto_TC358870XBG_1_VFBGA80_(S1+S2+S3+S4)_TC358870XBG(NOK)_TC358870XBG(NOK)_U8.B_SpeedXP_auto_E10.L_pkg
-7.500001e-12 (A)  V_X_U8.Xpartial.X_SpeedXP_auto_TC358870XBG_1_VFBGA80_(S1+S2+S3+S4)_TC358870XBG(NOK)_TC358870XBG(NOK)_U8.B_SpeedXP_auto_E10.R_pkg
5.000000e-12 (A)  V_X_U8.Xpartial.X_SpeedXP_auto_TC358870XBG_1_VFBGA80_(S1+S2+S3+S4)_TC358870XBG(NOK)_TC358870XBG(NOK)_U8.B_SpeedXP_auto_E9.L_pkg
5.000000e-12 (A)  V_X_U8.Xpartial.X_SpeedXP_auto_TC358870XBG_1_VFBGA80_(S1+S2+S3+S4)_TC358870XBG(NOK)_TC358870XBG(NOK)_U8.B_SpeedXP_auto_E9.R_pkg
-1.000000e-11 (A)  V_X_U8.Xpartial.X_SpeedXP_auto_TC358870XBG_1_VFBGA80_(S1+S2+S3+S4)_TC358870XBG(NOK)_TC358870XBG(NOK)_U8.B_SpeedXP_auto_F10.L_pkg
-7.500001e-12 (A)  V_X_U8.Xpartial.X_SpeedXP_auto_TC358870XBG_1_VFBGA80_(S1+S2+S3+S4)_TC358870XBG(NOK)_TC358870XBG(NOK)_U8.B_SpeedXP_auto_F10.R_pkg
5.000000e-12 (A)  V_X_U8.Xpartial.X_SpeedXP_auto_TC358870XBG_1_VFBGA80_(S1+S2+S3+S4)_TC358870XBG(NOK)_TC358870XBG(NOK)_U8.B_SpeedXP_auto_F9.L_pkg
5.000000e-12 (A)  V_X_U8.Xpartial.X_SpeedXP_auto_TC358870XBG_1_VFBGA80_(S1+S2+S3+S4)_TC358870XBG(NOK)_TC358870XBG(NOK)_U8.B_SpeedXP_auto_F9.R_pkg
-1.000000e-11 (A)  V_X_U8.Xpartial.X_SpeedXP_auto_TC358870XBG_1_VFBGA80_(S1+S2+S3+S4)_TC358870XBG(NOK)_TC358870XBG(NOK)_U8.B_SpeedXP_auto_G10.L_pkg
-7.500001e-12 (A)  V_X_U8.Xpartial.X_SpeedXP_auto_TC358870XBG_1_VFBGA80_(S1+S2+S3+S4)_TC358870XBG(NOK)_TC358870XBG(NOK)_U8.B_SpeedXP_auto_G10.R_pkg
5.000000e-12 (A)  V_X_U8.Xpartial.X_SpeedXP_auto_TC358870XBG_1_VFBGA80_(S1+S2+S3+S4)_TC358870XBG(NOK)_TC358870XBG(NOK)_U8.B_SpeedXP_auto_G9.L_pkg
5.000000e-12 (A)  V_X_U8.Xpartial.X_SpeedXP_auto_TC358870XBG_1_VFBGA80_(S1+S2+S3+S4)_TC358870XBG(NOK)_TC358870XBG(NOK)_U8.B_SpeedXP_auto_G9.R_pkg
-1.000003e-11 (A)  V_X_U8.Xpartial.X_SpeedXP_auto_TC358870XBG_1_VFBGA80_(S1+S2+S3+S4)_TC358870XBG(NOK)_TC358870XBG(NOK)_U8.B_SpeedXP_auto_H10.L_pkg
-7.500001e-12 (A)  V_X_U8.Xpartial.X_SpeedXP_auto_TC358870XBG_1_VFBGA80_(S1+S2+S3+S4)_TC358870XBG(NOK)_TC358870XBG(NOK)_U8.B_SpeedXP_auto_H10.R_pkg
5.000000e-12 (A)  V_X_U8.Xpartial.X_SpeedXP_auto_TC358870XBG_1_VFBGA80_(S1+S2+S3+S4)_TC358870XBG(NOK)_TC358870XBG(NOK)_U8.B_SpeedXP_auto_H9.L_pkg
5.000000e-12 (A)  V_X_U8.Xpartial.X_SpeedXP_auto_TC358870XBG_1_VFBGA80_(S1+S2+S3+S4)_TC358870XBG(NOK)_TC358870XBG(NOK)_U8.B_SpeedXP_auto_H9.R_pkg
-5.000000e-12 (A)  W_Trace1976::MIPI_DSI0_CLK_N~0
-5.000000e-12 (A)  W_Trace1977::MIPI_DSI0_CLK_N~0
-5.000000e-12 (A)  W_Trace1977_Auto_1542::MIPI_DSI0_CLK_N~0
-5.000000e-12 (A)  W_Trace1977_Auto_1591::MIPI_DSI0_CLK_N~0
-5.000000e-12 (A)  W_Trace1978::MIPI_DSI0_CLK_N~0
-5.000000e-12 (A)  W_Trace1978_Auto_1528::MIPI_DSI0_CLK_N~0
-5.000000e-12 (A)  W_Trace1978_Auto_1530::MIPI_DSI0_CLK_N~0
-5.000000e-12 (A)  W_Trace1978_Auto_1532::MIPI_DSI0_CLK_N~0
-5.000000e-12 (A)  W_Trace1978_Auto_1534::MIPI_DSI0_CLK_N~0
-5.000000e-12 (A)  W_Trace1978_Auto_1536::MIPI_DSI0_CLK_N~0
5.000000e-12 (A)  W_Trace1989::MIPI_DSI0_CLK_N~0
5.000000e-12 (A)  W_Trace2002::MIPI_DSI0_CLK_N~0
5.000000e-12 (A)  W_Trace2008::MIPI_DSI0_CLK_N~0
5.000000e-12 (A)  W_Trace2019::MIPI_DSI0_CLK_N~0
5.000000e-12 (A)  W_Trace2025::MIPI_DSI0_CLK_N~0
5.000000e-12 (A)  W_Trace2031::MIPI_DSI0_CLK_N~0
5.000000e-12 (A)  W_Trace2033::MIPI_DSI0_CLK_N~0
5.000000e-12 (A)  W_Trace2033_Auto_214::MIPI_DSI0_CLK_N~0
-5.000000e-12 (A)  W_Trace2035::MIPI_DSI0_CLK_N~0
-5.000000e-12 (A)  W_Trace2040_Auto_195::MIPI_DSI0_CLK_N~0
5.000000e-12 (A)  W_Trace2042::MIPI_DSI0_CLK_N~0
-5.000000e-12 (A)  W_Trace2043_Auto_209::MIPI_DSI0_CLK_N~0
-5.000000e-12 (A)  W_Trace2043_Auto_217::MIPI_DSI0_CLK_N~0
5.000000e-12 (A)  W_Trace2048::MIPI_DSI0_CLK_N~0
-5.000000e-12 (A)  W_Trace2050_Auto_197::MIPI_DSI0_CLK_N~0
5.000000e-12 (A)  W_Trace2051_Auto_1014::MIPI_DSI0_CLK_N~0
5.000000e-12 (A)  W_Trace2055::MIPI_DSI0_CLK_N~0
-5.000000e-12 (A)  W_Trace2074::MIPI_DSI0_DATA2_N~0
5.000000e-12 (A)  W_Trace2076::MIPI_DSI0_DATA2_N~0
-5.000000e-12 (A)  W_Trace2077#BP0_Auto_1392::MIPI_DSI0_DATA2_N~0
-5.000000e-12 (A)  W_Trace2077#BP0_Auto_1400::MIPI_DSI0_DATA2_N~0
-5.000000e-12 (A)  W_Trace2081::MIPI_DSI0_DATA2_N~0
-5.000000e-12 (A)  W_Trace2087::MIPI_DSI0_DATA2_N~0
-5.000000e-12 (A)  W_Trace2093::MIPI_DSI0_DATA2_N~0
-5.000000e-12 (A)  W_Trace2099::MIPI_DSI0_DATA2_N~0
5.000000e-12 (A)  W_Trace2101_Auto_1255::MIPI_DSI0_DATA2_N~0
5.000000e-12 (A)  W_Trace2101_Auto_1257::MIPI_DSI0_DATA2_N~0
5.000000e-12 (A)  W_Trace2103::MIPI_DSI0_DATA2_N~0
-5.000000e-12 (A)  W_Trace2110::MIPI_DSI0_DATA2_N~0
-5.000000e-12 (A)  W_Trace2112_Auto_1260::MIPI_DSI0_DATA2_N~0
-5.000000e-12 (A)  W_Trace2112_Auto_1269::MIPI_DSI0_DATA2_N~0
5.000000e-12 (A)  W_Trace2113::MIPI_DSI0_DATA2_N~0
-5.000000e-12 (A)  W_Trace2119::MIPI_DSI0_DATA2_N~0
-5.000000e-12 (A)  W_Trace2120::MIPI_DSI0_DATA2_N~0
-5.000000e-12 (A)  W_Trace2120_Auto_1292::MIPI_DSI0_DATA2_N~0
-5.000000e-12 (A)  W_Trace2123::MIPI_DSI0_DATA2_N~0
5.000000e-12 (A)  W_Trace2124::MIPI_DSI0_DATA2_N~0
5.000000e-12 (A)  W_Trace2125::MIPI_DSI0_DATA2_N~0
5.000000e-12 (A)  W_Trace2126::MIPI_DSI0_DATA2_N~0
-5.000000e-12 (A)  W_Trace2127_Auto_201::MIPI_DSI0_DATA2_N~0
-5.000000e-12 (A)  W_Trace2129::MIPI_DSI0_DATA2_N~0
5.000000e-12 (A)  W_Trace2132_Auto_283::MIPI_DSI0_DATA2_N~0
5.000000e-12 (A)  W_Trace2133::MIPI_DSI0_DATA2_N~0
5.000000e-12 (A)  W_Trace2133_Auto_62::MIPI_DSI0_DATA2_N~0
-5.000000e-12 (A)  W_Trace2135::MIPI_DSI0_DATA2_N~0
5.000000e-12 (A)  W_Trace2136_Auto_72::MIPI_DSI0_DATA2_N~0
-5.000000e-12 (A)  W_Trace2139::MIPI_DSI0_DATA2_N~0
-5.000000e-12 (A)  W_Trace2145::MIPI_DSI0_DATA1_N~0
-5.000000e-12 (A)  W_Trace2145_Auto_1546::MIPI_DSI0_DATA1_N~0
-5.000000e-12 (A)  W_Trace2145_Auto_1587::MIPI_DSI0_DATA1_N~0
-5.000000e-12 (A)  W_Trace2145_Auto_1592::MIPI_DSI0_DATA1_N~0
-5.000000e-12 (A)  W_Trace2146::MIPI_DSI0_DATA1_N~0
-5.000000e-12 (A)  W_Trace2146_Auto_1384::MIPI_DSI0_DATA1_N~0
-5.000000e-12 (A)  W_Trace2147::MIPI_DSI0_DATA1_N~0
-5.000000e-12 (A)  W_Trace2147_Auto_1386::MIPI_DSI0_DATA1_N~0
-5.000000e-12 (A)  W_Trace2148::MIPI_DSI0_DATA1_N~0
-5.000000e-12 (A)  W_Trace2151_Auto_1388::MIPI_DSI0_DATA1_N~0
-5.000000e-12 (A)  W_Trace2152::MIPI_DSI0_DATA1_N~0
-5.000000e-12 (A)  W_Trace2155_Auto_1396::MIPI_DSI0_DATA1_N~0
-5.000000e-12 (A)  W_Trace2157::MIPI_DSI0_DATA1_N~0
-5.000000e-12 (A)  W_Trace2157_Auto_1402::MIPI_DSI0_DATA1_N~0
-5.000000e-12 (A)  W_Trace2159#BP0::MIPI_DSI0_DATA1_N~0
-5.000000e-12 (A)  W_Trace2161#BP0::MIPI_DSI0_DATA1_N~0
5.000000e-12 (A)  W_Trace2163::MIPI_DSI0_DATA1_N~0
-5.000000e-12 (A)  W_Trace2165::MIPI_DSI0_DATA1_N~0
-5.000000e-12 (A)  W_Trace2167::MIPI_DSI0_DATA1_N~0
5.000000e-12 (A)  W_Trace2173::MIPI_DSI0_DATA1_N~0
-5.000000e-12 (A)  W_Trace2183#BP0::MIPI_DSI0_DATA1_N~0
-5.000000e-12 (A)  W_Trace2183::MIPI_DSI0_DATA1_N~0
-5.000000e-12 (A)  W_Trace2185::MIPI_DSI0_DATA1_N~0
5.000000e-12 (A)  W_Trace2191::MIPI_DSI0_DATA1_N~0
-5.000000e-12 (A)  W_Trace2193::MIPI_DSI0_DATA1_N~0
-5.000000e-12 (A)  W_Trace2193_Auto_101::MIPI_DSI0_DATA1_N~0
-5.000000e-12 (A)  W_Trace2195::MIPI_DSI0_DATA1_N~0
5.000000e-12 (A)  W_Trace2204::MIPI_DSI0_DATA1_N~0
5.000000e-12 (A)  W_Trace2204_Auto_106::MIPI_DSI0_DATA1_N~0
5.000000e-12 (A)  W_Trace2208::MIPI_DSI0_DATA1_N~0
-5.000000e-12 (A)  W_Trace2210_Auto_245::MIPI_DSI0_DATA1_N~0
-5.000000e-12 (A)  W_Trace2212::MIPI_DSI0_DATA1_N~0
5.000000e-12 (A)  W_Trace2214_Auto_212::MIPI_DSI0_DATA1_N~0
-5.000000e-12 (A)  W_Trace2216::MIPI_DSI0_DATA1_N~0
5.000000e-12 (A)  W_Trace2220::MIPI_DSI0_DATA1_N~0
-5.000000e-12 (A)  W_Trace2222::MIPI_DSI0_DATA1_N~0
5.000000e-12 (A)  W_Trace2223::MIPI_DSI0_DATA1_N~0
5.000000e-12 (A)  W_Trace2223_Auto_1026::MIPI_DSI0_DATA1_N~0
5.000000e-12 (A)  W_Trace2227::MIPI_DSI0_DATA1_N~0
-5.000000e-12 (A)  W_Trace2233::MIPI_DSI0_DATA0_N~0
5.000000e-12 (A)  W_Trace2234::MIPI_DSI0_DATA0_N~0
5.000000e-12 (A)  W_Trace2234_Auto_1030::MIPI_DSI0_DATA0_N~0
5.000000e-12 (A)  W_Trace2235::MIPI_DSI0_DATA0_N~0
5.000000e-12 (A)  W_Trace2236_Auto_1016::MIPI_DSI0_DATA0_N~0
-5.000000e-12 (A)  W_Trace2251::MIPI_DSI0_DATA0_N~0
5.000000e-12 (A)  W_Trace2253_Auto_213::MIPI_DSI0_DATA0_N~0
-5.000000e-12 (A)  W_Trace2255_Auto_207::MIPI_DSI0_DATA0_N~0
-5.000000e-12 (A)  W_Trace2256::MIPI_DSI0_DATA0_N~0
-5.000000e-12 (A)  W_Trace2257_Auto_87::MIPI_DSI0_DATA0_N~0
-5.000000e-12 (A)  W_Trace2257_Auto_96::MIPI_DSI0_DATA0_N~0
-5.000000e-12 (A)  W_Trace2257_Auto_99::MIPI_DSI0_DATA0_N~0
-5.000000e-12 (A)  W_Trace2277::MIPI_DSI0_DATA0_N~0
-5.000000e-12 (A)  W_Trace2279::MIPI_DSI0_DATA0_N~0
5.000000e-12 (A)  W_Trace2280::MIPI_DSI0_DATA0_N~0
5.000000e-12 (A)  W_Trace2281::MIPI_DSI0_DATA0_N~0
-5.000000e-12 (A)  W_Trace2286::MIPI_DSI0_DATA0_N~0
-5.000000e-12 (A)  W_Trace2289::MIPI_DSI0_DATA0_N~0
-5.000000e-12 (A)  W_Trace2290::MIPI_DSI0_DATA0_N~0
-5.000000e-12 (A)  W_Trace2291_Auto_1598::MIPI_DSI0_DATA0_N~0
-5.000000e-12 (A)  W_Trace2291_Auto_1600::MIPI_DSI0_DATA0_N~0
-5.000000e-12 (A)  W_Trace2293::MIPI_DSI0_DATA0_N~0
-5.000000e-12 (A)  W_Trace2295::MIPI_DSI0_DATA0_N~0
-5.000000e-12 (A)  W_Trace2295_Auto_1564::MIPI_DSI0_DATA0_N~0
5.000000e-12 (A)  W_Trace2299::MIPI_DSI0_DATA0_N~0
-5.000000e-12 (A)  W_Trace2302_Auto_1860::MIPI_DSI0_DATA0_N~0
-5.000000e-12 (A)  W_Trace2303::MIPI_DSI0_DATA0_N~0
5.000000e-12 (A)  W_Trace2311_Auto_1862::MIPI_DSI0_DATA0_N~0
5.000000e-12 (A)  W_Trace2322::MIPI_DSI0_DATA0_N~0
-5.000000e-12 (A)  W_Trace2325_Auto_1858::MIPI_DSI0_DATA0_N~0
-5.000000e-12 (A)  W_Trace2326::MIPI_DSI0_DATA0_N~0
-5.000000e-12 (A)  W_Trace2335::MIPI_DSI0_DATA0_N~0
5.000000e-12 (A)  W_Trace2339::MIPI_DSI0_DATA0_N~0
5.000000e-12 (A)  W_Trace2344::MIPI_DSI0_DATA0_N~0
-1.150003e-10 (A)  W_Trace2351::MIPI_DSI0_CLK_P~0
1.125003e-10 (A)  W_Trace2353::MIPI_DSI0_CLK_P~0
-1.075003e-10 (A)  W_Trace2362::MIPI_DSI0_CLK_P~0
-1.000003e-10 (A)  W_Trace2373::MIPI_DSI0_CLK_P~0
-9.250018e-11 (A)  W_Trace2384::MIPI_DSI0_CLK_P~0
-8.750016e-11 (A)  W_Trace2386::MIPI_DSI0_CLK_P~0
-8.500015e-11 (A)  W_Trace2396::MIPI_DSI0_CLK_P~0
-8.250014e-11 (A)  W_Trace2397_Auto_294::MIPI_DSI0_CLK_P~0
-5.750001e-11 (A)  W_Trace2402::MIPI_DSI0_CLK_P~0
-5.500004e-11 (A)  W_Trace2403_Auto_211::MIPI_DSI0_CLK_P~0
-5.000002e-11 (A)  W_Trace2413::MIPI_DSI0_CLK_P~0
4.500003e-11 (A)  W_Trace2416_Auto_210::MIPI_DSI0_CLK_P~0
4.249999e-11 (A)  W_Trace2417::MIPI_DSI0_CLK_P~0
3.249993e-11 (A)  W_Trace2421_Auto_199::MIPI_DSI0_CLK_P~0
-1.749998e-11 (A)  W_Trace2425::MIPI_DSI0_CLK_P~0
1.875007e-10 (A)  W_Trace2432::MIPI_DSI0_CLK_P~0
1.825007e-10 (A)  W_Trace2432_Auto_1295::MIPI_DSI0_CLK_P~0
1.775006e-10 (A)  W_Trace2434::MIPI_DSI0_CLK_P~0
1.625006e-10 (A)  W_Trace2435_Auto_1544::MIPI_DSI0_CLK_P~0
1.675006e-10 (A)  W_Trace2435_Auto_1589::MIPI_DSI0_CLK_P~0
1.725006e-10 (A)  W_Trace2435_Auto_1593::MIPI_DSI0_CLK_P~0
-1.450004e-10 (A)  W_Trace2441::MIPI_DSI0_CLK_P~0
-1.425004e-10 (A)  W_Trace2453::MIPI_DSI0_CLK_P~0
-1.400004e-10 (A)  W_Trace2458::MIPI_DSI0_CLK_P~0
-1.350003e-10 (A)  W_Trace2465::MIPI_DSI0_CLK_P~0
-1.325004e-10 (A)  W_Trace2477::MIPI_DSI0_CLK_P~0
-1.300004e-10 (A)  W_Trace2482::MIPI_DSI0_CLK_P~0
-1.225004e-10 (A)  W_Trace2487::MIPI_DSI0_CLK_P~0
1.125007e-10 (A)  W_Trace2599::MIPI_DSI0_DATA2_P~0
1.075007e-10 (A)  W_Trace2599_Auto_1394::MIPI_DSI0_DATA2_P~0
1.150008e-10 (A)  W_Trace2603::MIPI_DSI0_DATA2_P~0
1.250007e-10 (A)  W_Trace2605::MIPI_DSI0_DATA2_P~0
1.175008e-10 (A)  W_Trace2605_Auto_1242::MIPI_DSI0_DATA2_P~0
-1.275008e-10 (A)  W_Trace2607::MIPI_DSI0_DATA2_P~0
1.350008e-10 (A)  W_Trace2611_Auto_1266::MIPI_DSI0_DATA2_P~0
1.300007e-10 (A)  W_Trace2611_Auto_1271::MIPI_DSI0_DATA2_P~0
1.400008e-10 (A)  W_Trace2615::MIPI_DSI0_DATA2_P~0
-1.425008e-10 (A)  W_Trace2617::MIPI_DSI0_DATA2_P~0
-1.475009e-10 (A)  W_Trace2617_Auto_1252::MIPI_DSI0_DATA2_P~0
1.500010e-10 (A)  W_Trace2621::MIPI_DSI0_DATA2_P~0
1.575011e-10 (A)  W_Trace2632::MIPI_DSI0_DATA2_P~0
1.675011e-10 (A)  W_Trace2636::MIPI_DSI0_DATA2_P~0
1.750011e-10 (A)  W_Trace2638::MIPI_DSI0_DATA2_P~0
1.700010e-10 (A)  W_Trace2638_Auto_1562::MIPI_DSI0_DATA2_P~0
-1.775011e-10 (A)  W_Trace2640::MIPI_DSI0_DATA2_P~0
1.800012e-10 (A)  W_Trace2642_Auto_1293::MIPI_DSI0_DATA2_P~0
-1.500000e-11 (A)  W_Trace2644_Auto_1034::MIPI_DSI0_DATA2_P~0
-1.749999e-11 (A)  W_Trace2645::MIPI_DSI0_DATA2_P~0
6.250042e-11 (A)  W_Trace2647::MIPI_DSI0_DATA2_P~0
3.750029e-11 (A)  W_Trace2647_Auto_203::MIPI_DSI0_DATA2_P~0
-6.500042e-11 (A)  W_Trace2648::MIPI_DSI0_DATA2_P~0
-7.000041e-11 (A)  W_Trace2648_Auto_285::MIPI_DSI0_DATA2_P~0
-8.000043e-11 (A)  W_Trace2650::MIPI_DSI0_DATA2_P~0
8.500049e-11 (A)  W_Trace2660::MIPI_DSI0_DATA2_P~0
-9.000056e-11 (A)  W_Trace2663::MIPI_DSI0_DATA2_P~0
9.250058e-11 (A)  W_Trace2666::MIPI_DSI0_DATA2_P~0
-9.500058e-11 (A)  W_Trace2667::MIPI_DSI0_DATA2_P~0
1.000006e-10 (A)  W_Trace2669::MIPI_DSI0_DATA2_P~0
2.200014e-10 (A)  W_Trace2671::MIPI_DSI0_DATA1_P~0
2.150014e-10 (A)  W_Trace2671_Auto_1290::MIPI_DSI0_DATA1_P~0
-1.975013e-10 (A)  W_Trace2676::MIPI_DSI0_DATA1_P~0
-1.950012e-10 (A)  W_Trace2678_Auto_1381::MIPI_DSI0_DATA1_P~0
-1.900013e-10 (A)  W_Trace2687::MIPI_DSI0_DATA1_P~0
-1.850012e-10 (A)  W_Trace2693::MIPI_DSI0_DATA1_P~0
1.750011e-10 (A)  W_Trace2698::MIPI_DSI0_DATA1_P~0
1.725010e-10 (A)  W_Trace2699::MIPI_DSI0_DATA1_P~0
1.675010e-10 (A)  W_Trace2699_Auto_1404::MIPI_DSI0_DATA1_P~0
1.650009e-10 (A)  W_Trace2701::MIPI_DSI0_DATA1_P~0
1.600009e-10 (A)  W_Trace2702::MIPI_DSI0_DATA1_P~0
1.550009e-10 (A)  W_Trace2705::MIPI_DSI0_DATA1_P~0
1.500008e-10 (A)  W_Trace2705_Auto_1390::MIPI_DSI0_DATA1_P~0
1.475008e-10 (A)  W_Trace2706::MIPI_DSI0_DATA1_P~0
1.375007e-10 (A)  W_Trace2711::MIPI_DSI0_DATA1_P~0
-1.325008e-10 (A)  W_Trace2715::MIPI_DSI0_DATA1_P~0
1.300007e-10 (A)  W_Trace2717::MIPI_DSI0_DATA1_P~0
1.250007e-10 (A)  W_Trace2717_Auto_1526::MIPI_DSI0_DATA1_P~0
1.225006e-10 (A)  W_Trace2719::MIPI_DSI0_DATA1_P~0
1.100005e-10 (A)  W_Trace2721#BP0::MIPI_DSI0_DATA1_P~0
1.200006e-10 (A)  W_Trace2721::MIPI_DSI0_DATA1_P~0
1.125005e-10 (A)  W_Trace2721_Auto_1521::MIPI_DSI0_DATA1_P~0
-1.025004e-10 (A)  W_Trace2726::MIPI_DSI0_DATA1_P~0
1.000004e-10 (A)  W_Trace2728#BP0::MIPI_DSI0_DATA1_P~0
9.500039e-11 (A)  W_Trace2728#BP0_Auto_76::MIPI_DSI0_DATA1_P~0
9.250036e-11 (A)  W_Trace2730::MIPI_DSI0_DATA1_P~0
9.000035e-11 (A)  W_Trace2732::MIPI_DSI0_DATA1_P~0
8.500029e-11 (A)  W_Trace2733::MIPI_DSI0_DATA1_P~0
8.250027e-11 (A)  W_Trace2738_Auto_100::MIPI_DSI0_DATA1_P~0
-7.750018e-11 (A)  W_Trace2747::MIPI_DSI0_DATA1_P~0
-7.250022e-11 (A)  W_Trace2749::MIPI_DSI0_DATA1_P~0
7.000025e-11 (A)  W_Trace2751::MIPI_DSI0_DATA1_P~0
6.750023e-11 (A)  W_Trace2753::MIPI_DSI0_DATA1_P~0
6.250024e-11 (A)  W_Trace2755::MIPI_DSI0_DATA1_P~0
5.750020e-11 (A)  W_Trace2757::MIPI_DSI0_DATA1_P~0
-4.750020e-11 (A)  W_Trace2759::MIPI_DSI0_DATA1_P~0
4.250023e-11 (A)  W_Trace2763::MIPI_DSI0_DATA1_P~0
3.000010e-11 (A)  W_Trace2764::MIPI_DSI0_DATA1_P~0
2.250000e-11 (A)  W_Trace2767::MIPI_DSI0_DATA1_P~0
-1.500000e-11 (A)  W_Trace2768::MIPI_DSI0_DATA1_P~0
-2.000002e-11 (A)  W_Trace2768_Auto_1024::MIPI_DSI0_DATA1_P~0
1.250000e-11 (A)  W_Trace2770::MIPI_DSI0_DATA1_P~0
-2.075010e-10 (A)  W_Trace3059::MIPI_DSI0_DATA0_P~0
2.025010e-10 (A)  W_Trace3062::MIPI_DSI0_DATA0_P~0
1.825010e-10 (A)  W_Trace3065::MIPI_DSI0_DATA0_P~0
-1.775010e-10 (A)  W_Trace3072::MIPI_DSI0_DATA0_P~0
-1.750009e-10 (A)  W_Trace3077::MIPI_DSI0_DATA0_P~0
-1.700009e-10 (A)  W_Trace3084::MIPI_DSI0_DATA0_P~0
-1.675009e-10 (A)  W_Trace3089::MIPI_DSI0_DATA0_P~0
1.650009e-10 (A)  W_Trace3091::MIPI_DSI0_DATA0_P~0
1.600008e-10 (A)  W_Trace3091_Auto_1603::MIPI_DSI0_DATA0_P~0
-1.575007e-10 (A)  W_Trace3095::MIPI_DSI0_DATA0_P~0
1.550008e-10 (A)  W_Trace3096::MIPI_DSI0_DATA0_P~0
-1.500008e-10 (A)  W_Trace3106::MIPI_DSI0_DATA0_P~0
-1.450008e-10 (A)  W_Trace3109::MIPI_DSI0_DATA0_P~0
-1.425008e-10 (A)  W_Trace3118::MIPI_DSI0_DATA0_P~0
1.400008e-10 (A)  W_Trace3119::MIPI_DSI0_DATA0_P~0
-1.350008e-10 (A)  W_Trace3129::MIPI_DSI0_DATA0_P~0
1.300008e-10 (A)  W_Trace3131_Auto_1864::MIPI_DSI0_DATA0_P~0
-1.275008e-10 (A)  W_Trace3135::MIPI_DSI0_DATA0_P~0
1.250008e-10 (A)  W_Trace3137::MIPI_DSI0_DATA0_P~0
1.200008e-10 (A)  W_Trace3138::MIPI_DSI0_DATA0_P~0
1.150007e-10 (A)  W_Trace3139_Auto_1904::MIPI_DSI0_DATA0_P~0
-1.125007e-10 (A)  W_Trace3143::MIPI_DSI0_DATA0_P~0
-1.050006e-10 (A)  W_Trace3146::MIPI_DSI0_DATA0_P~0
-1.000005e-10 (A)  W_Trace3147_Auto_79::MIPI_DSI0_DATA0_P~0
9.500049e-11 (A)  W_Trace3148::MIPI_DSI0_DATA0_P~0
8.750039e-11 (A)  W_Trace3150_Auto_83::MIPI_DSI0_DATA0_P~0
-8.500035e-11 (A)  W_Trace3170::MIPI_DSI0_DATA0_P~0
8.250036e-11 (A)  W_Trace3172::MIPI_DSI0_DATA0_P~0
7.000035e-11 (A)  W_Trace3172_Auto_85::MIPI_DSI0_DATA0_P~0
7.500035e-11 (A)  W_Trace3172_Auto_93::MIPI_DSI0_DATA0_P~0
6.000027e-11 (A)  W_Trace3173_Auto_182::MIPI_DSI0_DATA0_P~0
5.750026e-11 (A)  W_Trace3174::MIPI_DSI0_DATA0_P~0
-5.000022e-11 (A)  W_Trace3174_Auto_210::MIPI_DSI0_DATA0_P~0
4.250018e-11 (A)  W_Trace3176::MIPI_DSI0_DATA0_P~0
-3.750019e-11 (A)  W_Trace3199::MIPI_DSI0_DATA0_P~0
3.000016e-11 (A)  W_Trace3201_Auto_264::MIPI_DSI0_DATA0_P~0
-2.750014e-11 (A)  W_Trace3203::MIPI_DSI0_DATA0_P~0
-2.250012e-11 (A)  W_Trace3204::MIPI_DSI0_DATA0_P~0
2.000012e-11 (A)  W_Trace3205::MIPI_DSI0_DATA0_P~0
-1.750009e-11 (A)  W_Trace3206_Auto_1028::MIPI_DSI0_DATA0_P~0
-5.000000e-12 (A)  WCPL_Trace1977_Auto_1594::MIPI_DSI0_CLK_N~0
1.875010e-10 (A)  WCPL_Trace1977_Auto_1594::MIPI_DSI0_CLK_N~1
-5.000000e-12 (A)  WCPL_Trace1977_Auto_1594::MIPI_DSI0_CLK_N~2
-5.000000e-12 (A)  WCPL_Trace1978_Auto_1529::MIPI_DSI0_CLK_N~0
1.725009e-10 (A)  WCPL_Trace1978_Auto_1529::MIPI_DSI0_CLK_N~1
5.000000e-12 (A)  WCPL_Trace2003::MIPI_DSI0_CLK_N~0
-7.500008e-11 (A)  WCPL_Trace2003::MIPI_DSI0_CLK_N~1
5.000000e-12 (A)  WCPL_Trace2003::MIPI_DSI0_CLK_N~2
-7.500044e-11 (A)  WCPL_Trace2003::MIPI_DSI0_CLK_N~3
5.000000e-12 (A)  WCPL_Trace2003_Auto_287::MIPI_DSI0_CLK_N~0
-7.750010e-11 (A)  WCPL_Trace2003_Auto_287::MIPI_DSI0_CLK_N~1
5.000000e-12 (A)  WCPL_Trace2003_Auto_287::MIPI_DSI0_CLK_N~2
5.000000e-12 (A)  WCPL_Trace2003_Auto_293::MIPI_DSI0_CLK_N~0
-8.000011e-11 (A)  WCPL_Trace2003_Auto_293::MIPI_DSI0_CLK_N~1
5.000000e-12 (A)  WCPL_Trace2010::MIPI_DSI0_CLK_N~0
-5.000000e-12 (A)  WCPL_Trace2010::MIPI_DSI0_CLK_N~1
5.000000e-12 (A)  WCPL_Trace2033_Auto_212::MIPI_DSI0_CLK_N~0
-5.250002e-11 (A)  WCPL_Trace2033_Auto_212::MIPI_DSI0_CLK_N~1
4.750004e-11 (A)  WCPL_Trace2033_Auto_212::MIPI_DSI0_CLK_N~2
-5.000000e-12 (A)  WCPL_Trace2033_Auto_212::MIPI_DSI0_CLK_N~3
-5.000000e-12 (A)  WCPL_Trace2040::MIPI_DSI0_CLK_N~0
6.500025e-11 (A)  WCPL_Trace2040::MIPI_DSI0_CLK_N~1
-5.000000e-12 (A)  WCPL_Trace2051::MIPI_DSI0_CLK_N~0
2.500006e-11 (A)  WCPL_Trace2051::MIPI_DSI0_CLK_N~1
-5.000000e-12 (A)  WCPL_Trace2051::MIPI_DSI0_CLK_N~2
5.000000e-12 (A)  WCPL_Trace2051_Auto_1021::MIPI_DSI0_CLK_N~0
-1.499998e-11 (A)  WCPL_Trace2051_Auto_1021::MIPI_DSI0_CLK_N~1
5.000000e-12 (A)  WCPL_Trace2051_Auto_1021::MIPI_DSI0_CLK_N~2
-1.999998e-11 (A)  WCPL_Trace2051_Auto_1021::MIPI_DSI0_CLK_N~3
-5.000000e-12 (A)  WCPL_Trace2074_Auto_1397::MIPI_DSI0_DATA2_N~0
1.425008e-10 (A)  WCPL_Trace2074_Auto_1397::MIPI_DSI0_DATA2_N~1
-5.000000e-12 (A)  WCPL_Trace2077#BP0::MIPI_DSI0_DATA2_N~0
1.575009e-10 (A)  WCPL_Trace2077#BP0::MIPI_DSI0_DATA2_N~1
-5.000000e-12 (A)  WCPL_Trace2083_Auto_1238::MIPI_DSI0_DATA2_N~0
5.000000e-12 (A)  WCPL_Trace2083_Auto_1238::MIPI_DSI0_DATA2_N~1
5.000000e-12 (A)  WCPL_Trace2095::MIPI_DSI0_DATA2_N~0
-1.450009e-10 (A)  WCPL_Trace2095::MIPI_DSI0_DATA2_N~1
-5.000000e-12 (A)  WCPL_Trace2114::MIPI_DSI0_DATA2_N~0
2.100014e-10 (A)  WCPL_Trace2114::MIPI_DSI0_DATA2_N~1
-5.000000e-12 (A)  WCPL_Trace2114::MIPI_DSI0_DATA2_N~2
-5.000000e-12 (A)  WCPL_Trace2116_Auto_1559::MIPI_DSI0_DATA2_N~0
2.125014e-10 (A)  WCPL_Trace2116_Auto_1559::MIPI_DSI0_DATA2_N~1
5.000000e-12 (A)  WCPL_Trace2124_Auto_1033::MIPI_DSI0_DATA2_N~0
-1.250002e-11 (A)  WCPL_Trace2124_Auto_1033::MIPI_DSI0_DATA2_N~1
5.000000e-12 (A)  WCPL_Trace2126_Auto_1019::MIPI_DSI0_DATA2_N~0
-2.250000e-11 (A)  WCPL_Trace2126_Auto_1019::MIPI_DSI0_DATA2_N~1
5.000000e-12 (A)  WCPL_Trace2130::MIPI_DSI0_DATA2_N~0
-6.750041e-11 (A)  WCPL_Trace2130::MIPI_DSI0_DATA2_N~1
5.000000e-12 (A)  WCPL_Trace2133_Auto_61::MIPI_DSI0_DATA2_N~0
-7.750040e-11 (A)  WCPL_Trace2133_Auto_61::MIPI_DSI0_DATA2_N~1
5.000000e-12 (A)  WCPL_Trace2136::MIPI_DSI0_DATA2_N~0
-9.750061e-11 (A)  WCPL_Trace2136::MIPI_DSI0_DATA2_N~1
-5.000000e-12 (A)  WCPL_Trace2145_Auto_1545::MIPI_DSI0_DATA1_N~0
1.650006e-10 (A)  WCPL_Trace2145_Auto_1545::MIPI_DSI0_DATA1_N~1
-5.000000e-12 (A)  WCPL_Trace2145_Auto_1545::MIPI_DSI0_DATA1_N~2
2.050010e-10 (A)  WCPL_Trace2145_Auto_1545::MIPI_DSI0_DATA1_N~3
-5.000000e-12 (A)  WCPL_Trace2145_Auto_1553::MIPI_DSI0_DATA1_N~0
1.600005e-10 (A)  WCPL_Trace2145_Auto_1553::MIPI_DSI0_DATA1_N~1
-5.000000e-12 (A)  WCPL_Trace2145_Auto_1553::MIPI_DSI0_DATA1_N~2
2.000010e-10 (A)  WCPL_Trace2145_Auto_1553::MIPI_DSI0_DATA1_N~3
-5.000000e-12 (A)  WCPL_Trace2145_Auto_1553::MIPI_DSI0_DATA1_N~4
-5.000000e-12 (A)  WCPL_Trace2145_Auto_1566::MIPI_DSI0_DATA1_N~0
1.525005e-10 (A)  WCPL_Trace2145_Auto_1566::MIPI_DSI0_DATA1_N~1
-5.000000e-12 (A)  WCPL_Trace2145_Auto_1566::MIPI_DSI0_DATA1_N~2
1.925010e-10 (A)  WCPL_Trace2145_Auto_1566::MIPI_DSI0_DATA1_N~3
-5.000000e-12 (A)  WCPL_Trace2145_Auto_1566::MIPI_DSI0_DATA1_N~4
-5.000000e-12 (A)  WCPL_Trace2145_Auto_1578::MIPI_DSI0_DATA1_N~0
1.575005e-10 (A)  WCPL_Trace2145_Auto_1578::MIPI_DSI0_DATA1_N~1
-5.000000e-12 (A)  WCPL_Trace2145_Auto_1578::MIPI_DSI0_DATA1_N~2
1.975010e-10 (A)  WCPL_Trace2145_Auto_1578::MIPI_DSI0_DATA1_N~3
-5.000000e-12 (A)  WCPL_Trace2145_Auto_1578::MIPI_DSI0_DATA1_N~4
-5.000000e-12 (A)  WCPL_Trace2200::MIPI_DSI0_DATA1_N~0
7.750032e-11 (A)  WCPL_Trace2200::MIPI_DSI0_DATA1_N~1
-5.000000e-12 (A)  WCPL_Trace2200::MIPI_DSI0_DATA1_N~2
-5.000000e-12 (A)  WCPL_Trace2201::MIPI_DSI0_DATA1_N~0
7.250035e-11 (A)  WCPL_Trace2201::MIPI_DSI0_DATA1_N~1
-5.000000e-12 (A)  WCPL_Trace2201::MIPI_DSI0_DATA1_N~2
-5.000000e-12 (A)  WCPL_Trace2202::MIPI_DSI0_DATA1_N~0
6.750032e-11 (A)  WCPL_Trace2202::MIPI_DSI0_DATA1_N~1
-5.000000e-12 (A)  WCPL_Trace2202::MIPI_DSI0_DATA1_N~2
5.000000e-12 (A)  WCPL_Trace2204_Auto_105::MIPI_DSI0_DATA1_N~0
-7.500021e-11 (A)  WCPL_Trace2204_Auto_105::MIPI_DSI0_DATA1_N~1
8.000022e-11 (A)  WCPL_Trace2204_Auto_105::MIPI_DSI0_DATA1_N~2
-5.000000e-12 (A)  WCPL_Trace2204_Auto_105::MIPI_DSI0_DATA1_N~3
-5.000000e-12 (A)  WCPL_Trace2212_Auto_208::MIPI_DSI0_DATA1_N~0
5.250022e-11 (A)  WCPL_Trace2212_Auto_208::MIPI_DSI0_DATA1_N~1
-5.000000e-12 (A)  WCPL_Trace2212_Auto_208::MIPI_DSI0_DATA1_N~2
5.000000e-12 (A)  WCPL_Trace2214_Auto_211::MIPI_DSI0_DATA1_N~0
-5.000022e-11 (A)  WCPL_Trace2214_Auto_211::MIPI_DSI0_DATA1_N~1
-5.000000e-12 (A)  WCPL_Trace2218_Auto_254::MIPI_DSI0_DATA1_N~0
3.250015e-11 (A)  WCPL_Trace2218_Auto_254::MIPI_DSI0_DATA1_N~1
5.000000e-12 (A)  WCPL_Trace2234_Auto_1029::MIPI_DSI0_DATA0_N~0
-1.500010e-11 (A)  WCPL_Trace2234_Auto_1029::MIPI_DSI0_DATA0_N~1
5.000000e-12 (A)  WCPL_Trace2234_Auto_1029::MIPI_DSI0_DATA0_N~2
-1.749999e-11 (A)  WCPL_Trace2234_Auto_1029::MIPI_DSI0_DATA0_N~3
5.000000e-12 (A)  WCPL_Trace2234_Auto_1029::MIPI_DSI0_DATA0_N~4
-1.250002e-11 (A)  WCPL_Trace2234_Auto_1029::MIPI_DSI0_DATA0_N~5
5.000000e-12 (A)  WCPL_Trace2234_Auto_1031::MIPI_DSI0_DATA0_N~0
-1.250005e-11 (A)  WCPL_Trace2234_Auto_1031::MIPI_DSI0_DATA0_N~1
5.000000e-12 (A)  WCPL_Trace2234_Auto_1031::MIPI_DSI0_DATA0_N~2
5.000000e-12 (A)  WCPL_Trace2236::MIPI_DSI0_DATA0_N~0
-2.500015e-11 (A)  WCPL_Trace2236::MIPI_DSI0_DATA0_N~1
5.000000e-12 (A)  WCPL_Trace2253_Auto_217::MIPI_DSI0_DATA0_N~0
-4.750023e-11 (A)  WCPL_Trace2253_Auto_217::MIPI_DSI0_DATA0_N~1
5.000000e-12 (A)  WCPL_Trace2253_Auto_217::MIPI_DSI0_DATA0_N~2
-5.500020e-11 (A)  WCPL_Trace2253_Auto_217::MIPI_DSI0_DATA0_N~3
5.000000e-12 (A)  WCPL_Trace2280_Auto_78::MIPI_DSI0_DATA0_N~0
-9.750051e-11 (A)  WCPL_Trace2280_Auto_78::MIPI_DSI0_DATA0_N~1
5.000000e-12 (A)  WCPL_Trace2280_Auto_80::MIPI_DSI0_DATA0_N~0
-9.250047e-11 (A)  WCPL_Trace2280_Auto_80::MIPI_DSI0_DATA0_N~1
5.000000e-12 (A)  WCPL_Trace2282::MIPI_DSI0_DATA0_N~0
-1.025006e-10 (A)  WCPL_Trace2282::MIPI_DSI0_DATA0_N~1
5.000000e-12 (A)  WCPL_Trace2311::MIPI_DSI0_DATA0_N~0
-1.475008e-10 (A)  WCPL_Trace2311::MIPI_DSI0_DATA0_N~1
9.750024e-11 (A)  WCPL_Trace2375_Auto_118::MIPI_DSI0_CLK_P~0
-1.025003e-10 (A)  WCPL_Trace2375_Auto_118::MIPI_DSI0_CLK_P~1
-9.000020e-11 (A)  WCPL_Trace2386_Auto_120::MIPI_DSI0_CLK_P~0
9.500022e-11 (A)  WCPL_Trace2386_Auto_120::MIPI_DSI0_CLK_P~1
-1.050003e-10 (A)  WCPL_Trace2386_Auto_120::MIPI_DSI0_CLK_P~2
1.100003e-10 (A)  WCPL_Trace2386_Auto_120::MIPI_DSI0_CLK_P~3
-7.250009e-11 (A)  WCPL_Trace2397::MIPI_DSI0_CLK_P~0
5.000000e-12 (A)  WCPL_Trace2397::MIPI_DSI0_CLK_P~1
-7.250043e-11 (A)  WCPL_Trace2397::MIPI_DSI0_CLK_P~2
1.500005e-10 (A)  WCPL_Trace2435_Auto_1579::MIPI_DSI0_CLK_P~0
-5.000000e-12 (A)  WCPL_Trace2435_Auto_1579::MIPI_DSI0_CLK_P~1
1.900010e-10 (A)  WCPL_Trace2435_Auto_1579::MIPI_DSI0_CLK_P~2
-5.000000e-12 (A)  WCPL_Trace2435_Auto_1579::MIPI_DSI0_CLK_P~3
1.475004e-10 (A)  WCPL_Trace2436::MIPI_DSI0_CLK_P~0
-5.000000e-12 (A)  WCPL_Trace2436::MIPI_DSI0_CLK_P~1
1.375003e-10 (A)  WCPL_Trace2460::MIPI_DSI0_CLK_P~0
-5.000000e-12 (A)  WCPL_Trace2460::MIPI_DSI0_CLK_P~1
1.275004e-10 (A)  WCPL_Trace2484#BP0::MIPI_DSI0_CLK_P~0
-5.000000e-12 (A)  WCPL_Trace2484#BP0::MIPI_DSI0_CLK_P~1
1.250004e-10 (A)  WCPL_Trace2485::MIPI_DSI0_CLK_P~0
-5.000000e-12 (A)  WCPL_Trace2485::MIPI_DSI0_CLK_P~1
1.100007e-10 (A)  WCPL_Trace2599_Auto_1393::MIPI_DSI0_DATA2_P~0
-5.000000e-12 (A)  WCPL_Trace2599_Auto_1393::MIPI_DSI0_DATA2_P~1
1.525008e-10 (A)  WCPL_Trace2599_Auto_1393::MIPI_DSI0_DATA2_P~2
-5.000000e-12 (A)  WCPL_Trace2599_Auto_1393::MIPI_DSI0_DATA2_P~3
1.200007e-10 (A)  WCPL_Trace2605_Auto_1241::MIPI_DSI0_DATA2_P~0
-5.000000e-12 (A)  WCPL_Trace2605_Auto_1241::MIPI_DSI0_DATA2_P~1
5.000000e-12 (A)  WCPL_Trace2605_Auto_1241::MIPI_DSI0_DATA2_P~2
1.225008e-10 (A)  WCPL_Trace2605_Auto_1243::MIPI_DSI0_DATA2_P~0
-5.000000e-12 (A)  WCPL_Trace2605_Auto_1243::MIPI_DSI0_DATA2_P~1
1.375007e-10 (A)  WCPL_Trace2611::MIPI_DSI0_DATA2_P~0
-5.000000e-12 (A)  WCPL_Trace2611::MIPI_DSI0_DATA2_P~1
5.000000e-12 (A)  WCPL_Trace2611::MIPI_DSI0_DATA2_P~2
-1.550010e-10 (A)  WCPL_Trace2611::MIPI_DSI0_DATA2_P~3
1.600010e-10 (A)  WCPL_Trace2611::MIPI_DSI0_DATA2_P~4
-5.000000e-12 (A)  WCPL_Trace2611::MIPI_DSI0_DATA2_P~5
1.325008e-10 (A)  WCPL_Trace2611_Auto_1270::MIPI_DSI0_DATA2_P~0
-5.000000e-12 (A)  WCPL_Trace2611_Auto_1270::MIPI_DSI0_DATA2_P~1
-1.525010e-10 (A)  WCPL_Trace2623_Auto_1256::MIPI_DSI0_DATA2_P~0
1.625011e-10 (A)  WCPL_Trace2623_Auto_1256::MIPI_DSI0_DATA2_P~1
-5.000000e-12 (A)  WCPL_Trace2623_Auto_1256::MIPI_DSI0_DATA2_P~2
1.650011e-10 (A)  WCPL_Trace2634_Auto_1258::MIPI_DSI0_DATA2_P~0
-5.000000e-12 (A)  WCPL_Trace2634_Auto_1258::MIPI_DSI0_DATA2_P~1
1.725011e-10 (A)  WCPL_Trace2638_Auto_1561::MIPI_DSI0_DATA2_P~0
-5.000000e-12 (A)  WCPL_Trace2638_Auto_1561::MIPI_DSI0_DATA2_P~1
1.825012e-10 (A)  WCPL_Trace2642::MIPI_DSI0_DATA2_P~0
-5.000000e-12 (A)  WCPL_Trace2642::MIPI_DSI0_DATA2_P~1
2.175014e-10 (A)  WCPL_Trace2642::MIPI_DSI0_DATA2_P~2
-5.000000e-12 (A)  WCPL_Trace2642::MIPI_DSI0_DATA2_P~3
1.850007e-10 (A)  WCPL_Trace2642::MIPI_DSI0_DATA2_P~4
-5.000000e-12 (A)  WCPL_Trace2642::MIPI_DSI0_DATA2_P~5
2.500006e-11 (A)  WCPL_Trace2647_Auto_186::MIPI_DSI0_DATA2_P~0
-5.000000e-12 (A)  WCPL_Trace2647_Auto_186::MIPI_DSI0_DATA2_P~1
1.999997e-11 (A)  WCPL_Trace2647_Auto_186::MIPI_DSI0_DATA2_P~2
-5.000000e-12 (A)  WCPL_Trace2647_Auto_186::MIPI_DSI0_DATA2_P~3
2.750007e-11 (A)  WCPL_Trace2647_Auto_186::MIPI_DSI0_DATA2_P~4
5.750041e-11 (A)  WCPL_Trace2647_Auto_191::MIPI_DSI0_DATA2_P~0
-5.000000e-12 (A)  WCPL_Trace2647_Auto_191::MIPI_DSI0_DATA2_P~1
6.750005e-11 (A)  WCPL_Trace2647_Auto_191::MIPI_DSI0_DATA2_P~2
-5.000000e-12 (A)  WCPL_Trace2647_Auto_191::MIPI_DSI0_DATA2_P~3
5.500044e-11 (A)  WCPL_Trace2647_Auto_192::MIPI_DSI0_DATA2_P~0
-5.000000e-12 (A)  WCPL_Trace2647_Auto_192::MIPI_DSI0_DATA2_P~1
6.500005e-11 (A)  WCPL_Trace2647_Auto_192::MIPI_DSI0_DATA2_P~2
6.000045e-11 (A)  WCPL_Trace2647_Auto_193::MIPI_DSI0_DATA2_P~0
-5.000000e-12 (A)  WCPL_Trace2647_Auto_193::MIPI_DSI0_DATA2_P~1
7.000003e-11 (A)  WCPL_Trace2647_Auto_193::MIPI_DSI0_DATA2_P~2
4.000032e-11 (A)  WCPL_Trace2647_Auto_202::MIPI_DSI0_DATA2_P~0
-5.000000e-12 (A)  WCPL_Trace2647_Auto_202::MIPI_DSI0_DATA2_P~1
3.499994e-11 (A)  WCPL_Trace2647_Auto_202::MIPI_DSI0_DATA2_P~2
-5.000000e-12 (A)  WCPL_Trace2647_Auto_202::MIPI_DSI0_DATA2_P~3
4.500021e-11 (A)  WCPL_Trace2647_Auto_202::MIPI_DSI0_DATA2_P~4
3.250020e-11 (A)  WCPL_Trace2647_Auto_228::MIPI_DSI0_DATA2_P~0
-5.000000e-12 (A)  WCPL_Trace2647_Auto_228::MIPI_DSI0_DATA2_P~1
2.749998e-11 (A)  WCPL_Trace2647_Auto_228::MIPI_DSI0_DATA2_P~2
-5.000000e-12 (A)  WCPL_Trace2647_Auto_228::MIPI_DSI0_DATA2_P~3
3.750015e-11 (A)  WCPL_Trace2647_Auto_228::MIPI_DSI0_DATA2_P~4
-5.000000e-12 (A)  WCPL_Trace2647_Auto_228::MIPI_DSI0_DATA2_P~5
4.000022e-11 (A)  WCPL_Trace2647_Auto_228::MIPI_DSI0_DATA2_P~6
3.000015e-11 (A)  WCPL_Trace2647_Auto_229::MIPI_DSI0_DATA2_P~0
-5.000000e-12 (A)  WCPL_Trace2647_Auto_229::MIPI_DSI0_DATA2_P~1
2.499993e-11 (A)  WCPL_Trace2647_Auto_229::MIPI_DSI0_DATA2_P~2
-5.000000e-12 (A)  WCPL_Trace2647_Auto_229::MIPI_DSI0_DATA2_P~3
3.500018e-11 (A)  WCPL_Trace2647_Auto_229::MIPI_DSI0_DATA2_P~4
-5.000000e-12 (A)  WCPL_Trace2647_Auto_229::MIPI_DSI0_DATA2_P~5
3.500024e-11 (A)  WCPL_Trace2647_Auto_234::MIPI_DSI0_DATA2_P~0
-5.000000e-12 (A)  WCPL_Trace2647_Auto_234::MIPI_DSI0_DATA2_P~1
2.999994e-11 (A)  WCPL_Trace2647_Auto_234::MIPI_DSI0_DATA2_P~2
-5.000000e-12 (A)  WCPL_Trace2647_Auto_234::MIPI_DSI0_DATA2_P~3
4.000020e-11 (A)  WCPL_Trace2647_Auto_234::MIPI_DSI0_DATA2_P~4
-5.000000e-12 (A)  WCPL_Trace2647_Auto_234::MIPI_DSI0_DATA2_P~5
5.250040e-11 (A)  WCPL_Trace2647_Auto_240::MIPI_DSI0_DATA2_P~0
-5.000000e-12 (A)  WCPL_Trace2647_Auto_240::MIPI_DSI0_DATA2_P~1
6.250005e-11 (A)  WCPL_Trace2647_Auto_240::MIPI_DSI0_DATA2_P~2
-5.000000e-12 (A)  WCPL_Trace2647_Auto_240::MIPI_DSI0_DATA2_P~3
5.000039e-11 (A)  WCPL_Trace2647_Auto_241::MIPI_DSI0_DATA2_P~0
-5.000000e-12 (A)  WCPL_Trace2647_Auto_241::MIPI_DSI0_DATA2_P~1
6.000002e-11 (A)  WCPL_Trace2647_Auto_241::MIPI_DSI0_DATA2_P~2
4.750038e-11 (A)  WCPL_Trace2647_Auto_243::MIPI_DSI0_DATA2_P~0
-5.000000e-12 (A)  WCPL_Trace2647_Auto_243::MIPI_DSI0_DATA2_P~1
2.750013e-11 (A)  WCPL_Trace2647_Auto_262::MIPI_DSI0_DATA2_P~0
-5.000000e-12 (A)  WCPL_Trace2647_Auto_262::MIPI_DSI0_DATA2_P~1
2.249999e-11 (A)  WCPL_Trace2647_Auto_262::MIPI_DSI0_DATA2_P~2
-5.000000e-12 (A)  WCPL_Trace2647_Auto_262::MIPI_DSI0_DATA2_P~3
3.250013e-11 (A)  WCPL_Trace2647_Auto_262::MIPI_DSI0_DATA2_P~4
-5.000000e-12 (A)  WCPL_Trace2647_Auto_262::MIPI_DSI0_DATA2_P~5
3.500020e-11 (A)  WCPL_Trace2647_Auto_262::MIPI_DSI0_DATA2_P~6
4.250030e-11 (A)  WCPL_Trace2647_Auto_267::MIPI_DSI0_DATA2_P~0
-5.000000e-12 (A)  WCPL_Trace2647_Auto_267::MIPI_DSI0_DATA2_P~1
3.749996e-11 (A)  WCPL_Trace2647_Auto_267::MIPI_DSI0_DATA2_P~2
-5.000000e-12 (A)  WCPL_Trace2647_Auto_267::MIPI_DSI0_DATA2_P~3
4.500032e-11 (A)  WCPL_Trace2647_Auto_269::MIPI_DSI0_DATA2_P~0
-5.000000e-12 (A)  WCPL_Trace2647_Auto_269::MIPI_DSI0_DATA2_P~1
4.000000e-11 (A)  WCPL_Trace2647_Auto_269::MIPI_DSI0_DATA2_P~2
8.750053e-11 (A)  WCPL_Trace2662::MIPI_DSI0_DATA2_P~0
-8.250047e-11 (A)  WCPL_Trace2662::MIPI_DSI0_DATA2_P~1
2.050013e-10 (A)  WCPL_Trace2672_Auto_1539::MIPI_DSI0_DATA1_P~0
-5.000000e-12 (A)  WCPL_Trace2672_Auto_1539::MIPI_DSI0_DATA1_P~1
1.800007e-10 (A)  WCPL_Trace2672_Auto_1539::MIPI_DSI0_DATA1_P~2
2.025013e-10 (A)  WCPL_Trace2672_Auto_1540::MIPI_DSI0_DATA1_P~0
-5.000000e-12 (A)  WCPL_Trace2672_Auto_1540::MIPI_DSI0_DATA1_P~1
1.750006e-10 (A)  WCPL_Trace2672_Auto_1540::MIPI_DSI0_DATA1_P~2
2.075013e-10 (A)  WCPL_Trace2672_Auto_1556::MIPI_DSI0_DATA1_P~0
-5.000000e-12 (A)  WCPL_Trace2672_Auto_1556::MIPI_DSI0_DATA1_P~1
2.000013e-10 (A)  WCPL_Trace2672_Auto_1586::MIPI_DSI0_DATA1_P~0
-5.000000e-12 (A)  WCPL_Trace2672_Auto_1586::MIPI_DSI0_DATA1_P~1
1.700006e-10 (A)  WCPL_Trace2672_Auto_1586::MIPI_DSI0_DATA1_P~2
-5.000000e-12 (A)  WCPL_Trace2672_Auto_1586::MIPI_DSI0_DATA1_P~3
1.875013e-10 (A)  WCPL_Trace2689::MIPI_DSI0_DATA1_P~0
-1.925012e-10 (A)  WCPL_Trace2689::MIPI_DSI0_DATA1_P~1
1.825012e-10 (A)  WCPL_Trace2695::MIPI_DSI0_DATA1_P~0
-5.000000e-12 (A)  WCPL_Trace2695::MIPI_DSI0_DATA1_P~1
1.550006e-10 (A)  WCPL_Trace2695::MIPI_DSI0_DATA1_P~2
-5.000000e-12 (A)  WCPL_Trace2695::MIPI_DSI0_DATA1_P~3
1.950010e-10 (A)  WCPL_Trace2695::MIPI_DSI0_DATA1_P~4
-5.000000e-12 (A)  WCPL_Trace2695::MIPI_DSI0_DATA1_P~5
1.800011e-10 (A)  WCPL_Trace2696::MIPI_DSI0_DATA1_P~0
-5.000000e-12 (A)  WCPL_Trace2696::MIPI_DSI0_DATA1_P~1
1.775011e-10 (A)  WCPL_Trace2697::MIPI_DSI0_DATA1_P~0
-5.000000e-12 (A)  WCPL_Trace2697::MIPI_DSI0_DATA1_P~1
1.700010e-10 (A)  WCPL_Trace2699_Auto_1403::MIPI_DSI0_DATA1_P~0
-5.000000e-12 (A)  WCPL_Trace2699_Auto_1403::MIPI_DSI0_DATA1_P~1
1.625009e-10 (A)  WCPL_Trace2701_Auto_1387::MIPI_DSI0_DATA1_P~0
-5.000000e-12 (A)  WCPL_Trace2701_Auto_1387::MIPI_DSI0_DATA1_P~1
1.450008e-10 (A)  WCPL_Trace2706_Auto_1395::MIPI_DSI0_DATA1_P~0
-5.000000e-12 (A)  WCPL_Trace2706_Auto_1395::MIPI_DSI0_DATA1_P~1
1.400008e-10 (A)  WCPL_Trace2709#BP0_Auto_1398::MIPI_DSI0_DATA1_P~0
-5.000000e-12 (A)  WCPL_Trace2709#BP0_Auto_1398::MIPI_DSI0_DATA1_P~1
1.350008e-10 (A)  WCPL_Trace2713::MIPI_DSI0_DATA1_P~0
-5.000000e-12 (A)  WCPL_Trace2713::MIPI_DSI0_DATA1_P~1
1.275007e-10 (A)  WCPL_Trace2717_Auto_1525::MIPI_DSI0_DATA1_P~0
-5.000000e-12 (A)  WCPL_Trace2717_Auto_1525::MIPI_DSI0_DATA1_P~1
1.150006e-10 (A)  WCPL_Trace2721_Auto_1520::MIPI_DSI0_DATA1_P~0
-5.000000e-12 (A)  WCPL_Trace2721_Auto_1520::MIPI_DSI0_DATA1_P~1
1.175006e-10 (A)  WCPL_Trace2721_Auto_1522::MIPI_DSI0_DATA1_P~0
-5.000000e-12 (A)  WCPL_Trace2721_Auto_1522::MIPI_DSI0_DATA1_P~1
9.750043e-11 (A)  WCPL_Trace2728#BP0_Auto_74::MIPI_DSI0_DATA1_P~0
-5.000000e-12 (A)  WCPL_Trace2728#BP0_Auto_74::MIPI_DSI0_DATA1_P~1
8.750031e-11 (A)  WCPL_Trace2732_Auto_73::MIPI_DSI0_DATA1_P~0
-5.000000e-12 (A)  WCPL_Trace2732_Auto_73::MIPI_DSI0_DATA1_P~1
6.000021e-11 (A)  WCPL_Trace2755_Auto_244::MIPI_DSI0_DATA1_P~0
-5.000000e-12 (A)  WCPL_Trace2755_Auto_244::MIPI_DSI0_DATA1_P~1
1.850010e-10 (A)  WCPL_Trace3063_Auto_1597::MIPI_DSI0_DATA0_P~0
-5.000000e-12 (A)  WCPL_Trace3063_Auto_1597::MIPI_DSI0_DATA0_P~1
1.800009e-10 (A)  WCPL_Trace3067::MIPI_DSI0_DATA0_P~0
-5.000000e-12 (A)  WCPL_Trace3067::MIPI_DSI0_DATA0_P~1
1.625008e-10 (A)  WCPL_Trace3091_Auto_1601::MIPI_DSI0_DATA0_P~0
-5.000000e-12 (A)  WCPL_Trace3091_Auto_1601::MIPI_DSI0_DATA0_P~1
1.525008e-10 (A)  WCPL_Trace3096_Auto_1859::MIPI_DSI0_DATA0_P~0
-5.000000e-12 (A)  WCPL_Trace3096_Auto_1859::MIPI_DSI0_DATA0_P~1
1.375008e-10 (A)  WCPL_Trace3119_Auto_1857::MIPI_DSI0_DATA0_P~0
-5.000000e-12 (A)  WCPL_Trace3119_Auto_1857::MIPI_DSI0_DATA0_P~1
1.325008e-10 (A)  WCPL_Trace3131::MIPI_DSI0_DATA0_P~0
-5.000000e-12 (A)  WCPL_Trace3131::MIPI_DSI0_DATA0_P~1
1.225009e-10 (A)  WCPL_Trace3137_Auto_1905::MIPI_DSI0_DATA0_P~0
-5.000000e-12 (A)  WCPL_Trace3137_Auto_1905::MIPI_DSI0_DATA0_P~1
1.175008e-10 (A)  WCPL_Trace3139::MIPI_DSI0_DATA0_P~0
-5.000000e-12 (A)  WCPL_Trace3139::MIPI_DSI0_DATA0_P~1
9.000042e-11 (A)  WCPL_Trace3150::MIPI_DSI0_DATA0_P~0
-5.000000e-12 (A)  WCPL_Trace3150::MIPI_DSI0_DATA0_P~1
6.500027e-11 (A)  WCPL_Trace3172_Auto_89::MIPI_DSI0_DATA0_P~0
-5.000000e-12 (A)  WCPL_Trace3172_Auto_89::MIPI_DSI0_DATA0_P~1
8.000037e-11 (A)  WCPL_Trace3172_Auto_98::MIPI_DSI0_DATA0_P~0
-5.000000e-12 (A)  WCPL_Trace3172_Auto_98::MIPI_DSI0_DATA0_P~1
6.250027e-11 (A)  WCPL_Trace3173::MIPI_DSI0_DATA0_P~0
-5.000000e-12 (A)  WCPL_Trace3173::MIPI_DSI0_DATA0_P~1
-4.500020e-11 (A)  WCPL_Trace3174_Auto_209::MIPI_DSI0_DATA0_P~0
5.000000e-12 (A)  WCPL_Trace3174_Auto_209::MIPI_DSI0_DATA0_P~1
-5.250022e-11 (A)  WCPL_Trace3174_Auto_209::MIPI_DSI0_DATA0_P~2
5.500024e-11 (A)  WCPL_Trace3174_Auto_235::MIPI_DSI0_DATA0_P~0
-5.000000e-12 (A)  WCPL_Trace3174_Auto_235::MIPI_DSI0_DATA0_P~1
0.000000e+00 (A)  X_C80.Xpartial.X_SpeedXP_auto_CAP_NP_C0603_100N_100N_C80_C80.V_SpeedXP_auto_2_En
-5.050000e-11 (A)  X_CH1.Xpartial.X_SpeedXP_auto_WP7B-P040VA1-R8000_WP7B-P040VA1-R8000_WP7B-P040VA1-R8000_WP7B-P040VA1-R8000_CH1.B_SpeedXP_auto_10_OutOfIn
-5.050000e-11 (A)  X_CH1.Xpartial.X_SpeedXP_auto_WP7B-P040VA1-R8000_WP7B-P040VA1-R8000_WP7B-P040VA1-R8000_WP7B-P040VA1-R8000_CH1.B_SpeedXP_auto_3_OutOfIn
-5.050000e-11 (A)  X_CH1.Xpartial.X_SpeedXP_auto_WP7B-P040VA1-R8000_WP7B-P040VA1-R8000_WP7B-P040VA1-R8000_WP7B-P040VA1-R8000_CH1.B_SpeedXP_auto_4_OutOfIn
-5.050000e-11 (A)  X_CH1.Xpartial.X_SpeedXP_auto_WP7B-P040VA1-R8000_WP7B-P040VA1-R8000_WP7B-P040VA1-R8000_WP7B-P040VA1-R8000_CH1.B_SpeedXP_auto_5_OutOfIn
-5.050000e-11 (A)  X_CH1.Xpartial.X_SpeedXP_auto_WP7B-P040VA1-R8000_WP7B-P040VA1-R8000_WP7B-P040VA1-R8000_WP7B-P040VA1-R8000_CH1.B_SpeedXP_auto_6_OutOfIn
-5.050000e-11 (A)  X_CH1.Xpartial.X_SpeedXP_auto_WP7B-P040VA1-R8000_WP7B-P040VA1-R8000_WP7B-P040VA1-R8000_WP7B-P040VA1-R8000_CH1.B_SpeedXP_auto_7_OutOfIn
-5.050000e-11 (A)  X_CH1.Xpartial.X_SpeedXP_auto_WP7B-P040VA1-R8000_WP7B-P040VA1-R8000_WP7B-P040VA1-R8000_WP7B-P040VA1-R8000_CH1.B_SpeedXP_auto_8_OutOfIn
-5.050000e-11 (A)  X_CH1.Xpartial.X_SpeedXP_auto_WP7B-P040VA1-R8000_WP7B-P040VA1-R8000_WP7B-P040VA1-R8000_WP7B-P040VA1-R8000_CH1.B_SpeedXP_auto_9_OutOfIn
-1.010000e-10 (A)  X_CH1.Xpartial.X_SpeedXP_auto_WP7B-P040VA1-R8000_WP7B-P040VA1-R8000_WP7B-P040VA1-R8000_WP7B-P040VA1-R8000_CH1.V_SpeedXP_auto_10_En
-1.000000e-12 (A)  X_CH1.Xpartial.X_SpeedXP_auto_WP7B-P040VA1-R8000_WP7B-P040VA1-R8000_WP7B-P040VA1-R8000_WP7B-P040VA1-R8000_CH1.V_SpeedXP_auto_11_En
-1.000000e-12 (A)  X_CH1.Xpartial.X_SpeedXP_auto_WP7B-P040VA1-R8000_WP7B-P040VA1-R8000_WP7B-P040VA1-R8000_WP7B-P040VA1-R8000_CH1.V_SpeedXP_auto_12_En
-1.000000e-12 (A)  X_CH1.Xpartial.X_SpeedXP_auto_WP7B-P040VA1-R8000_WP7B-P040VA1-R8000_WP7B-P040VA1-R8000_WP7B-P040VA1-R8000_CH1.V_SpeedXP_auto_13_En
-1.000000e-12 (A)  X_CH1.Xpartial.X_SpeedXP_auto_WP7B-P040VA1-R8000_WP7B-P040VA1-R8000_WP7B-P040VA1-R8000_WP7B-P040VA1-R8000_CH1.V_SpeedXP_auto_14_En
-1.000000e-12 (A)  X_CH1.Xpartial.X_SpeedXP_auto_WP7B-P040VA1-R8000_WP7B-P040VA1-R8000_WP7B-P040VA1-R8000_WP7B-P040VA1-R8000_CH1.V_SpeedXP_auto_15_En
-1.000000e-12 (A)  X_CH1.Xpartial.X_SpeedXP_auto_WP7B-P040VA1-R8000_WP7B-P040VA1-R8000_WP7B-P040VA1-R8000_WP7B-P040VA1-R8000_CH1.V_SpeedXP_auto_16_En
-1.000000e-12 (A)  X_CH1.Xpartial.X_SpeedXP_auto_WP7B-P040VA1-R8000_WP7B-P040VA1-R8000_WP7B-P040VA1-R8000_WP7B-P040VA1-R8000_CH1.V_SpeedXP_auto_17_En
-1.000000e-12 (A)  X_CH1.Xpartial.X_SpeedXP_auto_WP7B-P040VA1-R8000_WP7B-P040VA1-R8000_WP7B-P040VA1-R8000_WP7B-P040VA1-R8000_CH1.V_SpeedXP_auto_18_En
-1.000000e-12 (A)  X_CH1.Xpartial.X_SpeedXP_auto_WP7B-P040VA1-R8000_WP7B-P040VA1-R8000_WP7B-P040VA1-R8000_WP7B-P040VA1-R8000_CH1.V_SpeedXP_auto_19_En
-1.000000e-12 (A)  X_CH1.Xpartial.X_SpeedXP_auto_WP7B-P040VA1-R8000_WP7B-P040VA1-R8000_WP7B-P040VA1-R8000_WP7B-P040VA1-R8000_CH1.V_SpeedXP_auto_1_En
-1.000000e-12 (A)  X_CH1.Xpartial.X_SpeedXP_auto_WP7B-P040VA1-R8000_WP7B-P040VA1-R8000_WP7B-P040VA1-R8000_WP7B-P040VA1-R8000_CH1.V_SpeedXP_auto_20_En
-1.000000e-12 (A)  X_CH1.Xpartial.X_SpeedXP_auto_WP7B-P040VA1-R8000_WP7B-P040VA1-R8000_WP7B-P040VA1-R8000_WP7B-P040VA1-R8000_CH1.V_SpeedXP_auto_2_En
-1.010000e-10 (A)  X_CH1.Xpartial.X_SpeedXP_auto_WP7B-P040VA1-R8000_WP7B-P040VA1-R8000_WP7B-P040VA1-R8000_WP7B-P040VA1-R8000_CH1.V_SpeedXP_auto_3_En
-1.010000e-10 (A)  X_CH1.Xpartial.X_SpeedXP_auto_WP7B-P040VA1-R8000_WP7B-P040VA1-R8000_WP7B-P040VA1-R8000_WP7B-P040VA1-R8000_CH1.V_SpeedXP_auto_4_En
-1.010000e-10 (A)  X_CH1.Xpartial.X_SpeedXP_auto_WP7B-P040VA1-R8000_WP7B-P040VA1-R8000_WP7B-P040VA1-R8000_WP7B-P040VA1-R8000_CH1.V_SpeedXP_auto_5_En
-1.010000e-10 (A)  X_CH1.Xpartial.X_SpeedXP_auto_WP7B-P040VA1-R8000_WP7B-P040VA1-R8000_WP7B-P040VA1-R8000_WP7B-P040VA1-R8000_CH1.V_SpeedXP_auto_6_En
-1.010000e-10 (A)  X_CH1.Xpartial.X_SpeedXP_auto_WP7B-P040VA1-R8000_WP7B-P040VA1-R8000_WP7B-P040VA1-R8000_WP7B-P040VA1-R8000_CH1.V_SpeedXP_auto_7_En
-1.010000e-10 (A)  X_CH1.Xpartial.X_SpeedXP_auto_WP7B-P040VA1-R8000_WP7B-P040VA1-R8000_WP7B-P040VA1-R8000_WP7B-P040VA1-R8000_CH1.V_SpeedXP_auto_8_En
-1.010000e-10 (A)  X_CH1.Xpartial.X_SpeedXP_auto_WP7B-P040VA1-R8000_WP7B-P040VA1-R8000_WP7B-P040VA1-R8000_WP7B-P040VA1-R8000_CH1.V_SpeedXP_auto_9_En
-1.975012e-10 (A)  X_CH1.Xpartial.X_SpeedXP_auto_WP7B-P040VA1-R8000_WP7B-P040VA1-R8000_WP7B-P040VA1-R8000_WP7B-P040VA1-R8000_CH1.Vpwr_10
-7.500000e-12 (A)  X_CH1.Xpartial.X_SpeedXP_auto_WP7B-P040VA1-R8000_WP7B-P040VA1-R8000_WP7B-P040VA1-R8000_WP7B-P040VA1-R8000_CH1.Vpwr_3
-2.225012e-10 (A)  X_CH1.Xpartial.X_SpeedXP_auto_WP7B-P040VA1-R8000_WP7B-P040VA1-R8000_WP7B-P040VA1-R8000_WP7B-P040VA1-R8000_CH1.Vpwr_4
-7.500000e-12 (A)  X_CH1.Xpartial.X_SpeedXP_auto_WP7B-P040VA1-R8000_WP7B-P040VA1-R8000_WP7B-P040VA1-R8000_WP7B-P040VA1-R8000_CH1.Vpwr_5
-2.025008e-10 (A)  X_CH1.Xpartial.X_SpeedXP_auto_WP7B-P040VA1-R8000_WP7B-P040VA1-R8000_WP7B-P040VA1-R8000_WP7B-P040VA1-R8000_CH1.Vpwr_6
-7.500000e-12 (A)  X_CH1.Xpartial.X_SpeedXP_auto_WP7B-P040VA1-R8000_WP7B-P040VA1-R8000_WP7B-P040VA1-R8000_WP7B-P040VA1-R8000_CH1.Vpwr_7
-2.350015e-10 (A)  X_CH1.Xpartial.X_SpeedXP_auto_WP7B-P040VA1-R8000_WP7B-P040VA1-R8000_WP7B-P040VA1-R8000_WP7B-P040VA1-R8000_CH1.Vpwr_8
-7.500000e-12 (A)  X_CH1.Xpartial.X_SpeedXP_auto_WP7B-P040VA1-R8000_WP7B-P040VA1-R8000_WP7B-P040VA1-R8000_WP7B-P040VA1-R8000_CH1.Vpwr_9
-1.010000e-10 (A)  X_CH1.Xpartial.X_SpeedXP_auto_WP7B-P040VA1-R8000_WP7B-P040VA1-R8000_WP7B-P040VA1-R8000_WP7B-P040VA1-R8000_CH1.X_SpeedXP_auto_10_St.v1
0.000000e+00 (A)  X_CH1.Xpartial.X_SpeedXP_auto_WP7B-P040VA1-R8000_WP7B-P040VA1-R8000_WP7B-P040VA1-R8000_WP7B-P040VA1-R8000_CH1.X_SpeedXP_auto_11_St.v1
0.000000e+00 (A)  X_CH1.Xpartial.X_SpeedXP_auto_WP7B-P040VA1-R8000_WP7B-P040VA1-R8000_WP7B-P040VA1-R8000_WP7B-P040VA1-R8000_CH1.X_SpeedXP_auto_12_St.v1
0.000000e+00 (A)  X_CH1.Xpartial.X_SpeedXP_auto_WP7B-P040VA1-R8000_WP7B-P040VA1-R8000_WP7B-P040VA1-R8000_WP7B-P040VA1-R8000_CH1.X_SpeedXP_auto_13_St.v1
0.000000e+00 (A)  X_CH1.Xpartial.X_SpeedXP_auto_WP7B-P040VA1-R8000_WP7B-P040VA1-R8000_WP7B-P040VA1-R8000_WP7B-P040VA1-R8000_CH1.X_SpeedXP_auto_14_St.v1
0.000000e+00 (A)  X_CH1.Xpartial.X_SpeedXP_auto_WP7B-P040VA1-R8000_WP7B-P040VA1-R8000_WP7B-P040VA1-R8000_WP7B-P040VA1-R8000_CH1.X_SpeedXP_auto_15_St.v1
0.000000e+00 (A)  X_CH1.Xpartial.X_SpeedXP_auto_WP7B-P040VA1-R8000_WP7B-P040VA1-R8000_WP7B-P040VA1-R8000_WP7B-P040VA1-R8000_CH1.X_SpeedXP_auto_16_St.v1
0.000000e+00 (A)  X_CH1.Xpartial.X_SpeedXP_auto_WP7B-P040VA1-R8000_WP7B-P040VA1-R8000_WP7B-P040VA1-R8000_WP7B-P040VA1-R8000_CH1.X_SpeedXP_auto_17_St.v1
0.000000e+00 (A)  X_CH1.Xpartial.X_SpeedXP_auto_WP7B-P040VA1-R8000_WP7B-P040VA1-R8000_WP7B-P040VA1-R8000_WP7B-P040VA1-R8000_CH1.X_SpeedXP_auto_18_St.v1
0.000000e+00 (A)  X_CH1.Xpartial.X_SpeedXP_auto_WP7B-P040VA1-R8000_WP7B-P040VA1-R8000_WP7B-P040VA1-R8000_WP7B-P040VA1-R8000_CH1.X_SpeedXP_auto_19_St.v1
0.000000e+00 (A)  X_CH1.Xpartial.X_SpeedXP_auto_WP7B-P040VA1-R8000_WP7B-P040VA1-R8000_WP7B-P040VA1-R8000_WP7B-P040VA1-R8000_CH1.X_SpeedXP_auto_1_St.v1
0.000000e+00 (A)  X_CH1.Xpartial.X_SpeedXP_auto_WP7B-P040VA1-R8000_WP7B-P040VA1-R8000_WP7B-P040VA1-R8000_WP7B-P040VA1-R8000_CH1.X_SpeedXP_auto_20_St.v1
0.000000e+00 (A)  X_CH1.Xpartial.X_SpeedXP_auto_WP7B-P040VA1-R8000_WP7B-P040VA1-R8000_WP7B-P040VA1-R8000_WP7B-P040VA1-R8000_CH1.X_SpeedXP_auto_2_St.v1
0.000000e+00 (A)  X_CH1.Xpartial.X_SpeedXP_auto_WP7B-P040VA1-R8000_WP7B-P040VA1-R8000_WP7B-P040VA1-R8000_WP7B-P040VA1-R8000_CH1.X_SpeedXP_auto_3_St.v1
-1.010000e-10 (A)  X_CH1.Xpartial.X_SpeedXP_auto_WP7B-P040VA1-R8000_WP7B-P040VA1-R8000_WP7B-P040VA1-R8000_WP7B-P040VA1-R8000_CH1.X_SpeedXP_auto_4_St.v1
0.000000e+00 (A)  X_CH1.Xpartial.X_SpeedXP_auto_WP7B-P040VA1-R8000_WP7B-P040VA1-R8000_WP7B-P040VA1-R8000_WP7B-P040VA1-R8000_CH1.X_SpeedXP_auto_5_St.v1
-1.010000e-10 (A)  X_CH1.Xpartial.X_SpeedXP_auto_WP7B-P040VA1-R8000_WP7B-P040VA1-R8000_WP7B-P040VA1-R8000_WP7B-P040VA1-R8000_CH1.X_SpeedXP_auto_6_St.v1
0.000000e+00 (A)  X_CH1.Xpartial.X_SpeedXP_auto_WP7B-P040VA1-R8000_WP7B-P040VA1-R8000_WP7B-P040VA1-R8000_WP7B-P040VA1-R8000_CH1.X_SpeedXP_auto_7_St.v1
-1.010000e-10 (A)  X_CH1.Xpartial.X_SpeedXP_auto_WP7B-P040VA1-R8000_WP7B-P040VA1-R8000_WP7B-P040VA1-R8000_WP7B-P040VA1-R8000_CH1.X_SpeedXP_auto_8_St.v1
0.000000e+00 (A)  X_CH1.Xpartial.X_SpeedXP_auto_WP7B-P040VA1-R8000_WP7B-P040VA1-R8000_WP7B-P040VA1-R8000_WP7B-P040VA1-R8000_CH1.X_SpeedXP_auto_9_St.v1
0.000000e+00 (A)  X_D5.Xpartial.X_SpeedXP_auto_TVS/ESD_SOD-323_H3V3HD3U_H3V3HD3U_D5.V_SpeedXP_auto_1_En
0.000000e+00 (A)  X_ESD1.Xpartial.X_SpeedXP_auto_IP4292CZ10_DFN2510A-10_IP4292CZ10-TBR_115_IP4292CZ10-TBR_115_ESD1_ESD1.V_SpeedXP_auto_10_En
-1.000000e-12 (A)  X_ESD1.Xpartial.X_SpeedXP_auto_IP4292CZ10_DFN2510A-10_IP4292CZ10-TBR_115_IP4292CZ10-TBR_115_ESD1_ESD1.V_SpeedXP_auto_1_En
-1.000000e-12 (A)  X_ESD1.Xpartial.X_SpeedXP_auto_IP4292CZ10_DFN2510A-10_IP4292CZ10-TBR_115_IP4292CZ10-TBR_115_ESD1_ESD1.V_SpeedXP_auto_2_En
-1.000000e-12 (A)  X_ESD1.Xpartial.X_SpeedXP_auto_IP4292CZ10_DFN2510A-10_IP4292CZ10-TBR_115_IP4292CZ10-TBR_115_ESD1_ESD1.V_SpeedXP_auto_4_En
-1.000000e-12 (A)  X_ESD1.Xpartial.X_SpeedXP_auto_IP4292CZ10_DFN2510A-10_IP4292CZ10-TBR_115_IP4292CZ10-TBR_115_ESD1_ESD1.V_SpeedXP_auto_5_En
0.000000e+00 (A)  X_ESD1.Xpartial.X_SpeedXP_auto_IP4292CZ10_DFN2510A-10_IP4292CZ10-TBR_115_IP4292CZ10-TBR_115_ESD1_ESD1.V_SpeedXP_auto_6_En
0.000000e+00 (A)  X_ESD1.Xpartial.X_SpeedXP_auto_IP4292CZ10_DFN2510A-10_IP4292CZ10-TBR_115_IP4292CZ10-TBR_115_ESD1_ESD1.V_SpeedXP_auto_7_En
0.000000e+00 (A)  X_ESD1.Xpartial.X_SpeedXP_auto_IP4292CZ10_DFN2510A-10_IP4292CZ10-TBR_115_IP4292CZ10-TBR_115_ESD1_ESD1.V_SpeedXP_auto_9_En
0.000000e+00 (A)  X_ESD1.Xpartial.X_SpeedXP_auto_IP4292CZ10_DFN2510A-10_IP4292CZ10-TBR_115_IP4292CZ10-TBR_115_ESD1_ESD1.X_SpeedXP_auto_1_St.v1
0.000000e+00 (A)  X_ESD1.Xpartial.X_SpeedXP_auto_IP4292CZ10_DFN2510A-10_IP4292CZ10-TBR_115_IP4292CZ10-TBR_115_ESD1_ESD1.X_SpeedXP_auto_2_St.v1
0.000000e+00 (A)  X_ESD1.Xpartial.X_SpeedXP_auto_IP4292CZ10_DFN2510A-10_IP4292CZ10-TBR_115_IP4292CZ10-TBR_115_ESD1_ESD1.X_SpeedXP_auto_4_St.v1
0.000000e+00 (A)  X_ESD1.Xpartial.X_SpeedXP_auto_IP4292CZ10_DFN2510A-10_IP4292CZ10-TBR_115_IP4292CZ10-TBR_115_ESD1_ESD1.X_SpeedXP_auto_5_St.v1
0.000000e+00 (A)  X_ESD2.Xpartial.X_SpeedXP_auto_IP4292CZ10_DFN2510A-10_IP4292CZ10-TBR_115_IP4292CZ10-TBR_115_ESD2_ESD2.V_SpeedXP_auto_10_En
-1.000000e-12 (A)  X_ESD2.Xpartial.X_SpeedXP_auto_IP4292CZ10_DFN2510A-10_IP4292CZ10-TBR_115_IP4292CZ10-TBR_115_ESD2_ESD2.V_SpeedXP_auto_1_En
-1.000000e-12 (A)  X_ESD2.Xpartial.X_SpeedXP_auto_IP4292CZ10_DFN2510A-10_IP4292CZ10-TBR_115_IP4292CZ10-TBR_115_ESD2_ESD2.V_SpeedXP_auto_2_En
-1.000000e-12 (A)  X_ESD2.Xpartial.X_SpeedXP_auto_IP4292CZ10_DFN2510A-10_IP4292CZ10-TBR_115_IP4292CZ10-TBR_115_ESD2_ESD2.V_SpeedXP_auto_4_En
-1.000000e-12 (A)  X_ESD2.Xpartial.X_SpeedXP_auto_IP4292CZ10_DFN2510A-10_IP4292CZ10-TBR_115_IP4292CZ10-TBR_115_ESD2_ESD2.V_SpeedXP_auto_5_En
0.000000e+00 (A)  X_ESD2.Xpartial.X_SpeedXP_auto_IP4292CZ10_DFN2510A-10_IP4292CZ10-TBR_115_IP4292CZ10-TBR_115_ESD2_ESD2.V_SpeedXP_auto_6_En
0.000000e+00 (A)  X_ESD2.Xpartial.X_SpeedXP_auto_IP4292CZ10_DFN2510A-10_IP4292CZ10-TBR_115_IP4292CZ10-TBR_115_ESD2_ESD2.V_SpeedXP_auto_7_En
0.000000e+00 (A)  X_ESD2.Xpartial.X_SpeedXP_auto_IP4292CZ10_DFN2510A-10_IP4292CZ10-TBR_115_IP4292CZ10-TBR_115_ESD2_ESD2.V_SpeedXP_auto_9_En
0.000000e+00 (A)  X_ESD2.Xpartial.X_SpeedXP_auto_IP4292CZ10_DFN2510A-10_IP4292CZ10-TBR_115_IP4292CZ10-TBR_115_ESD2_ESD2.X_SpeedXP_auto_1_St.v1
0.000000e+00 (A)  X_ESD2.Xpartial.X_SpeedXP_auto_IP4292CZ10_DFN2510A-10_IP4292CZ10-TBR_115_IP4292CZ10-TBR_115_ESD2_ESD2.X_SpeedXP_auto_2_St.v1
0.000000e+00 (A)  X_ESD2.Xpartial.X_SpeedXP_auto_IP4292CZ10_DFN2510A-10_IP4292CZ10-TBR_115_IP4292CZ10-TBR_115_ESD2_ESD2.X_SpeedXP_auto_4_St.v1
0.000000e+00 (A)  X_ESD2.Xpartial.X_SpeedXP_auto_IP4292CZ10_DFN2510A-10_IP4292CZ10-TBR_115_IP4292CZ10-TBR_115_ESD2_ESD2.X_SpeedXP_auto_5_St.v1
0.000000e+00 (A)  X_HDMI1.Xpartial.X_SpeedXP_auto_HDMI-A_HDMI-001S_HDMI-001S_HDMI-001S_HDMI1.V_SpeedXP_auto_10_En
0.000000e+00 (A)  X_HDMI1.Xpartial.X_SpeedXP_auto_HDMI-A_HDMI-001S_HDMI-001S_HDMI-001S_HDMI1.V_SpeedXP_auto_12_En
0.000000e+00 (A)  X_HDMI1.Xpartial.X_SpeedXP_auto_HDMI-A_HDMI-001S_HDMI-001S_HDMI-001S_HDMI1.V_SpeedXP_auto_1_En
0.000000e+00 (A)  X_HDMI1.Xpartial.X_SpeedXP_auto_HDMI-A_HDMI-001S_HDMI-001S_HDMI-001S_HDMI1.V_SpeedXP_auto_3_En
0.000000e+00 (A)  X_HDMI1.Xpartial.X_SpeedXP_auto_HDMI-A_HDMI-001S_HDMI-001S_HDMI-001S_HDMI1.V_SpeedXP_auto_4_En
0.000000e+00 (A)  X_HDMI1.Xpartial.X_SpeedXP_auto_HDMI-A_HDMI-001S_HDMI-001S_HDMI-001S_HDMI1.V_SpeedXP_auto_6_En
0.000000e+00 (A)  X_HDMI1.Xpartial.X_SpeedXP_auto_HDMI-A_HDMI-001S_HDMI-001S_HDMI-001S_HDMI1.V_SpeedXP_auto_7_En
0.000000e+00 (A)  X_HDMI1.Xpartial.X_SpeedXP_auto_HDMI-A_HDMI-001S_HDMI-001S_HDMI-001S_HDMI1.V_SpeedXP_auto_9_En
0.000000e+00 (A)  X_R24.Xpartial.X_SpeedXP_auto_RES_R0603_10K_10K_R24_R24.V_SpeedXP_auto_2_En
-1.000000e-12 (A)  X_R25.Xpartial.X_SpeedXP_auto_RES_R0603_1K_1K_R25_R25.V_SpeedXP_auto_1_En
0.000000e+00 (A)  X_R25.Xpartial.X_SpeedXP_auto_RES_R0603_1K_1K_R25_R25.X_SpeedXP_auto_1_St.v1
0.000000e+00 (A)  X_SW1.Xpartial.X_SpeedXP_auto_SWITCH-2P_SMD4030_1_6N_1_6N_SW1.V_SpeedXP_auto_2_En
-1.010000e-10 (A)  X_U8.Xpartial.X_SpeedXP_auto_TC358870XBG_1_VFBGA80_(S1+S2+S3+S4)_TC358870XBG(NOK)_TC358870XBG(NOK)_U8.B_SpeedXP_auto_E10_OutOfIn
0.000000e+00 (A)  X_U8.Xpartial.X_SpeedXP_auto_TC358870XBG_1_VFBGA80_(S1+S2+S3+S4)_TC358870XBG(NOK)_TC358870XBG(NOK)_U8.B_SpeedXP_auto_E9_OutOfIn
-1.010000e-10 (A)  X_U8.Xpartial.X_SpeedXP_auto_TC358870XBG_1_VFBGA80_(S1+S2+S3+S4)_TC358870XBG(NOK)_TC358870XBG(NOK)_U8.B_SpeedXP_auto_F10_OutOfIn
0.000000e+00 (A)  X_U8.Xpartial.X_SpeedXP_auto_TC358870XBG_1_VFBGA80_(S1+S2+S3+S4)_TC358870XBG(NOK)_TC358870XBG(NOK)_U8.B_SpeedXP_auto_F9_OutOfIn
-1.010000e-10 (A)  X_U8.Xpartial.X_SpeedXP_auto_TC358870XBG_1_VFBGA80_(S1+S2+S3+S4)_TC358870XBG(NOK)_TC358870XBG(NOK)_U8.B_SpeedXP_auto_G10_OutOfIn
0.000000e+00 (A)  X_U8.Xpartial.X_SpeedXP_auto_TC358870XBG_1_VFBGA80_(S1+S2+S3+S4)_TC358870XBG(NOK)_TC358870XBG(NOK)_U8.B_SpeedXP_auto_G9_OutOfIn
-1.010000e-10 (A)  X_U8.Xpartial.X_SpeedXP_auto_TC358870XBG_1_VFBGA80_(S1+S2+S3+S4)_TC358870XBG(NOK)_TC358870XBG(NOK)_U8.B_SpeedXP_auto_H10_OutOfIn
0.000000e+00 (A)  X_U8.Xpartial.X_SpeedXP_auto_TC358870XBG_1_VFBGA80_(S1+S2+S3+S4)_TC358870XBG(NOK)_TC358870XBG(NOK)_U8.B_SpeedXP_auto_H9_OutOfIn
0.000000e+00 (A)  X_U8.Xpartial.X_SpeedXP_auto_TC358870XBG_1_VFBGA80_(S1+S2+S3+S4)_TC358870XBG(NOK)_TC358870XBG(NOK)_U8.V_SpeedXP_auto_A4_En
0.000000e+00 (A)  X_U8.Xpartial.X_SpeedXP_auto_TC358870XBG_1_VFBGA80_(S1+S2+S3+S4)_TC358870XBG(NOK)_TC358870XBG(NOK)_U8.V_SpeedXP_auto_A5_En
0.000000e+00 (A)  X_U8.Xpartial.X_SpeedXP_auto_TC358870XBG_1_VFBGA80_(S1+S2+S3+S4)_TC358870XBG(NOK)_TC358870XBG(NOK)_U8.V_SpeedXP_auto_A6_En
0.000000e+00 (A)  X_U8.Xpartial.X_SpeedXP_auto_TC358870XBG_1_VFBGA80_(S1+S2+S3+S4)_TC358870XBG(NOK)_TC358870XBG(NOK)_U8.V_SpeedXP_auto_A7_En
0.000000e+00 (A)  X_U8.Xpartial.X_SpeedXP_auto_TC358870XBG_1_VFBGA80_(S1+S2+S3+S4)_TC358870XBG(NOK)_TC358870XBG(NOK)_U8.V_SpeedXP_auto_A8_En
0.000000e+00 (A)  X_U8.Xpartial.X_SpeedXP_auto_TC358870XBG_1_VFBGA80_(S1+S2+S3+S4)_TC358870XBG(NOK)_TC358870XBG(NOK)_U8.V_SpeedXP_auto_A9_En
0.000000e+00 (A)  X_U8.Xpartial.X_SpeedXP_auto_TC358870XBG_1_VFBGA80_(S1+S2+S3+S4)_TC358870XBG(NOK)_TC358870XBG(NOK)_U8.V_SpeedXP_auto_B5_En
0.000000e+00 (A)  X_U8.Xpartial.X_SpeedXP_auto_TC358870XBG_1_VFBGA80_(S1+S2+S3+S4)_TC358870XBG(NOK)_TC358870XBG(NOK)_U8.V_SpeedXP_auto_B6_En
0.000000e+00 (A)  X_U8.Xpartial.X_SpeedXP_auto_TC358870XBG_1_VFBGA80_(S1+S2+S3+S4)_TC358870XBG(NOK)_TC358870XBG(NOK)_U8.V_SpeedXP_auto_B7_En
0.000000e+00 (A)  X_U8.Xpartial.X_SpeedXP_auto_TC358870XBG_1_VFBGA80_(S1+S2+S3+S4)_TC358870XBG(NOK)_TC358870XBG(NOK)_U8.V_SpeedXP_auto_B8_En
0.000000e+00 (A)  X_U8.Xpartial.X_SpeedXP_auto_TC358870XBG_1_VFBGA80_(S1+S2+S3+S4)_TC358870XBG(NOK)_TC358870XBG(NOK)_U8.V_SpeedXP_auto_B9_En
0.000000e+00 (A)  X_U8.Xpartial.X_SpeedXP_auto_TC358870XBG_1_VFBGA80_(S1+S2+S3+S4)_TC358870XBG(NOK)_TC358870XBG(NOK)_U8.V_SpeedXP_auto_C1_En
0.000000e+00 (A)  X_U8.Xpartial.X_SpeedXP_auto_TC358870XBG_1_VFBGA80_(S1+S2+S3+S4)_TC358870XBG(NOK)_TC358870XBG(NOK)_U8.V_SpeedXP_auto_C2_En
0.000000e+00 (A)  X_U8.Xpartial.X_SpeedXP_auto_TC358870XBG_1_VFBGA80_(S1+S2+S3+S4)_TC358870XBG(NOK)_TC358870XBG(NOK)_U8.V_SpeedXP_auto_D10_En
0.000000e+00 (A)  X_U8.Xpartial.X_SpeedXP_auto_TC358870XBG_1_VFBGA80_(S1+S2+S3+S4)_TC358870XBG(NOK)_TC358870XBG(NOK)_U8.V_SpeedXP_auto_D1_En
0.000000e+00 (A)  X_U8.Xpartial.X_SpeedXP_auto_TC358870XBG_1_VFBGA80_(S1+S2+S3+S4)_TC358870XBG(NOK)_TC358870XBG(NOK)_U8.V_SpeedXP_auto_D2_En
0.000000e+00 (A)  X_U8.Xpartial.X_SpeedXP_auto_TC358870XBG_1_VFBGA80_(S1+S2+S3+S4)_TC358870XBG(NOK)_TC358870XBG(NOK)_U8.V_SpeedXP_auto_D9_En
0.000000e+00 (A)  X_U8.Xpartial.X_SpeedXP_auto_TC358870XBG_1_VFBGA80_(S1+S2+S3+S4)_TC358870XBG(NOK)_TC358870XBG(NOK)_U8.V_SpeedXP_auto_E10_En
0.000000e+00 (A)  X_U8.Xpartial.X_SpeedXP_auto_TC358870XBG_1_VFBGA80_(S1+S2+S3+S4)_TC358870XBG(NOK)_TC358870XBG(NOK)_U8.V_SpeedXP_auto_E1_En
0.000000e+00 (A)  X_U8.Xpartial.X_SpeedXP_auto_TC358870XBG_1_VFBGA80_(S1+S2+S3+S4)_TC358870XBG(NOK)_TC358870XBG(NOK)_U8.V_SpeedXP_auto_E2_En
0.000000e+00 (A)  X_U8.Xpartial.X_SpeedXP_auto_TC358870XBG_1_VFBGA80_(S1+S2+S3+S4)_TC358870XBG(NOK)_TC358870XBG(NOK)_U8.V_SpeedXP_auto_E9_En
0.000000e+00 (A)  X_U8.Xpartial.X_SpeedXP_auto_TC358870XBG_1_VFBGA80_(S1+S2+S3+S4)_TC358870XBG(NOK)_TC358870XBG(NOK)_U8.V_SpeedXP_auto_F10_En
0.000000e+00 (A)  X_U8.Xpartial.X_SpeedXP_auto_TC358870XBG_1_VFBGA80_(S1+S2+S3+S4)_TC358870XBG(NOK)_TC358870XBG(NOK)_U8.V_SpeedXP_auto_F1_En
0.000000e+00 (A)  X_U8.Xpartial.X_SpeedXP_auto_TC358870XBG_1_VFBGA80_(S1+S2+S3+S4)_TC358870XBG(NOK)_TC358870XBG(NOK)_U8.V_SpeedXP_auto_F2_En
0.000000e+00 (A)  X_U8.Xpartial.X_SpeedXP_auto_TC358870XBG_1_VFBGA80_(S1+S2+S3+S4)_TC358870XBG(NOK)_TC358870XBG(NOK)_U8.V_SpeedXP_auto_F9_En
0.000000e+00 (A)  X_U8.Xpartial.X_SpeedXP_auto_TC358870XBG_1_VFBGA80_(S1+S2+S3+S4)_TC358870XBG(NOK)_TC358870XBG(NOK)_U8.V_SpeedXP_auto_G10_En
0.000000e+00 (A)  X_U8.Xpartial.X_SpeedXP_auto_TC358870XBG_1_VFBGA80_(S1+S2+S3+S4)_TC358870XBG(NOK)_TC358870XBG(NOK)_U8.V_SpeedXP_auto_G9_En
0.000000e+00 (A)  X_U8.Xpartial.X_SpeedXP_auto_TC358870XBG_1_VFBGA80_(S1+S2+S3+S4)_TC358870XBG(NOK)_TC358870XBG(NOK)_U8.V_SpeedXP_auto_H10_En
0.000000e+00 (A)  X_U8.Xpartial.X_SpeedXP_auto_TC358870XBG_1_VFBGA80_(S1+S2+S3+S4)_TC358870XBG(NOK)_TC358870XBG(NOK)_U8.V_SpeedXP_auto_H9_En
0.000000e+00 (A)  X_U8.Xpartial.X_SpeedXP_auto_TC358870XBG_1_VFBGA80_(S1+S2+S3+S4)_TC358870XBG(NOK)_TC358870XBG(NOK)_U8.V_SpeedXP_auto_K8_En
-2.500000e-12 (A)  X_U8.Xpartial.X_SpeedXP_auto_TC358870XBG_1_VFBGA80_(S1+S2+S3+S4)_TC358870XBG(NOK)_TC358870XBG(NOK)_U8.Vpwr_E10
-7.500000e-12 (A)  X_U8.Xpartial.X_SpeedXP_auto_TC358870XBG_1_VFBGA80_(S1+S2+S3+S4)_TC358870XBG(NOK)_TC358870XBG(NOK)_U8.Vpwr_E9
-2.500000e-12 (A)  X_U8.Xpartial.X_SpeedXP_auto_TC358870XBG_1_VFBGA80_(S1+S2+S3+S4)_TC358870XBG(NOK)_TC358870XBG(NOK)_U8.Vpwr_F10
-7.500000e-12 (A)  X_U8.Xpartial.X_SpeedXP_auto_TC358870XBG_1_VFBGA80_(S1+S2+S3+S4)_TC358870XBG(NOK)_TC358870XBG(NOK)_U8.Vpwr_F9
-2.500000e-12 (A)  X_U8.Xpartial.X_SpeedXP_auto_TC358870XBG_1_VFBGA80_(S1+S2+S3+S4)_TC358870XBG(NOK)_TC358870XBG(NOK)_U8.Vpwr_G10
-7.500000e-12 (A)  X_U8.Xpartial.X_SpeedXP_auto_TC358870XBG_1_VFBGA80_(S1+S2+S3+S4)_TC358870XBG(NOK)_TC358870XBG(NOK)_U8.Vpwr_G9
-2.500000e-12 (A)  X_U8.Xpartial.X_SpeedXP_auto_TC358870XBG_1_VFBGA80_(S1+S2+S3+S4)_TC358870XBG(NOK)_TC358870XBG(NOK)_U8.Vpwr_H10
-7.500000e-12 (A)  X_U8.Xpartial.X_SpeedXP_auto_TC358870XBG_1_VFBGA80_(S1+S2+S3+S4)_TC358870XBG(NOK)_TC358870XBG(NOK)_U8.Vpwr_H9
5.000000e-12 (A)  xvia0.lnode2530::mipi_dsi0_data1_n
-1.050004e-10 (A)  xvia0.lnode3082::mipi_dsi0_data1_p
5.000000e-12 (A)  Xvia0.VRLNode2530::MIPI_DSI0_DATA1_N
-1.075004e-10 (A)  Xvia0.VRLNode3082::MIPI_DSI0_DATA1_P
5.000000e-12 (A)  xvia1.lnode2494::mipi_dsi0_data2_n
-1.025006e-10 (A)  xvia1.lnode3029::mipi_dsi0_data2_p
5.000000e-12 (A)  Xvia1.VRLNode2494::MIPI_DSI0_DATA2_N
-1.050007e-10 (A)  Xvia1.VRLNode3029::MIPI_DSI0_DATA2_P
5.000000e-12 (A)  xvia2.lnode2342::mipi_dsi0_clk_n
-1.175003e-10 (A)  xvia2.lnode2702::mipi_dsi0_clk_p
5.000000e-12 (A)  Xvia2.VRLNode2342::MIPI_DSI0_CLK_N
-1.200004e-10 (A)  Xvia2.VRLNode2702::MIPI_DSI0_CLK_P
5.000000e-12 (A)  xvia3.lnode2641::mipi_dsi0_data0_n
-1.075006e-10 (A)  xvia3.lnode3500::mipi_dsi0_data0_p
5.000000e-12 (A)  Xvia3.VRLNode2641::MIPI_DSI0_DATA0_N
-1.100006e-10 (A)  Xvia3.VRLNode3500::MIPI_DSI0_DATA0_P
